ISO-10303-21;
HEADER;
/* Generated by software containing ST-Developer
 * from STEP Tools, Inc. (www.steptools.com) 
 */

FILE_DESCRIPTION(
/* description */ (''),
/* implementation_level */ '2;1');

FILE_NAME(
/* name */ 'case_drone_base.step',
/* time_stamp */ '2026-07-09T15:59:22-03:00',
/* author */ (''),
/* organization */ (''),
/* preprocessor_version */ 'ST-DEVELOPER v20.1',
/* originating_system */ 'Autodesk Translation Framework v15.8.0.0',
/* authorisation */ '');

FILE_SCHEMA (('AUTOMOTIVE_DESIGN { 1 0 10303 214 3 1 1 }'));
ENDSEC;

DATA;
#10=MECHANICAL_DESIGN_GEOMETRIC_PRESENTATION_REPRESENTATION('',(#17),#13512);
#11=ITEM_DEFINED_TRANSFORMATION($,$,#7968,#8774);
#12=(
REPRESENTATION_RELATIONSHIP($,$,#13523,#13522)
REPRESENTATION_RELATIONSHIP_WITH_TRANSFORMATION(#11)
SHAPE_REPRESENTATION_RELATIONSHIP()
);
#13=CONTEXT_DEPENDENT_SHAPE_REPRESENTATION(#12,#13521);
#14=NEXT_ASSEMBLY_USAGE_OCCURRENCE('jetson_case v1:1',
'jetson_case v1:1','jetson_case v1:1',#13525,#13526,'jetson_case v1:1');
#15=SHAPE_REPRESENTATION_RELATIONSHIP('SRR','None',#13523,#16);
#16=ADVANCED_BREP_SHAPE_REPRESENTATION('',(#18),#13511);
#17=STYLED_ITEM('',(#13538),#18);
#18=MANIFOLD_SOLID_BREP('Corpo4',#7954);
#19=B_SPLINE_CURVE_WITH_KNOTS('',3,(#12752,#12753,#12754,#12755,#12756,
#12757,#12758,#12759,#12760,#12761,#12762,#12763),.UNSPECIFIED.,.F.,.F.,
(4,2,2,2,2,4),(0.954969370539536,1.00973926339386,1.0667781936136,1.12944388734985,
1.17841226214817,1.19573820153405),.UNSPECIFIED.);
#20=B_SPLINE_CURVE_WITH_KNOTS('',3,(#12765,#12766,#12767,#12768,#12769,
#12770,#12771,#12772,#12773,#12774,#12775,#12776),.UNSPECIFIED.,.F.,.F.,
(4,2,2,2,2,4),(0.954622313640798,0.998343282354405,1.05063068328976,1.11285281144788,
1.17369832542318,1.19524935630374),.UNSPECIFIED.);
#21=B_SPLINE_CURVE_WITH_KNOTS('',3,(#12788,#12789,#12790,#12791,#12792,
#12793,#12794,#12795,#12796,#12797,#12798,#12799,#12800,#12801),
 .UNSPECIFIED.,.F.,.F.,(4,2,2,2,2,2,4),(1.77083201557246,1.83095497313457,
1.94463877164579,2.06858694713115,2.14930458713033,2.29912805842503,2.36090384010008),
 .UNSPECIFIED.);
#22=SPHERICAL_SURFACE('',#8137,1.5);
#23=SPHERICAL_SURFACE('',#8142,1.5);
#24=SPHERICAL_SURFACE('',#8158,1.5);
#25=SPHERICAL_SURFACE('',#8163,1.5);
#26=TOROIDAL_SURFACE('',#8105,5.5,1.5);
#27=TOROIDAL_SURFACE('',#8133,5.5,1.5);
#28=TOROIDAL_SURFACE('',#8144,5.00000256780561,1.5);
#29=TOROIDAL_SURFACE('',#8146,5.5,1.5);
#30=TOROIDAL_SURFACE('',#8154,5.5,1.5);
#31=TOROIDAL_SURFACE('',#8165,5.00000014218366,1.5);
#32=TOROIDAL_SURFACE('',#8526,4.99999936028837,1.5);
#33=TOROIDAL_SURFACE('',#8530,5.00000296448158,1.5);
#34=FACE_BOUND('',#1099,.T.);
#35=FACE_BOUND('',#1100,.T.);
#36=FACE_BOUND('',#1101,.T.);
#37=FACE_BOUND('',#1102,.T.);
#38=FACE_BOUND('',#1103,.T.);
#39=FACE_BOUND('',#1104,.T.);
#40=FACE_BOUND('',#1106,.T.);
#41=FACE_BOUND('',#1107,.T.);
#42=FACE_BOUND('',#1108,.T.);
#43=FACE_BOUND('',#1109,.T.);
#44=FACE_BOUND('',#1110,.T.);
#45=FACE_BOUND('',#1111,.T.);
#46=FACE_BOUND('',#1122,.T.);
#47=FACE_BOUND('',#1123,.T.);
#48=FACE_BOUND('',#1124,.T.);
#49=FACE_BOUND('',#1125,.T.);
#50=FACE_BOUND('',#1126,.T.);
#51=FACE_BOUND('',#1127,.T.);
#52=FACE_BOUND('',#1128,.T.);
#53=FACE_BOUND('',#1129,.T.);
#54=FACE_BOUND('',#1130,.T.);
#55=FACE_BOUND('',#1131,.T.);
#56=FACE_BOUND('',#1132,.T.);
#57=FACE_BOUND('',#1133,.T.);
#58=FACE_BOUND('',#1134,.T.);
#59=FACE_BOUND('',#1139,.T.);
#60=FACE_BOUND('',#1140,.T.);
#61=FACE_BOUND('',#1141,.T.);
#62=FACE_BOUND('',#1142,.T.);
#63=FACE_BOUND('',#1160,.T.);
#64=FACE_BOUND('',#1162,.T.);
#65=FACE_BOUND('',#1167,.T.);
#66=FACE_BOUND('',#1169,.T.);
#67=FACE_BOUND('',#1390,.T.);
#68=FACE_BOUND('',#1392,.T.);
#69=FACE_BOUND('',#1394,.T.);
#70=FACE_BOUND('',#1404,.T.);
#71=FACE_BOUND('',#1405,.T.);
#72=FACE_BOUND('',#1406,.T.);
#73=FACE_BOUND('',#1407,.T.);
#74=FACE_BOUND('',#1408,.T.);
#75=FACE_BOUND('',#1409,.T.);
#76=FACE_BOUND('',#1410,.T.);
#77=FACE_BOUND('',#1411,.T.);
#78=FACE_BOUND('',#1412,.T.);
#79=FACE_BOUND('',#1413,.T.);
#80=FACE_BOUND('',#1414,.T.);
#81=FACE_BOUND('',#1415,.T.);
#82=FACE_BOUND('',#1416,.T.);
#83=FACE_BOUND('',#1423,.T.);
#84=FACE_BOUND('',#1424,.T.);
#85=FACE_BOUND('',#1425,.T.);
#86=FACE_BOUND('',#1426,.T.);
#87=FACE_BOUND('',#1427,.T.);
#88=FACE_BOUND('',#1428,.T.);
#89=FACE_BOUND('',#1456,.T.);
#90=FACE_BOUND('',#1457,.T.);
#91=FACE_BOUND('',#1487,.T.);
#92=FACE_BOUND('',#1492,.T.);
#93=FACE_BOUND('',#1494,.T.);
#94=FACE_BOUND('',#1499,.T.);
#95=FACE_BOUND('',#1500,.T.);
#96=FACE_BOUND('',#1567,.T.);
#97=FACE_BOUND('',#1568,.T.);
#98=FACE_BOUND('',#1569,.T.);
#99=FACE_BOUND('',#1570,.T.);
#100=FACE_BOUND('',#1571,.T.);
#101=FACE_BOUND('',#1572,.T.);
#102=FACE_BOUND('',#1576,.T.);
#103=FACE_BOUND('',#1577,.T.);
#104=FACE_BOUND('',#1578,.T.);
#105=FACE_BOUND('',#1579,.T.);
#106=CIRCLE('',#7972,4.60487122897646);
#107=CIRCLE('',#7973,4.60487122897646);
#108=CIRCLE('',#7975,4.60487122897646);
#109=CIRCLE('',#7976,4.60487122897646);
#110=CIRCLE('',#7980,1.);
#111=CIRCLE('',#7981,0.999999999999999);
#112=CIRCLE('',#7982,0.999999999999996);
#113=CIRCLE('',#7983,0.999999999999988);
#114=CIRCLE('',#7984,1.);
#115=CIRCLE('',#7985,0.999999999999999);
#116=CIRCLE('',#7986,0.999999999999995);
#117=CIRCLE('',#7987,0.999999999999988);
#118=CIRCLE('',#7988,1.);
#119=CIRCLE('',#7989,0.999999999999999);
#120=CIRCLE('',#7990,0.999999999999995);
#121=CIRCLE('',#7991,0.999999999999988);
#122=CIRCLE('',#7992,1.);
#123=CIRCLE('',#7993,0.999999999999999);
#124=CIRCLE('',#7994,0.999999999999995);
#125=CIRCLE('',#7995,0.999999999999988);
#126=CIRCLE('',#7996,1.00000000000001);
#127=CIRCLE('',#7997,0.999999999999999);
#128=CIRCLE('',#7998,0.999999999999991);
#129=CIRCLE('',#7999,0.999999999999988);
#130=CIRCLE('',#8000,1.);
#131=CIRCLE('',#8001,0.999999999999999);
#132=CIRCLE('',#8002,0.999999999999995);
#133=CIRCLE('',#8003,0.999999999999988);
#134=CIRCLE('',#8005,1.);
#135=CIRCLE('',#8006,0.999999999999988);
#136=CIRCLE('',#8007,0.999999999999996);
#137=CIRCLE('',#8008,0.999999999999999);
#138=CIRCLE('',#8009,1.);
#139=CIRCLE('',#8010,0.999999999999988);
#140=CIRCLE('',#8011,0.999999999999995);
#141=CIRCLE('',#8012,0.999999999999999);
#142=CIRCLE('',#8013,1.);
#143=CIRCLE('',#8014,0.999999999999988);
#144=CIRCLE('',#8015,0.999999999999995);
#145=CIRCLE('',#8016,0.999999999999999);
#146=CIRCLE('',#8017,1.);
#147=CIRCLE('',#8018,0.999999999999988);
#148=CIRCLE('',#8019,0.999999999999995);
#149=CIRCLE('',#8020,0.999999999999999);
#150=CIRCLE('',#8021,1.00000000000001);
#151=CIRCLE('',#8022,0.999999999999988);
#152=CIRCLE('',#8023,0.999999999999991);
#153=CIRCLE('',#8024,0.999999999999999);
#154=CIRCLE('',#8025,1.);
#155=CIRCLE('',#8026,0.999999999999988);
#156=CIRCLE('',#8027,0.999999999999995);
#157=CIRCLE('',#8028,0.999999999999999);
#158=CIRCLE('',#8030,4.50000000000045);
#159=CIRCLE('',#8031,6.50000000000034);
#160=CIRCLE('',#8033,6.50000000000034);
#161=CIRCLE('',#8034,4.50000000000031);
#162=CIRCLE('',#8036,4.50000000000017);
#163=CIRCLE('',#8037,4.50000000000031);
#164=CIRCLE('',#8038,6.50000000000034);
#165=CIRCLE('',#8039,6.50000000000006);
#166=CIRCLE('',#8041,2.);
#167=CIRCLE('',#8042,2.);
#168=CIRCLE('',#8045,2.);
#169=CIRCLE('',#8046,2.);
#170=CIRCLE('',#8049,2.);
#171=CIRCLE('',#8050,2.);
#172=CIRCLE('',#8052,2.);
#173=CIRCLE('',#8053,2.);
#174=CIRCLE('',#8055,0.999999999999988);
#175=CIRCLE('',#8056,0.999999999999998);
#176=CIRCLE('',#8057,1.);
#177=CIRCLE('',#8058,1.);
#178=CIRCLE('',#8059,0.999999999999988);
#179=CIRCLE('',#8060,0.999999999999998);
#180=CIRCLE('',#8061,1.);
#181=CIRCLE('',#8062,1.);
#182=CIRCLE('',#8063,0.999999999999988);
#183=CIRCLE('',#8064,0.999999999999998);
#184=CIRCLE('',#8065,1.);
#185=CIRCLE('',#8066,1.);
#186=CIRCLE('',#8067,0.999999999999988);
#187=CIRCLE('',#8068,0.999999999999998);
#188=CIRCLE('',#8069,1.);
#189=CIRCLE('',#8070,1.);
#190=CIRCLE('',#8071,0.999999999999988);
#191=CIRCLE('',#8072,0.999999999999998);
#192=CIRCLE('',#8073,1.);
#193=CIRCLE('',#8074,1.);
#194=CIRCLE('',#8075,0.999999999999988);
#195=CIRCLE('',#8076,0.999999999999998);
#196=CIRCLE('',#8077,1.);
#197=CIRCLE('',#8078,1.);
#198=CIRCLE('',#8079,0.999999999999988);
#199=CIRCLE('',#8080,0.999999999999998);
#200=CIRCLE('',#8081,1.);
#201=CIRCLE('',#8082,1.);
#202=CIRCLE('',#8083,0.999999999999988);
#203=CIRCLE('',#8084,0.999999999999998);
#204=CIRCLE('',#8085,1.);
#205=CIRCLE('',#8086,1.);
#206=CIRCLE('',#8087,0.999999999999988);
#207=CIRCLE('',#8088,0.999999999999998);
#208=CIRCLE('',#8089,1.);
#209=CIRCLE('',#8090,1.);
#210=CIRCLE('',#8091,0.999999999999988);
#211=CIRCLE('',#8092,0.999999999999998);
#212=CIRCLE('',#8093,1.);
#213=CIRCLE('',#8094,1.);
#214=CIRCLE('',#8095,0.999999999999988);
#215=CIRCLE('',#8096,0.999999999999998);
#216=CIRCLE('',#8097,1.);
#217=CIRCLE('',#8098,1.);
#218=CIRCLE('',#8099,0.999999999999988);
#219=CIRCLE('',#8100,0.999999999999998);
#220=CIRCLE('',#8101,1.);
#221=CIRCLE('',#8102,1.);
#222=CIRCLE('',#8106,4.);
#223=CIRCLE('',#8107,1.5);
#224=CIRCLE('',#8108,5.5);
#225=CIRCLE('',#8110,4.99999936028837);
#226=CIRCLE('',#8111,5.50000000000017);
#227=CIRCLE('',#8112,4.50000000000031);
#228=CIRCLE('',#8113,4.50000000000045);
#229=CIRCLE('',#8114,5.50000000000017);
#230=CIRCLE('',#8115,5.50000000000011);
#231=CIRCLE('',#8116,4.50000000000031);
#232=CIRCLE('',#8117,4.50000000000017);
#233=CIRCLE('',#8118,5.50000000000011);
#234=CIRCLE('',#8119,5.00000296448158);
#235=CIRCLE('',#8120,5.00000296448158);
#236=CIRCLE('',#8121,5.50000000000011);
#237=CIRCLE('',#8122,5.50000000000017);
#238=CIRCLE('',#8123,5.5);
#239=CIRCLE('',#8124,5.00000014218367);
#240=CIRCLE('',#8125,5.5);
#241=CIRCLE('',#8126,5.00000256780561);
#242=CIRCLE('',#8127,5.5);
#243=CIRCLE('',#8129,4.);
#244=CIRCLE('',#8131,1.5);
#245=CIRCLE('',#8132,1.5);
#246=CIRCLE('',#8134,1.5);
#247=CIRCLE('',#8135,4.);
#248=CIRCLE('',#8136,1.5);
#249=CIRCLE('',#8138,1.5);
#250=CIRCLE('',#8140,1.5);
#251=CIRCLE('',#8141,1.5);
#252=CIRCLE('',#8143,1.5);
#253=CIRCLE('',#8145,3.50000256780561);
#254=CIRCLE('',#8147,4.);
#255=CIRCLE('',#8148,1.5);
#256=CIRCLE('',#8150,4.);
#257=CIRCLE('',#8152,1.49999999999998);
#258=CIRCLE('',#8153,1.5);
#259=CIRCLE('',#8155,1.50000000000001);
#260=CIRCLE('',#8156,4.);
#261=CIRCLE('',#8157,1.5);
#262=CIRCLE('',#8159,1.5);
#263=CIRCLE('',#8161,1.5);
#264=CIRCLE('',#8162,1.5);
#265=CIRCLE('',#8164,1.5);
#266=CIRCLE('',#8166,3.50000014218367);
#267=CIRCLE('',#8168,1.5);
#268=CIRCLE('',#8169,1.5);
#269=CIRCLE('',#8172,3.50000014218367);
#270=CIRCLE('',#8173,4.);
#271=CIRCLE('',#8174,3.50000014218367);
#272=CIRCLE('',#8175,1.5);
#273=CIRCLE('',#8177,1.5);
#274=CIRCLE('',#8180,1.5);
#275=CIRCLE('',#8181,1.5);
#276=CIRCLE('',#8184,3.50000256780561);
#277=CIRCLE('',#8185,4.);
#278=CIRCLE('',#8186,3.50000256780561);
#279=CIRCLE('',#8187,1.5);
#280=CIRCLE('',#8189,1.37499999999999);
#281=CIRCLE('',#8190,4.);
#282=CIRCLE('',#8193,1.5);
#283=CIRCLE('',#8195,4.);
#284=CIRCLE('',#8197,1.37499999999999);
#285=CIRCLE('',#8198,1.37499999999999);
#286=CIRCLE('',#8200,1.6);
#287=CIRCLE('',#8201,1.6);
#288=CIRCLE('',#8203,1.6);
#289=CIRCLE('',#8204,1.6);
#290=CIRCLE('',#8206,1.6);
#291=CIRCLE('',#8207,1.6);
#292=CIRCLE('',#8209,1.6);
#293=CIRCLE('',#8210,1.6);
#294=CIRCLE('',#8212,1.90710356049451);
#295=CIRCLE('',#8213,1.90710356049451);
#296=CIRCLE('',#8215,1.90185854720454);
#297=CIRCLE('',#8217,1.37499999999999);
#298=CIRCLE('',#8218,1.37499999999999);
#299=CIRCLE('',#8221,1.37499999999999);
#300=CIRCLE('',#8223,1.375);
#301=CIRCLE('',#8224,1.375);
#302=CIRCLE('',#8227,1.375);
#303=CIRCLE('',#8228,1.375);
#304=CIRCLE('',#8232,0.999999999999998);
#305=CIRCLE('',#8235,0.999999999999988);
#306=CIRCLE('',#8238,1.);
#307=CIRCLE('',#8241,1.);
#308=CIRCLE('',#8244,0.999999999999998);
#309=CIRCLE('',#8247,0.999999999999988);
#310=CIRCLE('',#8250,1.);
#311=CIRCLE('',#8253,1.);
#312=CIRCLE('',#8256,0.999999999999998);
#313=CIRCLE('',#8259,0.999999999999988);
#314=CIRCLE('',#8262,1.);
#315=CIRCLE('',#8265,1.);
#316=CIRCLE('',#8268,0.999999999999998);
#317=CIRCLE('',#8271,0.999999999999988);
#318=CIRCLE('',#8274,1.);
#319=CIRCLE('',#8277,1.);
#320=CIRCLE('',#8280,0.999999999999998);
#321=CIRCLE('',#8283,0.999999999999988);
#322=CIRCLE('',#8286,1.);
#323=CIRCLE('',#8289,1.);
#324=CIRCLE('',#8292,0.999999999999998);
#325=CIRCLE('',#8295,0.999999999999988);
#326=CIRCLE('',#8298,1.);
#327=CIRCLE('',#8301,1.);
#328=CIRCLE('',#8304,0.999999999999998);
#329=CIRCLE('',#8307,0.999999999999988);
#330=CIRCLE('',#8310,1.);
#331=CIRCLE('',#8313,1.);
#332=CIRCLE('',#8316,0.999999999999998);
#333=CIRCLE('',#8319,0.999999999999988);
#334=CIRCLE('',#8322,1.);
#335=CIRCLE('',#8325,1.);
#336=CIRCLE('',#8328,0.999999999999998);
#337=CIRCLE('',#8331,0.999999999999988);
#338=CIRCLE('',#8334,1.);
#339=CIRCLE('',#8337,1.);
#340=CIRCLE('',#8340,0.999999999999998);
#341=CIRCLE('',#8343,0.999999999999988);
#342=CIRCLE('',#8346,1.);
#343=CIRCLE('',#8349,1.);
#344=CIRCLE('',#8352,0.999999999999998);
#345=CIRCLE('',#8355,0.999999999999988);
#346=CIRCLE('',#8358,1.);
#347=CIRCLE('',#8361,1.);
#348=CIRCLE('',#8364,0.999999999999998);
#349=CIRCLE('',#8367,0.999999999999988);
#350=CIRCLE('',#8370,1.);
#351=CIRCLE('',#8373,1.);
#352=CIRCLE('',#8424,0.999999999999988);
#353=CIRCLE('',#8425,0.999999999999988);
#354=CIRCLE('',#8428,1.);
#355=CIRCLE('',#8429,1.);
#356=CIRCLE('',#8432,0.999999999999999);
#357=CIRCLE('',#8433,0.999999999999999);
#358=CIRCLE('',#8436,0.999999999999995);
#359=CIRCLE('',#8437,0.999999999999995);
#360=CIRCLE('',#8440,0.999999999999988);
#361=CIRCLE('',#8441,0.999999999999988);
#362=CIRCLE('',#8444,1.);
#363=CIRCLE('',#8445,1.);
#364=CIRCLE('',#8448,0.999999999999999);
#365=CIRCLE('',#8449,0.999999999999999);
#366=CIRCLE('',#8452,0.999999999999996);
#367=CIRCLE('',#8453,0.999999999999996);
#368=CIRCLE('',#8456,0.999999999999988);
#369=CIRCLE('',#8457,0.999999999999988);
#370=CIRCLE('',#8460,1.);
#371=CIRCLE('',#8461,1.);
#372=CIRCLE('',#8464,0.999999999999999);
#373=CIRCLE('',#8465,0.999999999999999);
#374=CIRCLE('',#8468,0.999999999999995);
#375=CIRCLE('',#8469,0.999999999999995);
#376=CIRCLE('',#8472,0.999999999999988);
#377=CIRCLE('',#8473,0.999999999999988);
#378=CIRCLE('',#8476,1.);
#379=CIRCLE('',#8477,1.);
#380=CIRCLE('',#8480,0.999999999999999);
#381=CIRCLE('',#8481,0.999999999999999);
#382=CIRCLE('',#8484,0.999999999999995);
#383=CIRCLE('',#8485,0.999999999999995);
#384=CIRCLE('',#8488,0.999999999999988);
#385=CIRCLE('',#8489,0.999999999999988);
#386=CIRCLE('',#8492,1.);
#387=CIRCLE('',#8493,1.);
#388=CIRCLE('',#8496,0.999999999999999);
#389=CIRCLE('',#8497,0.999999999999999);
#390=CIRCLE('',#8500,0.999999999999995);
#391=CIRCLE('',#8501,0.999999999999995);
#392=CIRCLE('',#8504,0.999999999999988);
#393=CIRCLE('',#8505,0.999999999999988);
#394=CIRCLE('',#8508,1.00000000000001);
#395=CIRCLE('',#8509,1.00000000000001);
#396=CIRCLE('',#8512,0.999999999999999);
#397=CIRCLE('',#8513,0.999999999999999);
#398=CIRCLE('',#8516,0.999999999999991);
#399=CIRCLE('',#8517,0.999999999999991);
#400=CIRCLE('',#8519,6.50000000000006);
#401=CIRCLE('',#8521,6.50000000000034);
#402=CIRCLE('',#8523,3.50000256780561);
#403=CIRCLE('',#8525,3.50000014218367);
#404=CIRCLE('',#8527,3.49999936028837);
#405=CIRCLE('',#8529,5.50000000000017);
#406=CIRCLE('',#8531,3.50000296448158);
#407=CIRCLE('',#8532,1.5);
#408=CIRCLE('',#8534,5.50000000000011);
#409=CIRCLE('',#8536,3.50000296448158);
#410=CIRCLE('',#8541,3.49999936028837);
#411=CIRCLE('',#8543,5.50000000000017);
#412=CIRCLE('',#8560,3.50000000000012);
#413=CIRCLE('',#8561,3.50000000000012);
#414=CIRCLE('',#8564,3.50000000000012);
#415=CIRCLE('',#8565,3.50000000000012);
#416=CIRCLE('',#8568,3.50000000000012);
#417=CIRCLE('',#8569,3.50000000000012);
#418=CIRCLE('',#8572,3.50000000000012);
#419=CIRCLE('',#8573,3.50000000000012);
#420=CIRCLE('',#8576,3.50000000000012);
#421=CIRCLE('',#8577,3.50000000000012);
#422=CIRCLE('',#8580,1.90185854720454);
#423=CIRCLE('',#8581,1.90185854720454);
#424=CIRCLE('',#8586,3.49999999999998);
#425=CIRCLE('',#8587,3.49999999999998);
#426=CIRCLE('',#8590,3.49999999999998);
#427=CIRCLE('',#8591,3.49999999999998);
#428=CIRCLE('',#8594,3.49999999999998);
#429=CIRCLE('',#8595,3.49999999999998);
#430=CIRCLE('',#8598,3.49999999999998);
#431=CIRCLE('',#8599,3.49999999999998);
#432=CIRCLE('',#8602,3.49999999999998);
#433=CIRCLE('',#8603,3.49999999999998);
#434=CIRCLE('',#8606,3.49999999999998);
#435=CIRCLE('',#8607,3.49999999999998);
#436=CIRCLE('',#8608,3.49999999999998);
#437=CIRCLE('',#8609,3.50000000000012);
#438=CIRCLE('',#8610,3.50000000000012);
#439=CIRCLE('',#8612,3.50000000000012);
#440=CIRCLE('',#8613,3.50000000000012);
#441=CIRCLE('',#8614,3.49999999999998);
#442=CIRCLE('',#8615,3.49999999999998);
#443=CIRCLE('',#8616,5.50000000000017);
#444=CIRCLE('',#8618,3.50000000000023);
#445=CIRCLE('',#8619,3.50000000000023);
#446=CIRCLE('',#8622,3.50000000000023);
#447=CIRCLE('',#8623,3.50000000000023);
#448=CIRCLE('',#8626,3.50000000000009);
#449=CIRCLE('',#8627,3.50000000000009);
#450=CIRCLE('',#8630,3.50000000000009);
#451=CIRCLE('',#8631,3.50000000000009);
#452=CIRCLE('',#8634,3.50000000000009);
#453=CIRCLE('',#8635,3.50000000000009);
#454=CIRCLE('',#8638,3.50000000000009);
#455=CIRCLE('',#8639,3.50000000000009);
#456=CIRCLE('',#8642,3.50000000000009);
#457=CIRCLE('',#8643,3.50000000000009);
#458=CIRCLE('',#8646,3.50000000000009);
#459=CIRCLE('',#8647,3.50000000000009);
#460=CIRCLE('',#8651,3.50000000000023);
#461=CIRCLE('',#8652,3.50000000000023);
#462=CIRCLE('',#8655,3.50000000000023);
#463=CIRCLE('',#8656,3.50000000000023);
#464=CIRCLE('',#8659,3.50000000000023);
#465=CIRCLE('',#8660,3.50000000000023);
#466=CIRCLE('',#8663,3.50000000000023);
#467=CIRCLE('',#8664,3.50000000000023);
#468=CIRCLE('',#8668,3.50000000000009);
#469=CIRCLE('',#8669,3.50000000000009);
#470=CIRCLE('',#8671,3.50000000000023);
#471=CIRCLE('',#8672,3.50000000000023);
#472=CIRCLE('',#8676,3.50000000000026);
#473=CIRCLE('',#8677,3.50000000000026);
#474=CIRCLE('',#8682,3.49999999999994);
#475=CIRCLE('',#8683,3.49999999999994);
#476=CIRCLE('',#8686,1.90185854720454);
#477=CIRCLE('',#8697,3.50000000000023);
#478=CIRCLE('',#8700,3.50000000000023);
#479=CIRCLE('',#8704,3.50000000000023);
#480=CIRCLE('',#8705,3.50000000000023);
#481=CIRCLE('',#8709,3.50000000000023);
#482=CIRCLE('',#8710,3.50000000000023);
#483=CIRCLE('',#8714,5.50000000000011);
#484=CIRCLE('',#8723,3.49999999999998);
#485=CIRCLE('',#8726,3.50000000000012);
#486=CIRCLE('',#8729,3.49999999999998);
#487=CIRCLE('',#8733,3.50000000000012);
#488=CIRCLE('',#8735,3.50000000000012);
#489=CIRCLE('',#8740,3.49999999999998);
#490=CIRCLE('',#8743,3.49999999999998);
#491=CIRCLE('',#8746,3.49999999999998);
#492=CIRCLE('',#8752,3.50000000000012);
#493=CIRCLE('',#8767,6.50000000000034);
#494=CIRCLE('',#8771,6.50000000000034);
#495=CYLINDRICAL_SURFACE('',#7971,4.60487122897646);
#496=CYLINDRICAL_SURFACE('',#7974,4.60487122897646);
#497=CYLINDRICAL_SURFACE('',#8040,2.);
#498=CYLINDRICAL_SURFACE('',#8044,2.);
#499=CYLINDRICAL_SURFACE('',#8048,2.);
#500=CYLINDRICAL_SURFACE('',#8051,2.);
#501=CYLINDRICAL_SURFACE('',#8128,4.);
#502=CYLINDRICAL_SURFACE('',#8130,1.5);
#503=CYLINDRICAL_SURFACE('',#8139,1.5);
#504=CYLINDRICAL_SURFACE('',#8149,4.);
#505=CYLINDRICAL_SURFACE('',#8151,1.5);
#506=CYLINDRICAL_SURFACE('',#8160,1.5);
#507=CYLINDRICAL_SURFACE('',#8167,1.5);
#508=CYLINDRICAL_SURFACE('',#8176,1.5);
#509=CYLINDRICAL_SURFACE('',#8178,4.);
#510=CYLINDRICAL_SURFACE('',#8179,1.5);
#511=CYLINDRICAL_SURFACE('',#8191,4.);
#512=CYLINDRICAL_SURFACE('',#8192,1.5);
#513=CYLINDRICAL_SURFACE('',#8194,4.);
#514=CYLINDRICAL_SURFACE('',#8199,1.6);
#515=CYLINDRICAL_SURFACE('',#8202,1.6);
#516=CYLINDRICAL_SURFACE('',#8205,1.6);
#517=CYLINDRICAL_SURFACE('',#8208,1.6);
#518=CYLINDRICAL_SURFACE('',#8211,1.90710356049451);
#519=CYLINDRICAL_SURFACE('',#8216,1.37499999999999);
#520=CYLINDRICAL_SURFACE('',#8220,1.37499999999999);
#521=CYLINDRICAL_SURFACE('',#8222,1.375);
#522=CYLINDRICAL_SURFACE('',#8226,1.375);
#523=CYLINDRICAL_SURFACE('',#8231,0.999999999999998);
#524=CYLINDRICAL_SURFACE('',#8234,0.999999999999988);
#525=CYLINDRICAL_SURFACE('',#8237,1.);
#526=CYLINDRICAL_SURFACE('',#8240,1.);
#527=CYLINDRICAL_SURFACE('',#8243,0.999999999999998);
#528=CYLINDRICAL_SURFACE('',#8246,0.999999999999988);
#529=CYLINDRICAL_SURFACE('',#8249,1.);
#530=CYLINDRICAL_SURFACE('',#8252,1.);
#531=CYLINDRICAL_SURFACE('',#8255,0.999999999999998);
#532=CYLINDRICAL_SURFACE('',#8258,0.999999999999988);
#533=CYLINDRICAL_SURFACE('',#8261,1.);
#534=CYLINDRICAL_SURFACE('',#8264,1.);
#535=CYLINDRICAL_SURFACE('',#8267,0.999999999999998);
#536=CYLINDRICAL_SURFACE('',#8270,0.999999999999988);
#537=CYLINDRICAL_SURFACE('',#8273,1.);
#538=CYLINDRICAL_SURFACE('',#8276,1.);
#539=CYLINDRICAL_SURFACE('',#8279,0.999999999999998);
#540=CYLINDRICAL_SURFACE('',#8282,0.999999999999988);
#541=CYLINDRICAL_SURFACE('',#8285,1.);
#542=CYLINDRICAL_SURFACE('',#8288,1.);
#543=CYLINDRICAL_SURFACE('',#8291,0.999999999999998);
#544=CYLINDRICAL_SURFACE('',#8294,0.999999999999988);
#545=CYLINDRICAL_SURFACE('',#8297,1.);
#546=CYLINDRICAL_SURFACE('',#8300,1.);
#547=CYLINDRICAL_SURFACE('',#8303,0.999999999999998);
#548=CYLINDRICAL_SURFACE('',#8306,0.999999999999988);
#549=CYLINDRICAL_SURFACE('',#8309,1.);
#550=CYLINDRICAL_SURFACE('',#8312,1.);
#551=CYLINDRICAL_SURFACE('',#8315,0.999999999999998);
#552=CYLINDRICAL_SURFACE('',#8318,0.999999999999988);
#553=CYLINDRICAL_SURFACE('',#8321,1.);
#554=CYLINDRICAL_SURFACE('',#8324,1.);
#555=CYLINDRICAL_SURFACE('',#8327,0.999999999999998);
#556=CYLINDRICAL_SURFACE('',#8330,0.999999999999988);
#557=CYLINDRICAL_SURFACE('',#8333,1.);
#558=CYLINDRICAL_SURFACE('',#8336,1.);
#559=CYLINDRICAL_SURFACE('',#8339,0.999999999999998);
#560=CYLINDRICAL_SURFACE('',#8342,0.999999999999988);
#561=CYLINDRICAL_SURFACE('',#8345,1.);
#562=CYLINDRICAL_SURFACE('',#8348,1.);
#563=CYLINDRICAL_SURFACE('',#8351,0.999999999999998);
#564=CYLINDRICAL_SURFACE('',#8354,0.999999999999988);
#565=CYLINDRICAL_SURFACE('',#8357,1.);
#566=CYLINDRICAL_SURFACE('',#8360,1.);
#567=CYLINDRICAL_SURFACE('',#8363,0.999999999999998);
#568=CYLINDRICAL_SURFACE('',#8366,0.999999999999988);
#569=CYLINDRICAL_SURFACE('',#8369,1.);
#570=CYLINDRICAL_SURFACE('',#8372,1.);
#571=CYLINDRICAL_SURFACE('',#8374,0.999999999999995);
#572=CYLINDRICAL_SURFACE('',#8376,0.999999999999999);
#573=CYLINDRICAL_SURFACE('',#8378,1.);
#574=CYLINDRICAL_SURFACE('',#8380,0.999999999999988);
#575=CYLINDRICAL_SURFACE('',#8382,0.999999999999991);
#576=CYLINDRICAL_SURFACE('',#8384,0.999999999999999);
#577=CYLINDRICAL_SURFACE('',#8386,1.00000000000001);
#578=CYLINDRICAL_SURFACE('',#8388,0.999999999999988);
#579=CYLINDRICAL_SURFACE('',#8390,0.999999999999995);
#580=CYLINDRICAL_SURFACE('',#8392,0.999999999999999);
#581=CYLINDRICAL_SURFACE('',#8394,1.);
#582=CYLINDRICAL_SURFACE('',#8396,0.999999999999988);
#583=CYLINDRICAL_SURFACE('',#8398,0.999999999999995);
#584=CYLINDRICAL_SURFACE('',#8400,0.999999999999999);
#585=CYLINDRICAL_SURFACE('',#8402,1.);
#586=CYLINDRICAL_SURFACE('',#8404,0.999999999999988);
#587=CYLINDRICAL_SURFACE('',#8406,0.999999999999995);
#588=CYLINDRICAL_SURFACE('',#8408,0.999999999999999);
#589=CYLINDRICAL_SURFACE('',#8410,1.);
#590=CYLINDRICAL_SURFACE('',#8412,0.999999999999988);
#591=CYLINDRICAL_SURFACE('',#8414,0.999999999999996);
#592=CYLINDRICAL_SURFACE('',#8416,0.999999999999999);
#593=CYLINDRICAL_SURFACE('',#8418,1.);
#594=CYLINDRICAL_SURFACE('',#8420,0.999999999999988);
#595=CYLINDRICAL_SURFACE('',#8423,0.999999999999988);
#596=CYLINDRICAL_SURFACE('',#8427,1.);
#597=CYLINDRICAL_SURFACE('',#8431,0.999999999999999);
#598=CYLINDRICAL_SURFACE('',#8435,0.999999999999995);
#599=CYLINDRICAL_SURFACE('',#8439,0.999999999999988);
#600=CYLINDRICAL_SURFACE('',#8443,1.);
#601=CYLINDRICAL_SURFACE('',#8447,0.999999999999999);
#602=CYLINDRICAL_SURFACE('',#8451,0.999999999999996);
#603=CYLINDRICAL_SURFACE('',#8455,0.999999999999988);
#604=CYLINDRICAL_SURFACE('',#8459,1.);
#605=CYLINDRICAL_SURFACE('',#8463,0.999999999999999);
#606=CYLINDRICAL_SURFACE('',#8467,0.999999999999995);
#607=CYLINDRICAL_SURFACE('',#8471,0.999999999999988);
#608=CYLINDRICAL_SURFACE('',#8475,1.);
#609=CYLINDRICAL_SURFACE('',#8479,0.999999999999999);
#610=CYLINDRICAL_SURFACE('',#8483,0.999999999999995);
#611=CYLINDRICAL_SURFACE('',#8487,0.999999999999988);
#612=CYLINDRICAL_SURFACE('',#8491,1.);
#613=CYLINDRICAL_SURFACE('',#8495,0.999999999999999);
#614=CYLINDRICAL_SURFACE('',#8499,0.999999999999995);
#615=CYLINDRICAL_SURFACE('',#8503,0.999999999999988);
#616=CYLINDRICAL_SURFACE('',#8507,1.00000000000001);
#617=CYLINDRICAL_SURFACE('',#8511,0.999999999999999);
#618=CYLINDRICAL_SURFACE('',#8515,0.999999999999991);
#619=CYLINDRICAL_SURFACE('',#8518,6.50000000000006);
#620=CYLINDRICAL_SURFACE('',#8520,6.50000000000034);
#621=CYLINDRICAL_SURFACE('',#8522,3.50000256780561);
#622=CYLINDRICAL_SURFACE('',#8524,3.50000014218367);
#623=CYLINDRICAL_SURFACE('',#8528,5.50000000000017);
#624=CYLINDRICAL_SURFACE('',#8533,5.50000000000011);
#625=CYLINDRICAL_SURFACE('',#8535,3.50000296448158);
#626=CYLINDRICAL_SURFACE('',#8540,3.49999936028837);
#627=CYLINDRICAL_SURFACE('',#8542,5.50000000000017);
#628=CYLINDRICAL_SURFACE('',#8549,4.50000000000031);
#629=CYLINDRICAL_SURFACE('',#8551,4.50000000000017);
#630=CYLINDRICAL_SURFACE('',#8552,4.50000000000031);
#631=CYLINDRICAL_SURFACE('',#8555,4.50000000000045);
#632=CYLINDRICAL_SURFACE('',#8559,3.50000000000012);
#633=CYLINDRICAL_SURFACE('',#8563,3.50000000000012);
#634=CYLINDRICAL_SURFACE('',#8567,3.50000000000012);
#635=CYLINDRICAL_SURFACE('',#8571,3.50000000000012);
#636=CYLINDRICAL_SURFACE('',#8575,3.50000000000012);
#637=CYLINDRICAL_SURFACE('',#8579,1.90185854720454);
#638=CYLINDRICAL_SURFACE('',#8585,3.49999999999998);
#639=CYLINDRICAL_SURFACE('',#8589,3.49999999999998);
#640=CYLINDRICAL_SURFACE('',#8593,3.49999999999998);
#641=CYLINDRICAL_SURFACE('',#8597,3.49999999999998);
#642=CYLINDRICAL_SURFACE('',#8601,3.49999999999998);
#643=CYLINDRICAL_SURFACE('',#8617,3.50000000000023);
#644=CYLINDRICAL_SURFACE('',#8621,3.50000000000023);
#645=CYLINDRICAL_SURFACE('',#8625,3.50000000000009);
#646=CYLINDRICAL_SURFACE('',#8629,3.50000000000009);
#647=CYLINDRICAL_SURFACE('',#8633,3.50000000000009);
#648=CYLINDRICAL_SURFACE('',#8637,3.50000000000009);
#649=CYLINDRICAL_SURFACE('',#8641,3.50000000000009);
#650=CYLINDRICAL_SURFACE('',#8645,3.50000000000009);
#651=CYLINDRICAL_SURFACE('',#8650,3.50000000000023);
#652=CYLINDRICAL_SURFACE('',#8654,3.50000000000023);
#653=CYLINDRICAL_SURFACE('',#8658,3.50000000000023);
#654=CYLINDRICAL_SURFACE('',#8662,3.50000000000023);
#655=CYLINDRICAL_SURFACE('',#8667,3.50000000000009);
#656=CYLINDRICAL_SURFACE('',#8675,3.50000000000026);
#657=CYLINDRICAL_SURFACE('',#8681,3.49999999999994);
#658=CYLINDRICAL_SURFACE('',#8692,1.90185854720454);
#659=CYLINDRICAL_SURFACE('',#8696,3.50000000000023);
#660=CYLINDRICAL_SURFACE('',#8699,3.50000000000023);
#661=CYLINDRICAL_SURFACE('',#8703,3.50000000000023);
#662=CYLINDRICAL_SURFACE('',#8708,3.50000000000023);
#663=CYLINDRICAL_SURFACE('',#8713,5.50000000000011);
#664=CYLINDRICAL_SURFACE('',#8722,3.49999999999998);
#665=CYLINDRICAL_SURFACE('',#8725,3.50000000000012);
#666=CYLINDRICAL_SURFACE('',#8728,3.49999999999998);
#667=CYLINDRICAL_SURFACE('',#8732,3.50000000000012);
#668=CYLINDRICAL_SURFACE('',#8734,3.50000000000012);
#669=CYLINDRICAL_SURFACE('',#8736,5.50000000000017);
#670=CYLINDRICAL_SURFACE('',#8739,3.49999999999998);
#671=CYLINDRICAL_SURFACE('',#8742,3.49999999999998);
#672=CYLINDRICAL_SURFACE('',#8745,3.49999999999998);
#673=CYLINDRICAL_SURFACE('',#8751,3.50000000000012);
#674=CYLINDRICAL_SURFACE('',#8766,6.50000000000034);
#675=CYLINDRICAL_SURFACE('',#8770,6.50000000000034);
#676=FACE_OUTER_BOUND('',#1092,.T.);
#677=FACE_OUTER_BOUND('',#1093,.T.);
#678=FACE_OUTER_BOUND('',#1094,.T.);
#679=FACE_OUTER_BOUND('',#1095,.T.);
#680=FACE_OUTER_BOUND('',#1096,.T.);
#681=FACE_OUTER_BOUND('',#1097,.T.);
#682=FACE_OUTER_BOUND('',#1098,.T.);
#683=FACE_OUTER_BOUND('',#1105,.T.);
#684=FACE_OUTER_BOUND('',#1112,.T.);
#685=FACE_OUTER_BOUND('',#1113,.T.);
#686=FACE_OUTER_BOUND('',#1114,.T.);
#687=FACE_OUTER_BOUND('',#1115,.T.);
#688=FACE_OUTER_BOUND('',#1116,.T.);
#689=FACE_OUTER_BOUND('',#1117,.T.);
#690=FACE_OUTER_BOUND('',#1118,.T.);
#691=FACE_OUTER_BOUND('',#1119,.T.);
#692=FACE_OUTER_BOUND('',#1120,.T.);
#693=FACE_OUTER_BOUND('',#1121,.T.);
#694=FACE_OUTER_BOUND('',#1135,.T.);
#695=FACE_OUTER_BOUND('',#1136,.T.);
#696=FACE_OUTER_BOUND('',#1137,.T.);
#697=FACE_OUTER_BOUND('',#1138,.T.);
#698=FACE_OUTER_BOUND('',#1143,.T.);
#699=FACE_OUTER_BOUND('',#1144,.T.);
#700=FACE_OUTER_BOUND('',#1145,.T.);
#701=FACE_OUTER_BOUND('',#1146,.T.);
#702=FACE_OUTER_BOUND('',#1147,.T.);
#703=FACE_OUTER_BOUND('',#1148,.T.);
#704=FACE_OUTER_BOUND('',#1149,.T.);
#705=FACE_OUTER_BOUND('',#1150,.T.);
#706=FACE_OUTER_BOUND('',#1151,.T.);
#707=FACE_OUTER_BOUND('',#1152,.T.);
#708=FACE_OUTER_BOUND('',#1153,.T.);
#709=FACE_OUTER_BOUND('',#1154,.T.);
#710=FACE_OUTER_BOUND('',#1155,.T.);
#711=FACE_OUTER_BOUND('',#1156,.T.);
#712=FACE_OUTER_BOUND('',#1157,.T.);
#713=FACE_OUTER_BOUND('',#1158,.T.);
#714=FACE_OUTER_BOUND('',#1159,.T.);
#715=FACE_OUTER_BOUND('',#1161,.T.);
#716=FACE_OUTER_BOUND('',#1163,.T.);
#717=FACE_OUTER_BOUND('',#1164,.T.);
#718=FACE_OUTER_BOUND('',#1165,.T.);
#719=FACE_OUTER_BOUND('',#1166,.T.);
#720=FACE_OUTER_BOUND('',#1168,.T.);
#721=FACE_OUTER_BOUND('',#1170,.T.);
#722=FACE_OUTER_BOUND('',#1171,.T.);
#723=FACE_OUTER_BOUND('',#1172,.T.);
#724=FACE_OUTER_BOUND('',#1173,.T.);
#725=FACE_OUTER_BOUND('',#1174,.T.);
#726=FACE_OUTER_BOUND('',#1175,.T.);
#727=FACE_OUTER_BOUND('',#1176,.T.);
#728=FACE_OUTER_BOUND('',#1177,.T.);
#729=FACE_OUTER_BOUND('',#1178,.T.);
#730=FACE_OUTER_BOUND('',#1179,.T.);
#731=FACE_OUTER_BOUND('',#1180,.T.);
#732=FACE_OUTER_BOUND('',#1181,.T.);
#733=FACE_OUTER_BOUND('',#1182,.T.);
#734=FACE_OUTER_BOUND('',#1183,.T.);
#735=FACE_OUTER_BOUND('',#1184,.T.);
#736=FACE_OUTER_BOUND('',#1185,.T.);
#737=FACE_OUTER_BOUND('',#1186,.T.);
#738=FACE_OUTER_BOUND('',#1187,.T.);
#739=FACE_OUTER_BOUND('',#1188,.T.);
#740=FACE_OUTER_BOUND('',#1189,.T.);
#741=FACE_OUTER_BOUND('',#1190,.T.);
#742=FACE_OUTER_BOUND('',#1191,.T.);
#743=FACE_OUTER_BOUND('',#1192,.T.);
#744=FACE_OUTER_BOUND('',#1193,.T.);
#745=FACE_OUTER_BOUND('',#1194,.T.);
#746=FACE_OUTER_BOUND('',#1195,.T.);
#747=FACE_OUTER_BOUND('',#1196,.T.);
#748=FACE_OUTER_BOUND('',#1197,.T.);
#749=FACE_OUTER_BOUND('',#1198,.T.);
#750=FACE_OUTER_BOUND('',#1199,.T.);
#751=FACE_OUTER_BOUND('',#1200,.T.);
#752=FACE_OUTER_BOUND('',#1201,.T.);
#753=FACE_OUTER_BOUND('',#1202,.T.);
#754=FACE_OUTER_BOUND('',#1203,.T.);
#755=FACE_OUTER_BOUND('',#1204,.T.);
#756=FACE_OUTER_BOUND('',#1205,.T.);
#757=FACE_OUTER_BOUND('',#1206,.T.);
#758=FACE_OUTER_BOUND('',#1207,.T.);
#759=FACE_OUTER_BOUND('',#1208,.T.);
#760=FACE_OUTER_BOUND('',#1209,.T.);
#761=FACE_OUTER_BOUND('',#1210,.T.);
#762=FACE_OUTER_BOUND('',#1211,.T.);
#763=FACE_OUTER_BOUND('',#1212,.T.);
#764=FACE_OUTER_BOUND('',#1213,.T.);
#765=FACE_OUTER_BOUND('',#1214,.T.);
#766=FACE_OUTER_BOUND('',#1215,.T.);
#767=FACE_OUTER_BOUND('',#1216,.T.);
#768=FACE_OUTER_BOUND('',#1217,.T.);
#769=FACE_OUTER_BOUND('',#1218,.T.);
#770=FACE_OUTER_BOUND('',#1219,.T.);
#771=FACE_OUTER_BOUND('',#1220,.T.);
#772=FACE_OUTER_BOUND('',#1221,.T.);
#773=FACE_OUTER_BOUND('',#1222,.T.);
#774=FACE_OUTER_BOUND('',#1223,.T.);
#775=FACE_OUTER_BOUND('',#1224,.T.);
#776=FACE_OUTER_BOUND('',#1225,.T.);
#777=FACE_OUTER_BOUND('',#1226,.T.);
#778=FACE_OUTER_BOUND('',#1227,.T.);
#779=FACE_OUTER_BOUND('',#1228,.T.);
#780=FACE_OUTER_BOUND('',#1229,.T.);
#781=FACE_OUTER_BOUND('',#1230,.T.);
#782=FACE_OUTER_BOUND('',#1231,.T.);
#783=FACE_OUTER_BOUND('',#1232,.T.);
#784=FACE_OUTER_BOUND('',#1233,.T.);
#785=FACE_OUTER_BOUND('',#1234,.T.);
#786=FACE_OUTER_BOUND('',#1235,.T.);
#787=FACE_OUTER_BOUND('',#1236,.T.);
#788=FACE_OUTER_BOUND('',#1237,.T.);
#789=FACE_OUTER_BOUND('',#1238,.T.);
#790=FACE_OUTER_BOUND('',#1239,.T.);
#791=FACE_OUTER_BOUND('',#1240,.T.);
#792=FACE_OUTER_BOUND('',#1241,.T.);
#793=FACE_OUTER_BOUND('',#1242,.T.);
#794=FACE_OUTER_BOUND('',#1243,.T.);
#795=FACE_OUTER_BOUND('',#1244,.T.);
#796=FACE_OUTER_BOUND('',#1245,.T.);
#797=FACE_OUTER_BOUND('',#1246,.T.);
#798=FACE_OUTER_BOUND('',#1247,.T.);
#799=FACE_OUTER_BOUND('',#1248,.T.);
#800=FACE_OUTER_BOUND('',#1249,.T.);
#801=FACE_OUTER_BOUND('',#1250,.T.);
#802=FACE_OUTER_BOUND('',#1251,.T.);
#803=FACE_OUTER_BOUND('',#1252,.T.);
#804=FACE_OUTER_BOUND('',#1253,.T.);
#805=FACE_OUTER_BOUND('',#1254,.T.);
#806=FACE_OUTER_BOUND('',#1255,.T.);
#807=FACE_OUTER_BOUND('',#1256,.T.);
#808=FACE_OUTER_BOUND('',#1257,.T.);
#809=FACE_OUTER_BOUND('',#1258,.T.);
#810=FACE_OUTER_BOUND('',#1259,.T.);
#811=FACE_OUTER_BOUND('',#1260,.T.);
#812=FACE_OUTER_BOUND('',#1261,.T.);
#813=FACE_OUTER_BOUND('',#1262,.T.);
#814=FACE_OUTER_BOUND('',#1263,.T.);
#815=FACE_OUTER_BOUND('',#1264,.T.);
#816=FACE_OUTER_BOUND('',#1265,.T.);
#817=FACE_OUTER_BOUND('',#1266,.T.);
#818=FACE_OUTER_BOUND('',#1267,.T.);
#819=FACE_OUTER_BOUND('',#1268,.T.);
#820=FACE_OUTER_BOUND('',#1269,.T.);
#821=FACE_OUTER_BOUND('',#1270,.T.);
#822=FACE_OUTER_BOUND('',#1271,.T.);
#823=FACE_OUTER_BOUND('',#1272,.T.);
#824=FACE_OUTER_BOUND('',#1273,.T.);
#825=FACE_OUTER_BOUND('',#1274,.T.);
#826=FACE_OUTER_BOUND('',#1275,.T.);
#827=FACE_OUTER_BOUND('',#1276,.T.);
#828=FACE_OUTER_BOUND('',#1277,.T.);
#829=FACE_OUTER_BOUND('',#1278,.T.);
#830=FACE_OUTER_BOUND('',#1279,.T.);
#831=FACE_OUTER_BOUND('',#1280,.T.);
#832=FACE_OUTER_BOUND('',#1281,.T.);
#833=FACE_OUTER_BOUND('',#1282,.T.);
#834=FACE_OUTER_BOUND('',#1283,.T.);
#835=FACE_OUTER_BOUND('',#1284,.T.);
#836=FACE_OUTER_BOUND('',#1285,.T.);
#837=FACE_OUTER_BOUND('',#1286,.T.);
#838=FACE_OUTER_BOUND('',#1287,.T.);
#839=FACE_OUTER_BOUND('',#1288,.T.);
#840=FACE_OUTER_BOUND('',#1289,.T.);
#841=FACE_OUTER_BOUND('',#1290,.T.);
#842=FACE_OUTER_BOUND('',#1291,.T.);
#843=FACE_OUTER_BOUND('',#1292,.T.);
#844=FACE_OUTER_BOUND('',#1293,.T.);
#845=FACE_OUTER_BOUND('',#1294,.T.);
#846=FACE_OUTER_BOUND('',#1295,.T.);
#847=FACE_OUTER_BOUND('',#1296,.T.);
#848=FACE_OUTER_BOUND('',#1297,.T.);
#849=FACE_OUTER_BOUND('',#1298,.T.);
#850=FACE_OUTER_BOUND('',#1299,.T.);
#851=FACE_OUTER_BOUND('',#1300,.T.);
#852=FACE_OUTER_BOUND('',#1301,.T.);
#853=FACE_OUTER_BOUND('',#1302,.T.);
#854=FACE_OUTER_BOUND('',#1303,.T.);
#855=FACE_OUTER_BOUND('',#1304,.T.);
#856=FACE_OUTER_BOUND('',#1305,.T.);
#857=FACE_OUTER_BOUND('',#1306,.T.);
#858=FACE_OUTER_BOUND('',#1307,.T.);
#859=FACE_OUTER_BOUND('',#1308,.T.);
#860=FACE_OUTER_BOUND('',#1309,.T.);
#861=FACE_OUTER_BOUND('',#1310,.T.);
#862=FACE_OUTER_BOUND('',#1311,.T.);
#863=FACE_OUTER_BOUND('',#1312,.T.);
#864=FACE_OUTER_BOUND('',#1313,.T.);
#865=FACE_OUTER_BOUND('',#1314,.T.);
#866=FACE_OUTER_BOUND('',#1315,.T.);
#867=FACE_OUTER_BOUND('',#1316,.T.);
#868=FACE_OUTER_BOUND('',#1317,.T.);
#869=FACE_OUTER_BOUND('',#1318,.T.);
#870=FACE_OUTER_BOUND('',#1319,.T.);
#871=FACE_OUTER_BOUND('',#1320,.T.);
#872=FACE_OUTER_BOUND('',#1321,.T.);
#873=FACE_OUTER_BOUND('',#1322,.T.);
#874=FACE_OUTER_BOUND('',#1323,.T.);
#875=FACE_OUTER_BOUND('',#1324,.T.);
#876=FACE_OUTER_BOUND('',#1325,.T.);
#877=FACE_OUTER_BOUND('',#1326,.T.);
#878=FACE_OUTER_BOUND('',#1327,.T.);
#879=FACE_OUTER_BOUND('',#1328,.T.);
#880=FACE_OUTER_BOUND('',#1329,.T.);
#881=FACE_OUTER_BOUND('',#1330,.T.);
#882=FACE_OUTER_BOUND('',#1331,.T.);
#883=FACE_OUTER_BOUND('',#1332,.T.);
#884=FACE_OUTER_BOUND('',#1333,.T.);
#885=FACE_OUTER_BOUND('',#1334,.T.);
#886=FACE_OUTER_BOUND('',#1335,.T.);
#887=FACE_OUTER_BOUND('',#1336,.T.);
#888=FACE_OUTER_BOUND('',#1337,.T.);
#889=FACE_OUTER_BOUND('',#1338,.T.);
#890=FACE_OUTER_BOUND('',#1339,.T.);
#891=FACE_OUTER_BOUND('',#1340,.T.);
#892=FACE_OUTER_BOUND('',#1341,.T.);
#893=FACE_OUTER_BOUND('',#1342,.T.);
#894=FACE_OUTER_BOUND('',#1343,.T.);
#895=FACE_OUTER_BOUND('',#1344,.T.);
#896=FACE_OUTER_BOUND('',#1345,.T.);
#897=FACE_OUTER_BOUND('',#1346,.T.);
#898=FACE_OUTER_BOUND('',#1347,.T.);
#899=FACE_OUTER_BOUND('',#1348,.T.);
#900=FACE_OUTER_BOUND('',#1349,.T.);
#901=FACE_OUTER_BOUND('',#1350,.T.);
#902=FACE_OUTER_BOUND('',#1351,.T.);
#903=FACE_OUTER_BOUND('',#1352,.T.);
#904=FACE_OUTER_BOUND('',#1353,.T.);
#905=FACE_OUTER_BOUND('',#1354,.T.);
#906=FACE_OUTER_BOUND('',#1355,.T.);
#907=FACE_OUTER_BOUND('',#1356,.T.);
#908=FACE_OUTER_BOUND('',#1357,.T.);
#909=FACE_OUTER_BOUND('',#1358,.T.);
#910=FACE_OUTER_BOUND('',#1359,.T.);
#911=FACE_OUTER_BOUND('',#1360,.T.);
#912=FACE_OUTER_BOUND('',#1361,.T.);
#913=FACE_OUTER_BOUND('',#1362,.T.);
#914=FACE_OUTER_BOUND('',#1363,.T.);
#915=FACE_OUTER_BOUND('',#1364,.T.);
#916=FACE_OUTER_BOUND('',#1365,.T.);
#917=FACE_OUTER_BOUND('',#1366,.T.);
#918=FACE_OUTER_BOUND('',#1367,.T.);
#919=FACE_OUTER_BOUND('',#1368,.T.);
#920=FACE_OUTER_BOUND('',#1369,.T.);
#921=FACE_OUTER_BOUND('',#1370,.T.);
#922=FACE_OUTER_BOUND('',#1371,.T.);
#923=FACE_OUTER_BOUND('',#1372,.T.);
#924=FACE_OUTER_BOUND('',#1373,.T.);
#925=FACE_OUTER_BOUND('',#1374,.T.);
#926=FACE_OUTER_BOUND('',#1375,.T.);
#927=FACE_OUTER_BOUND('',#1376,.T.);
#928=FACE_OUTER_BOUND('',#1377,.T.);
#929=FACE_OUTER_BOUND('',#1378,.T.);
#930=FACE_OUTER_BOUND('',#1379,.T.);
#931=FACE_OUTER_BOUND('',#1380,.T.);
#932=FACE_OUTER_BOUND('',#1381,.T.);
#933=FACE_OUTER_BOUND('',#1382,.T.);
#934=FACE_OUTER_BOUND('',#1383,.T.);
#935=FACE_OUTER_BOUND('',#1384,.T.);
#936=FACE_OUTER_BOUND('',#1385,.T.);
#937=FACE_OUTER_BOUND('',#1386,.T.);
#938=FACE_OUTER_BOUND('',#1387,.T.);
#939=FACE_OUTER_BOUND('',#1388,.T.);
#940=FACE_OUTER_BOUND('',#1389,.T.);
#941=FACE_OUTER_BOUND('',#1391,.T.);
#942=FACE_OUTER_BOUND('',#1393,.T.);
#943=FACE_OUTER_BOUND('',#1395,.T.);
#944=FACE_OUTER_BOUND('',#1396,.T.);
#945=FACE_OUTER_BOUND('',#1397,.T.);
#946=FACE_OUTER_BOUND('',#1398,.T.);
#947=FACE_OUTER_BOUND('',#1399,.T.);
#948=FACE_OUTER_BOUND('',#1400,.T.);
#949=FACE_OUTER_BOUND('',#1401,.T.);
#950=FACE_OUTER_BOUND('',#1402,.T.);
#951=FACE_OUTER_BOUND('',#1403,.T.);
#952=FACE_OUTER_BOUND('',#1417,.T.);
#953=FACE_OUTER_BOUND('',#1418,.T.);
#954=FACE_OUTER_BOUND('',#1419,.T.);
#955=FACE_OUTER_BOUND('',#1420,.T.);
#956=FACE_OUTER_BOUND('',#1421,.T.);
#957=FACE_OUTER_BOUND('',#1422,.T.);
#958=FACE_OUTER_BOUND('',#1429,.T.);
#959=FACE_OUTER_BOUND('',#1430,.T.);
#960=FACE_OUTER_BOUND('',#1431,.T.);
#961=FACE_OUTER_BOUND('',#1432,.T.);
#962=FACE_OUTER_BOUND('',#1433,.T.);
#963=FACE_OUTER_BOUND('',#1434,.T.);
#964=FACE_OUTER_BOUND('',#1435,.T.);
#965=FACE_OUTER_BOUND('',#1436,.T.);
#966=FACE_OUTER_BOUND('',#1437,.T.);
#967=FACE_OUTER_BOUND('',#1438,.T.);
#968=FACE_OUTER_BOUND('',#1439,.T.);
#969=FACE_OUTER_BOUND('',#1440,.T.);
#970=FACE_OUTER_BOUND('',#1441,.T.);
#971=FACE_OUTER_BOUND('',#1442,.T.);
#972=FACE_OUTER_BOUND('',#1443,.T.);
#973=FACE_OUTER_BOUND('',#1444,.T.);
#974=FACE_OUTER_BOUND('',#1445,.T.);
#975=FACE_OUTER_BOUND('',#1446,.T.);
#976=FACE_OUTER_BOUND('',#1447,.T.);
#977=FACE_OUTER_BOUND('',#1448,.T.);
#978=FACE_OUTER_BOUND('',#1449,.T.);
#979=FACE_OUTER_BOUND('',#1450,.T.);
#980=FACE_OUTER_BOUND('',#1451,.T.);
#981=FACE_OUTER_BOUND('',#1452,.T.);
#982=FACE_OUTER_BOUND('',#1453,.T.);
#983=FACE_OUTER_BOUND('',#1454,.T.);
#984=FACE_OUTER_BOUND('',#1455,.T.);
#985=FACE_OUTER_BOUND('',#1458,.T.);
#986=FACE_OUTER_BOUND('',#1459,.T.);
#987=FACE_OUTER_BOUND('',#1460,.T.);
#988=FACE_OUTER_BOUND('',#1461,.T.);
#989=FACE_OUTER_BOUND('',#1462,.T.);
#990=FACE_OUTER_BOUND('',#1463,.T.);
#991=FACE_OUTER_BOUND('',#1464,.T.);
#992=FACE_OUTER_BOUND('',#1465,.T.);
#993=FACE_OUTER_BOUND('',#1466,.T.);
#994=FACE_OUTER_BOUND('',#1467,.T.);
#995=FACE_OUTER_BOUND('',#1468,.T.);
#996=FACE_OUTER_BOUND('',#1469,.T.);
#997=FACE_OUTER_BOUND('',#1470,.T.);
#998=FACE_OUTER_BOUND('',#1471,.T.);
#999=FACE_OUTER_BOUND('',#1472,.T.);
#1000=FACE_OUTER_BOUND('',#1473,.T.);
#1001=FACE_OUTER_BOUND('',#1474,.T.);
#1002=FACE_OUTER_BOUND('',#1475,.T.);
#1003=FACE_OUTER_BOUND('',#1476,.T.);
#1004=FACE_OUTER_BOUND('',#1477,.T.);
#1005=FACE_OUTER_BOUND('',#1478,.T.);
#1006=FACE_OUTER_BOUND('',#1479,.T.);
#1007=FACE_OUTER_BOUND('',#1480,.T.);
#1008=FACE_OUTER_BOUND('',#1481,.T.);
#1009=FACE_OUTER_BOUND('',#1482,.T.);
#1010=FACE_OUTER_BOUND('',#1483,.T.);
#1011=FACE_OUTER_BOUND('',#1484,.T.);
#1012=FACE_OUTER_BOUND('',#1485,.T.);
#1013=FACE_OUTER_BOUND('',#1486,.T.);
#1014=FACE_OUTER_BOUND('',#1488,.T.);
#1015=FACE_OUTER_BOUND('',#1489,.T.);
#1016=FACE_OUTER_BOUND('',#1490,.T.);
#1017=FACE_OUTER_BOUND('',#1491,.T.);
#1018=FACE_OUTER_BOUND('',#1493,.T.);
#1019=FACE_OUTER_BOUND('',#1495,.T.);
#1020=FACE_OUTER_BOUND('',#1496,.T.);
#1021=FACE_OUTER_BOUND('',#1497,.T.);
#1022=FACE_OUTER_BOUND('',#1498,.T.);
#1023=FACE_OUTER_BOUND('',#1501,.T.);
#1024=FACE_OUTER_BOUND('',#1502,.T.);
#1025=FACE_OUTER_BOUND('',#1503,.T.);
#1026=FACE_OUTER_BOUND('',#1504,.T.);
#1027=FACE_OUTER_BOUND('',#1505,.T.);
#1028=FACE_OUTER_BOUND('',#1506,.T.);
#1029=FACE_OUTER_BOUND('',#1507,.T.);
#1030=FACE_OUTER_BOUND('',#1508,.T.);
#1031=FACE_OUTER_BOUND('',#1509,.T.);
#1032=FACE_OUTER_BOUND('',#1510,.T.);
#1033=FACE_OUTER_BOUND('',#1511,.T.);
#1034=FACE_OUTER_BOUND('',#1512,.T.);
#1035=FACE_OUTER_BOUND('',#1513,.T.);
#1036=FACE_OUTER_BOUND('',#1514,.T.);
#1037=FACE_OUTER_BOUND('',#1515,.T.);
#1038=FACE_OUTER_BOUND('',#1516,.T.);
#1039=FACE_OUTER_BOUND('',#1517,.T.);
#1040=FACE_OUTER_BOUND('',#1518,.T.);
#1041=FACE_OUTER_BOUND('',#1519,.T.);
#1042=FACE_OUTER_BOUND('',#1520,.T.);
#1043=FACE_OUTER_BOUND('',#1521,.T.);
#1044=FACE_OUTER_BOUND('',#1522,.T.);
#1045=FACE_OUTER_BOUND('',#1523,.T.);
#1046=FACE_OUTER_BOUND('',#1524,.T.);
#1047=FACE_OUTER_BOUND('',#1525,.T.);
#1048=FACE_OUTER_BOUND('',#1526,.T.);
#1049=FACE_OUTER_BOUND('',#1527,.T.);
#1050=FACE_OUTER_BOUND('',#1528,.T.);
#1051=FACE_OUTER_BOUND('',#1529,.T.);
#1052=FACE_OUTER_BOUND('',#1530,.T.);
#1053=FACE_OUTER_BOUND('',#1531,.T.);
#1054=FACE_OUTER_BOUND('',#1532,.T.);
#1055=FACE_OUTER_BOUND('',#1533,.T.);
#1056=FACE_OUTER_BOUND('',#1534,.T.);
#1057=FACE_OUTER_BOUND('',#1535,.T.);
#1058=FACE_OUTER_BOUND('',#1536,.T.);
#1059=FACE_OUTER_BOUND('',#1537,.T.);
#1060=FACE_OUTER_BOUND('',#1538,.T.);
#1061=FACE_OUTER_BOUND('',#1539,.T.);
#1062=FACE_OUTER_BOUND('',#1540,.T.);
#1063=FACE_OUTER_BOUND('',#1541,.T.);
#1064=FACE_OUTER_BOUND('',#1542,.T.);
#1065=FACE_OUTER_BOUND('',#1543,.T.);
#1066=FACE_OUTER_BOUND('',#1544,.T.);
#1067=FACE_OUTER_BOUND('',#1545,.T.);
#1068=FACE_OUTER_BOUND('',#1546,.T.);
#1069=FACE_OUTER_BOUND('',#1547,.T.);
#1070=FACE_OUTER_BOUND('',#1548,.T.);
#1071=FACE_OUTER_BOUND('',#1549,.T.);
#1072=FACE_OUTER_BOUND('',#1550,.T.);
#1073=FACE_OUTER_BOUND('',#1551,.T.);
#1074=FACE_OUTER_BOUND('',#1552,.T.);
#1075=FACE_OUTER_BOUND('',#1553,.T.);
#1076=FACE_OUTER_BOUND('',#1554,.T.);
#1077=FACE_OUTER_BOUND('',#1555,.T.);
#1078=FACE_OUTER_BOUND('',#1556,.T.);
#1079=FACE_OUTER_BOUND('',#1557,.T.);
#1080=FACE_OUTER_BOUND('',#1558,.T.);
#1081=FACE_OUTER_BOUND('',#1559,.T.);
#1082=FACE_OUTER_BOUND('',#1560,.T.);
#1083=FACE_OUTER_BOUND('',#1561,.T.);
#1084=FACE_OUTER_BOUND('',#1562,.T.);
#1085=FACE_OUTER_BOUND('',#1563,.T.);
#1086=FACE_OUTER_BOUND('',#1564,.T.);
#1087=FACE_OUTER_BOUND('',#1565,.T.);
#1088=FACE_OUTER_BOUND('',#1566,.T.);
#1089=FACE_OUTER_BOUND('',#1573,.T.);
#1090=FACE_OUTER_BOUND('',#1574,.T.);
#1091=FACE_OUTER_BOUND('',#1575,.T.);
#1092=EDGE_LOOP('',(#5005,#5006,#5007,#5008));
#1093=EDGE_LOOP('',(#5009,#5010,#5011,#5012));
#1094=EDGE_LOOP('',(#5013,#5014,#5015,#5016));
#1095=EDGE_LOOP('',(#5017,#5018,#5019,#5020));
#1096=EDGE_LOOP('',(#5021,#5022,#5023,#5024));
#1097=EDGE_LOOP('',(#5025,#5026,#5027,#5028));
#1098=EDGE_LOOP('',(#5029,#5030,#5031,#5032,#5033,#5034));
#1099=EDGE_LOOP('',(#5035,#5036,#5037,#5038,#5039,#5040,#5041,#5042));
#1100=EDGE_LOOP('',(#5043,#5044,#5045,#5046,#5047,#5048,#5049,#5050));
#1101=EDGE_LOOP('',(#5051,#5052,#5053,#5054,#5055,#5056,#5057,#5058));
#1102=EDGE_LOOP('',(#5059,#5060,#5061,#5062,#5063,#5064,#5065,#5066));
#1103=EDGE_LOOP('',(#5067,#5068,#5069,#5070,#5071,#5072,#5073,#5074));
#1104=EDGE_LOOP('',(#5075,#5076,#5077,#5078,#5079,#5080,#5081,#5082));
#1105=EDGE_LOOP('',(#5083,#5084,#5085,#5086,#5087,#5088,#5089,#5090,#5091,
#5092,#5093,#5094,#5095,#5096,#5097,#5098,#5099,#5100,#5101,#5102,#5103,
#5104));
#1106=EDGE_LOOP('',(#5105,#5106,#5107,#5108,#5109,#5110,#5111,#5112));
#1107=EDGE_LOOP('',(#5113,#5114,#5115,#5116,#5117,#5118,#5119,#5120));
#1108=EDGE_LOOP('',(#5121,#5122,#5123,#5124,#5125,#5126,#5127,#5128));
#1109=EDGE_LOOP('',(#5129,#5130,#5131,#5132,#5133,#5134,#5135,#5136));
#1110=EDGE_LOOP('',(#5137,#5138,#5139,#5140,#5141,#5142,#5143,#5144));
#1111=EDGE_LOOP('',(#5145,#5146,#5147,#5148,#5149,#5150,#5151,#5152));
#1112=EDGE_LOOP('',(#5153,#5154,#5155,#5156,#5157,#5158));
#1113=EDGE_LOOP('',(#5159,#5160,#5161,#5162,#5163,#5164));
#1114=EDGE_LOOP('',(#5165,#5166,#5167,#5168,#5169,#5170,#5171,#5172,#5173,
#5174,#5175,#5176));
#1115=EDGE_LOOP('',(#5177,#5178,#5179,#5180));
#1116=EDGE_LOOP('',(#5181,#5182,#5183,#5184));
#1117=EDGE_LOOP('',(#5185,#5186,#5187,#5188));
#1118=EDGE_LOOP('',(#5189,#5190,#5191,#5192));
#1119=EDGE_LOOP('',(#5193,#5194,#5195,#5196));
#1120=EDGE_LOOP('',(#5197,#5198,#5199,#5200));
#1121=EDGE_LOOP('',(#5201,#5202,#5203,#5204));
#1122=EDGE_LOOP('',(#5205,#5206,#5207,#5208,#5209,#5210,#5211,#5212));
#1123=EDGE_LOOP('',(#5213,#5214,#5215,#5216,#5217,#5218,#5219,#5220));
#1124=EDGE_LOOP('',(#5221,#5222,#5223,#5224,#5225,#5226,#5227,#5228));
#1125=EDGE_LOOP('',(#5229,#5230,#5231,#5232,#5233,#5234,#5235,#5236));
#1126=EDGE_LOOP('',(#5237,#5238,#5239,#5240,#5241,#5242,#5243,#5244));
#1127=EDGE_LOOP('',(#5245,#5246,#5247,#5248,#5249,#5250,#5251,#5252));
#1128=EDGE_LOOP('',(#5253,#5254,#5255,#5256,#5257,#5258,#5259,#5260));
#1129=EDGE_LOOP('',(#5261,#5262,#5263,#5264,#5265,#5266,#5267,#5268));
#1130=EDGE_LOOP('',(#5269,#5270,#5271,#5272,#5273,#5274,#5275,#5276));
#1131=EDGE_LOOP('',(#5277,#5278,#5279,#5280,#5281,#5282,#5283,#5284));
#1132=EDGE_LOOP('',(#5285,#5286,#5287,#5288,#5289,#5290,#5291,#5292));
#1133=EDGE_LOOP('',(#5293,#5294,#5295,#5296,#5297,#5298,#5299,#5300));
#1134=EDGE_LOOP('',(#5301,#5302,#5303,#5304,#5305,#5306,#5307,#5308));
#1135=EDGE_LOOP('',(#5309,#5310,#5311,#5312));
#1136=EDGE_LOOP('',(#5313,#5314,#5315,#5316));
#1137=EDGE_LOOP('',(#5317,#5318,#5319,#5320));
#1138=EDGE_LOOP('',(#5321,#5322,#5323,#5324,#5325,#5326,#5327,#5328,#5329,
#5330,#5331,#5332,#5333,#5334,#5335,#5336,#5337,#5338,#5339,#5340,#5341,
#5342,#5343,#5344,#5345,#5346,#5347,#5348,#5349));
#1139=EDGE_LOOP('',(#5350,#5351));
#1140=EDGE_LOOP('',(#5352,#5353));
#1141=EDGE_LOOP('',(#5354));
#1142=EDGE_LOOP('',(#5355));
#1143=EDGE_LOOP('',(#5356,#5357,#5358,#5359));
#1144=EDGE_LOOP('',(#5360,#5361,#5362,#5363));
#1145=EDGE_LOOP('',(#5364,#5365,#5366,#5367));
#1146=EDGE_LOOP('',(#5368,#5369,#5370));
#1147=EDGE_LOOP('',(#5371,#5372,#5373,#5374));
#1148=EDGE_LOOP('',(#5375,#5376,#5377));
#1149=EDGE_LOOP('',(#5378,#5379,#5380,#5381));
#1150=EDGE_LOOP('',(#5382,#5383,#5384,#5385));
#1151=EDGE_LOOP('',(#5386,#5387,#5388,#5389));
#1152=EDGE_LOOP('',(#5390,#5391,#5392,#5393));
#1153=EDGE_LOOP('',(#5394,#5395,#5396,#5397));
#1154=EDGE_LOOP('',(#5398,#5399,#5400));
#1155=EDGE_LOOP('',(#5401,#5402,#5403,#5404));
#1156=EDGE_LOOP('',(#5405,#5406,#5407));
#1157=EDGE_LOOP('',(#5408,#5409,#5410,#5411));
#1158=EDGE_LOOP('',(#5412,#5413,#5414,#5415));
#1159=EDGE_LOOP('',(#5416));
#1160=EDGE_LOOP('',(#5417));
#1161=EDGE_LOOP('',(#5418,#5419,#5420,#5421,#5422));
#1162=EDGE_LOOP('',(#5423));
#1163=EDGE_LOOP('',(#5424,#5425,#5426,#5427));
#1164=EDGE_LOOP('',(#5428,#5429,#5430,#5431));
#1165=EDGE_LOOP('',(#5432,#5433,#5434,#5435));
#1166=EDGE_LOOP('',(#5436));
#1167=EDGE_LOOP('',(#5437));
#1168=EDGE_LOOP('',(#5438,#5439,#5440,#5441,#5442));
#1169=EDGE_LOOP('',(#5443));
#1170=EDGE_LOOP('',(#5444,#5445));
#1171=EDGE_LOOP('',(#5446,#5447,#5448,#5449));
#1172=EDGE_LOOP('',(#5450,#5451,#5452,#5453));
#1173=EDGE_LOOP('',(#5454,#5455,#5456,#5457));
#1174=EDGE_LOOP('',(#5458,#5459,#5460));
#1175=EDGE_LOOP('',(#5461,#5462,#5463,#5464));
#1176=EDGE_LOOP('',(#5465,#5466,#5467,#5468));
#1177=EDGE_LOOP('',(#5469,#5470,#5471,#5472));
#1178=EDGE_LOOP('',(#5473,#5474,#5475,#5476));
#1179=EDGE_LOOP('',(#5477,#5478,#5479,#5480));
#1180=EDGE_LOOP('',(#5481,#5482));
#1181=EDGE_LOOP('',(#5483,#5484,#5485,#5486));
#1182=EDGE_LOOP('',(#5487));
#1183=EDGE_LOOP('',(#5488,#5489,#5490,#5491,#5492,#5493,#5494,#5495));
#1184=EDGE_LOOP('',(#5496,#5497,#5498,#5499));
#1185=EDGE_LOOP('',(#5500));
#1186=EDGE_LOOP('',(#5501,#5502,#5503,#5504));
#1187=EDGE_LOOP('',(#5505));
#1188=EDGE_LOOP('',(#5506,#5507,#5508,#5509));
#1189=EDGE_LOOP('',(#5510,#5511,#5512,#5513));
#1190=EDGE_LOOP('',(#5514,#5515,#5516,#5517));
#1191=EDGE_LOOP('',(#5518,#5519,#5520,#5521));
#1192=EDGE_LOOP('',(#5522,#5523,#5524,#5525));
#1193=EDGE_LOOP('',(#5526,#5527,#5528,#5529));
#1194=EDGE_LOOP('',(#5530,#5531,#5532,#5533));
#1195=EDGE_LOOP('',(#5534,#5535,#5536,#5537));
#1196=EDGE_LOOP('',(#5538,#5539,#5540,#5541));
#1197=EDGE_LOOP('',(#5542,#5543,#5544,#5545));
#1198=EDGE_LOOP('',(#5546,#5547,#5548,#5549));
#1199=EDGE_LOOP('',(#5550,#5551,#5552,#5553));
#1200=EDGE_LOOP('',(#5554,#5555,#5556,#5557));
#1201=EDGE_LOOP('',(#5558,#5559,#5560,#5561));
#1202=EDGE_LOOP('',(#5562,#5563,#5564,#5565));
#1203=EDGE_LOOP('',(#5566,#5567,#5568,#5569));
#1204=EDGE_LOOP('',(#5570,#5571,#5572,#5573));
#1205=EDGE_LOOP('',(#5574,#5575,#5576,#5577));
#1206=EDGE_LOOP('',(#5578,#5579,#5580,#5581));
#1207=EDGE_LOOP('',(#5582,#5583,#5584,#5585));
#1208=EDGE_LOOP('',(#5586,#5587,#5588,#5589));
#1209=EDGE_LOOP('',(#5590,#5591,#5592,#5593));
#1210=EDGE_LOOP('',(#5594,#5595,#5596,#5597));
#1211=EDGE_LOOP('',(#5598,#5599,#5600,#5601));
#1212=EDGE_LOOP('',(#5602,#5603,#5604,#5605));
#1213=EDGE_LOOP('',(#5606,#5607,#5608,#5609));
#1214=EDGE_LOOP('',(#5610,#5611,#5612,#5613));
#1215=EDGE_LOOP('',(#5614,#5615,#5616,#5617));
#1216=EDGE_LOOP('',(#5618,#5619,#5620,#5621));
#1217=EDGE_LOOP('',(#5622,#5623,#5624,#5625));
#1218=EDGE_LOOP('',(#5626,#5627,#5628,#5629));
#1219=EDGE_LOOP('',(#5630,#5631,#5632,#5633));
#1220=EDGE_LOOP('',(#5634,#5635,#5636,#5637));
#1221=EDGE_LOOP('',(#5638,#5639,#5640,#5641));
#1222=EDGE_LOOP('',(#5642,#5643,#5644,#5645));
#1223=EDGE_LOOP('',(#5646,#5647,#5648,#5649));
#1224=EDGE_LOOP('',(#5650,#5651,#5652,#5653));
#1225=EDGE_LOOP('',(#5654,#5655,#5656,#5657));
#1226=EDGE_LOOP('',(#5658,#5659,#5660,#5661));
#1227=EDGE_LOOP('',(#5662,#5663,#5664,#5665));
#1228=EDGE_LOOP('',(#5666,#5667,#5668,#5669));
#1229=EDGE_LOOP('',(#5670,#5671,#5672,#5673));
#1230=EDGE_LOOP('',(#5674,#5675,#5676,#5677));
#1231=EDGE_LOOP('',(#5678,#5679,#5680,#5681));
#1232=EDGE_LOOP('',(#5682,#5683,#5684,#5685));
#1233=EDGE_LOOP('',(#5686,#5687,#5688,#5689));
#1234=EDGE_LOOP('',(#5690,#5691,#5692,#5693));
#1235=EDGE_LOOP('',(#5694,#5695,#5696,#5697));
#1236=EDGE_LOOP('',(#5698,#5699,#5700,#5701));
#1237=EDGE_LOOP('',(#5702,#5703,#5704,#5705));
#1238=EDGE_LOOP('',(#5706,#5707,#5708,#5709));
#1239=EDGE_LOOP('',(#5710,#5711,#5712,#5713));
#1240=EDGE_LOOP('',(#5714,#5715,#5716,#5717));
#1241=EDGE_LOOP('',(#5718,#5719,#5720,#5721));
#1242=EDGE_LOOP('',(#5722,#5723,#5724,#5725));
#1243=EDGE_LOOP('',(#5726,#5727,#5728,#5729));
#1244=EDGE_LOOP('',(#5730,#5731,#5732,#5733));
#1245=EDGE_LOOP('',(#5734,#5735,#5736,#5737));
#1246=EDGE_LOOP('',(#5738,#5739,#5740,#5741));
#1247=EDGE_LOOP('',(#5742,#5743,#5744,#5745));
#1248=EDGE_LOOP('',(#5746,#5747,#5748,#5749));
#1249=EDGE_LOOP('',(#5750,#5751,#5752,#5753));
#1250=EDGE_LOOP('',(#5754,#5755,#5756,#5757));
#1251=EDGE_LOOP('',(#5758,#5759,#5760,#5761));
#1252=EDGE_LOOP('',(#5762,#5763,#5764,#5765));
#1253=EDGE_LOOP('',(#5766,#5767,#5768,#5769));
#1254=EDGE_LOOP('',(#5770,#5771,#5772,#5773));
#1255=EDGE_LOOP('',(#5774,#5775,#5776,#5777));
#1256=EDGE_LOOP('',(#5778,#5779,#5780,#5781));
#1257=EDGE_LOOP('',(#5782,#5783,#5784,#5785));
#1258=EDGE_LOOP('',(#5786,#5787,#5788,#5789));
#1259=EDGE_LOOP('',(#5790,#5791,#5792,#5793));
#1260=EDGE_LOOP('',(#5794,#5795,#5796,#5797));
#1261=EDGE_LOOP('',(#5798,#5799,#5800,#5801));
#1262=EDGE_LOOP('',(#5802,#5803,#5804,#5805));
#1263=EDGE_LOOP('',(#5806,#5807,#5808,#5809));
#1264=EDGE_LOOP('',(#5810,#5811,#5812,#5813));
#1265=EDGE_LOOP('',(#5814,#5815,#5816,#5817));
#1266=EDGE_LOOP('',(#5818,#5819,#5820,#5821));
#1267=EDGE_LOOP('',(#5822,#5823,#5824,#5825));
#1268=EDGE_LOOP('',(#5826,#5827,#5828,#5829));
#1269=EDGE_LOOP('',(#5830,#5831,#5832,#5833));
#1270=EDGE_LOOP('',(#5834,#5835,#5836,#5837));
#1271=EDGE_LOOP('',(#5838,#5839,#5840,#5841));
#1272=EDGE_LOOP('',(#5842,#5843,#5844,#5845));
#1273=EDGE_LOOP('',(#5846,#5847,#5848,#5849));
#1274=EDGE_LOOP('',(#5850,#5851,#5852,#5853));
#1275=EDGE_LOOP('',(#5854,#5855,#5856,#5857));
#1276=EDGE_LOOP('',(#5858,#5859,#5860,#5861));
#1277=EDGE_LOOP('',(#5862,#5863,#5864,#5865));
#1278=EDGE_LOOP('',(#5866,#5867,#5868,#5869));
#1279=EDGE_LOOP('',(#5870,#5871,#5872,#5873));
#1280=EDGE_LOOP('',(#5874,#5875,#5876,#5877));
#1281=EDGE_LOOP('',(#5878,#5879,#5880,#5881));
#1282=EDGE_LOOP('',(#5882,#5883,#5884,#5885));
#1283=EDGE_LOOP('',(#5886,#5887,#5888,#5889));
#1284=EDGE_LOOP('',(#5890,#5891,#5892,#5893));
#1285=EDGE_LOOP('',(#5894,#5895,#5896,#5897));
#1286=EDGE_LOOP('',(#5898,#5899,#5900,#5901));
#1287=EDGE_LOOP('',(#5902,#5903,#5904,#5905));
#1288=EDGE_LOOP('',(#5906,#5907,#5908,#5909));
#1289=EDGE_LOOP('',(#5910,#5911,#5912,#5913));
#1290=EDGE_LOOP('',(#5914,#5915,#5916,#5917));
#1291=EDGE_LOOP('',(#5918,#5919,#5920,#5921));
#1292=EDGE_LOOP('',(#5922,#5923,#5924,#5925));
#1293=EDGE_LOOP('',(#5926,#5927,#5928,#5929));
#1294=EDGE_LOOP('',(#5930,#5931,#5932,#5933));
#1295=EDGE_LOOP('',(#5934,#5935,#5936,#5937));
#1296=EDGE_LOOP('',(#5938,#5939,#5940,#5941));
#1297=EDGE_LOOP('',(#5942,#5943,#5944,#5945));
#1298=EDGE_LOOP('',(#5946,#5947,#5948,#5949));
#1299=EDGE_LOOP('',(#5950,#5951,#5952,#5953));
#1300=EDGE_LOOP('',(#5954,#5955,#5956,#5957));
#1301=EDGE_LOOP('',(#5958,#5959,#5960,#5961));
#1302=EDGE_LOOP('',(#5962,#5963,#5964,#5965));
#1303=EDGE_LOOP('',(#5966,#5967,#5968,#5969));
#1304=EDGE_LOOP('',(#5970,#5971,#5972,#5973));
#1305=EDGE_LOOP('',(#5974,#5975,#5976,#5977));
#1306=EDGE_LOOP('',(#5978,#5979,#5980,#5981));
#1307=EDGE_LOOP('',(#5982,#5983,#5984,#5985));
#1308=EDGE_LOOP('',(#5986,#5987,#5988,#5989));
#1309=EDGE_LOOP('',(#5990,#5991,#5992,#5993));
#1310=EDGE_LOOP('',(#5994,#5995,#5996,#5997));
#1311=EDGE_LOOP('',(#5998,#5999,#6000,#6001));
#1312=EDGE_LOOP('',(#6002,#6003,#6004,#6005));
#1313=EDGE_LOOP('',(#6006,#6007,#6008,#6009));
#1314=EDGE_LOOP('',(#6010,#6011,#6012,#6013));
#1315=EDGE_LOOP('',(#6014,#6015,#6016,#6017));
#1316=EDGE_LOOP('',(#6018,#6019,#6020,#6021));
#1317=EDGE_LOOP('',(#6022,#6023,#6024,#6025));
#1318=EDGE_LOOP('',(#6026,#6027,#6028,#6029));
#1319=EDGE_LOOP('',(#6030,#6031,#6032,#6033));
#1320=EDGE_LOOP('',(#6034,#6035,#6036,#6037));
#1321=EDGE_LOOP('',(#6038,#6039,#6040,#6041));
#1322=EDGE_LOOP('',(#6042,#6043,#6044,#6045));
#1323=EDGE_LOOP('',(#6046,#6047,#6048,#6049));
#1324=EDGE_LOOP('',(#6050,#6051,#6052,#6053));
#1325=EDGE_LOOP('',(#6054,#6055,#6056,#6057));
#1326=EDGE_LOOP('',(#6058,#6059,#6060,#6061));
#1327=EDGE_LOOP('',(#6062,#6063,#6064,#6065));
#1328=EDGE_LOOP('',(#6066,#6067,#6068,#6069));
#1329=EDGE_LOOP('',(#6070,#6071,#6072,#6073));
#1330=EDGE_LOOP('',(#6074,#6075,#6076,#6077));
#1331=EDGE_LOOP('',(#6078,#6079,#6080,#6081));
#1332=EDGE_LOOP('',(#6082,#6083,#6084,#6085));
#1333=EDGE_LOOP('',(#6086,#6087,#6088,#6089));
#1334=EDGE_LOOP('',(#6090,#6091,#6092,#6093));
#1335=EDGE_LOOP('',(#6094,#6095,#6096,#6097));
#1336=EDGE_LOOP('',(#6098,#6099,#6100,#6101));
#1337=EDGE_LOOP('',(#6102,#6103,#6104,#6105));
#1338=EDGE_LOOP('',(#6106,#6107,#6108,#6109));
#1339=EDGE_LOOP('',(#6110,#6111,#6112,#6113));
#1340=EDGE_LOOP('',(#6114,#6115,#6116,#6117));
#1341=EDGE_LOOP('',(#6118,#6119,#6120,#6121));
#1342=EDGE_LOOP('',(#6122,#6123,#6124,#6125));
#1343=EDGE_LOOP('',(#6126,#6127,#6128,#6129));
#1344=EDGE_LOOP('',(#6130,#6131,#6132,#6133));
#1345=EDGE_LOOP('',(#6134,#6135,#6136,#6137));
#1346=EDGE_LOOP('',(#6138,#6139,#6140,#6141));
#1347=EDGE_LOOP('',(#6142,#6143,#6144,#6145));
#1348=EDGE_LOOP('',(#6146,#6147,#6148,#6149));
#1349=EDGE_LOOP('',(#6150,#6151,#6152,#6153));
#1350=EDGE_LOOP('',(#6154,#6155,#6156,#6157));
#1351=EDGE_LOOP('',(#6158,#6159,#6160,#6161));
#1352=EDGE_LOOP('',(#6162,#6163,#6164,#6165));
#1353=EDGE_LOOP('',(#6166,#6167,#6168,#6169));
#1354=EDGE_LOOP('',(#6170,#6171,#6172,#6173));
#1355=EDGE_LOOP('',(#6174,#6175,#6176,#6177));
#1356=EDGE_LOOP('',(#6178,#6179,#6180,#6181));
#1357=EDGE_LOOP('',(#6182,#6183,#6184,#6185));
#1358=EDGE_LOOP('',(#6186,#6187,#6188,#6189));
#1359=EDGE_LOOP('',(#6190,#6191,#6192,#6193));
#1360=EDGE_LOOP('',(#6194,#6195,#6196,#6197));
#1361=EDGE_LOOP('',(#6198,#6199,#6200,#6201));
#1362=EDGE_LOOP('',(#6202,#6203,#6204,#6205));
#1363=EDGE_LOOP('',(#6206,#6207,#6208,#6209));
#1364=EDGE_LOOP('',(#6210,#6211,#6212,#6213));
#1365=EDGE_LOOP('',(#6214,#6215,#6216,#6217));
#1366=EDGE_LOOP('',(#6218,#6219,#6220,#6221));
#1367=EDGE_LOOP('',(#6222,#6223,#6224,#6225));
#1368=EDGE_LOOP('',(#6226,#6227,#6228,#6229));
#1369=EDGE_LOOP('',(#6230,#6231,#6232,#6233));
#1370=EDGE_LOOP('',(#6234,#6235,#6236,#6237));
#1371=EDGE_LOOP('',(#6238,#6239,#6240,#6241));
#1372=EDGE_LOOP('',(#6242,#6243,#6244,#6245));
#1373=EDGE_LOOP('',(#6246,#6247,#6248,#6249));
#1374=EDGE_LOOP('',(#6250,#6251,#6252,#6253));
#1375=EDGE_LOOP('',(#6254,#6255,#6256,#6257));
#1376=EDGE_LOOP('',(#6258,#6259,#6260,#6261));
#1377=EDGE_LOOP('',(#6262,#6263,#6264,#6265));
#1378=EDGE_LOOP('',(#6266,#6267,#6268,#6269));
#1379=EDGE_LOOP('',(#6270,#6271,#6272,#6273));
#1380=EDGE_LOOP('',(#6274,#6275,#6276,#6277));
#1381=EDGE_LOOP('',(#6278,#6279,#6280,#6281,#6282));
#1382=EDGE_LOOP('',(#6283,#6284,#6285,#6286,#6287,#6288,#6289,#6290));
#1383=EDGE_LOOP('',(#6291,#6292,#6293,#6294,#6295,#6296,#6297,#6298));
#1384=EDGE_LOOP('',(#6299,#6300,#6301,#6302));
#1385=EDGE_LOOP('',(#6303,#6304,#6305,#6306,#6307));
#1386=EDGE_LOOP('',(#6308,#6309,#6310,#6311,#6312,#6313));
#1387=EDGE_LOOP('',(#6314,#6315,#6316,#6317,#6318,#6319));
#1388=EDGE_LOOP('',(#6320,#6321,#6322,#6323));
#1389=EDGE_LOOP('',(#6324));
#1390=EDGE_LOOP('',(#6325));
#1391=EDGE_LOOP('',(#6326));
#1392=EDGE_LOOP('',(#6327));
#1393=EDGE_LOOP('',(#6328));
#1394=EDGE_LOOP('',(#6329));
#1395=EDGE_LOOP('',(#6330,#6331,#6332,#6333));
#1396=EDGE_LOOP('',(#6334,#6335,#6336,#6337,#6338));
#1397=EDGE_LOOP('',(#6339,#6340,#6341,#6342));
#1398=EDGE_LOOP('',(#6343,#6344,#6345,#6346));
#1399=EDGE_LOOP('',(#6347,#6348,#6349,#6350));
#1400=EDGE_LOOP('',(#6351,#6352,#6353,#6354));
#1401=EDGE_LOOP('',(#6355,#6356,#6357,#6358));
#1402=EDGE_LOOP('',(#6359,#6360,#6361,#6362));
#1403=EDGE_LOOP('',(#6363,#6364,#6365,#6366));
#1404=EDGE_LOOP('',(#6367,#6368,#6369,#6370,#6371,#6372,#6373,#6374));
#1405=EDGE_LOOP('',(#6375,#6376,#6377,#6378,#6379,#6380,#6381,#6382));
#1406=EDGE_LOOP('',(#6383,#6384,#6385,#6386,#6387,#6388,#6389,#6390));
#1407=EDGE_LOOP('',(#6391,#6392,#6393,#6394,#6395,#6396,#6397,#6398));
#1408=EDGE_LOOP('',(#6399,#6400,#6401,#6402,#6403,#6404,#6405,#6406));
#1409=EDGE_LOOP('',(#6407,#6408,#6409,#6410,#6411,#6412,#6413,#6414));
#1410=EDGE_LOOP('',(#6415,#6416,#6417,#6418,#6419,#6420,#6421,#6422));
#1411=EDGE_LOOP('',(#6423,#6424,#6425,#6426,#6427,#6428,#6429,#6430));
#1412=EDGE_LOOP('',(#6431,#6432,#6433,#6434,#6435,#6436,#6437,#6438));
#1413=EDGE_LOOP('',(#6439,#6440,#6441,#6442,#6443,#6444,#6445,#6446));
#1414=EDGE_LOOP('',(#6447,#6448,#6449,#6450,#6451,#6452,#6453,#6454));
#1415=EDGE_LOOP('',(#6455,#6456,#6457,#6458,#6459,#6460,#6461,#6462));
#1416=EDGE_LOOP('',(#6463,#6464,#6465,#6466,#6467,#6468,#6469,#6470));
#1417=EDGE_LOOP('',(#6471,#6472,#6473,#6474));
#1418=EDGE_LOOP('',(#6475,#6476,#6477,#6478,#6479));
#1419=EDGE_LOOP('',(#6480,#6481,#6482,#6483));
#1420=EDGE_LOOP('',(#6484,#6485,#6486,#6487,#6488,#6489,#6490,#6491,#6492,
#6493,#6494,#6495));
#1421=EDGE_LOOP('',(#6496,#6497,#6498,#6499,#6500));
#1422=EDGE_LOOP('',(#6501,#6502,#6503,#6504,#6505,#6506,#6507,#6508,#6509,
#6510,#6511,#6512,#6513,#6514,#6515,#6516,#6517,#6518,#6519,#6520,#6521,
#6522));
#1423=EDGE_LOOP('',(#6523,#6524,#6525,#6526,#6527,#6528,#6529,#6530));
#1424=EDGE_LOOP('',(#6531,#6532,#6533,#6534,#6535,#6536,#6537,#6538));
#1425=EDGE_LOOP('',(#6539,#6540,#6541,#6542,#6543,#6544,#6545,#6546));
#1426=EDGE_LOOP('',(#6547,#6548,#6549,#6550,#6551,#6552,#6553,#6554));
#1427=EDGE_LOOP('',(#6555,#6556,#6557,#6558,#6559,#6560,#6561,#6562));
#1428=EDGE_LOOP('',(#6563,#6564,#6565,#6566,#6567,#6568,#6569,#6570));
#1429=EDGE_LOOP('',(#6571,#6572,#6573,#6574));
#1430=EDGE_LOOP('',(#6575,#6576,#6577,#6578));
#1431=EDGE_LOOP('',(#6579,#6580,#6581,#6582));
#1432=EDGE_LOOP('',(#6583,#6584,#6585,#6586));
#1433=EDGE_LOOP('',(#6587,#6588,#6589,#6590));
#1434=EDGE_LOOP('',(#6591,#6592,#6593,#6594));
#1435=EDGE_LOOP('',(#6595,#6596,#6597,#6598));
#1436=EDGE_LOOP('',(#6599,#6600,#6601,#6602));
#1437=EDGE_LOOP('',(#6603,#6604,#6605,#6606));
#1438=EDGE_LOOP('',(#6607,#6608,#6609,#6610));
#1439=EDGE_LOOP('',(#6611,#6612,#6613,#6614));
#1440=EDGE_LOOP('',(#6615,#6616,#6617,#6618));
#1441=EDGE_LOOP('',(#6619,#6620,#6621,#6622));
#1442=EDGE_LOOP('',(#6623,#6624,#6625,#6626));
#1443=EDGE_LOOP('',(#6627,#6628,#6629,#6630));
#1444=EDGE_LOOP('',(#6631,#6632,#6633,#6634));
#1445=EDGE_LOOP('',(#6635,#6636,#6637,#6638));
#1446=EDGE_LOOP('',(#6639,#6640,#6641,#6642));
#1447=EDGE_LOOP('',(#6643,#6644,#6645,#6646));
#1448=EDGE_LOOP('',(#6647,#6648,#6649,#6650));
#1449=EDGE_LOOP('',(#6651,#6652,#6653,#6654));
#1450=EDGE_LOOP('',(#6655,#6656,#6657,#6658));
#1451=EDGE_LOOP('',(#6659,#6660,#6661,#6662));
#1452=EDGE_LOOP('',(#6663,#6664,#6665,#6666));
#1453=EDGE_LOOP('',(#6667,#6668,#6669,#6670));
#1454=EDGE_LOOP('',(#6671,#6672,#6673,#6674));
#1455=EDGE_LOOP('',(#6675,#6676,#6677,#6678,#6679,#6680,#6681,#6682,#6683,
#6684,#6685,#6686,#6687,#6688,#6689,#6690,#6691,#6692,#6693,#6694,#6695,
#6696,#6697,#6698,#6699,#6700,#6701,#6702,#6703,#6704,#6705,#6706));
#1456=EDGE_LOOP('',(#6707));
#1457=EDGE_LOOP('',(#6708,#6709,#6710));
#1458=EDGE_LOOP('',(#6711,#6712,#6713,#6714,#6715,#6716,#6717,#6718,#6719,
#6720,#6721,#6722,#6723,#6724,#6725,#6726,#6727,#6728,#6729,#6730,#6731,
#6732,#6733,#6734,#6735,#6736,#6737,#6738,#6739,#6740,#6741,#6742,#6743,
#6744,#6745,#6746,#6747,#6748,#6749,#6750,#6751));
#1459=EDGE_LOOP('',(#6752,#6753,#6754,#6755));
#1460=EDGE_LOOP('',(#6756,#6757,#6758,#6759));
#1461=EDGE_LOOP('',(#6760,#6761,#6762,#6763));
#1462=EDGE_LOOP('',(#6764,#6765,#6766,#6767));
#1463=EDGE_LOOP('',(#6768,#6769,#6770,#6771));
#1464=EDGE_LOOP('',(#6772,#6773,#6774,#6775));
#1465=EDGE_LOOP('',(#6776,#6777,#6778,#6779));
#1466=EDGE_LOOP('',(#6780,#6781,#6782,#6783));
#1467=EDGE_LOOP('',(#6784,#6785,#6786,#6787));
#1468=EDGE_LOOP('',(#6788,#6789,#6790,#6791));
#1469=EDGE_LOOP('',(#6792,#6793,#6794,#6795));
#1470=EDGE_LOOP('',(#6796,#6797,#6798,#6799));
#1471=EDGE_LOOP('',(#6800,#6801,#6802,#6803));
#1472=EDGE_LOOP('',(#6804,#6805,#6806,#6807));
#1473=EDGE_LOOP('',(#6808,#6809,#6810,#6811));
#1474=EDGE_LOOP('',(#6812,#6813,#6814,#6815));
#1475=EDGE_LOOP('',(#6816,#6817,#6818,#6819));
#1476=EDGE_LOOP('',(#6820,#6821,#6822,#6823));
#1477=EDGE_LOOP('',(#6824,#6825,#6826,#6827));
#1478=EDGE_LOOP('',(#6828,#6829,#6830,#6831));
#1479=EDGE_LOOP('',(#6832,#6833,#6834,#6835));
#1480=EDGE_LOOP('',(#6836,#6837,#6838,#6839));
#1481=EDGE_LOOP('',(#6840,#6841,#6842,#6843));
#1482=EDGE_LOOP('',(#6844,#6845,#6846,#6847));
#1483=EDGE_LOOP('',(#6848,#6849,#6850,#6851));
#1484=EDGE_LOOP('',(#6852,#6853,#6854,#6855));
#1485=EDGE_LOOP('',(#6856,#6857,#6858,#6859));
#1486=EDGE_LOOP('',(#6860,#6861,#6862,#6863,#6864,#6865,#6866,#6867,#6868,
#6869,#6870,#6871,#6872,#6873,#6874,#6875,#6876,#6877,#6878,#6879,#6880,
#6881,#6882,#6883,#6884,#6885,#6886,#6887,#6888,#6889,#6890,#6891));
#1487=EDGE_LOOP('',(#6892));
#1488=EDGE_LOOP('',(#6893,#6894,#6895,#6896));
#1489=EDGE_LOOP('',(#6897,#6898,#6899,#6900));
#1490=EDGE_LOOP('',(#6901,#6902,#6903,#6904));
#1491=EDGE_LOOP('',(#6905,#6906,#6907,#6908));
#1492=EDGE_LOOP('',(#6909));
#1493=EDGE_LOOP('',(#6910,#6911,#6912,#6913,#6914,#6915,#6916,#6917,#6918,
#6919));
#1494=EDGE_LOOP('',(#6920));
#1495=EDGE_LOOP('',(#6921,#6922,#6923,#6924));
#1496=EDGE_LOOP('',(#6925,#6926,#6927,#6928));
#1497=EDGE_LOOP('',(#6929,#6930,#6931,#6932));
#1498=EDGE_LOOP('',(#6933,#6934,#6935,#6936));
#1499=EDGE_LOOP('',(#6937));
#1500=EDGE_LOOP('',(#6938,#6939));
#1501=EDGE_LOOP('',(#6940,#6941,#6942,#6943,#6944,#6945,#6946,#6947));
#1502=EDGE_LOOP('',(#6948,#6949,#6950,#6951));
#1503=EDGE_LOOP('',(#6952,#6953,#6954,#6955));
#1504=EDGE_LOOP('',(#6956));
#1505=EDGE_LOOP('',(#6957,#6958,#6959,#6960));
#1506=EDGE_LOOP('',(#6961,#6962,#6963,#6964));
#1507=EDGE_LOOP('',(#6965,#6966,#6967,#6968));
#1508=EDGE_LOOP('',(#6969));
#1509=EDGE_LOOP('',(#6970,#6971,#6972,#6973));
#1510=EDGE_LOOP('',(#6974,#6975,#6976,#6977,#6978,#6979));
#1511=EDGE_LOOP('',(#6980,#6981,#6982,#6983,#6984,#6985));
#1512=EDGE_LOOP('',(#6986,#6987,#6988,#6989,#6990,#6991));
#1513=EDGE_LOOP('',(#6992,#6993,#6994,#6995,#6996,#6997));
#1514=EDGE_LOOP('',(#6998,#6999,#7000,#7001));
#1515=EDGE_LOOP('',(#7002,#7003,#7004,#7005));
#1516=EDGE_LOOP('',(#7006,#7007,#7008,#7009));
#1517=EDGE_LOOP('',(#7010,#7011,#7012,#7013));
#1518=EDGE_LOOP('',(#7014,#7015,#7016,#7017));
#1519=EDGE_LOOP('',(#7018,#7019,#7020,#7021));
#1520=EDGE_LOOP('',(#7022,#7023,#7024,#7025));
#1521=EDGE_LOOP('',(#7026,#7027,#7028,#7029));
#1522=EDGE_LOOP('',(#7030,#7031,#7032,#7033,#7034,#7035,#7036,#7037,#7038,
#7039,#7040,#7041,#7042,#7043,#7044,#7045,#7046,#7047,#7048,#7049,#7050,
#7051,#7052,#7053,#7054,#7055,#7056,#7057,#7058,#7059,#7060,#7061,#7062,
#7063,#7064,#7065,#7066,#7067));
#1523=EDGE_LOOP('',(#7068,#7069));
#1524=EDGE_LOOP('',(#7070,#7071,#7072));
#1525=EDGE_LOOP('',(#7073,#7074));
#1526=EDGE_LOOP('',(#7075,#7076,#7077));
#1527=EDGE_LOOP('',(#7078,#7079,#7080,#7081));
#1528=EDGE_LOOP('',(#7082,#7083,#7084,#7085));
#1529=EDGE_LOOP('',(#7086,#7087,#7088,#7089));
#1530=EDGE_LOOP('',(#7090,#7091,#7092,#7093));
#1531=EDGE_LOOP('',(#7094,#7095,#7096,#7097,#7098,#7099));
#1532=EDGE_LOOP('',(#7100,#7101,#7102,#7103,#7104,#7105));
#1533=EDGE_LOOP('',(#7106,#7107,#7108,#7109));
#1534=EDGE_LOOP('',(#7110,#7111,#7112,#7113));
#1535=EDGE_LOOP('',(#7114,#7115,#7116,#7117));
#1536=EDGE_LOOP('',(#7118,#7119,#7120,#7121,#7122,#7123));
#1537=EDGE_LOOP('',(#7124,#7125,#7126,#7127));
#1538=EDGE_LOOP('',(#7128,#7129,#7130,#7131));
#1539=EDGE_LOOP('',(#7132,#7133,#7134,#7135));
#1540=EDGE_LOOP('',(#7136,#7137,#7138,#7139,#7140,#7141));
#1541=EDGE_LOOP('',(#7142,#7143,#7144,#7145,#7146,#7147));
#1542=EDGE_LOOP('',(#7148,#7149,#7150,#7151,#7152,#7153));
#1543=EDGE_LOOP('',(#7154,#7155,#7156,#7157,#7158,#7159));
#1544=EDGE_LOOP('',(#7160,#7161,#7162,#7163,#7164,#7165));
#1545=EDGE_LOOP('',(#7166,#7167,#7168,#7169,#7170,#7171));
#1546=EDGE_LOOP('',(#7172,#7173,#7174,#7175));
#1547=EDGE_LOOP('',(#7176,#7177,#7178,#7179));
#1548=EDGE_LOOP('',(#7180,#7181,#7182,#7183));
#1549=EDGE_LOOP('',(#7184,#7185,#7186,#7187));
#1550=EDGE_LOOP('',(#7188,#7189,#7190,#7191));
#1551=EDGE_LOOP('',(#7192,#7193,#7194,#7195));
#1552=EDGE_LOOP('',(#7196,#7197,#7198,#7199));
#1553=EDGE_LOOP('',(#7200,#7201,#7202));
#1554=EDGE_LOOP('',(#7203));
#1555=EDGE_LOOP('',(#7204,#7205));
#1556=EDGE_LOOP('',(#7206,#7207));
#1557=EDGE_LOOP('',(#7208,#7209,#7210));
#1558=EDGE_LOOP('',(#7211,#7212));
#1559=EDGE_LOOP('',(#7213,#7214,#7215));
#1560=EDGE_LOOP('',(#7216,#7217,#7218));
#1561=EDGE_LOOP('',(#7219,#7220));
#1562=EDGE_LOOP('',(#7221,#7222,#7223));
#1563=EDGE_LOOP('',(#7224));
#1564=EDGE_LOOP('',(#7225,#7226,#7227,#7228,#7229));
#1565=EDGE_LOOP('',(#7230,#7231,#7232,#7233,#7234,#7235,#7236,#7237,#7238,
#7239,#7240,#7241));
#1566=EDGE_LOOP('',(#7242,#7243,#7244,#7245,#7246,#7247));
#1567=EDGE_LOOP('',(#7248,#7249,#7250,#7251,#7252,#7253,#7254,#7255));
#1568=EDGE_LOOP('',(#7256,#7257,#7258,#7259,#7260,#7261,#7262,#7263));
#1569=EDGE_LOOP('',(#7264,#7265,#7266,#7267,#7268,#7269,#7270,#7271));
#1570=EDGE_LOOP('',(#7272,#7273,#7274,#7275,#7276,#7277,#7278,#7279));
#1571=EDGE_LOOP('',(#7280,#7281,#7282,#7283,#7284,#7285,#7286,#7287));
#1572=EDGE_LOOP('',(#7288,#7289,#7290,#7291,#7292,#7293,#7294,#7295));
#1573=EDGE_LOOP('',(#7296,#7297,#7298,#7299));
#1574=EDGE_LOOP('',(#7300,#7301,#7302));
#1575=EDGE_LOOP('',(#7303,#7304,#7305,#7306,#7307,#7308,#7309,#7310));
#1576=EDGE_LOOP('',(#7311));
#1577=EDGE_LOOP('',(#7312));
#1578=EDGE_LOOP('',(#7313));
#1579=EDGE_LOOP('',(#7314));
#1580=LINE('',#11159,#2343);
#1581=LINE('',#11161,#2344);
#1582=LINE('',#11163,#2345);
#1583=LINE('',#11164,#2346);
#1584=LINE('',#11168,#2347);
#1585=LINE('',#11170,#2348);
#1586=LINE('',#11172,#2349);
#1587=LINE('',#11173,#2350);
#1588=LINE('',#11179,#2351);
#1589=LINE('',#11185,#2352);
#1590=LINE('',#11188,#2353);
#1591=LINE('',#11190,#2354);
#1592=LINE('',#11191,#2355);
#1593=LINE('',#11194,#2356);
#1594=LINE('',#11196,#2357);
#1595=LINE('',#11197,#2358);
#1596=LINE('',#11200,#2359);
#1597=LINE('',#11202,#2360);
#1598=LINE('',#11204,#2361);
#1599=LINE('',#11205,#2362);
#1600=LINE('',#11210,#2363);
#1601=LINE('',#11214,#2364);
#1602=LINE('',#11218,#2365);
#1603=LINE('',#11221,#2366);
#1604=LINE('',#11226,#2367);
#1605=LINE('',#11230,#2368);
#1606=LINE('',#11234,#2369);
#1607=LINE('',#11237,#2370);
#1608=LINE('',#11242,#2371);
#1609=LINE('',#11246,#2372);
#1610=LINE('',#11250,#2373);
#1611=LINE('',#11253,#2374);
#1612=LINE('',#11258,#2375);
#1613=LINE('',#11262,#2376);
#1614=LINE('',#11266,#2377);
#1615=LINE('',#11269,#2378);
#1616=LINE('',#11274,#2379);
#1617=LINE('',#11278,#2380);
#1618=LINE('',#11282,#2381);
#1619=LINE('',#11285,#2382);
#1620=LINE('',#11290,#2383);
#1621=LINE('',#11294,#2384);
#1622=LINE('',#11298,#2385);
#1623=LINE('',#11301,#2386);
#1624=LINE('',#11304,#2387);
#1625=LINE('',#11306,#2388);
#1626=LINE('',#11308,#2389);
#1627=LINE('',#11310,#2390);
#1628=LINE('',#11312,#2391);
#1629=LINE('',#11314,#2392);
#1630=LINE('',#11316,#2393);
#1631=LINE('',#11318,#2394);
#1632=LINE('',#11320,#2395);
#1633=LINE('',#11322,#2396);
#1634=LINE('',#11324,#2397);
#1635=LINE('',#11326,#2398);
#1636=LINE('',#11328,#2399);
#1637=LINE('',#11330,#2400);
#1638=LINE('',#11332,#2401);
#1639=LINE('',#11334,#2402);
#1640=LINE('',#11336,#2403);
#1641=LINE('',#11338,#2404);
#1642=LINE('',#11340,#2405);
#1643=LINE('',#11341,#2406);
#1644=LINE('',#11346,#2407);
#1645=LINE('',#11350,#2408);
#1646=LINE('',#11354,#2409);
#1647=LINE('',#11357,#2410);
#1648=LINE('',#11362,#2411);
#1649=LINE('',#11366,#2412);
#1650=LINE('',#11370,#2413);
#1651=LINE('',#11373,#2414);
#1652=LINE('',#11378,#2415);
#1653=LINE('',#11382,#2416);
#1654=LINE('',#11386,#2417);
#1655=LINE('',#11389,#2418);
#1656=LINE('',#11394,#2419);
#1657=LINE('',#11398,#2420);
#1658=LINE('',#11402,#2421);
#1659=LINE('',#11405,#2422);
#1660=LINE('',#11410,#2423);
#1661=LINE('',#11414,#2424);
#1662=LINE('',#11418,#2425);
#1663=LINE('',#11421,#2426);
#1664=LINE('',#11426,#2427);
#1665=LINE('',#11430,#2428);
#1666=LINE('',#11434,#2429);
#1667=LINE('',#11437,#2430);
#1668=LINE('',#11442,#2431);
#1669=LINE('',#11444,#2432);
#1670=LINE('',#11446,#2433);
#1671=LINE('',#11452,#2434);
#1672=LINE('',#11454,#2435);
#1673=LINE('',#11456,#2436);
#1674=LINE('',#11462,#2437);
#1675=LINE('',#11465,#2438);
#1676=LINE('',#11467,#2439);
#1677=LINE('',#11471,#2440);
#1678=LINE('',#11478,#2441);
#1679=LINE('',#11481,#2442);
#1680=LINE('',#11484,#2443);
#1681=LINE('',#11486,#2444);
#1682=LINE('',#11487,#2445);
#1683=LINE('',#11493,#2446);
#1684=LINE('',#11496,#2447);
#1685=LINE('',#11499,#2448);
#1686=LINE('',#11501,#2449);
#1687=LINE('',#11502,#2450);
#1688=LINE('',#11508,#2451);
#1689=LINE('',#11514,#2452);
#1690=LINE('',#11518,#2453);
#1691=LINE('',#11519,#2454);
#1692=LINE('',#11520,#2455);
#1693=LINE('',#11521,#2456);
#1694=LINE('',#11522,#2457);
#1695=LINE('',#11525,#2458);
#1696=LINE('',#11529,#2459);
#1697=LINE('',#11533,#2460);
#1698=LINE('',#11537,#2461);
#1699=LINE('',#11541,#2462);
#1700=LINE('',#11545,#2463);
#1701=LINE('',#11549,#2464);
#1702=LINE('',#11553,#2465);
#1703=LINE('',#11557,#2466);
#1704=LINE('',#11561,#2467);
#1705=LINE('',#11565,#2468);
#1706=LINE('',#11569,#2469);
#1707=LINE('',#11573,#2470);
#1708=LINE('',#11577,#2471);
#1709=LINE('',#11581,#2472);
#1710=LINE('',#11585,#2473);
#1711=LINE('',#11589,#2474);
#1712=LINE('',#11593,#2475);
#1713=LINE('',#11597,#2476);
#1714=LINE('',#11601,#2477);
#1715=LINE('',#11605,#2478);
#1716=LINE('',#11609,#2479);
#1717=LINE('',#11613,#2480);
#1718=LINE('',#11617,#2481);
#1719=LINE('',#11621,#2482);
#1720=LINE('',#11625,#2483);
#1721=LINE('',#11629,#2484);
#1722=LINE('',#11633,#2485);
#1723=LINE('',#11637,#2486);
#1724=LINE('',#11641,#2487);
#1725=LINE('',#11645,#2488);
#1726=LINE('',#11649,#2489);
#1727=LINE('',#11653,#2490);
#1728=LINE('',#11657,#2491);
#1729=LINE('',#11661,#2492);
#1730=LINE('',#11665,#2493);
#1731=LINE('',#11669,#2494);
#1732=LINE('',#11673,#2495);
#1733=LINE('',#11677,#2496);
#1734=LINE('',#11681,#2497);
#1735=LINE('',#11685,#2498);
#1736=LINE('',#11689,#2499);
#1737=LINE('',#11693,#2500);
#1738=LINE('',#11697,#2501);
#1739=LINE('',#11701,#2502);
#1740=LINE('',#11705,#2503);
#1741=LINE('',#11709,#2504);
#1742=LINE('',#11713,#2505);
#1743=LINE('',#11716,#2506);
#1744=LINE('',#11718,#2507);
#1745=LINE('',#11731,#2508);
#1746=LINE('',#11735,#2509);
#1747=LINE('',#11739,#2510);
#1748=LINE('',#11741,#2511);
#1749=LINE('',#11745,#2512);
#1750=LINE('',#11747,#2513);
#1751=LINE('',#11749,#2514);
#1752=LINE('',#11753,#2515);
#1753=LINE('',#11755,#2516);
#1754=LINE('',#11759,#2517);
#1755=LINE('',#11762,#2518);
#1756=LINE('',#11771,#2519);
#1757=LINE('',#11773,#2520);
#1758=LINE('',#11788,#2521);
#1759=LINE('',#11794,#2522);
#1760=LINE('',#11797,#2523);
#1761=LINE('',#11809,#2524);
#1762=LINE('',#11812,#2525);
#1763=LINE('',#11824,#2526);
#1764=LINE('',#11830,#2527);
#1765=LINE('',#11833,#2528);
#1766=LINE('',#11845,#2529);
#1767=LINE('',#11848,#2530);
#1768=LINE('',#11857,#2531);
#1769=LINE('',#11869,#2532);
#1770=LINE('',#11876,#2533);
#1771=LINE('',#11894,#2534);
#1772=LINE('',#11898,#2535);
#1773=LINE('',#11900,#2536);
#1774=LINE('',#11910,#2537);
#1775=LINE('',#11916,#2538);
#1776=LINE('',#11922,#2539);
#1777=LINE('',#11928,#2540);
#1778=LINE('',#11935,#2541);
#1779=LINE('',#11938,#2542);
#1780=LINE('',#11945,#2543);
#1781=LINE('',#11951,#2544);
#1782=LINE('',#11956,#2545);
#1783=LINE('',#11963,#2546);
#1784=LINE('',#11969,#2547);
#1785=LINE('',#11970,#2548);
#1786=LINE('',#11971,#2549);
#1787=LINE('',#11975,#2550);
#1788=LINE('',#11978,#2551);
#1789=LINE('',#11979,#2552);
#1790=LINE('',#11983,#2553);
#1791=LINE('',#11986,#2554);
#1792=LINE('',#11987,#2555);
#1793=LINE('',#11991,#2556);
#1794=LINE('',#11994,#2557);
#1795=LINE('',#11995,#2558);
#1796=LINE('',#12001,#2559);
#1797=LINE('',#12002,#2560);
#1798=LINE('',#12003,#2561);
#1799=LINE('',#12007,#2562);
#1800=LINE('',#12010,#2563);
#1801=LINE('',#12011,#2564);
#1802=LINE('',#12015,#2565);
#1803=LINE('',#12018,#2566);
#1804=LINE('',#12019,#2567);
#1805=LINE('',#12023,#2568);
#1806=LINE('',#12026,#2569);
#1807=LINE('',#12027,#2570);
#1808=LINE('',#12033,#2571);
#1809=LINE('',#12034,#2572);
#1810=LINE('',#12035,#2573);
#1811=LINE('',#12039,#2574);
#1812=LINE('',#12042,#2575);
#1813=LINE('',#12043,#2576);
#1814=LINE('',#12047,#2577);
#1815=LINE('',#12050,#2578);
#1816=LINE('',#12051,#2579);
#1817=LINE('',#12055,#2580);
#1818=LINE('',#12058,#2581);
#1819=LINE('',#12059,#2582);
#1820=LINE('',#12065,#2583);
#1821=LINE('',#12066,#2584);
#1822=LINE('',#12067,#2585);
#1823=LINE('',#12071,#2586);
#1824=LINE('',#12074,#2587);
#1825=LINE('',#12075,#2588);
#1826=LINE('',#12079,#2589);
#1827=LINE('',#12082,#2590);
#1828=LINE('',#12083,#2591);
#1829=LINE('',#12087,#2592);
#1830=LINE('',#12090,#2593);
#1831=LINE('',#12091,#2594);
#1832=LINE('',#12097,#2595);
#1833=LINE('',#12098,#2596);
#1834=LINE('',#12099,#2597);
#1835=LINE('',#12103,#2598);
#1836=LINE('',#12106,#2599);
#1837=LINE('',#12107,#2600);
#1838=LINE('',#12111,#2601);
#1839=LINE('',#12114,#2602);
#1840=LINE('',#12115,#2603);
#1841=LINE('',#12119,#2604);
#1842=LINE('',#12122,#2605);
#1843=LINE('',#12123,#2606);
#1844=LINE('',#12129,#2607);
#1845=LINE('',#12130,#2608);
#1846=LINE('',#12131,#2609);
#1847=LINE('',#12135,#2610);
#1848=LINE('',#12138,#2611);
#1849=LINE('',#12139,#2612);
#1850=LINE('',#12143,#2613);
#1851=LINE('',#12146,#2614);
#1852=LINE('',#12147,#2615);
#1853=LINE('',#12151,#2616);
#1854=LINE('',#12154,#2617);
#1855=LINE('',#12155,#2618);
#1856=LINE('',#12161,#2619);
#1857=LINE('',#12162,#2620);
#1858=LINE('',#12163,#2621);
#1859=LINE('',#12167,#2622);
#1860=LINE('',#12170,#2623);
#1861=LINE('',#12171,#2624);
#1862=LINE('',#12175,#2625);
#1863=LINE('',#12178,#2626);
#1864=LINE('',#12179,#2627);
#1865=LINE('',#12183,#2628);
#1866=LINE('',#12186,#2629);
#1867=LINE('',#12187,#2630);
#1868=LINE('',#12193,#2631);
#1869=LINE('',#12194,#2632);
#1870=LINE('',#12195,#2633);
#1871=LINE('',#12199,#2634);
#1872=LINE('',#12202,#2635);
#1873=LINE('',#12203,#2636);
#1874=LINE('',#12207,#2637);
#1875=LINE('',#12210,#2638);
#1876=LINE('',#12211,#2639);
#1877=LINE('',#12215,#2640);
#1878=LINE('',#12218,#2641);
#1879=LINE('',#12219,#2642);
#1880=LINE('',#12225,#2643);
#1881=LINE('',#12226,#2644);
#1882=LINE('',#12227,#2645);
#1883=LINE('',#12231,#2646);
#1884=LINE('',#12234,#2647);
#1885=LINE('',#12235,#2648);
#1886=LINE('',#12239,#2649);
#1887=LINE('',#12242,#2650);
#1888=LINE('',#12243,#2651);
#1889=LINE('',#12247,#2652);
#1890=LINE('',#12250,#2653);
#1891=LINE('',#12251,#2654);
#1892=LINE('',#12257,#2655);
#1893=LINE('',#12258,#2656);
#1894=LINE('',#12259,#2657);
#1895=LINE('',#12263,#2658);
#1896=LINE('',#12266,#2659);
#1897=LINE('',#12267,#2660);
#1898=LINE('',#12271,#2661);
#1899=LINE('',#12274,#2662);
#1900=LINE('',#12275,#2663);
#1901=LINE('',#12279,#2664);
#1902=LINE('',#12282,#2665);
#1903=LINE('',#12283,#2666);
#1904=LINE('',#12289,#2667);
#1905=LINE('',#12290,#2668);
#1906=LINE('',#12291,#2669);
#1907=LINE('',#12295,#2670);
#1908=LINE('',#12298,#2671);
#1909=LINE('',#12299,#2672);
#1910=LINE('',#12303,#2673);
#1911=LINE('',#12306,#2674);
#1912=LINE('',#12307,#2675);
#1913=LINE('',#12311,#2676);
#1914=LINE('',#12314,#2677);
#1915=LINE('',#12315,#2678);
#1916=LINE('',#12321,#2679);
#1917=LINE('',#12322,#2680);
#1918=LINE('',#12323,#2681);
#1919=LINE('',#12327,#2682);
#1920=LINE('',#12330,#2683);
#1921=LINE('',#12331,#2684);
#1922=LINE('',#12335,#2685);
#1923=LINE('',#12338,#2686);
#1924=LINE('',#12339,#2687);
#1925=LINE('',#12343,#2688);
#1926=LINE('',#12346,#2689);
#1927=LINE('',#12347,#2690);
#1928=LINE('',#12351,#2691);
#1929=LINE('',#12352,#2692);
#1930=LINE('',#12354,#2693);
#1931=LINE('',#12356,#2694);
#1932=LINE('',#12358,#2695);
#1933=LINE('',#12360,#2696);
#1934=LINE('',#12362,#2697);
#1935=LINE('',#12364,#2698);
#1936=LINE('',#12367,#2699);
#1937=LINE('',#12368,#2700);
#1938=LINE('',#12370,#2701);
#1939=LINE('',#12372,#2702);
#1940=LINE('',#12374,#2703);
#1941=LINE('',#12376,#2704);
#1942=LINE('',#12378,#2705);
#1943=LINE('',#12380,#2706);
#1944=LINE('',#12383,#2707);
#1945=LINE('',#12384,#2708);
#1946=LINE('',#12386,#2709);
#1947=LINE('',#12388,#2710);
#1948=LINE('',#12390,#2711);
#1949=LINE('',#12392,#2712);
#1950=LINE('',#12394,#2713);
#1951=LINE('',#12396,#2714);
#1952=LINE('',#12399,#2715);
#1953=LINE('',#12400,#2716);
#1954=LINE('',#12402,#2717);
#1955=LINE('',#12404,#2718);
#1956=LINE('',#12406,#2719);
#1957=LINE('',#12408,#2720);
#1958=LINE('',#12410,#2721);
#1959=LINE('',#12412,#2722);
#1960=LINE('',#12415,#2723);
#1961=LINE('',#12416,#2724);
#1962=LINE('',#12418,#2725);
#1963=LINE('',#12420,#2726);
#1964=LINE('',#12422,#2727);
#1965=LINE('',#12424,#2728);
#1966=LINE('',#12426,#2729);
#1967=LINE('',#12428,#2730);
#1968=LINE('',#12431,#2731);
#1969=LINE('',#12432,#2732);
#1970=LINE('',#12434,#2733);
#1971=LINE('',#12436,#2734);
#1972=LINE('',#12438,#2735);
#1973=LINE('',#12440,#2736);
#1974=LINE('',#12442,#2737);
#1975=LINE('',#12444,#2738);
#1976=LINE('',#12449,#2739);
#1977=LINE('',#12451,#2740);
#1978=LINE('',#12453,#2741);
#1979=LINE('',#12454,#2742);
#1980=LINE('',#12460,#2743);
#1981=LINE('',#12463,#2744);
#1982=LINE('',#12465,#2745);
#1983=LINE('',#12466,#2746);
#1984=LINE('',#12472,#2747);
#1985=LINE('',#12475,#2748);
#1986=LINE('',#12477,#2749);
#1987=LINE('',#12478,#2750);
#1988=LINE('',#12484,#2751);
#1989=LINE('',#12487,#2752);
#1990=LINE('',#12489,#2753);
#1991=LINE('',#12490,#2754);
#1992=LINE('',#12497,#2755);
#1993=LINE('',#12499,#2756);
#1994=LINE('',#12501,#2757);
#1995=LINE('',#12502,#2758);
#1996=LINE('',#12508,#2759);
#1997=LINE('',#12511,#2760);
#1998=LINE('',#12513,#2761);
#1999=LINE('',#12514,#2762);
#2000=LINE('',#12520,#2763);
#2001=LINE('',#12523,#2764);
#2002=LINE('',#12525,#2765);
#2003=LINE('',#12526,#2766);
#2004=LINE('',#12532,#2767);
#2005=LINE('',#12535,#2768);
#2006=LINE('',#12537,#2769);
#2007=LINE('',#12538,#2770);
#2008=LINE('',#12545,#2771);
#2009=LINE('',#12547,#2772);
#2010=LINE('',#12549,#2773);
#2011=LINE('',#12550,#2774);
#2012=LINE('',#12556,#2775);
#2013=LINE('',#12559,#2776);
#2014=LINE('',#12561,#2777);
#2015=LINE('',#12562,#2778);
#2016=LINE('',#12568,#2779);
#2017=LINE('',#12571,#2780);
#2018=LINE('',#12573,#2781);
#2019=LINE('',#12574,#2782);
#2020=LINE('',#12580,#2783);
#2021=LINE('',#12583,#2784);
#2022=LINE('',#12585,#2785);
#2023=LINE('',#12586,#2786);
#2024=LINE('',#12593,#2787);
#2025=LINE('',#12595,#2788);
#2026=LINE('',#12597,#2789);
#2027=LINE('',#12598,#2790);
#2028=LINE('',#12604,#2791);
#2029=LINE('',#12607,#2792);
#2030=LINE('',#12609,#2793);
#2031=LINE('',#12610,#2794);
#2032=LINE('',#12616,#2795);
#2033=LINE('',#12619,#2796);
#2034=LINE('',#12621,#2797);
#2035=LINE('',#12622,#2798);
#2036=LINE('',#12628,#2799);
#2037=LINE('',#12631,#2800);
#2038=LINE('',#12633,#2801);
#2039=LINE('',#12634,#2802);
#2040=LINE('',#12641,#2803);
#2041=LINE('',#12643,#2804);
#2042=LINE('',#12645,#2805);
#2043=LINE('',#12646,#2806);
#2044=LINE('',#12652,#2807);
#2045=LINE('',#12655,#2808);
#2046=LINE('',#12657,#2809);
#2047=LINE('',#12658,#2810);
#2048=LINE('',#12664,#2811);
#2049=LINE('',#12667,#2812);
#2050=LINE('',#12669,#2813);
#2051=LINE('',#12670,#2814);
#2052=LINE('',#12676,#2815);
#2053=LINE('',#12679,#2816);
#2054=LINE('',#12681,#2817);
#2055=LINE('',#12682,#2818);
#2056=LINE('',#12689,#2819);
#2057=LINE('',#12691,#2820);
#2058=LINE('',#12693,#2821);
#2059=LINE('',#12694,#2822);
#2060=LINE('',#12700,#2823);
#2061=LINE('',#12703,#2824);
#2062=LINE('',#12705,#2825);
#2063=LINE('',#12706,#2826);
#2064=LINE('',#12712,#2827);
#2065=LINE('',#12715,#2828);
#2066=LINE('',#12717,#2829);
#2067=LINE('',#12718,#2830);
#2068=LINE('',#12724,#2831);
#2069=LINE('',#12727,#2832);
#2070=LINE('',#12729,#2833);
#2071=LINE('',#12730,#2834);
#2072=LINE('',#12738,#2835);
#2073=LINE('',#12741,#2836);
#2074=LINE('',#12745,#2837);
#2075=LINE('',#12749,#2838);
#2076=LINE('',#12780,#2839);
#2077=LINE('',#12783,#2840);
#2078=LINE('',#12804,#2841);
#2079=LINE('',#12807,#2842);
#2080=LINE('',#12811,#2843);
#2081=LINE('',#12818,#2844);
#2082=LINE('',#12822,#2845);
#2083=LINE('',#12826,#2846);
#2084=LINE('',#12828,#2847);
#2085=LINE('',#12830,#2848);
#2086=LINE('',#12831,#2849);
#2087=LINE('',#12834,#2850);
#2088=LINE('',#12836,#2851);
#2089=LINE('',#12837,#2852);
#2090=LINE('',#12840,#2853);
#2091=LINE('',#12842,#2854);
#2092=LINE('',#12843,#2855);
#2093=LINE('',#12846,#2856);
#2094=LINE('',#12848,#2857);
#2095=LINE('',#12849,#2858);
#2096=LINE('',#12852,#2859);
#2097=LINE('',#12854,#2860);
#2098=LINE('',#12855,#2861);
#2099=LINE('',#12857,#2862);
#2100=LINE('',#12858,#2863);
#2101=LINE('',#12860,#2864);
#2102=LINE('',#12863,#2865);
#2103=LINE('',#12865,#2866);
#2104=LINE('',#12866,#2867);
#2105=LINE('',#12868,#2868);
#2106=LINE('',#12869,#2869);
#2107=LINE('',#12871,#2870);
#2108=LINE('',#12874,#2871);
#2109=LINE('',#12876,#2872);
#2110=LINE('',#12878,#2873);
#2111=LINE('',#12880,#2874);
#2112=LINE('',#12882,#2875);
#2113=LINE('',#12884,#2876);
#2114=LINE('',#12885,#2877);
#2115=LINE('',#12887,#2878);
#2116=LINE('',#12889,#2879);
#2117=LINE('',#12891,#2880);
#2118=LINE('',#12893,#2881);
#2119=LINE('',#12895,#2882);
#2120=LINE('',#12897,#2883);
#2121=LINE('',#12898,#2884);
#2122=LINE('',#12900,#2885);
#2123=LINE('',#12904,#2886);
#2124=LINE('',#12906,#2887);
#2125=LINE('',#12908,#2888);
#2126=LINE('',#12909,#2889);
#2127=LINE('',#12914,#2890);
#2128=LINE('',#12918,#2891);
#2129=LINE('',#12920,#2892);
#2130=LINE('',#12921,#2893);
#2131=LINE('',#12926,#2894);
#2132=LINE('',#12930,#2895);
#2133=LINE('',#12932,#2896);
#2134=LINE('',#12933,#2897);
#2135=LINE('',#12938,#2898);
#2136=LINE('',#12942,#2899);
#2137=LINE('',#12944,#2900);
#2138=LINE('',#12945,#2901);
#2139=LINE('',#12950,#2902);
#2140=LINE('',#12954,#2903);
#2141=LINE('',#12956,#2904);
#2142=LINE('',#12957,#2905);
#2143=LINE('',#12962,#2906);
#2144=LINE('',#12965,#2907);
#2145=LINE('',#12966,#2908);
#2146=LINE('',#12972,#2909);
#2147=LINE('',#12975,#2910);
#2148=LINE('',#12978,#2911);
#2149=LINE('',#12980,#2912);
#2150=LINE('',#12981,#2913);
#2151=LINE('',#12983,#2914);
#2152=LINE('',#12984,#2915);
#2153=LINE('',#12988,#2916);
#2154=LINE('',#12990,#2917);
#2155=LINE('',#12992,#2918);
#2156=LINE('',#12993,#2919);
#2157=LINE('',#12999,#2920);
#2158=LINE('',#13002,#2921);
#2159=LINE('',#13004,#2922);
#2160=LINE('',#13005,#2923);
#2161=LINE('',#13011,#2924);
#2162=LINE('',#13014,#2925);
#2163=LINE('',#13016,#2926);
#2164=LINE('',#13017,#2927);
#2165=LINE('',#13023,#2928);
#2166=LINE('',#13026,#2929);
#2167=LINE('',#13028,#2930);
#2168=LINE('',#13029,#2931);
#2169=LINE('',#13035,#2932);
#2170=LINE('',#13038,#2933);
#2171=LINE('',#13040,#2934);
#2172=LINE('',#13041,#2935);
#2173=LINE('',#13047,#2936);
#2174=LINE('',#13049,#2937);
#2175=LINE('',#13050,#2938);
#2176=LINE('',#13055,#2939);
#2177=LINE('',#13059,#2940);
#2178=LINE('',#13063,#2941);
#2179=LINE('',#13067,#2942);
#2180=LINE('',#13071,#2943);
#2181=LINE('',#13073,#2944);
#2182=LINE('',#13077,#2945);
#2183=LINE('',#13079,#2946);
#2184=LINE('',#13083,#2947);
#2185=LINE('',#13085,#2948);
#2186=LINE('',#13089,#2949);
#2187=LINE('',#13091,#2950);
#2188=LINE('',#13095,#2951);
#2189=LINE('',#13096,#2952);
#2190=LINE('',#13098,#2953);
#2191=LINE('',#13101,#2954);
#2192=LINE('',#13107,#2955);
#2193=LINE('',#13110,#2956);
#2194=LINE('',#13113,#2957);
#2195=LINE('',#13115,#2958);
#2196=LINE('',#13116,#2959);
#2197=LINE('',#13121,#2960);
#2198=LINE('',#13125,#2961);
#2199=LINE('',#13127,#2962);
#2200=LINE('',#13128,#2963);
#2201=LINE('',#13133,#2964);
#2202=LINE('',#13137,#2965);
#2203=LINE('',#13139,#2966);
#2204=LINE('',#13140,#2967);
#2205=LINE('',#13145,#2968);
#2206=LINE('',#13149,#2969);
#2207=LINE('',#13151,#2970);
#2208=LINE('',#13152,#2971);
#2209=LINE('',#13157,#2972);
#2210=LINE('',#13161,#2973);
#2211=LINE('',#13163,#2974);
#2212=LINE('',#13164,#2975);
#2213=LINE('',#13169,#2976);
#2214=LINE('',#13173,#2977);
#2215=LINE('',#13175,#2978);
#2216=LINE('',#13176,#2979);
#2217=LINE('',#13181,#2980);
#2218=LINE('',#13185,#2981);
#2219=LINE('',#13187,#2982);
#2220=LINE('',#13188,#2983);
#2221=LINE('',#13193,#2984);
#2222=LINE('',#13197,#2985);
#2223=LINE('',#13199,#2986);
#2224=LINE('',#13200,#2987);
#2225=LINE('',#13203,#2988);
#2226=LINE('',#13205,#2989);
#2227=LINE('',#13206,#2990);
#2228=LINE('',#13212,#2991);
#2229=LINE('',#13215,#2992);
#2230=LINE('',#13217,#2993);
#2231=LINE('',#13218,#2994);
#2232=LINE('',#13224,#2995);
#2233=LINE('',#13227,#2996);
#2234=LINE('',#13229,#2997);
#2235=LINE('',#13230,#2998);
#2236=LINE('',#13236,#2999);
#2237=LINE('',#13239,#3000);
#2238=LINE('',#13241,#3001);
#2239=LINE('',#13242,#3002);
#2240=LINE('',#13248,#3003);
#2241=LINE('',#13251,#3004);
#2242=LINE('',#13253,#3005);
#2243=LINE('',#13254,#3006);
#2244=LINE('',#13257,#3007);
#2245=LINE('',#13259,#3008);
#2246=LINE('',#13260,#3009);
#2247=LINE('',#13266,#3010);
#2248=LINE('',#13270,#3011);
#2249=LINE('',#13274,#3012);
#2250=LINE('',#13276,#3013);
#2251=LINE('',#13277,#3014);
#2252=LINE('',#13280,#3015);
#2253=LINE('',#13282,#3016);
#2254=LINE('',#13283,#3017);
#2255=LINE('',#13289,#3018);
#2256=LINE('',#13290,#3019);
#2257=LINE('',#13293,#3020);
#2258=LINE('',#13295,#3021);
#2259=LINE('',#13296,#3022);
#2260=LINE('',#13302,#3023);
#2261=LINE('',#13304,#3024);
#2262=LINE('',#13305,#3025);
#2263=LINE('',#13309,#3026);
#2264=LINE('',#13310,#3027);
#2265=LINE('',#13320,#3028);
#2266=LINE('',#13322,#3029);
#2267=LINE('',#13324,#3030);
#2268=LINE('',#13325,#3031);
#2269=LINE('',#13329,#3032);
#2270=LINE('',#13331,#3033);
#2271=LINE('',#13335,#3034);
#2272=LINE('',#13336,#3035);
#2273=LINE('',#13337,#3036);
#2274=LINE('',#13341,#3037);
#2275=LINE('',#13343,#3038);
#2276=LINE('',#13346,#3039);
#2277=LINE('',#13347,#3040);
#2278=LINE('',#13350,#3041);
#2279=LINE('',#13351,#3042);
#2280=LINE('',#13354,#3043);
#2281=LINE('',#13358,#3044);
#2282=LINE('',#13360,#3045);
#2283=LINE('',#13361,#3046);
#2284=LINE('',#13363,#3047);
#2285=LINE('',#13364,#3048);
#2286=LINE('',#13365,#3049);
#2287=LINE('',#13368,#3050);
#2288=LINE('',#13371,#3051);
#2289=LINE('',#13372,#3052);
#2290=LINE('',#13375,#3053);
#2291=LINE('',#13376,#3054);
#2292=LINE('',#13386,#3055);
#2293=LINE('',#13388,#3056);
#2294=LINE('',#13389,#3057);
#2295=LINE('',#13392,#3058);
#2296=LINE('',#13394,#3059);
#2297=LINE('',#13395,#3060);
#2298=LINE('',#13398,#3061);
#2299=LINE('',#13402,#3062);
#2300=LINE('',#13404,#3063);
#2301=LINE('',#13405,#3064);
#2302=LINE('',#13408,#3065);
#2303=LINE('',#13410,#3066);
#2304=LINE('',#13413,#3067);
#2305=LINE('',#13414,#3068);
#2306=LINE('',#13415,#3069);
#2307=LINE('',#13418,#3070);
#2308=LINE('',#13422,#3071);
#2309=LINE('',#13424,#3072);
#2310=LINE('',#13425,#3073);
#2311=LINE('',#13427,#3074);
#2312=LINE('',#13429,#3075);
#2313=LINE('',#13430,#3076);
#2314=LINE('',#13433,#3077);
#2315=LINE('',#13435,#3078);
#2316=LINE('',#13437,#3079);
#2317=LINE('',#13440,#3080);
#2318=LINE('',#13441,#3081);
#2319=LINE('',#13444,#3082);
#2320=LINE('',#13445,#3083);
#2321=LINE('',#13446,#3084);
#2322=LINE('',#13448,#3085);
#2323=LINE('',#13450,#3086);
#2324=LINE('',#13452,#3087);
#2325=LINE('',#13453,#3088);
#2326=LINE('',#13454,#3089);
#2327=LINE('',#13456,#3090);
#2328=LINE('',#13458,#3091);
#2329=LINE('',#13460,#3092);
#2330=LINE('',#13461,#3093);
#2331=LINE('',#13462,#3094);
#2332=LINE('',#13465,#3095);
#2333=LINE('',#13468,#3096);
#2334=LINE('',#13470,#3097);
#2335=LINE('',#13472,#3098);
#2336=LINE('',#13474,#3099);
#2337=LINE('',#13476,#3100);
#2338=LINE('',#13479,#3101);
#2339=LINE('',#13495,#3102);
#2340=LINE('',#13497,#3103);
#2341=LINE('',#13500,#3104);
#2342=LINE('',#13501,#3105);
#2343=VECTOR('',#8781,10.);
#2344=VECTOR('',#8782,10.);
#2345=VECTOR('',#8783,10.);
#2346=VECTOR('',#8784,10.);
#2347=VECTOR('',#8787,10.);
#2348=VECTOR('',#8788,10.);
#2349=VECTOR('',#8789,10.);
#2350=VECTOR('',#8790,10.);
#2351=VECTOR('',#8797,10.);
#2352=VECTOR('',#8804,10.);
#2353=VECTOR('',#8807,10.);
#2354=VECTOR('',#8808,10.);
#2355=VECTOR('',#8809,10.);
#2356=VECTOR('',#8812,10.);
#2357=VECTOR('',#8813,10.);
#2358=VECTOR('',#8814,10.);
#2359=VECTOR('',#8817,10.);
#2360=VECTOR('',#8818,10.);
#2361=VECTOR('',#8819,10.);
#2362=VECTOR('',#8820,10.);
#2363=VECTOR('',#8823,10.);
#2364=VECTOR('',#8826,10.);
#2365=VECTOR('',#8829,10.);
#2366=VECTOR('',#8832,10.);
#2367=VECTOR('',#8835,10.);
#2368=VECTOR('',#8838,10.);
#2369=VECTOR('',#8841,10.);
#2370=VECTOR('',#8844,10.);
#2371=VECTOR('',#8847,10.);
#2372=VECTOR('',#8850,10.);
#2373=VECTOR('',#8853,10.);
#2374=VECTOR('',#8856,10.);
#2375=VECTOR('',#8859,10.);
#2376=VECTOR('',#8862,10.);
#2377=VECTOR('',#8865,10.);
#2378=VECTOR('',#8868,10.);
#2379=VECTOR('',#8871,10.);
#2380=VECTOR('',#8874,10.);
#2381=VECTOR('',#8877,10.);
#2382=VECTOR('',#8880,10.);
#2383=VECTOR('',#8883,10.);
#2384=VECTOR('',#8886,10.);
#2385=VECTOR('',#8889,10.);
#2386=VECTOR('',#8892,10.);
#2387=VECTOR('',#8895,10.);
#2388=VECTOR('',#8896,10.);
#2389=VECTOR('',#8897,10.);
#2390=VECTOR('',#8898,10.);
#2391=VECTOR('',#8899,10.);
#2392=VECTOR('',#8900,10.);
#2393=VECTOR('',#8901,10.);
#2394=VECTOR('',#8902,10.);
#2395=VECTOR('',#8903,10.);
#2396=VECTOR('',#8904,10.);
#2397=VECTOR('',#8905,10.);
#2398=VECTOR('',#8906,10.);
#2399=VECTOR('',#8907,10.);
#2400=VECTOR('',#8908,10.);
#2401=VECTOR('',#8909,10.);
#2402=VECTOR('',#8910,10.);
#2403=VECTOR('',#8911,10.);
#2404=VECTOR('',#8912,10.);
#2405=VECTOR('',#8913,10.);
#2406=VECTOR('',#8914,10.);
#2407=VECTOR('',#8917,10.);
#2408=VECTOR('',#8920,10.);
#2409=VECTOR('',#8923,10.);
#2410=VECTOR('',#8926,10.);
#2411=VECTOR('',#8929,10.);
#2412=VECTOR('',#8932,10.);
#2413=VECTOR('',#8935,10.);
#2414=VECTOR('',#8938,10.);
#2415=VECTOR('',#8941,10.);
#2416=VECTOR('',#8944,10.);
#2417=VECTOR('',#8947,10.);
#2418=VECTOR('',#8950,10.);
#2419=VECTOR('',#8953,10.);
#2420=VECTOR('',#8956,10.);
#2421=VECTOR('',#8959,10.);
#2422=VECTOR('',#8962,10.);
#2423=VECTOR('',#8965,10.);
#2424=VECTOR('',#8968,10.);
#2425=VECTOR('',#8971,10.);
#2426=VECTOR('',#8974,10.);
#2427=VECTOR('',#8977,10.);
#2428=VECTOR('',#8980,10.);
#2429=VECTOR('',#8983,10.);
#2430=VECTOR('',#8986,10.);
#2431=VECTOR('',#8991,10.);
#2432=VECTOR('',#8992,10.);
#2433=VECTOR('',#8993,10.);
#2434=VECTOR('',#9000,10.);
#2435=VECTOR('',#9001,10.);
#2436=VECTOR('',#9002,10.);
#2437=VECTOR('',#9009,10.);
#2438=VECTOR('',#9012,10.);
#2439=VECTOR('',#9013,10.);
#2440=VECTOR('',#9016,10.);
#2441=VECTOR('',#9023,10.);
#2442=VECTOR('',#9026,10.);
#2443=VECTOR('',#9029,10.);
#2444=VECTOR('',#9030,10.);
#2445=VECTOR('',#9031,10.);
#2446=VECTOR('',#9036,10.);
#2447=VECTOR('',#9039,10.);
#2448=VECTOR('',#9042,10.);
#2449=VECTOR('',#9043,10.);
#2450=VECTOR('',#9044,10.);
#2451=VECTOR('',#9051,10.);
#2452=VECTOR('',#9058,10.);
#2453=VECTOR('',#9061,10.);
#2454=VECTOR('',#9062,10.);
#2455=VECTOR('',#9063,10.);
#2456=VECTOR('',#9064,10.);
#2457=VECTOR('',#9065,10.);
#2458=VECTOR('',#9066,10.);
#2459=VECTOR('',#9069,10.);
#2460=VECTOR('',#9072,10.);
#2461=VECTOR('',#9075,10.);
#2462=VECTOR('',#9078,10.);
#2463=VECTOR('',#9081,10.);
#2464=VECTOR('',#9084,10.);
#2465=VECTOR('',#9087,10.);
#2466=VECTOR('',#9090,10.);
#2467=VECTOR('',#9093,10.);
#2468=VECTOR('',#9096,10.);
#2469=VECTOR('',#9099,10.);
#2470=VECTOR('',#9102,10.);
#2471=VECTOR('',#9105,10.);
#2472=VECTOR('',#9108,10.);
#2473=VECTOR('',#9111,10.);
#2474=VECTOR('',#9114,10.);
#2475=VECTOR('',#9117,10.);
#2476=VECTOR('',#9120,10.);
#2477=VECTOR('',#9123,10.);
#2478=VECTOR('',#9126,10.);
#2479=VECTOR('',#9129,10.);
#2480=VECTOR('',#9132,10.);
#2481=VECTOR('',#9135,10.);
#2482=VECTOR('',#9138,10.);
#2483=VECTOR('',#9141,10.);
#2484=VECTOR('',#9144,10.);
#2485=VECTOR('',#9147,10.);
#2486=VECTOR('',#9150,10.);
#2487=VECTOR('',#9153,10.);
#2488=VECTOR('',#9156,10.);
#2489=VECTOR('',#9159,10.);
#2490=VECTOR('',#9162,10.);
#2491=VECTOR('',#9165,10.);
#2492=VECTOR('',#9168,10.);
#2493=VECTOR('',#9171,10.);
#2494=VECTOR('',#9174,10.);
#2495=VECTOR('',#9177,10.);
#2496=VECTOR('',#9180,10.);
#2497=VECTOR('',#9183,10.);
#2498=VECTOR('',#9186,10.);
#2499=VECTOR('',#9189,10.);
#2500=VECTOR('',#9192,10.);
#2501=VECTOR('',#9195,10.);
#2502=VECTOR('',#9198,10.);
#2503=VECTOR('',#9201,10.);
#2504=VECTOR('',#9204,10.);
#2505=VECTOR('',#9207,10.);
#2506=VECTOR('',#9212,10.);
#2507=VECTOR('',#9215,10.);
#2508=VECTOR('',#9230,10.);
#2509=VECTOR('',#9233,10.);
#2510=VECTOR('',#9236,10.);
#2511=VECTOR('',#9237,10.);
#2512=VECTOR('',#9240,10.);
#2513=VECTOR('',#9241,10.);
#2514=VECTOR('',#9242,10.);
#2515=VECTOR('',#9245,10.);
#2516=VECTOR('',#9246,10.);
#2517=VECTOR('',#9249,10.);
#2518=VECTOR('',#9252,10.);
#2519=VECTOR('',#9261,10.);
#2520=VECTOR('',#9262,10.);
#2521=VECTOR('',#9279,4.);
#2522=VECTOR('',#9284,10.);
#2523=VECTOR('',#9287,10.);
#2524=VECTOR('',#9304,10.);
#2525=VECTOR('',#9307,10.);
#2526=VECTOR('',#9326,4.);
#2527=VECTOR('',#9331,10.);
#2528=VECTOR('',#9334,10.);
#2529=VECTOR('',#9351,10.);
#2530=VECTOR('',#9354,10.);
#2531=VECTOR('',#9367,1.5);
#2532=VECTOR('',#9384,1.5);
#2533=VECTOR('',#9393,1.5);
#2534=VECTOR('',#9418,1.5);
#2535=VECTOR('',#9423,10.);
#2536=VECTOR('',#9424,10.);
#2537=VECTOR('',#9437,1.6);
#2538=VECTOR('',#9444,1.6);
#2539=VECTOR('',#9451,1.6);
#2540=VECTOR('',#9458,1.6);
#2541=VECTOR('',#9465,10.);
#2542=VECTOR('',#9468,10.);
#2543=VECTOR('',#9477,1.37499999999999);
#2544=VECTOR('',#9486,1.37499999999999);
#2545=VECTOR('',#9491,1.375);
#2546=VECTOR('',#9500,1.375);
#2547=VECTOR('',#9507,10.);
#2548=VECTOR('',#9508,10.);
#2549=VECTOR('',#9509,10.);
#2550=VECTOR('',#9514,10.);
#2551=VECTOR('',#9517,10.);
#2552=VECTOR('',#9518,10.);
#2553=VECTOR('',#9523,10.);
#2554=VECTOR('',#9526,10.);
#2555=VECTOR('',#9527,10.);
#2556=VECTOR('',#9532,10.);
#2557=VECTOR('',#9535,10.);
#2558=VECTOR('',#9536,10.);
#2559=VECTOR('',#9543,10.);
#2560=VECTOR('',#9544,10.);
#2561=VECTOR('',#9545,10.);
#2562=VECTOR('',#9550,10.);
#2563=VECTOR('',#9553,10.);
#2564=VECTOR('',#9554,10.);
#2565=VECTOR('',#9559,10.);
#2566=VECTOR('',#9562,10.);
#2567=VECTOR('',#9563,10.);
#2568=VECTOR('',#9568,10.);
#2569=VECTOR('',#9571,10.);
#2570=VECTOR('',#9572,10.);
#2571=VECTOR('',#9579,10.);
#2572=VECTOR('',#9580,10.);
#2573=VECTOR('',#9581,10.);
#2574=VECTOR('',#9586,10.);
#2575=VECTOR('',#9589,10.);
#2576=VECTOR('',#9590,10.);
#2577=VECTOR('',#9595,10.);
#2578=VECTOR('',#9598,10.);
#2579=VECTOR('',#9599,10.);
#2580=VECTOR('',#9604,10.);
#2581=VECTOR('',#9607,10.);
#2582=VECTOR('',#9608,10.);
#2583=VECTOR('',#9615,10.);
#2584=VECTOR('',#9616,10.);
#2585=VECTOR('',#9617,10.);
#2586=VECTOR('',#9622,10.);
#2587=VECTOR('',#9625,10.);
#2588=VECTOR('',#9626,10.);
#2589=VECTOR('',#9631,10.);
#2590=VECTOR('',#9634,10.);
#2591=VECTOR('',#9635,10.);
#2592=VECTOR('',#9640,10.);
#2593=VECTOR('',#9643,10.);
#2594=VECTOR('',#9644,10.);
#2595=VECTOR('',#9651,10.);
#2596=VECTOR('',#9652,10.);
#2597=VECTOR('',#9653,10.);
#2598=VECTOR('',#9658,10.);
#2599=VECTOR('',#9661,10.);
#2600=VECTOR('',#9662,10.);
#2601=VECTOR('',#9667,10.);
#2602=VECTOR('',#9670,10.);
#2603=VECTOR('',#9671,10.);
#2604=VECTOR('',#9676,10.);
#2605=VECTOR('',#9679,10.);
#2606=VECTOR('',#9680,10.);
#2607=VECTOR('',#9687,10.);
#2608=VECTOR('',#9688,10.);
#2609=VECTOR('',#9689,10.);
#2610=VECTOR('',#9694,10.);
#2611=VECTOR('',#9697,10.);
#2612=VECTOR('',#9698,10.);
#2613=VECTOR('',#9703,10.);
#2614=VECTOR('',#9706,10.);
#2615=VECTOR('',#9707,10.);
#2616=VECTOR('',#9712,10.);
#2617=VECTOR('',#9715,10.);
#2618=VECTOR('',#9716,10.);
#2619=VECTOR('',#9723,10.);
#2620=VECTOR('',#9724,10.);
#2621=VECTOR('',#9725,10.);
#2622=VECTOR('',#9730,10.);
#2623=VECTOR('',#9733,10.);
#2624=VECTOR('',#9734,10.);
#2625=VECTOR('',#9739,10.);
#2626=VECTOR('',#9742,10.);
#2627=VECTOR('',#9743,10.);
#2628=VECTOR('',#9748,10.);
#2629=VECTOR('',#9751,10.);
#2630=VECTOR('',#9752,10.);
#2631=VECTOR('',#9759,10.);
#2632=VECTOR('',#9760,10.);
#2633=VECTOR('',#9761,10.);
#2634=VECTOR('',#9766,10.);
#2635=VECTOR('',#9769,10.);
#2636=VECTOR('',#9770,10.);
#2637=VECTOR('',#9775,10.);
#2638=VECTOR('',#9778,10.);
#2639=VECTOR('',#9779,10.);
#2640=VECTOR('',#9784,10.);
#2641=VECTOR('',#9787,10.);
#2642=VECTOR('',#9788,10.);
#2643=VECTOR('',#9795,10.);
#2644=VECTOR('',#9796,10.);
#2645=VECTOR('',#9797,10.);
#2646=VECTOR('',#9802,10.);
#2647=VECTOR('',#9805,10.);
#2648=VECTOR('',#9806,10.);
#2649=VECTOR('',#9811,10.);
#2650=VECTOR('',#9814,10.);
#2651=VECTOR('',#9815,10.);
#2652=VECTOR('',#9820,10.);
#2653=VECTOR('',#9823,10.);
#2654=VECTOR('',#9824,10.);
#2655=VECTOR('',#9831,10.);
#2656=VECTOR('',#9832,10.);
#2657=VECTOR('',#9833,10.);
#2658=VECTOR('',#9838,10.);
#2659=VECTOR('',#9841,10.);
#2660=VECTOR('',#9842,10.);
#2661=VECTOR('',#9847,10.);
#2662=VECTOR('',#9850,10.);
#2663=VECTOR('',#9851,10.);
#2664=VECTOR('',#9856,10.);
#2665=VECTOR('',#9859,10.);
#2666=VECTOR('',#9860,10.);
#2667=VECTOR('',#9867,10.);
#2668=VECTOR('',#9868,10.);
#2669=VECTOR('',#9869,10.);
#2670=VECTOR('',#9874,10.);
#2671=VECTOR('',#9877,10.);
#2672=VECTOR('',#9878,10.);
#2673=VECTOR('',#9883,10.);
#2674=VECTOR('',#9886,10.);
#2675=VECTOR('',#9887,10.);
#2676=VECTOR('',#9892,10.);
#2677=VECTOR('',#9895,10.);
#2678=VECTOR('',#9896,10.);
#2679=VECTOR('',#9903,10.);
#2680=VECTOR('',#9904,10.);
#2681=VECTOR('',#9905,10.);
#2682=VECTOR('',#9910,10.);
#2683=VECTOR('',#9913,10.);
#2684=VECTOR('',#9914,10.);
#2685=VECTOR('',#9919,10.);
#2686=VECTOR('',#9922,10.);
#2687=VECTOR('',#9923,10.);
#2688=VECTOR('',#9928,10.);
#2689=VECTOR('',#9931,10.);
#2690=VECTOR('',#9932,10.);
#2691=VECTOR('',#9939,10.);
#2692=VECTOR('',#9940,10.);
#2693=VECTOR('',#9943,10.);
#2694=VECTOR('',#9946,10.);
#2695=VECTOR('',#9949,10.);
#2696=VECTOR('',#9952,10.);
#2697=VECTOR('',#9955,10.);
#2698=VECTOR('',#9958,10.);
#2699=VECTOR('',#9963,10.);
#2700=VECTOR('',#9964,10.);
#2701=VECTOR('',#9967,10.);
#2702=VECTOR('',#9970,10.);
#2703=VECTOR('',#9973,10.);
#2704=VECTOR('',#9976,10.);
#2705=VECTOR('',#9979,10.);
#2706=VECTOR('',#9982,10.);
#2707=VECTOR('',#9987,10.);
#2708=VECTOR('',#9988,10.);
#2709=VECTOR('',#9991,10.);
#2710=VECTOR('',#9994,10.);
#2711=VECTOR('',#9997,10.);
#2712=VECTOR('',#10000,10.);
#2713=VECTOR('',#10003,10.);
#2714=VECTOR('',#10006,10.);
#2715=VECTOR('',#10011,10.);
#2716=VECTOR('',#10012,10.);
#2717=VECTOR('',#10015,10.);
#2718=VECTOR('',#10018,10.);
#2719=VECTOR('',#10021,10.);
#2720=VECTOR('',#10024,10.);
#2721=VECTOR('',#10027,10.);
#2722=VECTOR('',#10030,10.);
#2723=VECTOR('',#10035,10.);
#2724=VECTOR('',#10036,10.);
#2725=VECTOR('',#10039,10.);
#2726=VECTOR('',#10042,10.);
#2727=VECTOR('',#10045,10.);
#2728=VECTOR('',#10048,10.);
#2729=VECTOR('',#10051,10.);
#2730=VECTOR('',#10054,10.);
#2731=VECTOR('',#10059,10.);
#2732=VECTOR('',#10060,10.);
#2733=VECTOR('',#10063,10.);
#2734=VECTOR('',#10066,10.);
#2735=VECTOR('',#10069,10.);
#2736=VECTOR('',#10072,10.);
#2737=VECTOR('',#10075,10.);
#2738=VECTOR('',#10078,10.);
#2739=VECTOR('',#10083,10.);
#2740=VECTOR('',#10084,10.);
#2741=VECTOR('',#10085,10.);
#2742=VECTOR('',#10086,10.);
#2743=VECTOR('',#10093,10.);
#2744=VECTOR('',#10096,10.);
#2745=VECTOR('',#10097,10.);
#2746=VECTOR('',#10098,10.);
#2747=VECTOR('',#10105,10.);
#2748=VECTOR('',#10108,10.);
#2749=VECTOR('',#10109,10.);
#2750=VECTOR('',#10110,10.);
#2751=VECTOR('',#10117,10.);
#2752=VECTOR('',#10120,10.);
#2753=VECTOR('',#10121,10.);
#2754=VECTOR('',#10122,10.);
#2755=VECTOR('',#10131,10.);
#2756=VECTOR('',#10132,10.);
#2757=VECTOR('',#10133,10.);
#2758=VECTOR('',#10134,10.);
#2759=VECTOR('',#10141,10.);
#2760=VECTOR('',#10144,10.);
#2761=VECTOR('',#10145,10.);
#2762=VECTOR('',#10146,10.);
#2763=VECTOR('',#10153,10.);
#2764=VECTOR('',#10156,10.);
#2765=VECTOR('',#10157,10.);
#2766=VECTOR('',#10158,10.);
#2767=VECTOR('',#10165,10.);
#2768=VECTOR('',#10168,10.);
#2769=VECTOR('',#10169,10.);
#2770=VECTOR('',#10170,10.);
#2771=VECTOR('',#10179,10.);
#2772=VECTOR('',#10180,10.);
#2773=VECTOR('',#10181,10.);
#2774=VECTOR('',#10182,10.);
#2775=VECTOR('',#10189,10.);
#2776=VECTOR('',#10192,10.);
#2777=VECTOR('',#10193,10.);
#2778=VECTOR('',#10194,10.);
#2779=VECTOR('',#10201,10.);
#2780=VECTOR('',#10204,10.);
#2781=VECTOR('',#10205,10.);
#2782=VECTOR('',#10206,10.);
#2783=VECTOR('',#10213,10.);
#2784=VECTOR('',#10216,10.);
#2785=VECTOR('',#10217,10.);
#2786=VECTOR('',#10218,10.);
#2787=VECTOR('',#10227,10.);
#2788=VECTOR('',#10228,10.);
#2789=VECTOR('',#10229,10.);
#2790=VECTOR('',#10230,10.);
#2791=VECTOR('',#10237,10.);
#2792=VECTOR('',#10240,10.);
#2793=VECTOR('',#10241,10.);
#2794=VECTOR('',#10242,10.);
#2795=VECTOR('',#10249,10.);
#2796=VECTOR('',#10252,10.);
#2797=VECTOR('',#10253,10.);
#2798=VECTOR('',#10254,10.);
#2799=VECTOR('',#10261,10.);
#2800=VECTOR('',#10264,10.);
#2801=VECTOR('',#10265,10.);
#2802=VECTOR('',#10266,10.);
#2803=VECTOR('',#10275,10.);
#2804=VECTOR('',#10276,10.);
#2805=VECTOR('',#10277,10.);
#2806=VECTOR('',#10278,10.);
#2807=VECTOR('',#10285,10.);
#2808=VECTOR('',#10288,10.);
#2809=VECTOR('',#10289,10.);
#2810=VECTOR('',#10290,10.);
#2811=VECTOR('',#10297,10.);
#2812=VECTOR('',#10300,10.);
#2813=VECTOR('',#10301,10.);
#2814=VECTOR('',#10302,10.);
#2815=VECTOR('',#10309,10.);
#2816=VECTOR('',#10312,10.);
#2817=VECTOR('',#10313,10.);
#2818=VECTOR('',#10314,10.);
#2819=VECTOR('',#10323,10.);
#2820=VECTOR('',#10324,10.);
#2821=VECTOR('',#10325,10.);
#2822=VECTOR('',#10326,10.);
#2823=VECTOR('',#10333,10.);
#2824=VECTOR('',#10336,10.);
#2825=VECTOR('',#10337,10.);
#2826=VECTOR('',#10338,10.);
#2827=VECTOR('',#10345,10.);
#2828=VECTOR('',#10348,10.);
#2829=VECTOR('',#10349,10.);
#2830=VECTOR('',#10350,10.);
#2831=VECTOR('',#10357,10.);
#2832=VECTOR('',#10360,10.);
#2833=VECTOR('',#10361,10.);
#2834=VECTOR('',#10362,10.);
#2835=VECTOR('',#10375,10.);
#2836=VECTOR('',#10378,10.);
#2837=VECTOR('',#10383,3.50000256780561);
#2838=VECTOR('',#10388,3.50000014218367);
#2839=VECTOR('',#10395,10.);
#2840=VECTOR('',#10398,10.);
#2841=VECTOR('',#10407,10.);
#2842=VECTOR('',#10410,10.);
#2843=VECTOR('',#10415,3.50000296448158);
#2844=VECTOR('',#10426,10.);
#2845=VECTOR('',#10431,10.);
#2846=VECTOR('',#10434,10.);
#2847=VECTOR('',#10435,10.);
#2848=VECTOR('',#10436,10.);
#2849=VECTOR('',#10437,10.);
#2850=VECTOR('',#10440,10.);
#2851=VECTOR('',#10441,10.);
#2852=VECTOR('',#10442,10.);
#2853=VECTOR('',#10445,10.);
#2854=VECTOR('',#10446,10.);
#2855=VECTOR('',#10447,10.);
#2856=VECTOR('',#10450,10.);
#2857=VECTOR('',#10451,10.);
#2858=VECTOR('',#10452,10.);
#2859=VECTOR('',#10455,10.);
#2860=VECTOR('',#10456,10.);
#2861=VECTOR('',#10457,10.);
#2862=VECTOR('',#10460,10.);
#2863=VECTOR('',#10461,10.);
#2864=VECTOR('',#10464,10.);
#2865=VECTOR('',#10469,10.);
#2866=VECTOR('',#10472,10.);
#2867=VECTOR('',#10473,10.);
#2868=VECTOR('',#10476,10.);
#2869=VECTOR('',#10477,10.);
#2870=VECTOR('',#10480,10.);
#2871=VECTOR('',#10483,10.);
#2872=VECTOR('',#10484,10.);
#2873=VECTOR('',#10485,10.);
#2874=VECTOR('',#10486,10.);
#2875=VECTOR('',#10487,10.);
#2876=VECTOR('',#10488,10.);
#2877=VECTOR('',#10489,10.);
#2878=VECTOR('',#10490,10.);
#2879=VECTOR('',#10491,10.);
#2880=VECTOR('',#10492,10.);
#2881=VECTOR('',#10493,10.);
#2882=VECTOR('',#10494,10.);
#2883=VECTOR('',#10495,10.);
#2884=VECTOR('',#10496,10.);
#2885=VECTOR('',#10499,10.);
#2886=VECTOR('',#10502,10.);
#2887=VECTOR('',#10503,10.);
#2888=VECTOR('',#10504,10.);
#2889=VECTOR('',#10505,10.);
#2890=VECTOR('',#10510,10.);
#2891=VECTOR('',#10515,10.);
#2892=VECTOR('',#10516,10.);
#2893=VECTOR('',#10517,10.);
#2894=VECTOR('',#10522,10.);
#2895=VECTOR('',#10527,10.);
#2896=VECTOR('',#10528,10.);
#2897=VECTOR('',#10529,10.);
#2898=VECTOR('',#10534,10.);
#2899=VECTOR('',#10539,10.);
#2900=VECTOR('',#10540,10.);
#2901=VECTOR('',#10541,10.);
#2902=VECTOR('',#10546,10.);
#2903=VECTOR('',#10551,10.);
#2904=VECTOR('',#10552,10.);
#2905=VECTOR('',#10553,10.);
#2906=VECTOR('',#10558,10.);
#2907=VECTOR('',#10563,10.);
#2908=VECTOR('',#10564,10.);
#2909=VECTOR('',#10569,10.);
#2910=VECTOR('',#10572,10.);
#2911=VECTOR('',#10575,10.);
#2912=VECTOR('',#10576,10.);
#2913=VECTOR('',#10577,10.);
#2914=VECTOR('',#10580,10.);
#2915=VECTOR('',#10581,10.);
#2916=VECTOR('',#10584,10.);
#2917=VECTOR('',#10585,10.);
#2918=VECTOR('',#10586,10.);
#2919=VECTOR('',#10587,10.);
#2920=VECTOR('',#10594,10.);
#2921=VECTOR('',#10597,10.);
#2922=VECTOR('',#10598,10.);
#2923=VECTOR('',#10599,10.);
#2924=VECTOR('',#10606,10.);
#2925=VECTOR('',#10609,10.);
#2926=VECTOR('',#10610,10.);
#2927=VECTOR('',#10611,10.);
#2928=VECTOR('',#10618,10.);
#2929=VECTOR('',#10621,10.);
#2930=VECTOR('',#10622,10.);
#2931=VECTOR('',#10623,10.);
#2932=VECTOR('',#10630,10.);
#2933=VECTOR('',#10633,10.);
#2934=VECTOR('',#10634,10.);
#2935=VECTOR('',#10635,10.);
#2936=VECTOR('',#10642,10.);
#2937=VECTOR('',#10645,10.);
#2938=VECTOR('',#10646,10.);
#2939=VECTOR('',#10651,10.);
#2940=VECTOR('',#10654,10.);
#2941=VECTOR('',#10657,10.);
#2942=VECTOR('',#10660,10.);
#2943=VECTOR('',#10665,10.);
#2944=VECTOR('',#10666,10.);
#2945=VECTOR('',#10669,10.);
#2946=VECTOR('',#10670,10.);
#2947=VECTOR('',#10673,10.);
#2948=VECTOR('',#10674,10.);
#2949=VECTOR('',#10677,10.);
#2950=VECTOR('',#10678,10.);
#2951=VECTOR('',#10681,10.);
#2952=VECTOR('',#10682,10.);
#2953=VECTOR('',#10683,10.);
#2954=VECTOR('',#10686,10.);
#2955=VECTOR('',#10691,10.);
#2956=VECTOR('',#10694,10.);
#2957=VECTOR('',#10697,10.);
#2958=VECTOR('',#10698,10.);
#2959=VECTOR('',#10699,10.);
#2960=VECTOR('',#10704,10.);
#2961=VECTOR('',#10709,10.);
#2962=VECTOR('',#10710,10.);
#2963=VECTOR('',#10711,10.);
#2964=VECTOR('',#10716,10.);
#2965=VECTOR('',#10721,10.);
#2966=VECTOR('',#10722,10.);
#2967=VECTOR('',#10723,10.);
#2968=VECTOR('',#10728,10.);
#2969=VECTOR('',#10733,10.);
#2970=VECTOR('',#10734,10.);
#2971=VECTOR('',#10735,10.);
#2972=VECTOR('',#10740,10.);
#2973=VECTOR('',#10745,10.);
#2974=VECTOR('',#10746,10.);
#2975=VECTOR('',#10747,10.);
#2976=VECTOR('',#10752,10.);
#2977=VECTOR('',#10757,10.);
#2978=VECTOR('',#10758,10.);
#2979=VECTOR('',#10759,10.);
#2980=VECTOR('',#10764,10.);
#2981=VECTOR('',#10769,10.);
#2982=VECTOR('',#10770,10.);
#2983=VECTOR('',#10771,10.);
#2984=VECTOR('',#10776,10.);
#2985=VECTOR('',#10781,10.);
#2986=VECTOR('',#10782,10.);
#2987=VECTOR('',#10783,10.);
#2988=VECTOR('',#10786,10.);
#2989=VECTOR('',#10787,10.);
#2990=VECTOR('',#10788,10.);
#2991=VECTOR('',#10795,10.);
#2992=VECTOR('',#10798,10.);
#2993=VECTOR('',#10799,10.);
#2994=VECTOR('',#10800,10.);
#2995=VECTOR('',#10807,10.);
#2996=VECTOR('',#10810,10.);
#2997=VECTOR('',#10811,10.);
#2998=VECTOR('',#10812,10.);
#2999=VECTOR('',#10819,10.);
#3000=VECTOR('',#10822,10.);
#3001=VECTOR('',#10823,10.);
#3002=VECTOR('',#10824,10.);
#3003=VECTOR('',#10829,10.);
#3004=VECTOR('',#10832,10.);
#3005=VECTOR('',#10835,10.);
#3006=VECTOR('',#10836,10.);
#3007=VECTOR('',#10839,10.);
#3008=VECTOR('',#10840,10.);
#3009=VECTOR('',#10841,10.);
#3010=VECTOR('',#10850,10.);
#3011=VECTOR('',#10853,10.);
#3012=VECTOR('',#10858,10.);
#3013=VECTOR('',#10859,10.);
#3014=VECTOR('',#10860,10.);
#3015=VECTOR('',#10863,10.);
#3016=VECTOR('',#10864,10.);
#3017=VECTOR('',#10865,10.);
#3018=VECTOR('',#10876,10.);
#3019=VECTOR('',#10877,10.);
#3020=VECTOR('',#10880,10.);
#3021=VECTOR('',#10881,10.);
#3022=VECTOR('',#10882,10.);
#3023=VECTOR('',#10889,10.);
#3024=VECTOR('',#10892,10.);
#3025=VECTOR('',#10893,10.);
#3026=VECTOR('',#10900,10.);
#3027=VECTOR('',#10901,10.);
#3028=VECTOR('',#10918,10.);
#3029=VECTOR('',#10919,10.);
#3030=VECTOR('',#10920,10.);
#3031=VECTOR('',#10921,10.);
#3032=VECTOR('',#10924,10.);
#3033=VECTOR('',#10927,10.);
#3034=VECTOR('',#10930,10.);
#3035=VECTOR('',#10931,10.);
#3036=VECTOR('',#10932,10.);
#3037=VECTOR('',#10935,10.);
#3038=VECTOR('',#10938,10.);
#3039=VECTOR('',#10941,10.);
#3040=VECTOR('',#10942,10.);
#3041=VECTOR('',#10945,10.);
#3042=VECTOR('',#10946,10.);
#3043=VECTOR('',#10951,10.);
#3044=VECTOR('',#10956,10.);
#3045=VECTOR('',#10957,10.);
#3046=VECTOR('',#10958,10.);
#3047=VECTOR('',#10961,10.);
#3048=VECTOR('',#10962,10.);
#3049=VECTOR('',#10963,10.);
#3050=VECTOR('',#10968,10.);
#3051=VECTOR('',#10973,10.);
#3052=VECTOR('',#10974,10.);
#3053=VECTOR('',#10977,10.);
#3054=VECTOR('',#10978,10.);
#3055=VECTOR('',#10995,10.);
#3056=VECTOR('',#10996,10.);
#3057=VECTOR('',#10997,10.);
#3058=VECTOR('',#11000,10.);
#3059=VECTOR('',#11001,10.);
#3060=VECTOR('',#11002,10.);
#3061=VECTOR('',#11005,10.);
#3062=VECTOR('',#11010,10.);
#3063=VECTOR('',#11011,10.);
#3064=VECTOR('',#11012,10.);
#3065=VECTOR('',#11015,10.);
#3066=VECTOR('',#11018,10.);
#3067=VECTOR('',#11021,10.);
#3068=VECTOR('',#11022,10.);
#3069=VECTOR('',#11023,10.);
#3070=VECTOR('',#11026,10.);
#3071=VECTOR('',#11031,10.);
#3072=VECTOR('',#11032,10.);
#3073=VECTOR('',#11033,10.);
#3074=VECTOR('',#11036,10.);
#3075=VECTOR('',#11037,10.);
#3076=VECTOR('',#11038,10.);
#3077=VECTOR('',#11041,10.);
#3078=VECTOR('',#11044,10.);
#3079=VECTOR('',#11047,10.);
#3080=VECTOR('',#11052,10.);
#3081=VECTOR('',#11053,10.);
#3082=VECTOR('',#11058,10.);
#3083=VECTOR('',#11059,10.);
#3084=VECTOR('',#11060,10.);
#3085=VECTOR('',#11063,10.);
#3086=VECTOR('',#11066,10.);
#3087=VECTOR('',#11069,10.);
#3088=VECTOR('',#11070,10.);
#3089=VECTOR('',#11071,10.);
#3090=VECTOR('',#11074,10.);
#3091=VECTOR('',#11077,10.);
#3092=VECTOR('',#11080,10.);
#3093=VECTOR('',#11081,10.);
#3094=VECTOR('',#11082,10.);
#3095=VECTOR('',#11085,10.);
#3096=VECTOR('',#11090,10.);
#3097=VECTOR('',#11093,10.);
#3098=VECTOR('',#11096,10.);
#3099=VECTOR('',#11099,10.);
#3100=VECTOR('',#11102,10.);
#3101=VECTOR('',#11107,10.);
#3102=VECTOR('',#11136,10.);
#3103=VECTOR('',#11139,10.);
#3104=VECTOR('',#11142,10.);
#3105=VECTOR('',#11143,10.);
#3106=VERTEX_POINT('',#11157);
#3107=VERTEX_POINT('',#11158);
#3108=VERTEX_POINT('',#11160);
#3109=VERTEX_POINT('',#11162);
#3110=VERTEX_POINT('',#11166);
#3111=VERTEX_POINT('',#11167);
#3112=VERTEX_POINT('',#11169);
#3113=VERTEX_POINT('',#11171);
#3114=VERTEX_POINT('',#11175);
#3115=VERTEX_POINT('',#11177);
#3116=VERTEX_POINT('',#11181);
#3117=VERTEX_POINT('',#11183);
#3118=VERTEX_POINT('',#11187);
#3119=VERTEX_POINT('',#11189);
#3120=VERTEX_POINT('',#11193);
#3121=VERTEX_POINT('',#11195);
#3122=VERTEX_POINT('',#11199);
#3123=VERTEX_POINT('',#11201);
#3124=VERTEX_POINT('',#11203);
#3125=VERTEX_POINT('',#11206);
#3126=VERTEX_POINT('',#11207);
#3127=VERTEX_POINT('',#11209);
#3128=VERTEX_POINT('',#11211);
#3129=VERTEX_POINT('',#11213);
#3130=VERTEX_POINT('',#11215);
#3131=VERTEX_POINT('',#11217);
#3132=VERTEX_POINT('',#11219);
#3133=VERTEX_POINT('',#11222);
#3134=VERTEX_POINT('',#11223);
#3135=VERTEX_POINT('',#11225);
#3136=VERTEX_POINT('',#11227);
#3137=VERTEX_POINT('',#11229);
#3138=VERTEX_POINT('',#11231);
#3139=VERTEX_POINT('',#11233);
#3140=VERTEX_POINT('',#11235);
#3141=VERTEX_POINT('',#11238);
#3142=VERTEX_POINT('',#11239);
#3143=VERTEX_POINT('',#11241);
#3144=VERTEX_POINT('',#11243);
#3145=VERTEX_POINT('',#11245);
#3146=VERTEX_POINT('',#11247);
#3147=VERTEX_POINT('',#11249);
#3148=VERTEX_POINT('',#11251);
#3149=VERTEX_POINT('',#11254);
#3150=VERTEX_POINT('',#11255);
#3151=VERTEX_POINT('',#11257);
#3152=VERTEX_POINT('',#11259);
#3153=VERTEX_POINT('',#11261);
#3154=VERTEX_POINT('',#11263);
#3155=VERTEX_POINT('',#11265);
#3156=VERTEX_POINT('',#11267);
#3157=VERTEX_POINT('',#11270);
#3158=VERTEX_POINT('',#11271);
#3159=VERTEX_POINT('',#11273);
#3160=VERTEX_POINT('',#11275);
#3161=VERTEX_POINT('',#11277);
#3162=VERTEX_POINT('',#11279);
#3163=VERTEX_POINT('',#11281);
#3164=VERTEX_POINT('',#11283);
#3165=VERTEX_POINT('',#11286);
#3166=VERTEX_POINT('',#11287);
#3167=VERTEX_POINT('',#11289);
#3168=VERTEX_POINT('',#11291);
#3169=VERTEX_POINT('',#11293);
#3170=VERTEX_POINT('',#11295);
#3171=VERTEX_POINT('',#11297);
#3172=VERTEX_POINT('',#11299);
#3173=VERTEX_POINT('',#11303);
#3174=VERTEX_POINT('',#11305);
#3175=VERTEX_POINT('',#11307);
#3176=VERTEX_POINT('',#11309);
#3177=VERTEX_POINT('',#11311);
#3178=VERTEX_POINT('',#11313);
#3179=VERTEX_POINT('',#11315);
#3180=VERTEX_POINT('',#11317);
#3181=VERTEX_POINT('',#11319);
#3182=VERTEX_POINT('',#11321);
#3183=VERTEX_POINT('',#11323);
#3184=VERTEX_POINT('',#11325);
#3185=VERTEX_POINT('',#11327);
#3186=VERTEX_POINT('',#11329);
#3187=VERTEX_POINT('',#11331);
#3188=VERTEX_POINT('',#11333);
#3189=VERTEX_POINT('',#11335);
#3190=VERTEX_POINT('',#11337);
#3191=VERTEX_POINT('',#11339);
#3192=VERTEX_POINT('',#11342);
#3193=VERTEX_POINT('',#11343);
#3194=VERTEX_POINT('',#11345);
#3195=VERTEX_POINT('',#11347);
#3196=VERTEX_POINT('',#11349);
#3197=VERTEX_POINT('',#11351);
#3198=VERTEX_POINT('',#11353);
#3199=VERTEX_POINT('',#11355);
#3200=VERTEX_POINT('',#11358);
#3201=VERTEX_POINT('',#11359);
#3202=VERTEX_POINT('',#11361);
#3203=VERTEX_POINT('',#11363);
#3204=VERTEX_POINT('',#11365);
#3205=VERTEX_POINT('',#11367);
#3206=VERTEX_POINT('',#11369);
#3207=VERTEX_POINT('',#11371);
#3208=VERTEX_POINT('',#11374);
#3209=VERTEX_POINT('',#11375);
#3210=VERTEX_POINT('',#11377);
#3211=VERTEX_POINT('',#11379);
#3212=VERTEX_POINT('',#11381);
#3213=VERTEX_POINT('',#11383);
#3214=VERTEX_POINT('',#11385);
#3215=VERTEX_POINT('',#11387);
#3216=VERTEX_POINT('',#11390);
#3217=VERTEX_POINT('',#11391);
#3218=VERTEX_POINT('',#11393);
#3219=VERTEX_POINT('',#11395);
#3220=VERTEX_POINT('',#11397);
#3221=VERTEX_POINT('',#11399);
#3222=VERTEX_POINT('',#11401);
#3223=VERTEX_POINT('',#11403);
#3224=VERTEX_POINT('',#11406);
#3225=VERTEX_POINT('',#11407);
#3226=VERTEX_POINT('',#11409);
#3227=VERTEX_POINT('',#11411);
#3228=VERTEX_POINT('',#11413);
#3229=VERTEX_POINT('',#11415);
#3230=VERTEX_POINT('',#11417);
#3231=VERTEX_POINT('',#11419);
#3232=VERTEX_POINT('',#11422);
#3233=VERTEX_POINT('',#11423);
#3234=VERTEX_POINT('',#11425);
#3235=VERTEX_POINT('',#11427);
#3236=VERTEX_POINT('',#11429);
#3237=VERTEX_POINT('',#11431);
#3238=VERTEX_POINT('',#11433);
#3239=VERTEX_POINT('',#11435);
#3240=VERTEX_POINT('',#11439);
#3241=VERTEX_POINT('',#11441);
#3242=VERTEX_POINT('',#11443);
#3243=VERTEX_POINT('',#11445);
#3244=VERTEX_POINT('',#11449);
#3245=VERTEX_POINT('',#11451);
#3246=VERTEX_POINT('',#11453);
#3247=VERTEX_POINT('',#11455);
#3248=VERTEX_POINT('',#11459);
#3249=VERTEX_POINT('',#11461);
#3250=VERTEX_POINT('',#11463);
#3251=VERTEX_POINT('',#11466);
#3252=VERTEX_POINT('',#11468);
#3253=VERTEX_POINT('',#11470);
#3254=VERTEX_POINT('',#11474);
#3255=VERTEX_POINT('',#11475);
#3256=VERTEX_POINT('',#11477);
#3257=VERTEX_POINT('',#11479);
#3258=VERTEX_POINT('',#11483);
#3259=VERTEX_POINT('',#11485);
#3260=VERTEX_POINT('',#11489);
#3261=VERTEX_POINT('',#11490);
#3262=VERTEX_POINT('',#11492);
#3263=VERTEX_POINT('',#11494);
#3264=VERTEX_POINT('',#11498);
#3265=VERTEX_POINT('',#11500);
#3266=VERTEX_POINT('',#11504);
#3267=VERTEX_POINT('',#11506);
#3268=VERTEX_POINT('',#11510);
#3269=VERTEX_POINT('',#11512);
#3270=VERTEX_POINT('',#11516);
#3271=VERTEX_POINT('',#11517);
#3272=VERTEX_POINT('',#11523);
#3273=VERTEX_POINT('',#11524);
#3274=VERTEX_POINT('',#11526);
#3275=VERTEX_POINT('',#11528);
#3276=VERTEX_POINT('',#11530);
#3277=VERTEX_POINT('',#11532);
#3278=VERTEX_POINT('',#11534);
#3279=VERTEX_POINT('',#11536);
#3280=VERTEX_POINT('',#11539);
#3281=VERTEX_POINT('',#11540);
#3282=VERTEX_POINT('',#11542);
#3283=VERTEX_POINT('',#11544);
#3284=VERTEX_POINT('',#11546);
#3285=VERTEX_POINT('',#11548);
#3286=VERTEX_POINT('',#11550);
#3287=VERTEX_POINT('',#11552);
#3288=VERTEX_POINT('',#11555);
#3289=VERTEX_POINT('',#11556);
#3290=VERTEX_POINT('',#11558);
#3291=VERTEX_POINT('',#11560);
#3292=VERTEX_POINT('',#11562);
#3293=VERTEX_POINT('',#11564);
#3294=VERTEX_POINT('',#11566);
#3295=VERTEX_POINT('',#11568);
#3296=VERTEX_POINT('',#11571);
#3297=VERTEX_POINT('',#11572);
#3298=VERTEX_POINT('',#11574);
#3299=VERTEX_POINT('',#11576);
#3300=VERTEX_POINT('',#11578);
#3301=VERTEX_POINT('',#11580);
#3302=VERTEX_POINT('',#11582);
#3303=VERTEX_POINT('',#11584);
#3304=VERTEX_POINT('',#11587);
#3305=VERTEX_POINT('',#11588);
#3306=VERTEX_POINT('',#11590);
#3307=VERTEX_POINT('',#11592);
#3308=VERTEX_POINT('',#11594);
#3309=VERTEX_POINT('',#11596);
#3310=VERTEX_POINT('',#11598);
#3311=VERTEX_POINT('',#11600);
#3312=VERTEX_POINT('',#11603);
#3313=VERTEX_POINT('',#11604);
#3314=VERTEX_POINT('',#11606);
#3315=VERTEX_POINT('',#11608);
#3316=VERTEX_POINT('',#11610);
#3317=VERTEX_POINT('',#11612);
#3318=VERTEX_POINT('',#11614);
#3319=VERTEX_POINT('',#11616);
#3320=VERTEX_POINT('',#11619);
#3321=VERTEX_POINT('',#11620);
#3322=VERTEX_POINT('',#11622);
#3323=VERTEX_POINT('',#11624);
#3324=VERTEX_POINT('',#11626);
#3325=VERTEX_POINT('',#11628);
#3326=VERTEX_POINT('',#11630);
#3327=VERTEX_POINT('',#11632);
#3328=VERTEX_POINT('',#11635);
#3329=VERTEX_POINT('',#11636);
#3330=VERTEX_POINT('',#11638);
#3331=VERTEX_POINT('',#11640);
#3332=VERTEX_POINT('',#11642);
#3333=VERTEX_POINT('',#11644);
#3334=VERTEX_POINT('',#11646);
#3335=VERTEX_POINT('',#11648);
#3336=VERTEX_POINT('',#11651);
#3337=VERTEX_POINT('',#11652);
#3338=VERTEX_POINT('',#11654);
#3339=VERTEX_POINT('',#11656);
#3340=VERTEX_POINT('',#11658);
#3341=VERTEX_POINT('',#11660);
#3342=VERTEX_POINT('',#11662);
#3343=VERTEX_POINT('',#11664);
#3344=VERTEX_POINT('',#11667);
#3345=VERTEX_POINT('',#11668);
#3346=VERTEX_POINT('',#11670);
#3347=VERTEX_POINT('',#11672);
#3348=VERTEX_POINT('',#11674);
#3349=VERTEX_POINT('',#11676);
#3350=VERTEX_POINT('',#11678);
#3351=VERTEX_POINT('',#11680);
#3352=VERTEX_POINT('',#11683);
#3353=VERTEX_POINT('',#11684);
#3354=VERTEX_POINT('',#11686);
#3355=VERTEX_POINT('',#11688);
#3356=VERTEX_POINT('',#11690);
#3357=VERTEX_POINT('',#11692);
#3358=VERTEX_POINT('',#11694);
#3359=VERTEX_POINT('',#11696);
#3360=VERTEX_POINT('',#11699);
#3361=VERTEX_POINT('',#11700);
#3362=VERTEX_POINT('',#11702);
#3363=VERTEX_POINT('',#11704);
#3364=VERTEX_POINT('',#11706);
#3365=VERTEX_POINT('',#11708);
#3366=VERTEX_POINT('',#11710);
#3367=VERTEX_POINT('',#11712);
#3368=VERTEX_POINT('',#11720);
#3369=VERTEX_POINT('',#11722);
#3370=VERTEX_POINT('',#11726);
#3371=VERTEX_POINT('',#11727);
#3372=VERTEX_POINT('',#11729);
#3373=VERTEX_POINT('',#11732);
#3374=VERTEX_POINT('',#11734);
#3375=VERTEX_POINT('',#11736);
#3376=VERTEX_POINT('',#11738);
#3377=VERTEX_POINT('',#11740);
#3378=VERTEX_POINT('',#11742);
#3379=VERTEX_POINT('',#11744);
#3380=VERTEX_POINT('',#11746);
#3381=VERTEX_POINT('',#11748);
#3382=VERTEX_POINT('',#11750);
#3383=VERTEX_POINT('',#11752);
#3384=VERTEX_POINT('',#11754);
#3385=VERTEX_POINT('',#11756);
#3386=VERTEX_POINT('',#11758);
#3387=VERTEX_POINT('',#11761);
#3388=VERTEX_POINT('',#11763);
#3389=VERTEX_POINT('',#11765);
#3390=VERTEX_POINT('',#11767);
#3391=VERTEX_POINT('',#11769);
#3392=VERTEX_POINT('',#11772);
#3393=VERTEX_POINT('',#11775);
#3394=VERTEX_POINT('',#11776);
#3395=VERTEX_POINT('',#11779);
#3396=VERTEX_POINT('',#11780);
#3397=VERTEX_POINT('',#11783);
#3398=VERTEX_POINT('',#11786);
#3399=VERTEX_POINT('',#11790);
#3400=VERTEX_POINT('',#11791);
#3401=VERTEX_POINT('',#11793);
#3402=VERTEX_POINT('',#11795);
#3403=VERTEX_POINT('',#11800);
#3404=VERTEX_POINT('',#11806);
#3405=VERTEX_POINT('',#11808);
#3406=VERTEX_POINT('',#11810);
#3407=VERTEX_POINT('',#11818);
#3408=VERTEX_POINT('',#11822);
#3409=VERTEX_POINT('',#11826);
#3410=VERTEX_POINT('',#11827);
#3411=VERTEX_POINT('',#11829);
#3412=VERTEX_POINT('',#11831);
#3413=VERTEX_POINT('',#11836);
#3414=VERTEX_POINT('',#11842);
#3415=VERTEX_POINT('',#11844);
#3416=VERTEX_POINT('',#11846);
#3417=VERTEX_POINT('',#11854);
#3418=VERTEX_POINT('',#11856);
#3419=VERTEX_POINT('',#11861);
#3420=VERTEX_POINT('',#11865);
#3421=VERTEX_POINT('',#11868);
#3422=VERTEX_POINT('',#11873);
#3423=VERTEX_POINT('',#11875);
#3424=VERTEX_POINT('',#11880);
#3425=VERTEX_POINT('',#11884);
#3426=VERTEX_POINT('',#11887);
#3427=VERTEX_POINT('',#11888);
#3428=VERTEX_POINT('',#11893);
#3429=VERTEX_POINT('',#11897);
#3430=VERTEX_POINT('',#11899);
#3431=VERTEX_POINT('',#11903);
#3432=VERTEX_POINT('',#11907);
#3433=VERTEX_POINT('',#11909);
#3434=VERTEX_POINT('',#11913);
#3435=VERTEX_POINT('',#11915);
#3436=VERTEX_POINT('',#11919);
#3437=VERTEX_POINT('',#11921);
#3438=VERTEX_POINT('',#11925);
#3439=VERTEX_POINT('',#11927);
#3440=VERTEX_POINT('',#11931);
#3441=VERTEX_POINT('',#11932);
#3442=VERTEX_POINT('',#11934);
#3443=VERTEX_POINT('',#11936);
#3444=VERTEX_POINT('',#11942);
#3445=VERTEX_POINT('',#11944);
#3446=VERTEX_POINT('',#11949);
#3447=VERTEX_POINT('',#11953);
#3448=VERTEX_POINT('',#11955);
#3449=VERTEX_POINT('',#11960);
#3450=VERTEX_POINT('',#11962);
#3451=VERTEX_POINT('',#11967);
#3452=VERTEX_POINT('',#11968);
#3453=VERTEX_POINT('',#11973);
#3454=VERTEX_POINT('',#11977);
#3455=VERTEX_POINT('',#11981);
#3456=VERTEX_POINT('',#11985);
#3457=VERTEX_POINT('',#11989);
#3458=VERTEX_POINT('',#11993);
#3459=VERTEX_POINT('',#11999);
#3460=VERTEX_POINT('',#12000);
#3461=VERTEX_POINT('',#12005);
#3462=VERTEX_POINT('',#12009);
#3463=VERTEX_POINT('',#12013);
#3464=VERTEX_POINT('',#12017);
#3465=VERTEX_POINT('',#12021);
#3466=VERTEX_POINT('',#12025);
#3467=VERTEX_POINT('',#12031);
#3468=VERTEX_POINT('',#12032);
#3469=VERTEX_POINT('',#12037);
#3470=VERTEX_POINT('',#12041);
#3471=VERTEX_POINT('',#12045);
#3472=VERTEX_POINT('',#12049);
#3473=VERTEX_POINT('',#12053);
#3474=VERTEX_POINT('',#12057);
#3475=VERTEX_POINT('',#12063);
#3476=VERTEX_POINT('',#12064);
#3477=VERTEX_POINT('',#12069);
#3478=VERTEX_POINT('',#12073);
#3479=VERTEX_POINT('',#12077);
#3480=VERTEX_POINT('',#12081);
#3481=VERTEX_POINT('',#12085);
#3482=VERTEX_POINT('',#12089);
#3483=VERTEX_POINT('',#12095);
#3484=VERTEX_POINT('',#12096);
#3485=VERTEX_POINT('',#12101);
#3486=VERTEX_POINT('',#12105);
#3487=VERTEX_POINT('',#12109);
#3488=VERTEX_POINT('',#12113);
#3489=VERTEX_POINT('',#12117);
#3490=VERTEX_POINT('',#12121);
#3491=VERTEX_POINT('',#12127);
#3492=VERTEX_POINT('',#12128);
#3493=VERTEX_POINT('',#12133);
#3494=VERTEX_POINT('',#12137);
#3495=VERTEX_POINT('',#12141);
#3496=VERTEX_POINT('',#12145);
#3497=VERTEX_POINT('',#12149);
#3498=VERTEX_POINT('',#12153);
#3499=VERTEX_POINT('',#12159);
#3500=VERTEX_POINT('',#12160);
#3501=VERTEX_POINT('',#12165);
#3502=VERTEX_POINT('',#12169);
#3503=VERTEX_POINT('',#12173);
#3504=VERTEX_POINT('',#12177);
#3505=VERTEX_POINT('',#12181);
#3506=VERTEX_POINT('',#12185);
#3507=VERTEX_POINT('',#12191);
#3508=VERTEX_POINT('',#12192);
#3509=VERTEX_POINT('',#12197);
#3510=VERTEX_POINT('',#12201);
#3511=VERTEX_POINT('',#12205);
#3512=VERTEX_POINT('',#12209);
#3513=VERTEX_POINT('',#12213);
#3514=VERTEX_POINT('',#12217);
#3515=VERTEX_POINT('',#12223);
#3516=VERTEX_POINT('',#12224);
#3517=VERTEX_POINT('',#12229);
#3518=VERTEX_POINT('',#12233);
#3519=VERTEX_POINT('',#12237);
#3520=VERTEX_POINT('',#12241);
#3521=VERTEX_POINT('',#12245);
#3522=VERTEX_POINT('',#12249);
#3523=VERTEX_POINT('',#12255);
#3524=VERTEX_POINT('',#12256);
#3525=VERTEX_POINT('',#12261);
#3526=VERTEX_POINT('',#12265);
#3527=VERTEX_POINT('',#12269);
#3528=VERTEX_POINT('',#12273);
#3529=VERTEX_POINT('',#12277);
#3530=VERTEX_POINT('',#12281);
#3531=VERTEX_POINT('',#12287);
#3532=VERTEX_POINT('',#12288);
#3533=VERTEX_POINT('',#12293);
#3534=VERTEX_POINT('',#12297);
#3535=VERTEX_POINT('',#12301);
#3536=VERTEX_POINT('',#12305);
#3537=VERTEX_POINT('',#12309);
#3538=VERTEX_POINT('',#12313);
#3539=VERTEX_POINT('',#12319);
#3540=VERTEX_POINT('',#12320);
#3541=VERTEX_POINT('',#12325);
#3542=VERTEX_POINT('',#12329);
#3543=VERTEX_POINT('',#12333);
#3544=VERTEX_POINT('',#12337);
#3545=VERTEX_POINT('',#12341);
#3546=VERTEX_POINT('',#12345);
#3547=VERTEX_POINT('',#12447);
#3548=VERTEX_POINT('',#12448);
#3549=VERTEX_POINT('',#12450);
#3550=VERTEX_POINT('',#12452);
#3551=VERTEX_POINT('',#12456);
#3552=VERTEX_POINT('',#12458);
#3553=VERTEX_POINT('',#12462);
#3554=VERTEX_POINT('',#12464);
#3555=VERTEX_POINT('',#12468);
#3556=VERTEX_POINT('',#12470);
#3557=VERTEX_POINT('',#12474);
#3558=VERTEX_POINT('',#12476);
#3559=VERTEX_POINT('',#12480);
#3560=VERTEX_POINT('',#12482);
#3561=VERTEX_POINT('',#12486);
#3562=VERTEX_POINT('',#12488);
#3563=VERTEX_POINT('',#12495);
#3564=VERTEX_POINT('',#12496);
#3565=VERTEX_POINT('',#12498);
#3566=VERTEX_POINT('',#12500);
#3567=VERTEX_POINT('',#12504);
#3568=VERTEX_POINT('',#12506);
#3569=VERTEX_POINT('',#12510);
#3570=VERTEX_POINT('',#12512);
#3571=VERTEX_POINT('',#12516);
#3572=VERTEX_POINT('',#12518);
#3573=VERTEX_POINT('',#12522);
#3574=VERTEX_POINT('',#12524);
#3575=VERTEX_POINT('',#12528);
#3576=VERTEX_POINT('',#12530);
#3577=VERTEX_POINT('',#12534);
#3578=VERTEX_POINT('',#12536);
#3579=VERTEX_POINT('',#12543);
#3580=VERTEX_POINT('',#12544);
#3581=VERTEX_POINT('',#12546);
#3582=VERTEX_POINT('',#12548);
#3583=VERTEX_POINT('',#12552);
#3584=VERTEX_POINT('',#12554);
#3585=VERTEX_POINT('',#12558);
#3586=VERTEX_POINT('',#12560);
#3587=VERTEX_POINT('',#12564);
#3588=VERTEX_POINT('',#12566);
#3589=VERTEX_POINT('',#12570);
#3590=VERTEX_POINT('',#12572);
#3591=VERTEX_POINT('',#12576);
#3592=VERTEX_POINT('',#12578);
#3593=VERTEX_POINT('',#12582);
#3594=VERTEX_POINT('',#12584);
#3595=VERTEX_POINT('',#12591);
#3596=VERTEX_POINT('',#12592);
#3597=VERTEX_POINT('',#12594);
#3598=VERTEX_POINT('',#12596);
#3599=VERTEX_POINT('',#12600);
#3600=VERTEX_POINT('',#12602);
#3601=VERTEX_POINT('',#12606);
#3602=VERTEX_POINT('',#12608);
#3603=VERTEX_POINT('',#12612);
#3604=VERTEX_POINT('',#12614);
#3605=VERTEX_POINT('',#12618);
#3606=VERTEX_POINT('',#12620);
#3607=VERTEX_POINT('',#12624);
#3608=VERTEX_POINT('',#12626);
#3609=VERTEX_POINT('',#12630);
#3610=VERTEX_POINT('',#12632);
#3611=VERTEX_POINT('',#12639);
#3612=VERTEX_POINT('',#12640);
#3613=VERTEX_POINT('',#12642);
#3614=VERTEX_POINT('',#12644);
#3615=VERTEX_POINT('',#12648);
#3616=VERTEX_POINT('',#12650);
#3617=VERTEX_POINT('',#12654);
#3618=VERTEX_POINT('',#12656);
#3619=VERTEX_POINT('',#12660);
#3620=VERTEX_POINT('',#12662);
#3621=VERTEX_POINT('',#12666);
#3622=VERTEX_POINT('',#12668);
#3623=VERTEX_POINT('',#12672);
#3624=VERTEX_POINT('',#12674);
#3625=VERTEX_POINT('',#12678);
#3626=VERTEX_POINT('',#12680);
#3627=VERTEX_POINT('',#12687);
#3628=VERTEX_POINT('',#12688);
#3629=VERTEX_POINT('',#12690);
#3630=VERTEX_POINT('',#12692);
#3631=VERTEX_POINT('',#12696);
#3632=VERTEX_POINT('',#12698);
#3633=VERTEX_POINT('',#12702);
#3634=VERTEX_POINT('',#12704);
#3635=VERTEX_POINT('',#12708);
#3636=VERTEX_POINT('',#12710);
#3637=VERTEX_POINT('',#12714);
#3638=VERTEX_POINT('',#12716);
#3639=VERTEX_POINT('',#12720);
#3640=VERTEX_POINT('',#12722);
#3641=VERTEX_POINT('',#12726);
#3642=VERTEX_POINT('',#12728);
#3643=VERTEX_POINT('',#12737);
#3644=VERTEX_POINT('',#12739);
#3645=VERTEX_POINT('',#12743);
#3646=VERTEX_POINT('',#12747);
#3647=VERTEX_POINT('',#12751);
#3648=VERTEX_POINT('',#12764);
#3649=VERTEX_POINT('',#12779);
#3650=VERTEX_POINT('',#12781);
#3651=VERTEX_POINT('',#12785);
#3652=VERTEX_POINT('',#12803);
#3653=VERTEX_POINT('',#12805);
#3654=VERTEX_POINT('',#12809);
#3655=VERTEX_POINT('',#12816);
#3656=VERTEX_POINT('',#12820);
#3657=VERTEX_POINT('',#12824);
#3658=VERTEX_POINT('',#12825);
#3659=VERTEX_POINT('',#12827);
#3660=VERTEX_POINT('',#12829);
#3661=VERTEX_POINT('',#12833);
#3662=VERTEX_POINT('',#12835);
#3663=VERTEX_POINT('',#12839);
#3664=VERTEX_POINT('',#12841);
#3665=VERTEX_POINT('',#12845);
#3666=VERTEX_POINT('',#12847);
#3667=VERTEX_POINT('',#12851);
#3668=VERTEX_POINT('',#12853);
#3669=VERTEX_POINT('',#12873);
#3670=VERTEX_POINT('',#12875);
#3671=VERTEX_POINT('',#12877);
#3672=VERTEX_POINT('',#12879);
#3673=VERTEX_POINT('',#12881);
#3674=VERTEX_POINT('',#12883);
#3675=VERTEX_POINT('',#12886);
#3676=VERTEX_POINT('',#12888);
#3677=VERTEX_POINT('',#12890);
#3678=VERTEX_POINT('',#12892);
#3679=VERTEX_POINT('',#12894);
#3680=VERTEX_POINT('',#12896);
#3681=VERTEX_POINT('',#12902);
#3682=VERTEX_POINT('',#12903);
#3683=VERTEX_POINT('',#12905);
#3684=VERTEX_POINT('',#12907);
#3685=VERTEX_POINT('',#12911);
#3686=VERTEX_POINT('',#12913);
#3687=VERTEX_POINT('',#12917);
#3688=VERTEX_POINT('',#12919);
#3689=VERTEX_POINT('',#12923);
#3690=VERTEX_POINT('',#12925);
#3691=VERTEX_POINT('',#12929);
#3692=VERTEX_POINT('',#12931);
#3693=VERTEX_POINT('',#12935);
#3694=VERTEX_POINT('',#12937);
#3695=VERTEX_POINT('',#12941);
#3696=VERTEX_POINT('',#12943);
#3697=VERTEX_POINT('',#12947);
#3698=VERTEX_POINT('',#12949);
#3699=VERTEX_POINT('',#12953);
#3700=VERTEX_POINT('',#12955);
#3701=VERTEX_POINT('',#12959);
#3702=VERTEX_POINT('',#12961);
#3703=VERTEX_POINT('',#12968);
#3704=VERTEX_POINT('',#12969);
#3705=VERTEX_POINT('',#12971);
#3706=VERTEX_POINT('',#12973);
#3707=VERTEX_POINT('',#12977);
#3708=VERTEX_POINT('',#12979);
#3709=VERTEX_POINT('',#12986);
#3710=VERTEX_POINT('',#12987);
#3711=VERTEX_POINT('',#12989);
#3712=VERTEX_POINT('',#12991);
#3713=VERTEX_POINT('',#12995);
#3714=VERTEX_POINT('',#12997);
#3715=VERTEX_POINT('',#13001);
#3716=VERTEX_POINT('',#13003);
#3717=VERTEX_POINT('',#13007);
#3718=VERTEX_POINT('',#13009);
#3719=VERTEX_POINT('',#13013);
#3720=VERTEX_POINT('',#13015);
#3721=VERTEX_POINT('',#13019);
#3722=VERTEX_POINT('',#13021);
#3723=VERTEX_POINT('',#13025);
#3724=VERTEX_POINT('',#13027);
#3725=VERTEX_POINT('',#13031);
#3726=VERTEX_POINT('',#13033);
#3727=VERTEX_POINT('',#13037);
#3728=VERTEX_POINT('',#13039);
#3729=VERTEX_POINT('',#13043);
#3730=VERTEX_POINT('',#13045);
#3731=VERTEX_POINT('',#13052);
#3732=VERTEX_POINT('',#13054);
#3733=VERTEX_POINT('',#13056);
#3734=VERTEX_POINT('',#13058);
#3735=VERTEX_POINT('',#13060);
#3736=VERTEX_POINT('',#13062);
#3737=VERTEX_POINT('',#13064);
#3738=VERTEX_POINT('',#13066);
#3739=VERTEX_POINT('',#13070);
#3740=VERTEX_POINT('',#13072);
#3741=VERTEX_POINT('',#13074);
#3742=VERTEX_POINT('',#13076);
#3743=VERTEX_POINT('',#13078);
#3744=VERTEX_POINT('',#13080);
#3745=VERTEX_POINT('',#13082);
#3746=VERTEX_POINT('',#13084);
#3747=VERTEX_POINT('',#13086);
#3748=VERTEX_POINT('',#13088);
#3749=VERTEX_POINT('',#13090);
#3750=VERTEX_POINT('',#13092);
#3751=VERTEX_POINT('',#13094);
#3752=VERTEX_POINT('',#13097);
#3753=VERTEX_POINT('',#13099);
#3754=VERTEX_POINT('',#13103);
#3755=VERTEX_POINT('',#13104);
#3756=VERTEX_POINT('',#13106);
#3757=VERTEX_POINT('',#13108);
#3758=VERTEX_POINT('',#13112);
#3759=VERTEX_POINT('',#13114);
#3760=VERTEX_POINT('',#13118);
#3761=VERTEX_POINT('',#13120);
#3762=VERTEX_POINT('',#13124);
#3763=VERTEX_POINT('',#13126);
#3764=VERTEX_POINT('',#13130);
#3765=VERTEX_POINT('',#13132);
#3766=VERTEX_POINT('',#13136);
#3767=VERTEX_POINT('',#13138);
#3768=VERTEX_POINT('',#13142);
#3769=VERTEX_POINT('',#13144);
#3770=VERTEX_POINT('',#13148);
#3771=VERTEX_POINT('',#13150);
#3772=VERTEX_POINT('',#13154);
#3773=VERTEX_POINT('',#13156);
#3774=VERTEX_POINT('',#13160);
#3775=VERTEX_POINT('',#13162);
#3776=VERTEX_POINT('',#13166);
#3777=VERTEX_POINT('',#13168);
#3778=VERTEX_POINT('',#13172);
#3779=VERTEX_POINT('',#13174);
#3780=VERTEX_POINT('',#13178);
#3781=VERTEX_POINT('',#13180);
#3782=VERTEX_POINT('',#13184);
#3783=VERTEX_POINT('',#13186);
#3784=VERTEX_POINT('',#13190);
#3785=VERTEX_POINT('',#13192);
#3786=VERTEX_POINT('',#13196);
#3787=VERTEX_POINT('',#13198);
#3788=VERTEX_POINT('',#13202);
#3789=VERTEX_POINT('',#13204);
#3790=VERTEX_POINT('',#13208);
#3791=VERTEX_POINT('',#13210);
#3792=VERTEX_POINT('',#13214);
#3793=VERTEX_POINT('',#13216);
#3794=VERTEX_POINT('',#13220);
#3795=VERTEX_POINT('',#13222);
#3796=VERTEX_POINT('',#13226);
#3797=VERTEX_POINT('',#13228);
#3798=VERTEX_POINT('',#13232);
#3799=VERTEX_POINT('',#13234);
#3800=VERTEX_POINT('',#13238);
#3801=VERTEX_POINT('',#13240);
#3802=VERTEX_POINT('',#13244);
#3803=VERTEX_POINT('',#13245);
#3804=VERTEX_POINT('',#13247);
#3805=VERTEX_POINT('',#13249);
#3806=VERTEX_POINT('',#13256);
#3807=VERTEX_POINT('',#13258);
#3808=VERTEX_POINT('',#13265);
#3809=VERTEX_POINT('',#13267);
#3810=VERTEX_POINT('',#13269);
#3811=VERTEX_POINT('',#13273);
#3812=VERTEX_POINT('',#13275);
#3813=VERTEX_POINT('',#13279);
#3814=VERTEX_POINT('',#13281);
#3815=VERTEX_POINT('',#13292);
#3816=VERTEX_POINT('',#13294);
#3817=VERTEX_POINT('',#13298);
#3818=VERTEX_POINT('',#13300);
#3819=VERTEX_POINT('',#13319);
#3820=VERTEX_POINT('',#13321);
#3821=VERTEX_POINT('',#13323);
#3822=VERTEX_POINT('',#13327);
#3823=VERTEX_POINT('',#13328);
#3824=VERTEX_POINT('',#13333);
#3825=VERTEX_POINT('',#13334);
#3826=VERTEX_POINT('',#13339);
#3827=VERTEX_POINT('',#13340);
#3828=VERTEX_POINT('',#13345);
#3829=VERTEX_POINT('',#13349);
#3830=VERTEX_POINT('',#13357);
#3831=VERTEX_POINT('',#13359);
#3832=VERTEX_POINT('',#13374);
#3833=VERTEX_POINT('',#13385);
#3834=VERTEX_POINT('',#13387);
#3835=VERTEX_POINT('',#13391);
#3836=VERTEX_POINT('',#13393);
#3837=VERTEX_POINT('',#13397);
#3838=VERTEX_POINT('',#13401);
#3839=VERTEX_POINT('',#13403);
#3840=VERTEX_POINT('',#13407);
#3841=VERTEX_POINT('',#13412);
#3842=VERTEX_POINT('',#13417);
#3843=VERTEX_POINT('',#13421);
#3844=VERTEX_POINT('',#13423);
#3845=VERTEX_POINT('',#13428);
#3846=VERTEX_POINT('',#13432);
#3847=VERTEX_POINT('',#13464);
#3848=VERTEX_POINT('',#13493);
#3849=VERTEX_POINT('',#13499);
#3850=EDGE_CURVE('',#3106,#3107,#1580,.T.);
#3851=EDGE_CURVE('',#3108,#3106,#1581,.T.);
#3852=EDGE_CURVE('',#3109,#3108,#1582,.T.);
#3853=EDGE_CURVE('',#3109,#3107,#1583,.T.);
#3854=EDGE_CURVE('',#3110,#3111,#1584,.T.);
#3855=EDGE_CURVE('',#3112,#3110,#1585,.T.);
#3856=EDGE_CURVE('',#3113,#3112,#1586,.T.);
#3857=EDGE_CURVE('',#3113,#3111,#1587,.T.);
#3858=EDGE_CURVE('',#3107,#3114,#106,.T.);
#3859=EDGE_CURVE('',#3115,#3109,#107,.T.);
#3860=EDGE_CURVE('',#3115,#3114,#1588,.T.);
#3861=EDGE_CURVE('',#3111,#3116,#108,.T.);
#3862=EDGE_CURVE('',#3117,#3113,#109,.T.);
#3863=EDGE_CURVE('',#3117,#3116,#1589,.T.);
#3864=EDGE_CURVE('',#3114,#3118,#1590,.T.);
#3865=EDGE_CURVE('',#3115,#3119,#1591,.T.);
#3866=EDGE_CURVE('',#3118,#3119,#1592,.T.);
#3867=EDGE_CURVE('',#3116,#3120,#1593,.T.);
#3868=EDGE_CURVE('',#3121,#3117,#1594,.T.);
#3869=EDGE_CURVE('',#3120,#3121,#1595,.T.);
#3870=EDGE_CURVE('',#3112,#3122,#1596,.T.);
#3871=EDGE_CURVE('',#3123,#3122,#1597,.T.);
#3872=EDGE_CURVE('',#3123,#3124,#1598,.T.);
#3873=EDGE_CURVE('',#3117,#3124,#1599,.T.);
#3874=EDGE_CURVE('',#3125,#3126,#110,.T.);
#3875=EDGE_CURVE('',#3126,#3127,#1600,.T.);
#3876=EDGE_CURVE('',#3127,#3128,#111,.T.);
#3877=EDGE_CURVE('',#3128,#3129,#1601,.T.);
#3878=EDGE_CURVE('',#3129,#3130,#112,.T.);
#3879=EDGE_CURVE('',#3130,#3131,#1602,.T.);
#3880=EDGE_CURVE('',#3131,#3132,#113,.T.);
#3881=EDGE_CURVE('',#3132,#3125,#1603,.T.);
#3882=EDGE_CURVE('',#3133,#3134,#114,.T.);
#3883=EDGE_CURVE('',#3134,#3135,#1604,.T.);
#3884=EDGE_CURVE('',#3135,#3136,#115,.T.);
#3885=EDGE_CURVE('',#3136,#3137,#1605,.T.);
#3886=EDGE_CURVE('',#3137,#3138,#116,.T.);
#3887=EDGE_CURVE('',#3138,#3139,#1606,.T.);
#3888=EDGE_CURVE('',#3139,#3140,#117,.T.);
#3889=EDGE_CURVE('',#3140,#3133,#1607,.T.);
#3890=EDGE_CURVE('',#3141,#3142,#118,.T.);
#3891=EDGE_CURVE('',#3142,#3143,#1608,.T.);
#3892=EDGE_CURVE('',#3143,#3144,#119,.T.);
#3893=EDGE_CURVE('',#3144,#3145,#1609,.T.);
#3894=EDGE_CURVE('',#3145,#3146,#120,.T.);
#3895=EDGE_CURVE('',#3146,#3147,#1610,.T.);
#3896=EDGE_CURVE('',#3147,#3148,#121,.T.);
#3897=EDGE_CURVE('',#3148,#3141,#1611,.T.);
#3898=EDGE_CURVE('',#3149,#3150,#122,.T.);
#3899=EDGE_CURVE('',#3150,#3151,#1612,.T.);
#3900=EDGE_CURVE('',#3151,#3152,#123,.T.);
#3901=EDGE_CURVE('',#3152,#3153,#1613,.T.);
#3902=EDGE_CURVE('',#3153,#3154,#124,.T.);
#3903=EDGE_CURVE('',#3154,#3155,#1614,.T.);
#3904=EDGE_CURVE('',#3155,#3156,#125,.T.);
#3905=EDGE_CURVE('',#3156,#3149,#1615,.T.);
#3906=EDGE_CURVE('',#3157,#3158,#126,.T.);
#3907=EDGE_CURVE('',#3158,#3159,#1616,.T.);
#3908=EDGE_CURVE('',#3159,#3160,#127,.T.);
#3909=EDGE_CURVE('',#3160,#3161,#1617,.T.);
#3910=EDGE_CURVE('',#3161,#3162,#128,.T.);
#3911=EDGE_CURVE('',#3162,#3163,#1618,.T.);
#3912=EDGE_CURVE('',#3163,#3164,#129,.T.);
#3913=EDGE_CURVE('',#3164,#3157,#1619,.T.);
#3914=EDGE_CURVE('',#3165,#3166,#130,.T.);
#3915=EDGE_CURVE('',#3166,#3167,#1620,.T.);
#3916=EDGE_CURVE('',#3167,#3168,#131,.T.);
#3917=EDGE_CURVE('',#3168,#3169,#1621,.T.);
#3918=EDGE_CURVE('',#3169,#3170,#132,.T.);
#3919=EDGE_CURVE('',#3170,#3171,#1622,.T.);
#3920=EDGE_CURVE('',#3171,#3172,#133,.T.);
#3921=EDGE_CURVE('',#3172,#3165,#1623,.T.);
#3922=EDGE_CURVE('',#3173,#3116,#1624,.T.);
#3923=EDGE_CURVE('',#3174,#3173,#1625,.T.);
#3924=EDGE_CURVE('',#3174,#3175,#1626,.T.);
#3925=EDGE_CURVE('',#3175,#3176,#1627,.T.);
#3926=EDGE_CURVE('',#3176,#3177,#1628,.T.);
#3927=EDGE_CURVE('',#3177,#3178,#1629,.T.);
#3928=EDGE_CURVE('',#3179,#3178,#1630,.T.);
#3929=EDGE_CURVE('',#3179,#3180,#1631,.T.);
#3930=EDGE_CURVE('',#3181,#3180,#1632,.T.);
#3931=EDGE_CURVE('',#3182,#3181,#1633,.T.);
#3932=EDGE_CURVE('',#3182,#3183,#1634,.T.);
#3933=EDGE_CURVE('',#3183,#3184,#1635,.T.);
#3934=EDGE_CURVE('',#3184,#3185,#1636,.T.);
#3935=EDGE_CURVE('',#3185,#3186,#1637,.T.);
#3936=EDGE_CURVE('',#3187,#3186,#1638,.T.);
#3937=EDGE_CURVE('',#3187,#3188,#1639,.T.);
#3938=EDGE_CURVE('',#3189,#3188,#1640,.T.);
#3939=EDGE_CURVE('',#3190,#3189,#1641,.T.);
#3940=EDGE_CURVE('',#3190,#3191,#1642,.T.);
#3941=EDGE_CURVE('',#3191,#3110,#1643,.T.);
#3942=EDGE_CURVE('',#3192,#3193,#134,.T.);
#3943=EDGE_CURVE('',#3193,#3194,#1644,.T.);
#3944=EDGE_CURVE('',#3194,#3195,#135,.T.);
#3945=EDGE_CURVE('',#3195,#3196,#1645,.T.);
#3946=EDGE_CURVE('',#3196,#3197,#136,.T.);
#3947=EDGE_CURVE('',#3197,#3198,#1646,.T.);
#3948=EDGE_CURVE('',#3198,#3199,#137,.T.);
#3949=EDGE_CURVE('',#3199,#3192,#1647,.T.);
#3950=EDGE_CURVE('',#3200,#3201,#138,.T.);
#3951=EDGE_CURVE('',#3201,#3202,#1648,.T.);
#3952=EDGE_CURVE('',#3202,#3203,#139,.T.);
#3953=EDGE_CURVE('',#3203,#3204,#1649,.T.);
#3954=EDGE_CURVE('',#3204,#3205,#140,.T.);
#3955=EDGE_CURVE('',#3205,#3206,#1650,.T.);
#3956=EDGE_CURVE('',#3206,#3207,#141,.T.);
#3957=EDGE_CURVE('',#3207,#3200,#1651,.T.);
#3958=EDGE_CURVE('',#3208,#3209,#142,.T.);
#3959=EDGE_CURVE('',#3209,#3210,#1652,.T.);
#3960=EDGE_CURVE('',#3210,#3211,#143,.T.);
#3961=EDGE_CURVE('',#3211,#3212,#1653,.T.);
#3962=EDGE_CURVE('',#3212,#3213,#144,.T.);
#3963=EDGE_CURVE('',#3213,#3214,#1654,.T.);
#3964=EDGE_CURVE('',#3214,#3215,#145,.T.);
#3965=EDGE_CURVE('',#3215,#3208,#1655,.T.);
#3966=EDGE_CURVE('',#3216,#3217,#146,.T.);
#3967=EDGE_CURVE('',#3217,#3218,#1656,.T.);
#3968=EDGE_CURVE('',#3218,#3219,#147,.T.);
#3969=EDGE_CURVE('',#3219,#3220,#1657,.T.);
#3970=EDGE_CURVE('',#3220,#3221,#148,.T.);
#3971=EDGE_CURVE('',#3221,#3222,#1658,.T.);
#3972=EDGE_CURVE('',#3222,#3223,#149,.T.);
#3973=EDGE_CURVE('',#3223,#3216,#1659,.T.);
#3974=EDGE_CURVE('',#3224,#3225,#150,.T.);
#3975=EDGE_CURVE('',#3225,#3226,#1660,.T.);
#3976=EDGE_CURVE('',#3226,#3227,#151,.T.);
#3977=EDGE_CURVE('',#3227,#3228,#1661,.T.);
#3978=EDGE_CURVE('',#3228,#3229,#152,.T.);
#3979=EDGE_CURVE('',#3229,#3230,#1662,.T.);
#3980=EDGE_CURVE('',#3230,#3231,#153,.T.);
#3981=EDGE_CURVE('',#3231,#3224,#1663,.T.);
#3982=EDGE_CURVE('',#3232,#3233,#154,.T.);
#3983=EDGE_CURVE('',#3233,#3234,#1664,.T.);
#3984=EDGE_CURVE('',#3234,#3235,#155,.T.);
#3985=EDGE_CURVE('',#3235,#3236,#1665,.T.);
#3986=EDGE_CURVE('',#3236,#3237,#156,.T.);
#3987=EDGE_CURVE('',#3237,#3238,#1666,.T.);
#3988=EDGE_CURVE('',#3238,#3239,#157,.T.);
#3989=EDGE_CURVE('',#3239,#3232,#1667,.T.);
#3990=EDGE_CURVE('',#3240,#3119,#158,.T.);
#3991=EDGE_CURVE('',#3241,#3240,#1668,.T.);
#3992=EDGE_CURVE('',#3242,#3241,#1669,.T.);
#3993=EDGE_CURVE('',#3243,#3242,#1670,.T.);
#3994=EDGE_CURVE('',#3118,#3243,#159,.T.);
#3995=EDGE_CURVE('',#3244,#3121,#160,.T.);
#3996=EDGE_CURVE('',#3245,#3244,#1671,.T.);
#3997=EDGE_CURVE('',#3246,#3245,#1672,.T.);
#3998=EDGE_CURVE('',#3247,#3246,#1673,.T.);
#3999=EDGE_CURVE('',#3120,#3247,#161,.T.);
#4000=EDGE_CURVE('',#3248,#3191,#162,.T.);
#4001=EDGE_CURVE('',#3249,#3248,#1674,.T.);
#4002=EDGE_CURVE('',#3250,#3249,#163,.T.);
#4003=EDGE_CURVE('',#3108,#3250,#1675,.T.);
#4004=EDGE_CURVE('',#3251,#3106,#1676,.T.);
#4005=EDGE_CURVE('',#3252,#3251,#164,.T.);
#4006=EDGE_CURVE('',#3253,#3252,#1677,.T.);
#4007=EDGE_CURVE('',#3122,#3253,#165,.T.);
#4008=EDGE_CURVE('',#3254,#3255,#166,.T.);
#4009=EDGE_CURVE('',#3255,#3256,#1678,.T.);
#4010=EDGE_CURVE('',#3256,#3257,#167,.T.);
#4011=EDGE_CURVE('',#3257,#3254,#1679,.T.);
#4012=EDGE_CURVE('',#3258,#3255,#1680,.T.);
#4013=EDGE_CURVE('',#3259,#3258,#1681,.T.);
#4014=EDGE_CURVE('',#3256,#3259,#1682,.T.);
#4015=EDGE_CURVE('',#3260,#3261,#168,.T.);
#4016=EDGE_CURVE('',#3261,#3262,#1683,.T.);
#4017=EDGE_CURVE('',#3262,#3263,#169,.T.);
#4018=EDGE_CURVE('',#3263,#3260,#1684,.T.);
#4019=EDGE_CURVE('',#3264,#3261,#1685,.T.);
#4020=EDGE_CURVE('',#3265,#3264,#1686,.T.);
#4021=EDGE_CURVE('',#3262,#3265,#1687,.T.);
#4022=EDGE_CURVE('',#3266,#3265,#170,.T.);
#4023=EDGE_CURVE('',#3264,#3267,#171,.T.);
#4024=EDGE_CURVE('',#3267,#3266,#1688,.T.);
#4025=EDGE_CURVE('',#3268,#3259,#172,.T.);
#4026=EDGE_CURVE('',#3258,#3269,#173,.T.);
#4027=EDGE_CURVE('',#3269,#3268,#1689,.T.);
#4028=EDGE_CURVE('',#3270,#3271,#1690,.T.);
#4029=EDGE_CURVE('',#3271,#3253,#1691,.T.);
#4030=EDGE_CURVE('',#3270,#3252,#1692,.T.);
#4031=EDGE_CURVE('',#3254,#3263,#1693,.T.);
#4032=EDGE_CURVE('',#3266,#3269,#1694,.T.);
#4033=EDGE_CURVE('',#3272,#3273,#1695,.T.);
#4034=EDGE_CURVE('',#3273,#3274,#174,.T.);
#4035=EDGE_CURVE('',#3274,#3275,#1696,.T.);
#4036=EDGE_CURVE('',#3275,#3276,#175,.T.);
#4037=EDGE_CURVE('',#3276,#3277,#1697,.T.);
#4038=EDGE_CURVE('',#3277,#3278,#176,.T.);
#4039=EDGE_CURVE('',#3278,#3279,#1698,.T.);
#4040=EDGE_CURVE('',#3279,#3272,#177,.T.);
#4041=EDGE_CURVE('',#3280,#3281,#1699,.T.);
#4042=EDGE_CURVE('',#3281,#3282,#178,.T.);
#4043=EDGE_CURVE('',#3282,#3283,#1700,.T.);
#4044=EDGE_CURVE('',#3283,#3284,#179,.T.);
#4045=EDGE_CURVE('',#3284,#3285,#1701,.T.);
#4046=EDGE_CURVE('',#3285,#3286,#180,.T.);
#4047=EDGE_CURVE('',#3286,#3287,#1702,.T.);
#4048=EDGE_CURVE('',#3287,#3280,#181,.T.);
#4049=EDGE_CURVE('',#3288,#3289,#1703,.T.);
#4050=EDGE_CURVE('',#3289,#3290,#182,.T.);
#4051=EDGE_CURVE('',#3290,#3291,#1704,.T.);
#4052=EDGE_CURVE('',#3291,#3292,#183,.T.);
#4053=EDGE_CURVE('',#3292,#3293,#1705,.T.);
#4054=EDGE_CURVE('',#3293,#3294,#184,.T.);
#4055=EDGE_CURVE('',#3294,#3295,#1706,.T.);
#4056=EDGE_CURVE('',#3295,#3288,#185,.T.);
#4057=EDGE_CURVE('',#3296,#3297,#1707,.T.);
#4058=EDGE_CURVE('',#3297,#3298,#186,.T.);
#4059=EDGE_CURVE('',#3298,#3299,#1708,.T.);
#4060=EDGE_CURVE('',#3299,#3300,#187,.T.);
#4061=EDGE_CURVE('',#3300,#3301,#1709,.T.);
#4062=EDGE_CURVE('',#3301,#3302,#188,.T.);
#4063=EDGE_CURVE('',#3302,#3303,#1710,.T.);
#4064=EDGE_CURVE('',#3303,#3296,#189,.T.);
#4065=EDGE_CURVE('',#3304,#3305,#1711,.T.);
#4066=EDGE_CURVE('',#3305,#3306,#190,.T.);
#4067=EDGE_CURVE('',#3306,#3307,#1712,.T.);
#4068=EDGE_CURVE('',#3307,#3308,#191,.T.);
#4069=EDGE_CURVE('',#3308,#3309,#1713,.T.);
#4070=EDGE_CURVE('',#3309,#3310,#192,.T.);
#4071=EDGE_CURVE('',#3310,#3311,#1714,.T.);
#4072=EDGE_CURVE('',#3311,#3304,#193,.T.);
#4073=EDGE_CURVE('',#3312,#3313,#1715,.T.);
#4074=EDGE_CURVE('',#3313,#3314,#194,.T.);
#4075=EDGE_CURVE('',#3314,#3315,#1716,.T.);
#4076=EDGE_CURVE('',#3315,#3316,#195,.T.);
#4077=EDGE_CURVE('',#3316,#3317,#1717,.T.);
#4078=EDGE_CURVE('',#3317,#3318,#196,.T.);
#4079=EDGE_CURVE('',#3318,#3319,#1718,.T.);
#4080=EDGE_CURVE('',#3319,#3312,#197,.T.);
#4081=EDGE_CURVE('',#3320,#3321,#1719,.T.);
#4082=EDGE_CURVE('',#3321,#3322,#198,.T.);
#4083=EDGE_CURVE('',#3322,#3323,#1720,.T.);
#4084=EDGE_CURVE('',#3323,#3324,#199,.T.);
#4085=EDGE_CURVE('',#3324,#3325,#1721,.T.);
#4086=EDGE_CURVE('',#3325,#3326,#200,.T.);
#4087=EDGE_CURVE('',#3326,#3327,#1722,.T.);
#4088=EDGE_CURVE('',#3327,#3320,#201,.T.);
#4089=EDGE_CURVE('',#3328,#3329,#1723,.T.);
#4090=EDGE_CURVE('',#3329,#3330,#202,.T.);
#4091=EDGE_CURVE('',#3330,#3331,#1724,.T.);
#4092=EDGE_CURVE('',#3331,#3332,#203,.T.);
#4093=EDGE_CURVE('',#3332,#3333,#1725,.T.);
#4094=EDGE_CURVE('',#3333,#3334,#204,.T.);
#4095=EDGE_CURVE('',#3334,#3335,#1726,.T.);
#4096=EDGE_CURVE('',#3335,#3328,#205,.T.);
#4097=EDGE_CURVE('',#3336,#3337,#1727,.T.);
#4098=EDGE_CURVE('',#3337,#3338,#206,.T.);
#4099=EDGE_CURVE('',#3338,#3339,#1728,.T.);
#4100=EDGE_CURVE('',#3339,#3340,#207,.T.);
#4101=EDGE_CURVE('',#3340,#3341,#1729,.T.);
#4102=EDGE_CURVE('',#3341,#3342,#208,.T.);
#4103=EDGE_CURVE('',#3342,#3343,#1730,.T.);
#4104=EDGE_CURVE('',#3343,#3336,#209,.T.);
#4105=EDGE_CURVE('',#3344,#3345,#1731,.T.);
#4106=EDGE_CURVE('',#3345,#3346,#210,.T.);
#4107=EDGE_CURVE('',#3346,#3347,#1732,.T.);
#4108=EDGE_CURVE('',#3347,#3348,#211,.T.);
#4109=EDGE_CURVE('',#3348,#3349,#1733,.T.);
#4110=EDGE_CURVE('',#3349,#3350,#212,.T.);
#4111=EDGE_CURVE('',#3350,#3351,#1734,.T.);
#4112=EDGE_CURVE('',#3351,#3344,#213,.T.);
#4113=EDGE_CURVE('',#3352,#3353,#1735,.T.);
#4114=EDGE_CURVE('',#3353,#3354,#214,.T.);
#4115=EDGE_CURVE('',#3354,#3355,#1736,.T.);
#4116=EDGE_CURVE('',#3355,#3356,#215,.T.);
#4117=EDGE_CURVE('',#3356,#3357,#1737,.T.);
#4118=EDGE_CURVE('',#3357,#3358,#216,.T.);
#4119=EDGE_CURVE('',#3358,#3359,#1738,.T.);
#4120=EDGE_CURVE('',#3359,#3352,#217,.T.);
#4121=EDGE_CURVE('',#3360,#3361,#1739,.T.);
#4122=EDGE_CURVE('',#3361,#3362,#218,.T.);
#4123=EDGE_CURVE('',#3362,#3363,#1740,.T.);
#4124=EDGE_CURVE('',#3363,#3364,#219,.T.);
#4125=EDGE_CURVE('',#3364,#3365,#1741,.T.);
#4126=EDGE_CURVE('',#3365,#3366,#220,.T.);
#4127=EDGE_CURVE('',#3366,#3367,#1742,.T.);
#4128=EDGE_CURVE('',#3367,#3360,#221,.T.);
#4129=EDGE_CURVE('',#3260,#3257,#1743,.T.);
#4130=EDGE_CURVE('',#3268,#3267,#1744,.T.);
#4131=EDGE_CURVE('',#3368,#3368,#222,.T.);
#4132=EDGE_CURVE('',#3368,#3369,#223,.T.);
#4133=EDGE_CURVE('',#3369,#3369,#224,.T.);
#4134=EDGE_CURVE('',#3370,#3371,#225,.T.);
#4135=EDGE_CURVE('',#3370,#3372,#226,.T.);
#4136=EDGE_CURVE('',#3372,#3174,#1745,.T.);
#4137=EDGE_CURVE('',#3173,#3373,#227,.T.);
#4138=EDGE_CURVE('',#3373,#3374,#1746,.T.);
#4139=EDGE_CURVE('',#3374,#3375,#228,.T.);
#4140=EDGE_CURVE('',#3375,#3376,#1747,.T.);
#4141=EDGE_CURVE('',#3376,#3377,#1748,.T.);
#4142=EDGE_CURVE('',#3377,#3378,#229,.T.);
#4143=EDGE_CURVE('',#3378,#3379,#1749,.T.);
#4144=EDGE_CURVE('',#3379,#3380,#1750,.T.);
#4145=EDGE_CURVE('',#3380,#3381,#1751,.T.);
#4146=EDGE_CURVE('',#3381,#3382,#230,.T.);
#4147=EDGE_CURVE('',#3382,#3383,#1752,.T.);
#4148=EDGE_CURVE('',#3383,#3384,#1753,.T.);
#4149=EDGE_CURVE('',#3384,#3385,#231,.T.);
#4150=EDGE_CURVE('',#3385,#3386,#1754,.T.);
#4151=EDGE_CURVE('',#3386,#3190,#232,.T.);
#4152=EDGE_CURVE('',#3189,#3387,#1755,.T.);
#4153=EDGE_CURVE('',#3387,#3388,#233,.T.);
#4154=EDGE_CURVE('',#3389,#3388,#234,.T.);
#4155=EDGE_CURVE('',#3390,#3389,#235,.T.);
#4156=EDGE_CURVE('',#3390,#3391,#236,.T.);
#4157=EDGE_CURVE('',#3391,#3182,#1756,.T.);
#4158=EDGE_CURVE('',#3181,#3392,#1757,.T.);
#4159=EDGE_CURVE('',#3392,#3371,#237,.T.);
#4160=EDGE_CURVE('',#3393,#3394,#238,.T.);
#4161=EDGE_CURVE('',#3394,#3393,#239,.T.);
#4162=EDGE_CURVE('',#3395,#3396,#240,.T.);
#4163=EDGE_CURVE('',#3396,#3395,#241,.T.);
#4164=EDGE_CURVE('',#3397,#3397,#242,.T.);
#4165=EDGE_CURVE('',#3398,#3398,#243,.T.);
#4166=EDGE_CURVE('',#3398,#3368,#1758,.T.);
#4167=EDGE_CURVE('',#3399,#3400,#244,.T.);
#4168=EDGE_CURVE('',#3400,#3401,#1759,.T.);
#4169=EDGE_CURVE('',#3401,#3402,#245,.T.);
#4170=EDGE_CURVE('',#3402,#3399,#1760,.T.);
#4171=EDGE_CURVE('',#3396,#3399,#246,.T.);
#4172=EDGE_CURVE('',#3399,#3403,#247,.T.);
#4173=EDGE_CURVE('',#3403,#3395,#248,.T.);
#4174=EDGE_CURVE('',#3396,#3400,#249,.T.);
#4175=EDGE_CURVE('',#3404,#3403,#250,.T.);
#4176=EDGE_CURVE('',#3403,#3405,#1761,.T.);
#4177=EDGE_CURVE('',#3405,#3406,#251,.T.);
#4178=EDGE_CURVE('',#3406,#3404,#1762,.T.);
#4179=EDGE_CURVE('',#3404,#3395,#252,.T.);
#4180=EDGE_CURVE('',#3404,#3400,#253,.T.);
#4181=EDGE_CURVE('',#3407,#3407,#254,.T.);
#4182=EDGE_CURVE('',#3407,#3397,#255,.T.);
#4183=EDGE_CURVE('',#3408,#3408,#256,.T.);
#4184=EDGE_CURVE('',#3408,#3407,#1763,.T.);
#4185=EDGE_CURVE('',#3409,#3410,#257,.T.);
#4186=EDGE_CURVE('',#3410,#3411,#1764,.T.);
#4187=EDGE_CURVE('',#3411,#3412,#258,.T.);
#4188=EDGE_CURVE('',#3412,#3409,#1765,.T.);
#4189=EDGE_CURVE('',#3394,#3409,#259,.T.);
#4190=EDGE_CURVE('',#3409,#3413,#260,.T.);
#4191=EDGE_CURVE('',#3413,#3393,#261,.T.);
#4192=EDGE_CURVE('',#3394,#3410,#262,.T.);
#4193=EDGE_CURVE('',#3414,#3413,#263,.T.);
#4194=EDGE_CURVE('',#3413,#3415,#1766,.T.);
#4195=EDGE_CURVE('',#3415,#3416,#264,.T.);
#4196=EDGE_CURVE('',#3416,#3414,#1767,.T.);
#4197=EDGE_CURVE('',#3414,#3393,#265,.T.);
#4198=EDGE_CURVE('',#3414,#3410,#266,.T.);
#4199=EDGE_CURVE('',#3417,#3417,#267,.T.);
#4200=EDGE_CURVE('',#3417,#3418,#1768,.T.);
#4201=EDGE_CURVE('',#3418,#3418,#268,.T.);
#4202=EDGE_CURVE('',#3416,#3419,#269,.T.);
#4203=EDGE_CURVE('',#3415,#3412,#270,.T.);
#4204=EDGE_CURVE('',#3419,#3411,#271,.T.);
#4205=EDGE_CURVE('',#3420,#3420,#272,.T.);
#4206=EDGE_CURVE('',#3420,#3421,#1769,.T.);
#4207=EDGE_CURVE('',#3421,#3421,#273,.T.);
#4208=EDGE_CURVE('',#3422,#3422,#274,.T.);
#4209=EDGE_CURVE('',#3422,#3423,#1770,.T.);
#4210=EDGE_CURVE('',#3423,#3423,#275,.T.);
#4211=EDGE_CURVE('',#3406,#3424,#276,.T.);
#4212=EDGE_CURVE('',#3405,#3402,#277,.T.);
#4213=EDGE_CURVE('',#3424,#3401,#278,.T.);
#4214=EDGE_CURVE('',#3425,#3425,#279,.T.);
#4215=EDGE_CURVE('',#3426,#3427,#280,.T.);
#4216=EDGE_CURVE('',#3426,#3427,#281,.T.);
#4217=EDGE_CURVE('',#3425,#3428,#1771,.T.);
#4218=EDGE_CURVE('',#3428,#3428,#282,.T.);
#4219=EDGE_CURVE('',#3427,#3429,#1772,.T.);
#4220=EDGE_CURVE('',#3430,#3426,#1773,.T.);
#4221=EDGE_CURVE('',#3429,#3430,#283,.T.);
#4222=EDGE_CURVE('',#3431,#3430,#284,.T.);
#4223=EDGE_CURVE('',#3429,#3431,#285,.T.);
#4224=EDGE_CURVE('',#3432,#3432,#286,.T.);
#4225=EDGE_CURVE('',#3432,#3433,#1774,.T.);
#4226=EDGE_CURVE('',#3433,#3433,#287,.T.);
#4227=EDGE_CURVE('',#3434,#3434,#288,.T.);
#4228=EDGE_CURVE('',#3434,#3435,#1775,.T.);
#4229=EDGE_CURVE('',#3435,#3435,#289,.T.);
#4230=EDGE_CURVE('',#3436,#3436,#290,.T.);
#4231=EDGE_CURVE('',#3436,#3437,#1776,.T.);
#4232=EDGE_CURVE('',#3437,#3437,#291,.T.);
#4233=EDGE_CURVE('',#3438,#3438,#292,.T.);
#4234=EDGE_CURVE('',#3438,#3439,#1777,.T.);
#4235=EDGE_CURVE('',#3439,#3439,#293,.T.);
#4236=EDGE_CURVE('',#3440,#3441,#294,.T.);
#4237=EDGE_CURVE('',#3442,#3440,#1778,.T.);
#4238=EDGE_CURVE('',#3443,#3442,#295,.T.);
#4239=EDGE_CURVE('',#3441,#3443,#1779,.T.);
#4240=EDGE_CURVE('',#3441,#3440,#296,.T.);
#4241=EDGE_CURVE('',#3444,#3444,#297,.T.);
#4242=EDGE_CURVE('',#3444,#3445,#1780,.T.);
#4243=EDGE_CURVE('',#3445,#3445,#298,.T.);
#4244=EDGE_CURVE('',#3446,#3446,#299,.T.);
#4245=EDGE_CURVE('',#3446,#3431,#1781,.T.);
#4246=EDGE_CURVE('',#3447,#3447,#300,.T.);
#4247=EDGE_CURVE('',#3447,#3448,#1782,.T.);
#4248=EDGE_CURVE('',#3448,#3448,#301,.T.);
#4249=EDGE_CURVE('',#3449,#3449,#302,.T.);
#4250=EDGE_CURVE('',#3449,#3450,#1783,.T.);
#4251=EDGE_CURVE('',#3450,#3450,#303,.T.);
#4252=EDGE_CURVE('',#3451,#3452,#1784,.T.);
#4253=EDGE_CURVE('',#3451,#3277,#1785,.T.);
#4254=EDGE_CURVE('',#3452,#3276,#1786,.T.);
#4255=EDGE_CURVE('',#3452,#3453,#304,.T.);
#4256=EDGE_CURVE('',#3453,#3275,#1787,.T.);
#4257=EDGE_CURVE('',#3453,#3454,#1788,.T.);
#4258=EDGE_CURVE('',#3454,#3274,#1789,.T.);
#4259=EDGE_CURVE('',#3454,#3455,#305,.T.);
#4260=EDGE_CURVE('',#3455,#3273,#1790,.T.);
#4261=EDGE_CURVE('',#3455,#3456,#1791,.T.);
#4262=EDGE_CURVE('',#3272,#3456,#1792,.T.);
#4263=EDGE_CURVE('',#3457,#3451,#306,.T.);
#4264=EDGE_CURVE('',#3457,#3278,#1793,.T.);
#4265=EDGE_CURVE('',#3458,#3457,#1794,.T.);
#4266=EDGE_CURVE('',#3458,#3279,#1795,.T.);
#4267=EDGE_CURVE('',#3456,#3458,#307,.T.);
#4268=EDGE_CURVE('',#3459,#3460,#1796,.T.);
#4269=EDGE_CURVE('',#3459,#3285,#1797,.T.);
#4270=EDGE_CURVE('',#3460,#3284,#1798,.T.);
#4271=EDGE_CURVE('',#3460,#3461,#308,.T.);
#4272=EDGE_CURVE('',#3461,#3283,#1799,.T.);
#4273=EDGE_CURVE('',#3461,#3462,#1800,.T.);
#4274=EDGE_CURVE('',#3462,#3282,#1801,.T.);
#4275=EDGE_CURVE('',#3462,#3463,#309,.T.);
#4276=EDGE_CURVE('',#3463,#3281,#1802,.T.);
#4277=EDGE_CURVE('',#3463,#3464,#1803,.T.);
#4278=EDGE_CURVE('',#3280,#3464,#1804,.T.);
#4279=EDGE_CURVE('',#3465,#3459,#310,.T.);
#4280=EDGE_CURVE('',#3465,#3286,#1805,.T.);
#4281=EDGE_CURVE('',#3466,#3465,#1806,.T.);
#4282=EDGE_CURVE('',#3466,#3287,#1807,.T.);
#4283=EDGE_CURVE('',#3464,#3466,#311,.T.);
#4284=EDGE_CURVE('',#3467,#3468,#1808,.T.);
#4285=EDGE_CURVE('',#3467,#3293,#1809,.T.);
#4286=EDGE_CURVE('',#3468,#3292,#1810,.T.);
#4287=EDGE_CURVE('',#3468,#3469,#312,.T.);
#4288=EDGE_CURVE('',#3469,#3291,#1811,.T.);
#4289=EDGE_CURVE('',#3469,#3470,#1812,.T.);
#4290=EDGE_CURVE('',#3470,#3290,#1813,.T.);
#4291=EDGE_CURVE('',#3470,#3471,#313,.T.);
#4292=EDGE_CURVE('',#3471,#3289,#1814,.T.);
#4293=EDGE_CURVE('',#3471,#3472,#1815,.T.);
#4294=EDGE_CURVE('',#3288,#3472,#1816,.T.);
#4295=EDGE_CURVE('',#3473,#3467,#314,.T.);
#4296=EDGE_CURVE('',#3473,#3294,#1817,.T.);
#4297=EDGE_CURVE('',#3474,#3473,#1818,.T.);
#4298=EDGE_CURVE('',#3474,#3295,#1819,.T.);
#4299=EDGE_CURVE('',#3472,#3474,#315,.T.);
#4300=EDGE_CURVE('',#3475,#3476,#1820,.T.);
#4301=EDGE_CURVE('',#3475,#3301,#1821,.T.);
#4302=EDGE_CURVE('',#3476,#3300,#1822,.T.);
#4303=EDGE_CURVE('',#3476,#3477,#316,.T.);
#4304=EDGE_CURVE('',#3477,#3299,#1823,.T.);
#4305=EDGE_CURVE('',#3477,#3478,#1824,.T.);
#4306=EDGE_CURVE('',#3478,#3298,#1825,.T.);
#4307=EDGE_CURVE('',#3478,#3479,#317,.T.);
#4308=EDGE_CURVE('',#3479,#3297,#1826,.T.);
#4309=EDGE_CURVE('',#3479,#3480,#1827,.T.);
#4310=EDGE_CURVE('',#3296,#3480,#1828,.T.);
#4311=EDGE_CURVE('',#3481,#3475,#318,.T.);
#4312=EDGE_CURVE('',#3481,#3302,#1829,.T.);
#4313=EDGE_CURVE('',#3482,#3481,#1830,.T.);
#4314=EDGE_CURVE('',#3482,#3303,#1831,.T.);
#4315=EDGE_CURVE('',#3480,#3482,#319,.T.);
#4316=EDGE_CURVE('',#3483,#3484,#1832,.T.);
#4317=EDGE_CURVE('',#3483,#3309,#1833,.T.);
#4318=EDGE_CURVE('',#3484,#3308,#1834,.T.);
#4319=EDGE_CURVE('',#3484,#3485,#320,.T.);
#4320=EDGE_CURVE('',#3485,#3307,#1835,.T.);
#4321=EDGE_CURVE('',#3485,#3486,#1836,.T.);
#4322=EDGE_CURVE('',#3486,#3306,#1837,.T.);
#4323=EDGE_CURVE('',#3486,#3487,#321,.T.);
#4324=EDGE_CURVE('',#3487,#3305,#1838,.T.);
#4325=EDGE_CURVE('',#3487,#3488,#1839,.T.);
#4326=EDGE_CURVE('',#3304,#3488,#1840,.T.);
#4327=EDGE_CURVE('',#3489,#3483,#322,.T.);
#4328=EDGE_CURVE('',#3489,#3310,#1841,.T.);
#4329=EDGE_CURVE('',#3490,#3489,#1842,.T.);
#4330=EDGE_CURVE('',#3490,#3311,#1843,.T.);
#4331=EDGE_CURVE('',#3488,#3490,#323,.T.);
#4332=EDGE_CURVE('',#3491,#3492,#1844,.T.);
#4333=EDGE_CURVE('',#3491,#3317,#1845,.T.);
#4334=EDGE_CURVE('',#3492,#3316,#1846,.T.);
#4335=EDGE_CURVE('',#3492,#3493,#324,.T.);
#4336=EDGE_CURVE('',#3493,#3315,#1847,.T.);
#4337=EDGE_CURVE('',#3493,#3494,#1848,.T.);
#4338=EDGE_CURVE('',#3494,#3314,#1849,.T.);
#4339=EDGE_CURVE('',#3494,#3495,#325,.T.);
#4340=EDGE_CURVE('',#3495,#3313,#1850,.T.);
#4341=EDGE_CURVE('',#3495,#3496,#1851,.T.);
#4342=EDGE_CURVE('',#3312,#3496,#1852,.T.);
#4343=EDGE_CURVE('',#3497,#3491,#326,.T.);
#4344=EDGE_CURVE('',#3497,#3318,#1853,.T.);
#4345=EDGE_CURVE('',#3498,#3497,#1854,.T.);
#4346=EDGE_CURVE('',#3498,#3319,#1855,.T.);
#4347=EDGE_CURVE('',#3496,#3498,#327,.T.);
#4348=EDGE_CURVE('',#3499,#3500,#1856,.T.);
#4349=EDGE_CURVE('',#3499,#3325,#1857,.T.);
#4350=EDGE_CURVE('',#3500,#3324,#1858,.T.);
#4351=EDGE_CURVE('',#3500,#3501,#328,.T.);
#4352=EDGE_CURVE('',#3501,#3323,#1859,.T.);
#4353=EDGE_CURVE('',#3501,#3502,#1860,.T.);
#4354=EDGE_CURVE('',#3502,#3322,#1861,.T.);
#4355=EDGE_CURVE('',#3502,#3503,#329,.T.);
#4356=EDGE_CURVE('',#3503,#3321,#1862,.T.);
#4357=EDGE_CURVE('',#3503,#3504,#1863,.T.);
#4358=EDGE_CURVE('',#3320,#3504,#1864,.T.);
#4359=EDGE_CURVE('',#3505,#3499,#330,.T.);
#4360=EDGE_CURVE('',#3505,#3326,#1865,.T.);
#4361=EDGE_CURVE('',#3506,#3505,#1866,.T.);
#4362=EDGE_CURVE('',#3506,#3327,#1867,.T.);
#4363=EDGE_CURVE('',#3504,#3506,#331,.T.);
#4364=EDGE_CURVE('',#3507,#3508,#1868,.T.);
#4365=EDGE_CURVE('',#3507,#3333,#1869,.T.);
#4366=EDGE_CURVE('',#3508,#3332,#1870,.T.);
#4367=EDGE_CURVE('',#3508,#3509,#332,.T.);
#4368=EDGE_CURVE('',#3509,#3331,#1871,.T.);
#4369=EDGE_CURVE('',#3509,#3510,#1872,.T.);
#4370=EDGE_CURVE('',#3510,#3330,#1873,.T.);
#4371=EDGE_CURVE('',#3510,#3511,#333,.T.);
#4372=EDGE_CURVE('',#3511,#3329,#1874,.T.);
#4373=EDGE_CURVE('',#3511,#3512,#1875,.T.);
#4374=EDGE_CURVE('',#3328,#3512,#1876,.T.);
#4375=EDGE_CURVE('',#3513,#3507,#334,.T.);
#4376=EDGE_CURVE('',#3513,#3334,#1877,.T.);
#4377=EDGE_CURVE('',#3514,#3513,#1878,.T.);
#4378=EDGE_CURVE('',#3514,#3335,#1879,.T.);
#4379=EDGE_CURVE('',#3512,#3514,#335,.T.);
#4380=EDGE_CURVE('',#3515,#3516,#1880,.T.);
#4381=EDGE_CURVE('',#3515,#3341,#1881,.T.);
#4382=EDGE_CURVE('',#3516,#3340,#1882,.T.);
#4383=EDGE_CURVE('',#3516,#3517,#336,.T.);
#4384=EDGE_CURVE('',#3517,#3339,#1883,.T.);
#4385=EDGE_CURVE('',#3517,#3518,#1884,.T.);
#4386=EDGE_CURVE('',#3518,#3338,#1885,.T.);
#4387=EDGE_CURVE('',#3518,#3519,#337,.T.);
#4388=EDGE_CURVE('',#3519,#3337,#1886,.T.);
#4389=EDGE_CURVE('',#3519,#3520,#1887,.T.);
#4390=EDGE_CURVE('',#3336,#3520,#1888,.T.);
#4391=EDGE_CURVE('',#3521,#3515,#338,.T.);
#4392=EDGE_CURVE('',#3521,#3342,#1889,.T.);
#4393=EDGE_CURVE('',#3522,#3521,#1890,.T.);
#4394=EDGE_CURVE('',#3522,#3343,#1891,.T.);
#4395=EDGE_CURVE('',#3520,#3522,#339,.T.);
#4396=EDGE_CURVE('',#3523,#3524,#1892,.T.);
#4397=EDGE_CURVE('',#3523,#3349,#1893,.T.);
#4398=EDGE_CURVE('',#3524,#3348,#1894,.T.);
#4399=EDGE_CURVE('',#3524,#3525,#340,.T.);
#4400=EDGE_CURVE('',#3525,#3347,#1895,.T.);
#4401=EDGE_CURVE('',#3525,#3526,#1896,.T.);
#4402=EDGE_CURVE('',#3526,#3346,#1897,.T.);
#4403=EDGE_CURVE('',#3526,#3527,#341,.T.);
#4404=EDGE_CURVE('',#3527,#3345,#1898,.T.);
#4405=EDGE_CURVE('',#3527,#3528,#1899,.T.);
#4406=EDGE_CURVE('',#3344,#3528,#1900,.T.);
#4407=EDGE_CURVE('',#3529,#3523,#342,.T.);
#4408=EDGE_CURVE('',#3529,#3350,#1901,.T.);
#4409=EDGE_CURVE('',#3530,#3529,#1902,.T.);
#4410=EDGE_CURVE('',#3530,#3351,#1903,.T.);
#4411=EDGE_CURVE('',#3528,#3530,#343,.T.);
#4412=EDGE_CURVE('',#3531,#3532,#1904,.T.);
#4413=EDGE_CURVE('',#3531,#3357,#1905,.T.);
#4414=EDGE_CURVE('',#3532,#3356,#1906,.T.);
#4415=EDGE_CURVE('',#3532,#3533,#344,.T.);
#4416=EDGE_CURVE('',#3533,#3355,#1907,.T.);
#4417=EDGE_CURVE('',#3533,#3534,#1908,.T.);
#4418=EDGE_CURVE('',#3534,#3354,#1909,.T.);
#4419=EDGE_CURVE('',#3534,#3535,#345,.T.);
#4420=EDGE_CURVE('',#3535,#3353,#1910,.T.);
#4421=EDGE_CURVE('',#3535,#3536,#1911,.T.);
#4422=EDGE_CURVE('',#3352,#3536,#1912,.T.);
#4423=EDGE_CURVE('',#3537,#3531,#346,.T.);
#4424=EDGE_CURVE('',#3537,#3358,#1913,.T.);
#4425=EDGE_CURVE('',#3538,#3537,#1914,.T.);
#4426=EDGE_CURVE('',#3538,#3359,#1915,.T.);
#4427=EDGE_CURVE('',#3536,#3538,#347,.T.);
#4428=EDGE_CURVE('',#3539,#3540,#1916,.T.);
#4429=EDGE_CURVE('',#3539,#3365,#1917,.T.);
#4430=EDGE_CURVE('',#3540,#3364,#1918,.T.);
#4431=EDGE_CURVE('',#3540,#3541,#348,.T.);
#4432=EDGE_CURVE('',#3541,#3363,#1919,.T.);
#4433=EDGE_CURVE('',#3541,#3542,#1920,.T.);
#4434=EDGE_CURVE('',#3542,#3362,#1921,.T.);
#4435=EDGE_CURVE('',#3542,#3543,#349,.T.);
#4436=EDGE_CURVE('',#3543,#3361,#1922,.T.);
#4437=EDGE_CURVE('',#3543,#3544,#1923,.T.);
#4438=EDGE_CURVE('',#3360,#3544,#1924,.T.);
#4439=EDGE_CURVE('',#3545,#3539,#350,.T.);
#4440=EDGE_CURVE('',#3545,#3366,#1925,.T.);
#4441=EDGE_CURVE('',#3546,#3545,#1926,.T.);
#4442=EDGE_CURVE('',#3546,#3367,#1927,.T.);
#4443=EDGE_CURVE('',#3544,#3546,#351,.T.);
#4444=EDGE_CURVE('',#3236,#3170,#1928,.T.);
#4445=EDGE_CURVE('',#3237,#3169,#1929,.T.);
#4446=EDGE_CURVE('',#3238,#3168,#1930,.T.);
#4447=EDGE_CURVE('',#3167,#3239,#1931,.T.);
#4448=EDGE_CURVE('',#3232,#3166,#1932,.T.);
#4449=EDGE_CURVE('',#3233,#3165,#1933,.T.);
#4450=EDGE_CURVE('',#3234,#3172,#1934,.T.);
#4451=EDGE_CURVE('',#3235,#3171,#1935,.T.);
#4452=EDGE_CURVE('',#3228,#3162,#1936,.T.);
#4453=EDGE_CURVE('',#3229,#3161,#1937,.T.);
#4454=EDGE_CURVE('',#3230,#3160,#1938,.T.);
#4455=EDGE_CURVE('',#3159,#3231,#1939,.T.);
#4456=EDGE_CURVE('',#3224,#3158,#1940,.T.);
#4457=EDGE_CURVE('',#3225,#3157,#1941,.T.);
#4458=EDGE_CURVE('',#3226,#3164,#1942,.T.);
#4459=EDGE_CURVE('',#3227,#3163,#1943,.T.);
#4460=EDGE_CURVE('',#3220,#3154,#1944,.T.);
#4461=EDGE_CURVE('',#3221,#3153,#1945,.T.);
#4462=EDGE_CURVE('',#3222,#3152,#1946,.T.);
#4463=EDGE_CURVE('',#3151,#3223,#1947,.T.);
#4464=EDGE_CURVE('',#3216,#3150,#1948,.T.);
#4465=EDGE_CURVE('',#3217,#3149,#1949,.T.);
#4466=EDGE_CURVE('',#3218,#3156,#1950,.T.);
#4467=EDGE_CURVE('',#3219,#3155,#1951,.T.);
#4468=EDGE_CURVE('',#3212,#3146,#1952,.T.);
#4469=EDGE_CURVE('',#3213,#3145,#1953,.T.);
#4470=EDGE_CURVE('',#3214,#3144,#1954,.T.);
#4471=EDGE_CURVE('',#3143,#3215,#1955,.T.);
#4472=EDGE_CURVE('',#3208,#3142,#1956,.T.);
#4473=EDGE_CURVE('',#3209,#3141,#1957,.T.);
#4474=EDGE_CURVE('',#3210,#3148,#1958,.T.);
#4475=EDGE_CURVE('',#3211,#3147,#1959,.T.);
#4476=EDGE_CURVE('',#3204,#3138,#1960,.T.);
#4477=EDGE_CURVE('',#3205,#3137,#1961,.T.);
#4478=EDGE_CURVE('',#3206,#3136,#1962,.T.);
#4479=EDGE_CURVE('',#3135,#3207,#1963,.T.);
#4480=EDGE_CURVE('',#3200,#3134,#1964,.T.);
#4481=EDGE_CURVE('',#3201,#3133,#1965,.T.);
#4482=EDGE_CURVE('',#3202,#3140,#1966,.T.);
#4483=EDGE_CURVE('',#3203,#3139,#1967,.T.);
#4484=EDGE_CURVE('',#3196,#3130,#1968,.T.);
#4485=EDGE_CURVE('',#3197,#3129,#1969,.T.);
#4486=EDGE_CURVE('',#3198,#3128,#1970,.T.);
#4487=EDGE_CURVE('',#3127,#3199,#1971,.T.);
#4488=EDGE_CURVE('',#3192,#3126,#1972,.T.);
#4489=EDGE_CURVE('',#3193,#3125,#1973,.T.);
#4490=EDGE_CURVE('',#3194,#3132,#1974,.T.);
#4491=EDGE_CURVE('',#3195,#3131,#1975,.T.);
#4492=EDGE_CURVE('',#3547,#3548,#1976,.T.);
#4493=EDGE_CURVE('',#3547,#3549,#1977,.T.);
#4494=EDGE_CURVE('',#3550,#3549,#1978,.T.);
#4495=EDGE_CURVE('',#3548,#3550,#1979,.T.);
#4496=EDGE_CURVE('',#3548,#3551,#352,.T.);
#4497=EDGE_CURVE('',#3552,#3550,#353,.T.);
#4498=EDGE_CURVE('',#3551,#3552,#1980,.T.);
#4499=EDGE_CURVE('',#3551,#3553,#1981,.T.);
#4500=EDGE_CURVE('',#3554,#3552,#1982,.T.);
#4501=EDGE_CURVE('',#3554,#3553,#1983,.T.);
#4502=EDGE_CURVE('',#3553,#3555,#354,.T.);
#4503=EDGE_CURVE('',#3556,#3554,#355,.T.);
#4504=EDGE_CURVE('',#3555,#3556,#1984,.T.);
#4505=EDGE_CURVE('',#3555,#3557,#1985,.T.);
#4506=EDGE_CURVE('',#3558,#3556,#1986,.T.);
#4507=EDGE_CURVE('',#3557,#3558,#1987,.T.);
#4508=EDGE_CURVE('',#3557,#3559,#356,.T.);
#4509=EDGE_CURVE('',#3560,#3558,#357,.T.);
#4510=EDGE_CURVE('',#3559,#3560,#1988,.T.);
#4511=EDGE_CURVE('',#3559,#3561,#1989,.T.);
#4512=EDGE_CURVE('',#3562,#3560,#1990,.T.);
#4513=EDGE_CURVE('',#3561,#3562,#1991,.T.);
#4514=EDGE_CURVE('',#3561,#3547,#358,.T.);
#4515=EDGE_CURVE('',#3549,#3562,#359,.T.);
#4516=EDGE_CURVE('',#3563,#3564,#1992,.T.);
#4517=EDGE_CURVE('',#3563,#3565,#1993,.T.);
#4518=EDGE_CURVE('',#3566,#3565,#1994,.T.);
#4519=EDGE_CURVE('',#3564,#3566,#1995,.T.);
#4520=EDGE_CURVE('',#3564,#3567,#360,.T.);
#4521=EDGE_CURVE('',#3568,#3566,#361,.T.);
#4522=EDGE_CURVE('',#3567,#3568,#1996,.T.);
#4523=EDGE_CURVE('',#3567,#3569,#1997,.T.);
#4524=EDGE_CURVE('',#3570,#3568,#1998,.T.);
#4525=EDGE_CURVE('',#3570,#3569,#1999,.T.);
#4526=EDGE_CURVE('',#3569,#3571,#362,.T.);
#4527=EDGE_CURVE('',#3572,#3570,#363,.T.);
#4528=EDGE_CURVE('',#3571,#3572,#2000,.T.);
#4529=EDGE_CURVE('',#3571,#3573,#2001,.T.);
#4530=EDGE_CURVE('',#3574,#3572,#2002,.T.);
#4531=EDGE_CURVE('',#3573,#3574,#2003,.T.);
#4532=EDGE_CURVE('',#3573,#3575,#364,.T.);
#4533=EDGE_CURVE('',#3576,#3574,#365,.T.);
#4534=EDGE_CURVE('',#3575,#3576,#2004,.T.);
#4535=EDGE_CURVE('',#3575,#3577,#2005,.T.);
#4536=EDGE_CURVE('',#3578,#3576,#2006,.T.);
#4537=EDGE_CURVE('',#3577,#3578,#2007,.T.);
#4538=EDGE_CURVE('',#3577,#3563,#366,.T.);
#4539=EDGE_CURVE('',#3565,#3578,#367,.T.);
#4540=EDGE_CURVE('',#3579,#3580,#2008,.T.);
#4541=EDGE_CURVE('',#3579,#3581,#2009,.T.);
#4542=EDGE_CURVE('',#3582,#3581,#2010,.T.);
#4543=EDGE_CURVE('',#3580,#3582,#2011,.T.);
#4544=EDGE_CURVE('',#3580,#3583,#368,.T.);
#4545=EDGE_CURVE('',#3584,#3582,#369,.T.);
#4546=EDGE_CURVE('',#3583,#3584,#2012,.T.);
#4547=EDGE_CURVE('',#3583,#3585,#2013,.T.);
#4548=EDGE_CURVE('',#3586,#3584,#2014,.T.);
#4549=EDGE_CURVE('',#3586,#3585,#2015,.T.);
#4550=EDGE_CURVE('',#3585,#3587,#370,.T.);
#4551=EDGE_CURVE('',#3588,#3586,#371,.T.);
#4552=EDGE_CURVE('',#3587,#3588,#2016,.T.);
#4553=EDGE_CURVE('',#3587,#3589,#2017,.T.);
#4554=EDGE_CURVE('',#3590,#3588,#2018,.T.);
#4555=EDGE_CURVE('',#3589,#3590,#2019,.T.);
#4556=EDGE_CURVE('',#3589,#3591,#372,.T.);
#4557=EDGE_CURVE('',#3592,#3590,#373,.T.);
#4558=EDGE_CURVE('',#3591,#3592,#2020,.T.);
#4559=EDGE_CURVE('',#3591,#3593,#2021,.T.);
#4560=EDGE_CURVE('',#3594,#3592,#2022,.T.);
#4561=EDGE_CURVE('',#3593,#3594,#2023,.T.);
#4562=EDGE_CURVE('',#3593,#3579,#374,.T.);
#4563=EDGE_CURVE('',#3581,#3594,#375,.T.);
#4564=EDGE_CURVE('',#3595,#3596,#2024,.T.);
#4565=EDGE_CURVE('',#3595,#3597,#2025,.T.);
#4566=EDGE_CURVE('',#3598,#3597,#2026,.T.);
#4567=EDGE_CURVE('',#3596,#3598,#2027,.T.);
#4568=EDGE_CURVE('',#3596,#3599,#376,.T.);
#4569=EDGE_CURVE('',#3600,#3598,#377,.T.);
#4570=EDGE_CURVE('',#3599,#3600,#2028,.T.);
#4571=EDGE_CURVE('',#3599,#3601,#2029,.T.);
#4572=EDGE_CURVE('',#3602,#3600,#2030,.T.);
#4573=EDGE_CURVE('',#3602,#3601,#2031,.T.);
#4574=EDGE_CURVE('',#3601,#3603,#378,.T.);
#4575=EDGE_CURVE('',#3604,#3602,#379,.T.);
#4576=EDGE_CURVE('',#3603,#3604,#2032,.T.);
#4577=EDGE_CURVE('',#3603,#3605,#2033,.T.);
#4578=EDGE_CURVE('',#3606,#3604,#2034,.T.);
#4579=EDGE_CURVE('',#3605,#3606,#2035,.T.);
#4580=EDGE_CURVE('',#3605,#3607,#380,.T.);
#4581=EDGE_CURVE('',#3608,#3606,#381,.T.);
#4582=EDGE_CURVE('',#3607,#3608,#2036,.T.);
#4583=EDGE_CURVE('',#3607,#3609,#2037,.T.);
#4584=EDGE_CURVE('',#3610,#3608,#2038,.T.);
#4585=EDGE_CURVE('',#3609,#3610,#2039,.T.);
#4586=EDGE_CURVE('',#3609,#3595,#382,.T.);
#4587=EDGE_CURVE('',#3597,#3610,#383,.T.);
#4588=EDGE_CURVE('',#3611,#3612,#2040,.T.);
#4589=EDGE_CURVE('',#3611,#3613,#2041,.T.);
#4590=EDGE_CURVE('',#3614,#3613,#2042,.T.);
#4591=EDGE_CURVE('',#3612,#3614,#2043,.T.);
#4592=EDGE_CURVE('',#3612,#3615,#384,.T.);
#4593=EDGE_CURVE('',#3616,#3614,#385,.T.);
#4594=EDGE_CURVE('',#3615,#3616,#2044,.T.);
#4595=EDGE_CURVE('',#3615,#3617,#2045,.T.);
#4596=EDGE_CURVE('',#3618,#3616,#2046,.T.);
#4597=EDGE_CURVE('',#3618,#3617,#2047,.T.);
#4598=EDGE_CURVE('',#3617,#3619,#386,.T.);
#4599=EDGE_CURVE('',#3620,#3618,#387,.T.);
#4600=EDGE_CURVE('',#3619,#3620,#2048,.T.);
#4601=EDGE_CURVE('',#3619,#3621,#2049,.T.);
#4602=EDGE_CURVE('',#3622,#3620,#2050,.T.);
#4603=EDGE_CURVE('',#3621,#3622,#2051,.T.);
#4604=EDGE_CURVE('',#3621,#3623,#388,.T.);
#4605=EDGE_CURVE('',#3624,#3622,#389,.T.);
#4606=EDGE_CURVE('',#3623,#3624,#2052,.T.);
#4607=EDGE_CURVE('',#3623,#3625,#2053,.T.);
#4608=EDGE_CURVE('',#3626,#3624,#2054,.T.);
#4609=EDGE_CURVE('',#3625,#3626,#2055,.T.);
#4610=EDGE_CURVE('',#3625,#3611,#390,.T.);
#4611=EDGE_CURVE('',#3613,#3626,#391,.T.);
#4612=EDGE_CURVE('',#3627,#3628,#2056,.T.);
#4613=EDGE_CURVE('',#3627,#3629,#2057,.T.);
#4614=EDGE_CURVE('',#3630,#3629,#2058,.T.);
#4615=EDGE_CURVE('',#3628,#3630,#2059,.T.);
#4616=EDGE_CURVE('',#3628,#3631,#392,.T.);
#4617=EDGE_CURVE('',#3632,#3630,#393,.T.);
#4618=EDGE_CURVE('',#3631,#3632,#2060,.T.);
#4619=EDGE_CURVE('',#3631,#3633,#2061,.T.);
#4620=EDGE_CURVE('',#3634,#3632,#2062,.T.);
#4621=EDGE_CURVE('',#3634,#3633,#2063,.T.);
#4622=EDGE_CURVE('',#3633,#3635,#394,.T.);
#4623=EDGE_CURVE('',#3636,#3634,#395,.T.);
#4624=EDGE_CURVE('',#3635,#3636,#2064,.T.);
#4625=EDGE_CURVE('',#3635,#3637,#2065,.T.);
#4626=EDGE_CURVE('',#3638,#3636,#2066,.T.);
#4627=EDGE_CURVE('',#3637,#3638,#2067,.T.);
#4628=EDGE_CURVE('',#3637,#3639,#396,.T.);
#4629=EDGE_CURVE('',#3640,#3638,#397,.T.);
#4630=EDGE_CURVE('',#3639,#3640,#2068,.T.);
#4631=EDGE_CURVE('',#3639,#3641,#2069,.T.);
#4632=EDGE_CURVE('',#3642,#3640,#2070,.T.);
#4633=EDGE_CURVE('',#3641,#3642,#2071,.T.);
#4634=EDGE_CURVE('',#3641,#3627,#398,.T.);
#4635=EDGE_CURVE('',#3629,#3642,#399,.T.);
#4636=EDGE_CURVE('',#3271,#3123,#400,.T.);
#4637=EDGE_CURVE('',#3643,#3243,#2072,.T.);
#4638=EDGE_CURVE('',#3643,#3644,#401,.T.);
#4639=EDGE_CURVE('',#3644,#3114,#2073,.T.);
#4640=EDGE_CURVE('',#3645,#3645,#402,.T.);
#4641=EDGE_CURVE('',#3645,#3424,#2074,.T.);
#4642=EDGE_CURVE('',#3646,#3646,#403,.T.);
#4643=EDGE_CURVE('',#3646,#3419,#2075,.T.);
#4644=EDGE_CURVE('',#3370,#3647,#19,.T.);
#4645=EDGE_CURVE('',#3648,#3371,#20,.T.);
#4646=EDGE_CURVE('',#3648,#3647,#404,.T.);
#4647=EDGE_CURVE('',#3392,#3649,#2076,.T.);
#4648=EDGE_CURVE('',#3649,#3650,#405,.T.);
#4649=EDGE_CURVE('',#3650,#3648,#2077,.T.);
#4650=EDGE_CURVE('',#3651,#3651,#406,.T.);
#4651=EDGE_CURVE('',#3651,#3389,#407,.T.);
#4652=EDGE_CURVE('',#3390,#3388,#21,.T.);
#4653=EDGE_CURVE('',#3387,#3652,#2078,.T.);
#4654=EDGE_CURVE('',#3652,#3653,#408,.T.);
#4655=EDGE_CURVE('',#3391,#3653,#2079,.T.);
#4656=EDGE_CURVE('',#3654,#3654,#409,.T.);
#4657=EDGE_CURVE('',#3654,#3651,#2080,.T.);
#4658=EDGE_CURVE('',#3650,#3655,#410,.T.);
#4659=EDGE_CURVE('',#3647,#3655,#2081,.T.);
#4660=EDGE_CURVE('',#3655,#3656,#411,.T.);
#4661=EDGE_CURVE('',#3372,#3656,#2082,.T.);
#4662=EDGE_CURVE('',#3657,#3658,#2083,.T.);
#4663=EDGE_CURVE('',#3659,#3657,#2084,.T.);
#4664=EDGE_CURVE('',#3660,#3659,#2085,.T.);
#4665=EDGE_CURVE('',#3658,#3660,#2086,.T.);
#4666=EDGE_CURVE('',#3660,#3661,#2087,.T.);
#4667=EDGE_CURVE('',#3661,#3662,#2088,.T.);
#4668=EDGE_CURVE('',#3658,#3662,#2089,.T.);
#4669=EDGE_CURVE('',#3657,#3663,#2090,.T.);
#4670=EDGE_CURVE('',#3663,#3664,#2091,.T.);
#4671=EDGE_CURVE('',#3659,#3664,#2092,.T.);
#4672=EDGE_CURVE('',#3665,#3663,#2093,.T.);
#4673=EDGE_CURVE('',#3666,#3665,#2094,.F.);
#4674=EDGE_CURVE('',#3664,#3666,#2095,.T.);
#4675=EDGE_CURVE('',#3662,#3667,#2096,.T.);
#4676=EDGE_CURVE('',#3668,#3661,#2097,.T.);
#4677=EDGE_CURVE('',#3667,#3668,#2098,.F.);
#4678=EDGE_CURVE('',#3385,#3249,#2099,.T.);
#4679=EDGE_CURVE('',#3384,#3250,#2100,.T.);
#4680=EDGE_CURVE('',#3386,#3248,#2101,.T.);
#4681=EDGE_CURVE('',#3373,#3247,#2102,.T.);
#4682=EDGE_CURVE('',#3665,#3246,#2103,.T.);
#4683=EDGE_CURVE('',#3666,#3245,#2104,.F.);
#4684=EDGE_CURVE('',#3374,#3240,#2105,.T.);
#4685=EDGE_CURVE('',#3667,#3241,#2106,.F.);
#4686=EDGE_CURVE('',#3375,#3115,#2107,.T.);
#4687=EDGE_CURVE('',#3383,#3669,#2108,.T.);
#4688=EDGE_CURVE('',#3669,#3670,#2109,.T.);
#4689=EDGE_CURVE('',#3670,#3671,#2110,.T.);
#4690=EDGE_CURVE('',#3671,#3672,#2111,.T.);
#4691=EDGE_CURVE('',#3673,#3672,#2112,.T.);
#4692=EDGE_CURVE('',#3673,#3674,#2113,.T.);
#4693=EDGE_CURVE('',#3380,#3674,#2114,.T.);
#4694=EDGE_CURVE('',#3379,#3675,#2115,.T.);
#4695=EDGE_CURVE('',#3675,#3676,#2116,.T.);
#4696=EDGE_CURVE('',#3676,#3677,#2117,.T.);
#4697=EDGE_CURVE('',#3677,#3678,#2118,.T.);
#4698=EDGE_CURVE('',#3679,#3678,#2119,.T.);
#4699=EDGE_CURVE('',#3679,#3680,#2120,.T.);
#4700=EDGE_CURVE('',#3376,#3680,#2121,.T.);
#4701=EDGE_CURVE('',#3668,#3242,#2122,.T.);
#4702=EDGE_CURVE('',#3681,#3682,#2123,.T.);
#4703=EDGE_CURVE('',#3681,#3683,#2124,.T.);
#4704=EDGE_CURVE('',#3683,#3684,#2125,.T.);
#4705=EDGE_CURVE('',#3682,#3684,#2126,.T.);
#4706=EDGE_CURVE('',#3685,#3681,#412,.T.);
#4707=EDGE_CURVE('',#3685,#3686,#2127,.T.);
#4708=EDGE_CURVE('',#3686,#3683,#413,.T.);
#4709=EDGE_CURVE('',#3687,#3685,#2128,.T.);
#4710=EDGE_CURVE('',#3687,#3688,#2129,.T.);
#4711=EDGE_CURVE('',#3688,#3686,#2130,.T.);
#4712=EDGE_CURVE('',#3689,#3687,#414,.T.);
#4713=EDGE_CURVE('',#3689,#3690,#2131,.T.);
#4714=EDGE_CURVE('',#3690,#3688,#415,.T.);
#4715=EDGE_CURVE('',#3691,#3689,#2132,.T.);
#4716=EDGE_CURVE('',#3691,#3692,#2133,.T.);
#4717=EDGE_CURVE('',#3692,#3690,#2134,.T.);
#4718=EDGE_CURVE('',#3693,#3691,#416,.T.);
#4719=EDGE_CURVE('',#3693,#3694,#2135,.T.);
#4720=EDGE_CURVE('',#3694,#3692,#417,.T.);
#4721=EDGE_CURVE('',#3695,#3693,#2136,.T.);
#4722=EDGE_CURVE('',#3695,#3696,#2137,.T.);
#4723=EDGE_CURVE('',#3696,#3694,#2138,.T.);
#4724=EDGE_CURVE('',#3697,#3695,#418,.T.);
#4725=EDGE_CURVE('',#3697,#3698,#2139,.T.);
#4726=EDGE_CURVE('',#3698,#3696,#419,.T.);
#4727=EDGE_CURVE('',#3699,#3697,#2140,.T.);
#4728=EDGE_CURVE('',#3699,#3700,#2141,.T.);
#4729=EDGE_CURVE('',#3700,#3698,#2142,.T.);
#4730=EDGE_CURVE('',#3701,#3699,#420,.T.);
#4731=EDGE_CURVE('',#3701,#3702,#2143,.T.);
#4732=EDGE_CURVE('',#3702,#3700,#421,.T.);
#4733=EDGE_CURVE('',#3679,#3701,#2144,.T.);
#4734=EDGE_CURVE('',#3678,#3702,#2145,.T.);
#4735=EDGE_CURVE('',#3703,#3704,#422,.T.);
#4736=EDGE_CURVE('',#3703,#3705,#2146,.T.);
#4737=EDGE_CURVE('',#3705,#3706,#423,.T.);
#4738=EDGE_CURVE('',#3704,#3706,#2147,.T.);
#4739=EDGE_CURVE('',#3707,#3703,#2148,.T.);
#4740=EDGE_CURVE('',#3707,#3708,#2149,.T.);
#4741=EDGE_CURVE('',#3708,#3705,#2150,.T.);
#4742=EDGE_CURVE('',#3704,#3707,#2151,.T.);
#4743=EDGE_CURVE('',#3706,#3708,#2152,.T.);
#4744=EDGE_CURVE('',#3709,#3710,#2153,.T.);
#4745=EDGE_CURVE('',#3709,#3711,#2154,.T.);
#4746=EDGE_CURVE('',#3711,#3712,#2155,.T.);
#4747=EDGE_CURVE('',#3710,#3712,#2156,.T.);
#4748=EDGE_CURVE('',#3710,#3713,#424,.T.);
#4749=EDGE_CURVE('',#3712,#3714,#425,.T.);
#4750=EDGE_CURVE('',#3713,#3714,#2157,.T.);
#4751=EDGE_CURVE('',#3713,#3715,#2158,.T.);
#4752=EDGE_CURVE('',#3714,#3716,#2159,.T.);
#4753=EDGE_CURVE('',#3715,#3716,#2160,.T.);
#4754=EDGE_CURVE('',#3715,#3717,#426,.T.);
#4755=EDGE_CURVE('',#3716,#3718,#427,.T.);
#4756=EDGE_CURVE('',#3717,#3718,#2161,.T.);
#4757=EDGE_CURVE('',#3717,#3719,#2162,.T.);
#4758=EDGE_CURVE('',#3718,#3720,#2163,.T.);
#4759=EDGE_CURVE('',#3719,#3720,#2164,.T.);
#4760=EDGE_CURVE('',#3719,#3721,#428,.T.);
#4761=EDGE_CURVE('',#3720,#3722,#429,.T.);
#4762=EDGE_CURVE('',#3721,#3722,#2165,.T.);
#4763=EDGE_CURVE('',#3721,#3723,#2166,.T.);
#4764=EDGE_CURVE('',#3722,#3724,#2167,.T.);
#4765=EDGE_CURVE('',#3723,#3724,#2168,.T.);
#4766=EDGE_CURVE('',#3723,#3725,#430,.T.);
#4767=EDGE_CURVE('',#3724,#3726,#431,.T.);
#4768=EDGE_CURVE('',#3725,#3726,#2169,.T.);
#4769=EDGE_CURVE('',#3725,#3727,#2170,.T.);
#4770=EDGE_CURVE('',#3726,#3728,#2171,.T.);
#4771=EDGE_CURVE('',#3727,#3728,#2172,.T.);
#4772=EDGE_CURVE('',#3727,#3729,#432,.T.);
#4773=EDGE_CURVE('',#3728,#3730,#433,.T.);
#4774=EDGE_CURVE('',#3729,#3730,#2173,.T.);
#4775=EDGE_CURVE('',#3729,#3676,#2174,.T.);
#4776=EDGE_CURVE('',#3730,#3677,#2175,.T.);
#4777=EDGE_CURVE('',#3731,#3711,#434,.T.);
#4778=EDGE_CURVE('',#3732,#3731,#2176,.T.);
#4779=EDGE_CURVE('',#3733,#3732,#435,.T.);
#4780=EDGE_CURVE('',#3734,#3733,#2177,.T.);
#4781=EDGE_CURVE('',#3735,#3734,#436,.T.);
#4782=EDGE_CURVE('',#3736,#3735,#2178,.T.);
#4783=EDGE_CURVE('',#3737,#3736,#437,.T.);
#4784=EDGE_CURVE('',#3738,#3737,#2179,.T.);
#4785=EDGE_CURVE('',#3684,#3738,#438,.T.);
#4786=EDGE_CURVE('',#3739,#3682,#2180,.T.);
#4787=EDGE_CURVE('',#3740,#3739,#2181,.T.);
#4788=EDGE_CURVE('',#3741,#3740,#439,.T.);
#4789=EDGE_CURVE('',#3742,#3741,#2182,.T.);
#4790=EDGE_CURVE('',#3743,#3742,#2183,.T.);
#4791=EDGE_CURVE('',#3744,#3743,#440,.T.);
#4792=EDGE_CURVE('',#3745,#3744,#2184,.T.);
#4793=EDGE_CURVE('',#3746,#3745,#2185,.T.);
#4794=EDGE_CURVE('',#3747,#3746,#441,.T.);
#4795=EDGE_CURVE('',#3748,#3747,#2186,.T.);
#4796=EDGE_CURVE('',#3749,#3748,#2187,.T.);
#4797=EDGE_CURVE('',#3750,#3749,#442,.T.);
#4798=EDGE_CURVE('',#3751,#3750,#2188,.T.);
#4799=EDGE_CURVE('',#3709,#3751,#2189,.T.);
#4800=EDGE_CURVE('',#3752,#3675,#2190,.T.);
#4801=EDGE_CURVE('',#3753,#3752,#443,.T.);
#4802=EDGE_CURVE('',#3680,#3753,#2191,.T.);
#4803=EDGE_CURVE('',#3754,#3755,#444,.T.);
#4804=EDGE_CURVE('',#3754,#3756,#2192,.T.);
#4805=EDGE_CURVE('',#3756,#3757,#445,.T.);
#4806=EDGE_CURVE('',#3755,#3757,#2193,.T.);
#4807=EDGE_CURVE('',#3758,#3754,#2194,.T.);
#4808=EDGE_CURVE('',#3758,#3759,#2195,.T.);
#4809=EDGE_CURVE('',#3759,#3756,#2196,.T.);
#4810=EDGE_CURVE('',#3760,#3758,#446,.T.);
#4811=EDGE_CURVE('',#3760,#3761,#2197,.T.);
#4812=EDGE_CURVE('',#3761,#3759,#447,.T.);
#4813=EDGE_CURVE('',#3762,#3760,#2198,.T.);
#4814=EDGE_CURVE('',#3762,#3763,#2199,.T.);
#4815=EDGE_CURVE('',#3763,#3761,#2200,.T.);
#4816=EDGE_CURVE('',#3764,#3762,#448,.T.);
#4817=EDGE_CURVE('',#3764,#3765,#2201,.T.);
#4818=EDGE_CURVE('',#3765,#3763,#449,.T.);
#4819=EDGE_CURVE('',#3766,#3764,#2202,.T.);
#4820=EDGE_CURVE('',#3766,#3767,#2203,.T.);
#4821=EDGE_CURVE('',#3767,#3765,#2204,.T.);
#4822=EDGE_CURVE('',#3768,#3766,#450,.T.);
#4823=EDGE_CURVE('',#3768,#3769,#2205,.T.);
#4824=EDGE_CURVE('',#3769,#3767,#451,.T.);
#4825=EDGE_CURVE('',#3770,#3768,#2206,.T.);
#4826=EDGE_CURVE('',#3770,#3771,#2207,.T.);
#4827=EDGE_CURVE('',#3771,#3769,#2208,.T.);
#4828=EDGE_CURVE('',#3772,#3770,#452,.T.);
#4829=EDGE_CURVE('',#3772,#3773,#2209,.T.);
#4830=EDGE_CURVE('',#3773,#3771,#453,.T.);
#4831=EDGE_CURVE('',#3774,#3772,#2210,.T.);
#4832=EDGE_CURVE('',#3774,#3775,#2211,.T.);
#4833=EDGE_CURVE('',#3775,#3773,#2212,.T.);
#4834=EDGE_CURVE('',#3776,#3774,#454,.T.);
#4835=EDGE_CURVE('',#3776,#3777,#2213,.T.);
#4836=EDGE_CURVE('',#3777,#3775,#455,.T.);
#4837=EDGE_CURVE('',#3778,#3776,#2214,.T.);
#4838=EDGE_CURVE('',#3778,#3779,#2215,.T.);
#4839=EDGE_CURVE('',#3779,#3777,#2216,.T.);
#4840=EDGE_CURVE('',#3780,#3778,#456,.T.);
#4841=EDGE_CURVE('',#3780,#3781,#2217,.T.);
#4842=EDGE_CURVE('',#3781,#3779,#457,.T.);
#4843=EDGE_CURVE('',#3782,#3780,#2218,.T.);
#4844=EDGE_CURVE('',#3782,#3783,#2219,.T.);
#4845=EDGE_CURVE('',#3783,#3781,#2220,.T.);
#4846=EDGE_CURVE('',#3784,#3782,#458,.T.);
#4847=EDGE_CURVE('',#3784,#3785,#2221,.T.);
#4848=EDGE_CURVE('',#3785,#3783,#459,.T.);
#4849=EDGE_CURVE('',#3786,#3784,#2222,.T.);
#4850=EDGE_CURVE('',#3786,#3787,#2223,.T.);
#4851=EDGE_CURVE('',#3787,#3785,#2224,.T.);
#4852=EDGE_CURVE('',#3755,#3788,#2225,.T.);
#4853=EDGE_CURVE('',#3757,#3789,#2226,.T.);
#4854=EDGE_CURVE('',#3788,#3789,#2227,.T.);
#4855=EDGE_CURVE('',#3788,#3790,#460,.T.);
#4856=EDGE_CURVE('',#3789,#3791,#461,.T.);
#4857=EDGE_CURVE('',#3790,#3791,#2228,.T.);
#4858=EDGE_CURVE('',#3790,#3792,#2229,.T.);
#4859=EDGE_CURVE('',#3791,#3793,#2230,.T.);
#4860=EDGE_CURVE('',#3792,#3793,#2231,.T.);
#4861=EDGE_CURVE('',#3792,#3794,#462,.T.);
#4862=EDGE_CURVE('',#3793,#3795,#463,.T.);
#4863=EDGE_CURVE('',#3794,#3795,#2232,.T.);
#4864=EDGE_CURVE('',#3794,#3796,#2233,.T.);
#4865=EDGE_CURVE('',#3795,#3797,#2234,.T.);
#4866=EDGE_CURVE('',#3796,#3797,#2235,.T.);
#4867=EDGE_CURVE('',#3796,#3798,#464,.T.);
#4868=EDGE_CURVE('',#3797,#3799,#465,.T.);
#4869=EDGE_CURVE('',#3798,#3799,#2236,.T.);
#4870=EDGE_CURVE('',#3798,#3800,#2237,.T.);
#4871=EDGE_CURVE('',#3799,#3801,#2238,.T.);
#4872=EDGE_CURVE('',#3800,#3801,#2239,.T.);
#4873=EDGE_CURVE('',#3802,#3803,#466,.T.);
#4874=EDGE_CURVE('',#3802,#3804,#2240,.T.);
#4875=EDGE_CURVE('',#3804,#3805,#467,.T.);
#4876=EDGE_CURVE('',#3803,#3805,#2241,.T.);
#4877=EDGE_CURVE('',#3803,#3670,#2242,.T.);
#4878=EDGE_CURVE('',#3805,#3671,#2243,.T.);
#4879=EDGE_CURVE('',#3673,#3806,#2244,.T.);
#4880=EDGE_CURVE('',#3672,#3807,#2245,.T.);
#4881=EDGE_CURVE('',#3806,#3807,#2246,.T.);
#4882=EDGE_CURVE('',#3806,#3786,#468,.T.);
#4883=EDGE_CURVE('',#3807,#3787,#469,.T.);
#4884=EDGE_CURVE('',#3808,#3804,#2247,.T.);
#4885=EDGE_CURVE('',#3809,#3808,#470,.T.);
#4886=EDGE_CURVE('',#3810,#3809,#2248,.T.);
#4887=EDGE_CURVE('',#3801,#3810,#471,.T.);
#4888=EDGE_CURVE('',#3179,#3811,#2249,.T.);
#4889=EDGE_CURVE('',#3178,#3812,#2250,.T.);
#4890=EDGE_CURVE('',#3811,#3812,#2251,.T.);
#4891=EDGE_CURVE('',#3813,#3176,#2252,.T.);
#4892=EDGE_CURVE('',#3813,#3814,#2253,.T.);
#4893=EDGE_CURVE('',#3814,#3177,#2254,.T.);
#4894=EDGE_CURVE('',#3811,#3813,#472,.T.);
#4895=EDGE_CURVE('',#3812,#3814,#473,.T.);
#4896=EDGE_CURVE('',#3180,#3649,#2255,.T.);
#4897=EDGE_CURVE('',#3656,#3175,#2256,.T.);
#4898=EDGE_CURVE('',#3187,#3815,#2257,.T.);
#4899=EDGE_CURVE('',#3186,#3816,#2258,.T.);
#4900=EDGE_CURVE('',#3815,#3816,#2259,.T.);
#4901=EDGE_CURVE('',#3815,#3817,#474,.T.);
#4902=EDGE_CURVE('',#3816,#3818,#475,.T.);
#4903=EDGE_CURVE('',#3817,#3818,#2260,.T.);
#4904=EDGE_CURVE('',#3817,#3184,#2261,.T.);
#4905=EDGE_CURVE('',#3818,#3185,#2262,.T.);
#4906=EDGE_CURVE('',#3443,#3442,#476,.T.);
#4907=EDGE_CURVE('',#3653,#3183,#2263,.T.);
#4908=EDGE_CURVE('',#3188,#3652,#2264,.T.);
#4909=EDGE_CURVE('',#3819,#3800,#2265,.T.);
#4910=EDGE_CURVE('',#3820,#3800,#2266,.T.);
#4911=EDGE_CURVE('',#3821,#3820,#2267,.T.);
#4912=EDGE_CURVE('',#3821,#3819,#2268,.T.);
#4913=EDGE_CURVE('',#3822,#3823,#2269,.T.);
#4914=EDGE_CURVE('',#3820,#3822,#477,.T.);
#4915=EDGE_CURVE('',#3823,#3810,#2270,.T.);
#4916=EDGE_CURVE('',#3824,#3825,#2271,.T.);
#4917=EDGE_CURVE('',#3822,#3824,#2272,.T.);
#4918=EDGE_CURVE('',#3825,#3809,#2273,.T.);
#4919=EDGE_CURVE('',#3826,#3827,#2274,.T.);
#4920=EDGE_CURVE('',#3824,#3826,#478,.T.);
#4921=EDGE_CURVE('',#3827,#3808,#2275,.T.);
#4922=EDGE_CURVE('',#3828,#3802,#2276,.T.);
#4923=EDGE_CURVE('',#3826,#3828,#2277,.T.);
#4924=EDGE_CURVE('',#3829,#3669,#2278,.T.);
#4925=EDGE_CURVE('',#3382,#3829,#2279,.T.);
#4926=EDGE_CURVE('',#3802,#3827,#479,.T.);
#4927=EDGE_CURVE('',#3826,#3827,#2280,.T.);
#4928=EDGE_CURVE('',#3828,#3826,#480,.T.);
#4929=EDGE_CURVE('',#3827,#3830,#2281,.T.);
#4930=EDGE_CURVE('',#3831,#3830,#2282,.T.);
#4931=EDGE_CURVE('',#3826,#3831,#2283,.T.);
#4932=EDGE_CURVE('',#3830,#3825,#2284,.T.);
#4933=EDGE_CURVE('',#3824,#3825,#2285,.T.);
#4934=EDGE_CURVE('',#3831,#3824,#2286,.T.);
#4935=EDGE_CURVE('',#3825,#3823,#481,.T.);
#4936=EDGE_CURVE('',#3822,#3823,#2287,.T.);
#4937=EDGE_CURVE('',#3824,#3822,#482,.T.);
#4938=EDGE_CURVE('',#3823,#3819,#2288,.T.);
#4939=EDGE_CURVE('',#3822,#3821,#2289,.T.);
#4940=EDGE_CURVE('',#3674,#3832,#2290,.T.);
#4941=EDGE_CURVE('',#3381,#3832,#2291,.T.);
#4942=EDGE_CURVE('',#3832,#3829,#483,.T.);
#4943=EDGE_CURVE('',#3833,#3750,#2292,.T.);
#4944=EDGE_CURVE('',#3834,#3833,#2293,.T.);
#4945=EDGE_CURVE('',#3834,#3751,#2294,.T.);
#4946=EDGE_CURVE('',#3835,#3682,#2295,.T.);
#4947=EDGE_CURVE('',#3836,#3835,#2296,.T.);
#4948=EDGE_CURVE('',#3836,#3739,#2297,.T.);
#4949=EDGE_CURVE('',#3837,#3749,#2298,.T.);
#4950=EDGE_CURVE('',#3833,#3837,#484,.T.);
#4951=EDGE_CURVE('',#3838,#3747,#2299,.T.);
#4952=EDGE_CURVE('',#3839,#3838,#2300,.T.);
#4953=EDGE_CURVE('',#3839,#3748,#2301,.T.);
#4954=EDGE_CURVE('',#3840,#3740,#2302,.T.);
#4955=EDGE_CURVE('',#3835,#3840,#485,.T.);
#4956=EDGE_CURVE('',#3740,#3738,#2303,.T.);
#4957=EDGE_CURVE('',#3841,#3741,#2304,.T.);
#4958=EDGE_CURVE('',#3840,#3841,#2305,.T.);
#4959=EDGE_CURVE('',#3741,#3737,#2306,.T.);
#4960=EDGE_CURVE('',#3842,#3746,#2307,.T.);
#4961=EDGE_CURVE('',#3838,#3842,#486,.T.);
#4962=EDGE_CURVE('',#3843,#3744,#2308,.T.);
#4963=EDGE_CURVE('',#3844,#3843,#2309,.T.);
#4964=EDGE_CURVE('',#3844,#3745,#2310,.T.);
#4965=EDGE_CURVE('',#3841,#3741,#2311,.T.);
#4966=EDGE_CURVE('',#3845,#3841,#2312,.T.);
#4967=EDGE_CURVE('',#3845,#3742,#2313,.T.);
#4968=EDGE_CURVE('',#3846,#3743,#2314,.T.);
#4969=EDGE_CURVE('',#3841,#3846,#487,.T.);
#4970=EDGE_CURVE('',#3743,#3736,#2315,.T.);
#4971=EDGE_CURVE('',#3846,#3743,#2316,.T.);
#4972=EDGE_CURVE('',#3843,#3846,#488,.T.);
#4973=EDGE_CURVE('',#3378,#3752,#2317,.T.);
#4974=EDGE_CURVE('',#3377,#3753,#2318,.T.);
#4975=EDGE_CURVE('',#3843,#3744,#2319,.T.);
#4976=EDGE_CURVE('',#3846,#3843,#2320,.T.);
#4977=EDGE_CURVE('',#3744,#3735,#2321,.T.);
#4978=EDGE_CURVE('',#3842,#3746,#2322,.T.);
#4979=EDGE_CURVE('',#3843,#3842,#489,.T.);
#4980=EDGE_CURVE('',#3746,#3734,#2323,.T.);
#4981=EDGE_CURVE('',#3838,#3747,#2324,.T.);
#4982=EDGE_CURVE('',#3842,#3838,#2325,.T.);
#4983=EDGE_CURVE('',#3747,#3733,#2326,.T.);
#4984=EDGE_CURVE('',#3837,#3749,#2327,.T.);
#4985=EDGE_CURVE('',#3838,#3837,#490,.T.);
#4986=EDGE_CURVE('',#3749,#3732,#2328,.T.);
#4987=EDGE_CURVE('',#3833,#3750,#2329,.T.);
#4988=EDGE_CURVE('',#3837,#3833,#2330,.T.);
#4989=EDGE_CURVE('',#3750,#3731,#2331,.T.);
#4990=EDGE_CURVE('',#3847,#3709,#2332,.T.);
#4991=EDGE_CURVE('',#3833,#3847,#491,.T.);
#4992=EDGE_CURVE('',#3847,#3834,#2333,.T.);
#4993=EDGE_CURVE('',#3837,#3839,#2334,.T.);
#4994=EDGE_CURVE('',#3842,#3844,#2335,.T.);
#4995=EDGE_CURVE('',#3846,#3845,#2336,.T.);
#4996=EDGE_CURVE('',#3840,#3740,#2337,.T.);
#4997=EDGE_CURVE('',#3841,#3840,#492,.T.);
#4998=EDGE_CURVE('',#3840,#3836,#2338,.T.);
#4999=EDGE_CURVE('',#3124,#3848,#493,.T.);
#5000=EDGE_CURVE('',#3848,#3244,#2339,.T.);
#5001=EDGE_CURVE('',#3848,#3643,#2340,.T.);
#5002=EDGE_CURVE('',#3644,#3849,#2341,.T.);
#5003=EDGE_CURVE('',#3849,#3251,#2342,.T.);
#5004=EDGE_CURVE('',#3849,#3270,#494,.T.);
#5005=ORIENTED_EDGE('',*,*,#3850,.F.);
#5006=ORIENTED_EDGE('',*,*,#3851,.F.);
#5007=ORIENTED_EDGE('',*,*,#3852,.F.);
#5008=ORIENTED_EDGE('',*,*,#3853,.T.);
#5009=ORIENTED_EDGE('',*,*,#3854,.F.);
#5010=ORIENTED_EDGE('',*,*,#3855,.F.);
#5011=ORIENTED_EDGE('',*,*,#3856,.F.);
#5012=ORIENTED_EDGE('',*,*,#3857,.T.);
#5013=ORIENTED_EDGE('',*,*,#3858,.F.);
#5014=ORIENTED_EDGE('',*,*,#3853,.F.);
#5015=ORIENTED_EDGE('',*,*,#3859,.F.);
#5016=ORIENTED_EDGE('',*,*,#3860,.T.);
#5017=ORIENTED_EDGE('',*,*,#3861,.F.);
#5018=ORIENTED_EDGE('',*,*,#3857,.F.);
#5019=ORIENTED_EDGE('',*,*,#3862,.F.);
#5020=ORIENTED_EDGE('',*,*,#3863,.T.);
#5021=ORIENTED_EDGE('',*,*,#3864,.F.);
#5022=ORIENTED_EDGE('',*,*,#3860,.F.);
#5023=ORIENTED_EDGE('',*,*,#3865,.T.);
#5024=ORIENTED_EDGE('',*,*,#3866,.F.);
#5025=ORIENTED_EDGE('',*,*,#3867,.F.);
#5026=ORIENTED_EDGE('',*,*,#3863,.F.);
#5027=ORIENTED_EDGE('',*,*,#3868,.F.);
#5028=ORIENTED_EDGE('',*,*,#3869,.F.);
#5029=ORIENTED_EDGE('',*,*,#3862,.T.);
#5030=ORIENTED_EDGE('',*,*,#3856,.T.);
#5031=ORIENTED_EDGE('',*,*,#3870,.T.);
#5032=ORIENTED_EDGE('',*,*,#3871,.F.);
#5033=ORIENTED_EDGE('',*,*,#3872,.T.);
#5034=ORIENTED_EDGE('',*,*,#3873,.F.);
#5035=ORIENTED_EDGE('',*,*,#3874,.T.);
#5036=ORIENTED_EDGE('',*,*,#3875,.T.);
#5037=ORIENTED_EDGE('',*,*,#3876,.T.);
#5038=ORIENTED_EDGE('',*,*,#3877,.T.);
#5039=ORIENTED_EDGE('',*,*,#3878,.T.);
#5040=ORIENTED_EDGE('',*,*,#3879,.T.);
#5041=ORIENTED_EDGE('',*,*,#3880,.T.);
#5042=ORIENTED_EDGE('',*,*,#3881,.T.);
#5043=ORIENTED_EDGE('',*,*,#3882,.T.);
#5044=ORIENTED_EDGE('',*,*,#3883,.T.);
#5045=ORIENTED_EDGE('',*,*,#3884,.T.);
#5046=ORIENTED_EDGE('',*,*,#3885,.T.);
#5047=ORIENTED_EDGE('',*,*,#3886,.T.);
#5048=ORIENTED_EDGE('',*,*,#3887,.T.);
#5049=ORIENTED_EDGE('',*,*,#3888,.T.);
#5050=ORIENTED_EDGE('',*,*,#3889,.T.);
#5051=ORIENTED_EDGE('',*,*,#3890,.T.);
#5052=ORIENTED_EDGE('',*,*,#3891,.T.);
#5053=ORIENTED_EDGE('',*,*,#3892,.T.);
#5054=ORIENTED_EDGE('',*,*,#3893,.T.);
#5055=ORIENTED_EDGE('',*,*,#3894,.T.);
#5056=ORIENTED_EDGE('',*,*,#3895,.T.);
#5057=ORIENTED_EDGE('',*,*,#3896,.T.);
#5058=ORIENTED_EDGE('',*,*,#3897,.T.);
#5059=ORIENTED_EDGE('',*,*,#3898,.T.);
#5060=ORIENTED_EDGE('',*,*,#3899,.T.);
#5061=ORIENTED_EDGE('',*,*,#3900,.T.);
#5062=ORIENTED_EDGE('',*,*,#3901,.T.);
#5063=ORIENTED_EDGE('',*,*,#3902,.T.);
#5064=ORIENTED_EDGE('',*,*,#3903,.T.);
#5065=ORIENTED_EDGE('',*,*,#3904,.T.);
#5066=ORIENTED_EDGE('',*,*,#3905,.T.);
#5067=ORIENTED_EDGE('',*,*,#3906,.T.);
#5068=ORIENTED_EDGE('',*,*,#3907,.T.);
#5069=ORIENTED_EDGE('',*,*,#3908,.T.);
#5070=ORIENTED_EDGE('',*,*,#3909,.T.);
#5071=ORIENTED_EDGE('',*,*,#3910,.T.);
#5072=ORIENTED_EDGE('',*,*,#3911,.T.);
#5073=ORIENTED_EDGE('',*,*,#3912,.T.);
#5074=ORIENTED_EDGE('',*,*,#3913,.T.);
#5075=ORIENTED_EDGE('',*,*,#3914,.T.);
#5076=ORIENTED_EDGE('',*,*,#3915,.T.);
#5077=ORIENTED_EDGE('',*,*,#3916,.T.);
#5078=ORIENTED_EDGE('',*,*,#3917,.T.);
#5079=ORIENTED_EDGE('',*,*,#3918,.T.);
#5080=ORIENTED_EDGE('',*,*,#3919,.T.);
#5081=ORIENTED_EDGE('',*,*,#3920,.T.);
#5082=ORIENTED_EDGE('',*,*,#3921,.T.);
#5083=ORIENTED_EDGE('',*,*,#3854,.T.);
#5084=ORIENTED_EDGE('',*,*,#3861,.T.);
#5085=ORIENTED_EDGE('',*,*,#3922,.F.);
#5086=ORIENTED_EDGE('',*,*,#3923,.F.);
#5087=ORIENTED_EDGE('',*,*,#3924,.T.);
#5088=ORIENTED_EDGE('',*,*,#3925,.T.);
#5089=ORIENTED_EDGE('',*,*,#3926,.T.);
#5090=ORIENTED_EDGE('',*,*,#3927,.T.);
#5091=ORIENTED_EDGE('',*,*,#3928,.F.);
#5092=ORIENTED_EDGE('',*,*,#3929,.T.);
#5093=ORIENTED_EDGE('',*,*,#3930,.F.);
#5094=ORIENTED_EDGE('',*,*,#3931,.F.);
#5095=ORIENTED_EDGE('',*,*,#3932,.T.);
#5096=ORIENTED_EDGE('',*,*,#3933,.T.);
#5097=ORIENTED_EDGE('',*,*,#3934,.T.);
#5098=ORIENTED_EDGE('',*,*,#3935,.T.);
#5099=ORIENTED_EDGE('',*,*,#3936,.F.);
#5100=ORIENTED_EDGE('',*,*,#3937,.T.);
#5101=ORIENTED_EDGE('',*,*,#3938,.F.);
#5102=ORIENTED_EDGE('',*,*,#3939,.F.);
#5103=ORIENTED_EDGE('',*,*,#3940,.T.);
#5104=ORIENTED_EDGE('',*,*,#3941,.T.);
#5105=ORIENTED_EDGE('',*,*,#3942,.T.);
#5106=ORIENTED_EDGE('',*,*,#3943,.T.);
#5107=ORIENTED_EDGE('',*,*,#3944,.T.);
#5108=ORIENTED_EDGE('',*,*,#3945,.T.);
#5109=ORIENTED_EDGE('',*,*,#3946,.T.);
#5110=ORIENTED_EDGE('',*,*,#3947,.T.);
#5111=ORIENTED_EDGE('',*,*,#3948,.T.);
#5112=ORIENTED_EDGE('',*,*,#3949,.T.);
#5113=ORIENTED_EDGE('',*,*,#3950,.T.);
#5114=ORIENTED_EDGE('',*,*,#3951,.T.);
#5115=ORIENTED_EDGE('',*,*,#3952,.T.);
#5116=ORIENTED_EDGE('',*,*,#3953,.T.);
#5117=ORIENTED_EDGE('',*,*,#3954,.T.);
#5118=ORIENTED_EDGE('',*,*,#3955,.T.);
#5119=ORIENTED_EDGE('',*,*,#3956,.T.);
#5120=ORIENTED_EDGE('',*,*,#3957,.T.);
#5121=ORIENTED_EDGE('',*,*,#3958,.T.);
#5122=ORIENTED_EDGE('',*,*,#3959,.T.);
#5123=ORIENTED_EDGE('',*,*,#3960,.T.);
#5124=ORIENTED_EDGE('',*,*,#3961,.T.);
#5125=ORIENTED_EDGE('',*,*,#3962,.T.);
#5126=ORIENTED_EDGE('',*,*,#3963,.T.);
#5127=ORIENTED_EDGE('',*,*,#3964,.T.);
#5128=ORIENTED_EDGE('',*,*,#3965,.T.);
#5129=ORIENTED_EDGE('',*,*,#3966,.T.);
#5130=ORIENTED_EDGE('',*,*,#3967,.T.);
#5131=ORIENTED_EDGE('',*,*,#3968,.T.);
#5132=ORIENTED_EDGE('',*,*,#3969,.T.);
#5133=ORIENTED_EDGE('',*,*,#3970,.T.);
#5134=ORIENTED_EDGE('',*,*,#3971,.T.);
#5135=ORIENTED_EDGE('',*,*,#3972,.T.);
#5136=ORIENTED_EDGE('',*,*,#3973,.T.);
#5137=ORIENTED_EDGE('',*,*,#3974,.T.);
#5138=ORIENTED_EDGE('',*,*,#3975,.T.);
#5139=ORIENTED_EDGE('',*,*,#3976,.T.);
#5140=ORIENTED_EDGE('',*,*,#3977,.T.);
#5141=ORIENTED_EDGE('',*,*,#3978,.T.);
#5142=ORIENTED_EDGE('',*,*,#3979,.T.);
#5143=ORIENTED_EDGE('',*,*,#3980,.T.);
#5144=ORIENTED_EDGE('',*,*,#3981,.T.);
#5145=ORIENTED_EDGE('',*,*,#3982,.T.);
#5146=ORIENTED_EDGE('',*,*,#3983,.T.);
#5147=ORIENTED_EDGE('',*,*,#3984,.T.);
#5148=ORIENTED_EDGE('',*,*,#3985,.T.);
#5149=ORIENTED_EDGE('',*,*,#3986,.T.);
#5150=ORIENTED_EDGE('',*,*,#3987,.T.);
#5151=ORIENTED_EDGE('',*,*,#3988,.T.);
#5152=ORIENTED_EDGE('',*,*,#3989,.T.);
#5153=ORIENTED_EDGE('',*,*,#3866,.T.);
#5154=ORIENTED_EDGE('',*,*,#3990,.F.);
#5155=ORIENTED_EDGE('',*,*,#3991,.F.);
#5156=ORIENTED_EDGE('',*,*,#3992,.F.);
#5157=ORIENTED_EDGE('',*,*,#3993,.F.);
#5158=ORIENTED_EDGE('',*,*,#3994,.F.);
#5159=ORIENTED_EDGE('',*,*,#3869,.T.);
#5160=ORIENTED_EDGE('',*,*,#3995,.F.);
#5161=ORIENTED_EDGE('',*,*,#3996,.F.);
#5162=ORIENTED_EDGE('',*,*,#3997,.F.);
#5163=ORIENTED_EDGE('',*,*,#3998,.F.);
#5164=ORIENTED_EDGE('',*,*,#3999,.F.);
#5165=ORIENTED_EDGE('',*,*,#3855,.T.);
#5166=ORIENTED_EDGE('',*,*,#3941,.F.);
#5167=ORIENTED_EDGE('',*,*,#4000,.F.);
#5168=ORIENTED_EDGE('',*,*,#4001,.F.);
#5169=ORIENTED_EDGE('',*,*,#4002,.F.);
#5170=ORIENTED_EDGE('',*,*,#4003,.F.);
#5171=ORIENTED_EDGE('',*,*,#3851,.T.);
#5172=ORIENTED_EDGE('',*,*,#4004,.F.);
#5173=ORIENTED_EDGE('',*,*,#4005,.F.);
#5174=ORIENTED_EDGE('',*,*,#4006,.F.);
#5175=ORIENTED_EDGE('',*,*,#4007,.F.);
#5176=ORIENTED_EDGE('',*,*,#3870,.F.);
#5177=ORIENTED_EDGE('',*,*,#4008,.T.);
#5178=ORIENTED_EDGE('',*,*,#4009,.T.);
#5179=ORIENTED_EDGE('',*,*,#4010,.T.);
#5180=ORIENTED_EDGE('',*,*,#4011,.T.);
#5181=ORIENTED_EDGE('',*,*,#4009,.F.);
#5182=ORIENTED_EDGE('',*,*,#4012,.F.);
#5183=ORIENTED_EDGE('',*,*,#4013,.F.);
#5184=ORIENTED_EDGE('',*,*,#4014,.F.);
#5185=ORIENTED_EDGE('',*,*,#4015,.T.);
#5186=ORIENTED_EDGE('',*,*,#4016,.T.);
#5187=ORIENTED_EDGE('',*,*,#4017,.T.);
#5188=ORIENTED_EDGE('',*,*,#4018,.T.);
#5189=ORIENTED_EDGE('',*,*,#4016,.F.);
#5190=ORIENTED_EDGE('',*,*,#4019,.F.);
#5191=ORIENTED_EDGE('',*,*,#4020,.F.);
#5192=ORIENTED_EDGE('',*,*,#4021,.F.);
#5193=ORIENTED_EDGE('',*,*,#4022,.T.);
#5194=ORIENTED_EDGE('',*,*,#4020,.T.);
#5195=ORIENTED_EDGE('',*,*,#4023,.T.);
#5196=ORIENTED_EDGE('',*,*,#4024,.T.);
#5197=ORIENTED_EDGE('',*,*,#4025,.T.);
#5198=ORIENTED_EDGE('',*,*,#4013,.T.);
#5199=ORIENTED_EDGE('',*,*,#4026,.T.);
#5200=ORIENTED_EDGE('',*,*,#4027,.T.);
#5201=ORIENTED_EDGE('',*,*,#4028,.T.);
#5202=ORIENTED_EDGE('',*,*,#4029,.T.);
#5203=ORIENTED_EDGE('',*,*,#4006,.T.);
#5204=ORIENTED_EDGE('',*,*,#4030,.F.);
#5205=ORIENTED_EDGE('',*,*,#4031,.T.);
#5206=ORIENTED_EDGE('',*,*,#4017,.F.);
#5207=ORIENTED_EDGE('',*,*,#4021,.T.);
#5208=ORIENTED_EDGE('',*,*,#4022,.F.);
#5209=ORIENTED_EDGE('',*,*,#4032,.T.);
#5210=ORIENTED_EDGE('',*,*,#4026,.F.);
#5211=ORIENTED_EDGE('',*,*,#4012,.T.);
#5212=ORIENTED_EDGE('',*,*,#4008,.F.);
#5213=ORIENTED_EDGE('',*,*,#4033,.T.);
#5214=ORIENTED_EDGE('',*,*,#4034,.T.);
#5215=ORIENTED_EDGE('',*,*,#4035,.T.);
#5216=ORIENTED_EDGE('',*,*,#4036,.T.);
#5217=ORIENTED_EDGE('',*,*,#4037,.T.);
#5218=ORIENTED_EDGE('',*,*,#4038,.T.);
#5219=ORIENTED_EDGE('',*,*,#4039,.T.);
#5220=ORIENTED_EDGE('',*,*,#4040,.T.);
#5221=ORIENTED_EDGE('',*,*,#4041,.T.);
#5222=ORIENTED_EDGE('',*,*,#4042,.T.);
#5223=ORIENTED_EDGE('',*,*,#4043,.T.);
#5224=ORIENTED_EDGE('',*,*,#4044,.T.);
#5225=ORIENTED_EDGE('',*,*,#4045,.T.);
#5226=ORIENTED_EDGE('',*,*,#4046,.T.);
#5227=ORIENTED_EDGE('',*,*,#4047,.T.);
#5228=ORIENTED_EDGE('',*,*,#4048,.T.);
#5229=ORIENTED_EDGE('',*,*,#4049,.T.);
#5230=ORIENTED_EDGE('',*,*,#4050,.T.);
#5231=ORIENTED_EDGE('',*,*,#4051,.T.);
#5232=ORIENTED_EDGE('',*,*,#4052,.T.);
#5233=ORIENTED_EDGE('',*,*,#4053,.T.);
#5234=ORIENTED_EDGE('',*,*,#4054,.T.);
#5235=ORIENTED_EDGE('',*,*,#4055,.T.);
#5236=ORIENTED_EDGE('',*,*,#4056,.T.);
#5237=ORIENTED_EDGE('',*,*,#4057,.T.);
#5238=ORIENTED_EDGE('',*,*,#4058,.T.);
#5239=ORIENTED_EDGE('',*,*,#4059,.T.);
#5240=ORIENTED_EDGE('',*,*,#4060,.T.);
#5241=ORIENTED_EDGE('',*,*,#4061,.T.);
#5242=ORIENTED_EDGE('',*,*,#4062,.T.);
#5243=ORIENTED_EDGE('',*,*,#4063,.T.);
#5244=ORIENTED_EDGE('',*,*,#4064,.T.);
#5245=ORIENTED_EDGE('',*,*,#4065,.T.);
#5246=ORIENTED_EDGE('',*,*,#4066,.T.);
#5247=ORIENTED_EDGE('',*,*,#4067,.T.);
#5248=ORIENTED_EDGE('',*,*,#4068,.T.);
#5249=ORIENTED_EDGE('',*,*,#4069,.T.);
#5250=ORIENTED_EDGE('',*,*,#4070,.T.);
#5251=ORIENTED_EDGE('',*,*,#4071,.T.);
#5252=ORIENTED_EDGE('',*,*,#4072,.T.);
#5253=ORIENTED_EDGE('',*,*,#4073,.T.);
#5254=ORIENTED_EDGE('',*,*,#4074,.T.);
#5255=ORIENTED_EDGE('',*,*,#4075,.T.);
#5256=ORIENTED_EDGE('',*,*,#4076,.T.);
#5257=ORIENTED_EDGE('',*,*,#4077,.T.);
#5258=ORIENTED_EDGE('',*,*,#4078,.T.);
#5259=ORIENTED_EDGE('',*,*,#4079,.T.);
#5260=ORIENTED_EDGE('',*,*,#4080,.T.);
#5261=ORIENTED_EDGE('',*,*,#4081,.T.);
#5262=ORIENTED_EDGE('',*,*,#4082,.T.);
#5263=ORIENTED_EDGE('',*,*,#4083,.T.);
#5264=ORIENTED_EDGE('',*,*,#4084,.T.);
#5265=ORIENTED_EDGE('',*,*,#4085,.T.);
#5266=ORIENTED_EDGE('',*,*,#4086,.T.);
#5267=ORIENTED_EDGE('',*,*,#4087,.T.);
#5268=ORIENTED_EDGE('',*,*,#4088,.T.);
#5269=ORIENTED_EDGE('',*,*,#4089,.T.);
#5270=ORIENTED_EDGE('',*,*,#4090,.T.);
#5271=ORIENTED_EDGE('',*,*,#4091,.T.);
#5272=ORIENTED_EDGE('',*,*,#4092,.T.);
#5273=ORIENTED_EDGE('',*,*,#4093,.T.);
#5274=ORIENTED_EDGE('',*,*,#4094,.T.);
#5275=ORIENTED_EDGE('',*,*,#4095,.T.);
#5276=ORIENTED_EDGE('',*,*,#4096,.T.);
#5277=ORIENTED_EDGE('',*,*,#4097,.T.);
#5278=ORIENTED_EDGE('',*,*,#4098,.T.);
#5279=ORIENTED_EDGE('',*,*,#4099,.T.);
#5280=ORIENTED_EDGE('',*,*,#4100,.T.);
#5281=ORIENTED_EDGE('',*,*,#4101,.T.);
#5282=ORIENTED_EDGE('',*,*,#4102,.T.);
#5283=ORIENTED_EDGE('',*,*,#4103,.T.);
#5284=ORIENTED_EDGE('',*,*,#4104,.T.);
#5285=ORIENTED_EDGE('',*,*,#4105,.T.);
#5286=ORIENTED_EDGE('',*,*,#4106,.T.);
#5287=ORIENTED_EDGE('',*,*,#4107,.T.);
#5288=ORIENTED_EDGE('',*,*,#4108,.T.);
#5289=ORIENTED_EDGE('',*,*,#4109,.T.);
#5290=ORIENTED_EDGE('',*,*,#4110,.T.);
#5291=ORIENTED_EDGE('',*,*,#4111,.T.);
#5292=ORIENTED_EDGE('',*,*,#4112,.T.);
#5293=ORIENTED_EDGE('',*,*,#4113,.T.);
#5294=ORIENTED_EDGE('',*,*,#4114,.T.);
#5295=ORIENTED_EDGE('',*,*,#4115,.T.);
#5296=ORIENTED_EDGE('',*,*,#4116,.T.);
#5297=ORIENTED_EDGE('',*,*,#4117,.T.);
#5298=ORIENTED_EDGE('',*,*,#4118,.T.);
#5299=ORIENTED_EDGE('',*,*,#4119,.T.);
#5300=ORIENTED_EDGE('',*,*,#4120,.T.);
#5301=ORIENTED_EDGE('',*,*,#4121,.T.);
#5302=ORIENTED_EDGE('',*,*,#4122,.T.);
#5303=ORIENTED_EDGE('',*,*,#4123,.T.);
#5304=ORIENTED_EDGE('',*,*,#4124,.T.);
#5305=ORIENTED_EDGE('',*,*,#4125,.T.);
#5306=ORIENTED_EDGE('',*,*,#4126,.T.);
#5307=ORIENTED_EDGE('',*,*,#4127,.T.);
#5308=ORIENTED_EDGE('',*,*,#4128,.T.);
#5309=ORIENTED_EDGE('',*,*,#4011,.F.);
#5310=ORIENTED_EDGE('',*,*,#4129,.F.);
#5311=ORIENTED_EDGE('',*,*,#4018,.F.);
#5312=ORIENTED_EDGE('',*,*,#4031,.F.);
#5313=ORIENTED_EDGE('',*,*,#4024,.F.);
#5314=ORIENTED_EDGE('',*,*,#4130,.F.);
#5315=ORIENTED_EDGE('',*,*,#4027,.F.);
#5316=ORIENTED_EDGE('',*,*,#4032,.F.);
#5317=ORIENTED_EDGE('',*,*,#4131,.T.);
#5318=ORIENTED_EDGE('',*,*,#4132,.T.);
#5319=ORIENTED_EDGE('',*,*,#4133,.T.);
#5320=ORIENTED_EDGE('',*,*,#4132,.F.);
#5321=ORIENTED_EDGE('',*,*,#4134,.F.);
#5322=ORIENTED_EDGE('',*,*,#4135,.T.);
#5323=ORIENTED_EDGE('',*,*,#4136,.T.);
#5324=ORIENTED_EDGE('',*,*,#3923,.T.);
#5325=ORIENTED_EDGE('',*,*,#4137,.T.);
#5326=ORIENTED_EDGE('',*,*,#4138,.T.);
#5327=ORIENTED_EDGE('',*,*,#4139,.T.);
#5328=ORIENTED_EDGE('',*,*,#4140,.T.);
#5329=ORIENTED_EDGE('',*,*,#4141,.T.);
#5330=ORIENTED_EDGE('',*,*,#4142,.T.);
#5331=ORIENTED_EDGE('',*,*,#4143,.T.);
#5332=ORIENTED_EDGE('',*,*,#4144,.T.);
#5333=ORIENTED_EDGE('',*,*,#4145,.T.);
#5334=ORIENTED_EDGE('',*,*,#4146,.T.);
#5335=ORIENTED_EDGE('',*,*,#4147,.T.);
#5336=ORIENTED_EDGE('',*,*,#4148,.T.);
#5337=ORIENTED_EDGE('',*,*,#4149,.T.);
#5338=ORIENTED_EDGE('',*,*,#4150,.T.);
#5339=ORIENTED_EDGE('',*,*,#4151,.T.);
#5340=ORIENTED_EDGE('',*,*,#3939,.T.);
#5341=ORIENTED_EDGE('',*,*,#4152,.T.);
#5342=ORIENTED_EDGE('',*,*,#4153,.T.);
#5343=ORIENTED_EDGE('',*,*,#4154,.F.);
#5344=ORIENTED_EDGE('',*,*,#4155,.F.);
#5345=ORIENTED_EDGE('',*,*,#4156,.T.);
#5346=ORIENTED_EDGE('',*,*,#4157,.T.);
#5347=ORIENTED_EDGE('',*,*,#3931,.T.);
#5348=ORIENTED_EDGE('',*,*,#4158,.T.);
#5349=ORIENTED_EDGE('',*,*,#4159,.T.);
#5350=ORIENTED_EDGE('',*,*,#4160,.F.);
#5351=ORIENTED_EDGE('',*,*,#4161,.F.);
#5352=ORIENTED_EDGE('',*,*,#4162,.F.);
#5353=ORIENTED_EDGE('',*,*,#4163,.F.);
#5354=ORIENTED_EDGE('',*,*,#4164,.F.);
#5355=ORIENTED_EDGE('',*,*,#4133,.F.);
#5356=ORIENTED_EDGE('',*,*,#4165,.F.);
#5357=ORIENTED_EDGE('',*,*,#4166,.T.);
#5358=ORIENTED_EDGE('',*,*,#4131,.F.);
#5359=ORIENTED_EDGE('',*,*,#4166,.F.);
#5360=ORIENTED_EDGE('',*,*,#4167,.T.);
#5361=ORIENTED_EDGE('',*,*,#4168,.T.);
#5362=ORIENTED_EDGE('',*,*,#4169,.T.);
#5363=ORIENTED_EDGE('',*,*,#4170,.T.);
#5364=ORIENTED_EDGE('',*,*,#4171,.T.);
#5365=ORIENTED_EDGE('',*,*,#4172,.T.);
#5366=ORIENTED_EDGE('',*,*,#4173,.T.);
#5367=ORIENTED_EDGE('',*,*,#4162,.T.);
#5368=ORIENTED_EDGE('',*,*,#4171,.F.);
#5369=ORIENTED_EDGE('',*,*,#4174,.T.);
#5370=ORIENTED_EDGE('',*,*,#4167,.F.);
#5371=ORIENTED_EDGE('',*,*,#4175,.T.);
#5372=ORIENTED_EDGE('',*,*,#4176,.T.);
#5373=ORIENTED_EDGE('',*,*,#4177,.T.);
#5374=ORIENTED_EDGE('',*,*,#4178,.T.);
#5375=ORIENTED_EDGE('',*,*,#4175,.F.);
#5376=ORIENTED_EDGE('',*,*,#4179,.T.);
#5377=ORIENTED_EDGE('',*,*,#4173,.F.);
#5378=ORIENTED_EDGE('',*,*,#4174,.F.);
#5379=ORIENTED_EDGE('',*,*,#4163,.T.);
#5380=ORIENTED_EDGE('',*,*,#4179,.F.);
#5381=ORIENTED_EDGE('',*,*,#4180,.T.);
#5382=ORIENTED_EDGE('',*,*,#4181,.T.);
#5383=ORIENTED_EDGE('',*,*,#4182,.T.);
#5384=ORIENTED_EDGE('',*,*,#4164,.T.);
#5385=ORIENTED_EDGE('',*,*,#4182,.F.);
#5386=ORIENTED_EDGE('',*,*,#4183,.F.);
#5387=ORIENTED_EDGE('',*,*,#4184,.T.);
#5388=ORIENTED_EDGE('',*,*,#4181,.F.);
#5389=ORIENTED_EDGE('',*,*,#4184,.F.);
#5390=ORIENTED_EDGE('',*,*,#4185,.T.);
#5391=ORIENTED_EDGE('',*,*,#4186,.T.);
#5392=ORIENTED_EDGE('',*,*,#4187,.T.);
#5393=ORIENTED_EDGE('',*,*,#4188,.T.);
#5394=ORIENTED_EDGE('',*,*,#4189,.T.);
#5395=ORIENTED_EDGE('',*,*,#4190,.T.);
#5396=ORIENTED_EDGE('',*,*,#4191,.T.);
#5397=ORIENTED_EDGE('',*,*,#4160,.T.);
#5398=ORIENTED_EDGE('',*,*,#4189,.F.);
#5399=ORIENTED_EDGE('',*,*,#4192,.T.);
#5400=ORIENTED_EDGE('',*,*,#4185,.F.);
#5401=ORIENTED_EDGE('',*,*,#4193,.T.);
#5402=ORIENTED_EDGE('',*,*,#4194,.T.);
#5403=ORIENTED_EDGE('',*,*,#4195,.T.);
#5404=ORIENTED_EDGE('',*,*,#4196,.T.);
#5405=ORIENTED_EDGE('',*,*,#4193,.F.);
#5406=ORIENTED_EDGE('',*,*,#4197,.T.);
#5407=ORIENTED_EDGE('',*,*,#4191,.F.);
#5408=ORIENTED_EDGE('',*,*,#4192,.F.);
#5409=ORIENTED_EDGE('',*,*,#4161,.T.);
#5410=ORIENTED_EDGE('',*,*,#4197,.F.);
#5411=ORIENTED_EDGE('',*,*,#4198,.T.);
#5412=ORIENTED_EDGE('',*,*,#4199,.F.);
#5413=ORIENTED_EDGE('',*,*,#4200,.T.);
#5414=ORIENTED_EDGE('',*,*,#4201,.F.);
#5415=ORIENTED_EDGE('',*,*,#4200,.F.);
#5416=ORIENTED_EDGE('',*,*,#4183,.T.);
#5417=ORIENTED_EDGE('',*,*,#4199,.T.);
#5418=ORIENTED_EDGE('',*,*,#4202,.F.);
#5419=ORIENTED_EDGE('',*,*,#4195,.F.);
#5420=ORIENTED_EDGE('',*,*,#4203,.T.);
#5421=ORIENTED_EDGE('',*,*,#4187,.F.);
#5422=ORIENTED_EDGE('',*,*,#4204,.F.);
#5423=ORIENTED_EDGE('',*,*,#4205,.T.);
#5424=ORIENTED_EDGE('',*,*,#4205,.F.);
#5425=ORIENTED_EDGE('',*,*,#4206,.T.);
#5426=ORIENTED_EDGE('',*,*,#4207,.F.);
#5427=ORIENTED_EDGE('',*,*,#4206,.F.);
#5428=ORIENTED_EDGE('',*,*,#4188,.F.);
#5429=ORIENTED_EDGE('',*,*,#4203,.F.);
#5430=ORIENTED_EDGE('',*,*,#4194,.F.);
#5431=ORIENTED_EDGE('',*,*,#4190,.F.);
#5432=ORIENTED_EDGE('',*,*,#4208,.F.);
#5433=ORIENTED_EDGE('',*,*,#4209,.T.);
#5434=ORIENTED_EDGE('',*,*,#4210,.F.);
#5435=ORIENTED_EDGE('',*,*,#4209,.F.);
#5436=ORIENTED_EDGE('',*,*,#4165,.T.);
#5437=ORIENTED_EDGE('',*,*,#4208,.T.);
#5438=ORIENTED_EDGE('',*,*,#4211,.F.);
#5439=ORIENTED_EDGE('',*,*,#4177,.F.);
#5440=ORIENTED_EDGE('',*,*,#4212,.T.);
#5441=ORIENTED_EDGE('',*,*,#4169,.F.);
#5442=ORIENTED_EDGE('',*,*,#4213,.F.);
#5443=ORIENTED_EDGE('',*,*,#4214,.T.);
#5444=ORIENTED_EDGE('',*,*,#4215,.F.);
#5445=ORIENTED_EDGE('',*,*,#4216,.T.);
#5446=ORIENTED_EDGE('',*,*,#4170,.F.);
#5447=ORIENTED_EDGE('',*,*,#4212,.F.);
#5448=ORIENTED_EDGE('',*,*,#4176,.F.);
#5449=ORIENTED_EDGE('',*,*,#4172,.F.);
#5450=ORIENTED_EDGE('',*,*,#4214,.F.);
#5451=ORIENTED_EDGE('',*,*,#4217,.T.);
#5452=ORIENTED_EDGE('',*,*,#4218,.F.);
#5453=ORIENTED_EDGE('',*,*,#4217,.F.);
#5454=ORIENTED_EDGE('',*,*,#4219,.F.);
#5455=ORIENTED_EDGE('',*,*,#4216,.F.);
#5456=ORIENTED_EDGE('',*,*,#4220,.F.);
#5457=ORIENTED_EDGE('',*,*,#4221,.F.);
#5458=ORIENTED_EDGE('',*,*,#4221,.T.);
#5459=ORIENTED_EDGE('',*,*,#4222,.F.);
#5460=ORIENTED_EDGE('',*,*,#4223,.F.);
#5461=ORIENTED_EDGE('',*,*,#4224,.F.);
#5462=ORIENTED_EDGE('',*,*,#4225,.T.);
#5463=ORIENTED_EDGE('',*,*,#4226,.F.);
#5464=ORIENTED_EDGE('',*,*,#4225,.F.);
#5465=ORIENTED_EDGE('',*,*,#4227,.F.);
#5466=ORIENTED_EDGE('',*,*,#4228,.T.);
#5467=ORIENTED_EDGE('',*,*,#4229,.F.);
#5468=ORIENTED_EDGE('',*,*,#4228,.F.);
#5469=ORIENTED_EDGE('',*,*,#4230,.F.);
#5470=ORIENTED_EDGE('',*,*,#4231,.T.);
#5471=ORIENTED_EDGE('',*,*,#4232,.F.);
#5472=ORIENTED_EDGE('',*,*,#4231,.F.);
#5473=ORIENTED_EDGE('',*,*,#4233,.F.);
#5474=ORIENTED_EDGE('',*,*,#4234,.T.);
#5475=ORIENTED_EDGE('',*,*,#4235,.F.);
#5476=ORIENTED_EDGE('',*,*,#4234,.F.);
#5477=ORIENTED_EDGE('',*,*,#4236,.F.);
#5478=ORIENTED_EDGE('',*,*,#4237,.F.);
#5479=ORIENTED_EDGE('',*,*,#4238,.F.);
#5480=ORIENTED_EDGE('',*,*,#4239,.F.);
#5481=ORIENTED_EDGE('',*,*,#4236,.T.);
#5482=ORIENTED_EDGE('',*,*,#4240,.T.);
#5483=ORIENTED_EDGE('',*,*,#4241,.F.);
#5484=ORIENTED_EDGE('',*,*,#4242,.T.);
#5485=ORIENTED_EDGE('',*,*,#4243,.T.);
#5486=ORIENTED_EDGE('',*,*,#4242,.F.);
#5487=ORIENTED_EDGE('',*,*,#4243,.F.);
#5488=ORIENTED_EDGE('',*,*,#4244,.F.);
#5489=ORIENTED_EDGE('',*,*,#4245,.T.);
#5490=ORIENTED_EDGE('',*,*,#4222,.T.);
#5491=ORIENTED_EDGE('',*,*,#4220,.T.);
#5492=ORIENTED_EDGE('',*,*,#4215,.T.);
#5493=ORIENTED_EDGE('',*,*,#4219,.T.);
#5494=ORIENTED_EDGE('',*,*,#4223,.T.);
#5495=ORIENTED_EDGE('',*,*,#4245,.F.);
#5496=ORIENTED_EDGE('',*,*,#4246,.F.);
#5497=ORIENTED_EDGE('',*,*,#4247,.T.);
#5498=ORIENTED_EDGE('',*,*,#4248,.T.);
#5499=ORIENTED_EDGE('',*,*,#4247,.F.);
#5500=ORIENTED_EDGE('',*,*,#4248,.F.);
#5501=ORIENTED_EDGE('',*,*,#4249,.F.);
#5502=ORIENTED_EDGE('',*,*,#4250,.T.);
#5503=ORIENTED_EDGE('',*,*,#4251,.T.);
#5504=ORIENTED_EDGE('',*,*,#4250,.F.);
#5505=ORIENTED_EDGE('',*,*,#4251,.F.);
#5506=ORIENTED_EDGE('',*,*,#4252,.F.);
#5507=ORIENTED_EDGE('',*,*,#4253,.T.);
#5508=ORIENTED_EDGE('',*,*,#4037,.F.);
#5509=ORIENTED_EDGE('',*,*,#4254,.F.);
#5510=ORIENTED_EDGE('',*,*,#4255,.F.);
#5511=ORIENTED_EDGE('',*,*,#4254,.T.);
#5512=ORIENTED_EDGE('',*,*,#4036,.F.);
#5513=ORIENTED_EDGE('',*,*,#4256,.F.);
#5514=ORIENTED_EDGE('',*,*,#4257,.F.);
#5515=ORIENTED_EDGE('',*,*,#4256,.T.);
#5516=ORIENTED_EDGE('',*,*,#4035,.F.);
#5517=ORIENTED_EDGE('',*,*,#4258,.F.);
#5518=ORIENTED_EDGE('',*,*,#4259,.F.);
#5519=ORIENTED_EDGE('',*,*,#4258,.T.);
#5520=ORIENTED_EDGE('',*,*,#4034,.F.);
#5521=ORIENTED_EDGE('',*,*,#4260,.F.);
#5522=ORIENTED_EDGE('',*,*,#4261,.F.);
#5523=ORIENTED_EDGE('',*,*,#4260,.T.);
#5524=ORIENTED_EDGE('',*,*,#4033,.F.);
#5525=ORIENTED_EDGE('',*,*,#4262,.T.);
#5526=ORIENTED_EDGE('',*,*,#4263,.F.);
#5527=ORIENTED_EDGE('',*,*,#4264,.T.);
#5528=ORIENTED_EDGE('',*,*,#4038,.F.);
#5529=ORIENTED_EDGE('',*,*,#4253,.F.);
#5530=ORIENTED_EDGE('',*,*,#4265,.F.);
#5531=ORIENTED_EDGE('',*,*,#4266,.T.);
#5532=ORIENTED_EDGE('',*,*,#4039,.F.);
#5533=ORIENTED_EDGE('',*,*,#4264,.F.);
#5534=ORIENTED_EDGE('',*,*,#4267,.F.);
#5535=ORIENTED_EDGE('',*,*,#4262,.F.);
#5536=ORIENTED_EDGE('',*,*,#4040,.F.);
#5537=ORIENTED_EDGE('',*,*,#4266,.F.);
#5538=ORIENTED_EDGE('',*,*,#4268,.F.);
#5539=ORIENTED_EDGE('',*,*,#4269,.T.);
#5540=ORIENTED_EDGE('',*,*,#4045,.F.);
#5541=ORIENTED_EDGE('',*,*,#4270,.F.);
#5542=ORIENTED_EDGE('',*,*,#4271,.F.);
#5543=ORIENTED_EDGE('',*,*,#4270,.T.);
#5544=ORIENTED_EDGE('',*,*,#4044,.F.);
#5545=ORIENTED_EDGE('',*,*,#4272,.F.);
#5546=ORIENTED_EDGE('',*,*,#4273,.F.);
#5547=ORIENTED_EDGE('',*,*,#4272,.T.);
#5548=ORIENTED_EDGE('',*,*,#4043,.F.);
#5549=ORIENTED_EDGE('',*,*,#4274,.F.);
#5550=ORIENTED_EDGE('',*,*,#4275,.F.);
#5551=ORIENTED_EDGE('',*,*,#4274,.T.);
#5552=ORIENTED_EDGE('',*,*,#4042,.F.);
#5553=ORIENTED_EDGE('',*,*,#4276,.F.);
#5554=ORIENTED_EDGE('',*,*,#4277,.F.);
#5555=ORIENTED_EDGE('',*,*,#4276,.T.);
#5556=ORIENTED_EDGE('',*,*,#4041,.F.);
#5557=ORIENTED_EDGE('',*,*,#4278,.T.);
#5558=ORIENTED_EDGE('',*,*,#4279,.F.);
#5559=ORIENTED_EDGE('',*,*,#4280,.T.);
#5560=ORIENTED_EDGE('',*,*,#4046,.F.);
#5561=ORIENTED_EDGE('',*,*,#4269,.F.);
#5562=ORIENTED_EDGE('',*,*,#4281,.F.);
#5563=ORIENTED_EDGE('',*,*,#4282,.T.);
#5564=ORIENTED_EDGE('',*,*,#4047,.F.);
#5565=ORIENTED_EDGE('',*,*,#4280,.F.);
#5566=ORIENTED_EDGE('',*,*,#4283,.F.);
#5567=ORIENTED_EDGE('',*,*,#4278,.F.);
#5568=ORIENTED_EDGE('',*,*,#4048,.F.);
#5569=ORIENTED_EDGE('',*,*,#4282,.F.);
#5570=ORIENTED_EDGE('',*,*,#4284,.F.);
#5571=ORIENTED_EDGE('',*,*,#4285,.T.);
#5572=ORIENTED_EDGE('',*,*,#4053,.F.);
#5573=ORIENTED_EDGE('',*,*,#4286,.F.);
#5574=ORIENTED_EDGE('',*,*,#4287,.F.);
#5575=ORIENTED_EDGE('',*,*,#4286,.T.);
#5576=ORIENTED_EDGE('',*,*,#4052,.F.);
#5577=ORIENTED_EDGE('',*,*,#4288,.F.);
#5578=ORIENTED_EDGE('',*,*,#4289,.F.);
#5579=ORIENTED_EDGE('',*,*,#4288,.T.);
#5580=ORIENTED_EDGE('',*,*,#4051,.F.);
#5581=ORIENTED_EDGE('',*,*,#4290,.F.);
#5582=ORIENTED_EDGE('',*,*,#4291,.F.);
#5583=ORIENTED_EDGE('',*,*,#4290,.T.);
#5584=ORIENTED_EDGE('',*,*,#4050,.F.);
#5585=ORIENTED_EDGE('',*,*,#4292,.F.);
#5586=ORIENTED_EDGE('',*,*,#4293,.F.);
#5587=ORIENTED_EDGE('',*,*,#4292,.T.);
#5588=ORIENTED_EDGE('',*,*,#4049,.F.);
#5589=ORIENTED_EDGE('',*,*,#4294,.T.);
#5590=ORIENTED_EDGE('',*,*,#4295,.F.);
#5591=ORIENTED_EDGE('',*,*,#4296,.T.);
#5592=ORIENTED_EDGE('',*,*,#4054,.F.);
#5593=ORIENTED_EDGE('',*,*,#4285,.F.);
#5594=ORIENTED_EDGE('',*,*,#4297,.F.);
#5595=ORIENTED_EDGE('',*,*,#4298,.T.);
#5596=ORIENTED_EDGE('',*,*,#4055,.F.);
#5597=ORIENTED_EDGE('',*,*,#4296,.F.);
#5598=ORIENTED_EDGE('',*,*,#4299,.F.);
#5599=ORIENTED_EDGE('',*,*,#4294,.F.);
#5600=ORIENTED_EDGE('',*,*,#4056,.F.);
#5601=ORIENTED_EDGE('',*,*,#4298,.F.);
#5602=ORIENTED_EDGE('',*,*,#4300,.F.);
#5603=ORIENTED_EDGE('',*,*,#4301,.T.);
#5604=ORIENTED_EDGE('',*,*,#4061,.F.);
#5605=ORIENTED_EDGE('',*,*,#4302,.F.);
#5606=ORIENTED_EDGE('',*,*,#4303,.F.);
#5607=ORIENTED_EDGE('',*,*,#4302,.T.);
#5608=ORIENTED_EDGE('',*,*,#4060,.F.);
#5609=ORIENTED_EDGE('',*,*,#4304,.F.);
#5610=ORIENTED_EDGE('',*,*,#4305,.F.);
#5611=ORIENTED_EDGE('',*,*,#4304,.T.);
#5612=ORIENTED_EDGE('',*,*,#4059,.F.);
#5613=ORIENTED_EDGE('',*,*,#4306,.F.);
#5614=ORIENTED_EDGE('',*,*,#4307,.F.);
#5615=ORIENTED_EDGE('',*,*,#4306,.T.);
#5616=ORIENTED_EDGE('',*,*,#4058,.F.);
#5617=ORIENTED_EDGE('',*,*,#4308,.F.);
#5618=ORIENTED_EDGE('',*,*,#4309,.F.);
#5619=ORIENTED_EDGE('',*,*,#4308,.T.);
#5620=ORIENTED_EDGE('',*,*,#4057,.F.);
#5621=ORIENTED_EDGE('',*,*,#4310,.T.);
#5622=ORIENTED_EDGE('',*,*,#4311,.F.);
#5623=ORIENTED_EDGE('',*,*,#4312,.T.);
#5624=ORIENTED_EDGE('',*,*,#4062,.F.);
#5625=ORIENTED_EDGE('',*,*,#4301,.F.);
#5626=ORIENTED_EDGE('',*,*,#4313,.F.);
#5627=ORIENTED_EDGE('',*,*,#4314,.T.);
#5628=ORIENTED_EDGE('',*,*,#4063,.F.);
#5629=ORIENTED_EDGE('',*,*,#4312,.F.);
#5630=ORIENTED_EDGE('',*,*,#4315,.F.);
#5631=ORIENTED_EDGE('',*,*,#4310,.F.);
#5632=ORIENTED_EDGE('',*,*,#4064,.F.);
#5633=ORIENTED_EDGE('',*,*,#4314,.F.);
#5634=ORIENTED_EDGE('',*,*,#4316,.F.);
#5635=ORIENTED_EDGE('',*,*,#4317,.T.);
#5636=ORIENTED_EDGE('',*,*,#4069,.F.);
#5637=ORIENTED_EDGE('',*,*,#4318,.F.);
#5638=ORIENTED_EDGE('',*,*,#4319,.F.);
#5639=ORIENTED_EDGE('',*,*,#4318,.T.);
#5640=ORIENTED_EDGE('',*,*,#4068,.F.);
#5641=ORIENTED_EDGE('',*,*,#4320,.F.);
#5642=ORIENTED_EDGE('',*,*,#4321,.F.);
#5643=ORIENTED_EDGE('',*,*,#4320,.T.);
#5644=ORIENTED_EDGE('',*,*,#4067,.F.);
#5645=ORIENTED_EDGE('',*,*,#4322,.F.);
#5646=ORIENTED_EDGE('',*,*,#4323,.F.);
#5647=ORIENTED_EDGE('',*,*,#4322,.T.);
#5648=ORIENTED_EDGE('',*,*,#4066,.F.);
#5649=ORIENTED_EDGE('',*,*,#4324,.F.);
#5650=ORIENTED_EDGE('',*,*,#4325,.F.);
#5651=ORIENTED_EDGE('',*,*,#4324,.T.);
#5652=ORIENTED_EDGE('',*,*,#4065,.F.);
#5653=ORIENTED_EDGE('',*,*,#4326,.T.);
#5654=ORIENTED_EDGE('',*,*,#4327,.F.);
#5655=ORIENTED_EDGE('',*,*,#4328,.T.);
#5656=ORIENTED_EDGE('',*,*,#4070,.F.);
#5657=ORIENTED_EDGE('',*,*,#4317,.F.);
#5658=ORIENTED_EDGE('',*,*,#4329,.F.);
#5659=ORIENTED_EDGE('',*,*,#4330,.T.);
#5660=ORIENTED_EDGE('',*,*,#4071,.F.);
#5661=ORIENTED_EDGE('',*,*,#4328,.F.);
#5662=ORIENTED_EDGE('',*,*,#4331,.F.);
#5663=ORIENTED_EDGE('',*,*,#4326,.F.);
#5664=ORIENTED_EDGE('',*,*,#4072,.F.);
#5665=ORIENTED_EDGE('',*,*,#4330,.F.);
#5666=ORIENTED_EDGE('',*,*,#4332,.F.);
#5667=ORIENTED_EDGE('',*,*,#4333,.T.);
#5668=ORIENTED_EDGE('',*,*,#4077,.F.);
#5669=ORIENTED_EDGE('',*,*,#4334,.F.);
#5670=ORIENTED_EDGE('',*,*,#4335,.F.);
#5671=ORIENTED_EDGE('',*,*,#4334,.T.);
#5672=ORIENTED_EDGE('',*,*,#4076,.F.);
#5673=ORIENTED_EDGE('',*,*,#4336,.F.);
#5674=ORIENTED_EDGE('',*,*,#4337,.F.);
#5675=ORIENTED_EDGE('',*,*,#4336,.T.);
#5676=ORIENTED_EDGE('',*,*,#4075,.F.);
#5677=ORIENTED_EDGE('',*,*,#4338,.F.);
#5678=ORIENTED_EDGE('',*,*,#4339,.F.);
#5679=ORIENTED_EDGE('',*,*,#4338,.T.);
#5680=ORIENTED_EDGE('',*,*,#4074,.F.);
#5681=ORIENTED_EDGE('',*,*,#4340,.F.);
#5682=ORIENTED_EDGE('',*,*,#4341,.F.);
#5683=ORIENTED_EDGE('',*,*,#4340,.T.);
#5684=ORIENTED_EDGE('',*,*,#4073,.F.);
#5685=ORIENTED_EDGE('',*,*,#4342,.T.);
#5686=ORIENTED_EDGE('',*,*,#4343,.F.);
#5687=ORIENTED_EDGE('',*,*,#4344,.T.);
#5688=ORIENTED_EDGE('',*,*,#4078,.F.);
#5689=ORIENTED_EDGE('',*,*,#4333,.F.);
#5690=ORIENTED_EDGE('',*,*,#4345,.F.);
#5691=ORIENTED_EDGE('',*,*,#4346,.T.);
#5692=ORIENTED_EDGE('',*,*,#4079,.F.);
#5693=ORIENTED_EDGE('',*,*,#4344,.F.);
#5694=ORIENTED_EDGE('',*,*,#4347,.F.);
#5695=ORIENTED_EDGE('',*,*,#4342,.F.);
#5696=ORIENTED_EDGE('',*,*,#4080,.F.);
#5697=ORIENTED_EDGE('',*,*,#4346,.F.);
#5698=ORIENTED_EDGE('',*,*,#4348,.F.);
#5699=ORIENTED_EDGE('',*,*,#4349,.T.);
#5700=ORIENTED_EDGE('',*,*,#4085,.F.);
#5701=ORIENTED_EDGE('',*,*,#4350,.F.);
#5702=ORIENTED_EDGE('',*,*,#4351,.F.);
#5703=ORIENTED_EDGE('',*,*,#4350,.T.);
#5704=ORIENTED_EDGE('',*,*,#4084,.F.);
#5705=ORIENTED_EDGE('',*,*,#4352,.F.);
#5706=ORIENTED_EDGE('',*,*,#4353,.F.);
#5707=ORIENTED_EDGE('',*,*,#4352,.T.);
#5708=ORIENTED_EDGE('',*,*,#4083,.F.);
#5709=ORIENTED_EDGE('',*,*,#4354,.F.);
#5710=ORIENTED_EDGE('',*,*,#4355,.F.);
#5711=ORIENTED_EDGE('',*,*,#4354,.T.);
#5712=ORIENTED_EDGE('',*,*,#4082,.F.);
#5713=ORIENTED_EDGE('',*,*,#4356,.F.);
#5714=ORIENTED_EDGE('',*,*,#4357,.F.);
#5715=ORIENTED_EDGE('',*,*,#4356,.T.);
#5716=ORIENTED_EDGE('',*,*,#4081,.F.);
#5717=ORIENTED_EDGE('',*,*,#4358,.T.);
#5718=ORIENTED_EDGE('',*,*,#4359,.F.);
#5719=ORIENTED_EDGE('',*,*,#4360,.T.);
#5720=ORIENTED_EDGE('',*,*,#4086,.F.);
#5721=ORIENTED_EDGE('',*,*,#4349,.F.);
#5722=ORIENTED_EDGE('',*,*,#4361,.F.);
#5723=ORIENTED_EDGE('',*,*,#4362,.T.);
#5724=ORIENTED_EDGE('',*,*,#4087,.F.);
#5725=ORIENTED_EDGE('',*,*,#4360,.F.);
#5726=ORIENTED_EDGE('',*,*,#4363,.F.);
#5727=ORIENTED_EDGE('',*,*,#4358,.F.);
#5728=ORIENTED_EDGE('',*,*,#4088,.F.);
#5729=ORIENTED_EDGE('',*,*,#4362,.F.);
#5730=ORIENTED_EDGE('',*,*,#4364,.F.);
#5731=ORIENTED_EDGE('',*,*,#4365,.T.);
#5732=ORIENTED_EDGE('',*,*,#4093,.F.);
#5733=ORIENTED_EDGE('',*,*,#4366,.F.);
#5734=ORIENTED_EDGE('',*,*,#4367,.F.);
#5735=ORIENTED_EDGE('',*,*,#4366,.T.);
#5736=ORIENTED_EDGE('',*,*,#4092,.F.);
#5737=ORIENTED_EDGE('',*,*,#4368,.F.);
#5738=ORIENTED_EDGE('',*,*,#4369,.F.);
#5739=ORIENTED_EDGE('',*,*,#4368,.T.);
#5740=ORIENTED_EDGE('',*,*,#4091,.F.);
#5741=ORIENTED_EDGE('',*,*,#4370,.F.);
#5742=ORIENTED_EDGE('',*,*,#4371,.F.);
#5743=ORIENTED_EDGE('',*,*,#4370,.T.);
#5744=ORIENTED_EDGE('',*,*,#4090,.F.);
#5745=ORIENTED_EDGE('',*,*,#4372,.F.);
#5746=ORIENTED_EDGE('',*,*,#4373,.F.);
#5747=ORIENTED_EDGE('',*,*,#4372,.T.);
#5748=ORIENTED_EDGE('',*,*,#4089,.F.);
#5749=ORIENTED_EDGE('',*,*,#4374,.T.);
#5750=ORIENTED_EDGE('',*,*,#4375,.F.);
#5751=ORIENTED_EDGE('',*,*,#4376,.T.);
#5752=ORIENTED_EDGE('',*,*,#4094,.F.);
#5753=ORIENTED_EDGE('',*,*,#4365,.F.);
#5754=ORIENTED_EDGE('',*,*,#4377,.F.);
#5755=ORIENTED_EDGE('',*,*,#4378,.T.);
#5756=ORIENTED_EDGE('',*,*,#4095,.F.);
#5757=ORIENTED_EDGE('',*,*,#4376,.F.);
#5758=ORIENTED_EDGE('',*,*,#4379,.F.);
#5759=ORIENTED_EDGE('',*,*,#4374,.F.);
#5760=ORIENTED_EDGE('',*,*,#4096,.F.);
#5761=ORIENTED_EDGE('',*,*,#4378,.F.);
#5762=ORIENTED_EDGE('',*,*,#4380,.F.);
#5763=ORIENTED_EDGE('',*,*,#4381,.T.);
#5764=ORIENTED_EDGE('',*,*,#4101,.F.);
#5765=ORIENTED_EDGE('',*,*,#4382,.F.);
#5766=ORIENTED_EDGE('',*,*,#4383,.F.);
#5767=ORIENTED_EDGE('',*,*,#4382,.T.);
#5768=ORIENTED_EDGE('',*,*,#4100,.F.);
#5769=ORIENTED_EDGE('',*,*,#4384,.F.);
#5770=ORIENTED_EDGE('',*,*,#4385,.F.);
#5771=ORIENTED_EDGE('',*,*,#4384,.T.);
#5772=ORIENTED_EDGE('',*,*,#4099,.F.);
#5773=ORIENTED_EDGE('',*,*,#4386,.F.);
#5774=ORIENTED_EDGE('',*,*,#4387,.F.);
#5775=ORIENTED_EDGE('',*,*,#4386,.T.);
#5776=ORIENTED_EDGE('',*,*,#4098,.F.);
#5777=ORIENTED_EDGE('',*,*,#4388,.F.);
#5778=ORIENTED_EDGE('',*,*,#4389,.F.);
#5779=ORIENTED_EDGE('',*,*,#4388,.T.);
#5780=ORIENTED_EDGE('',*,*,#4097,.F.);
#5781=ORIENTED_EDGE('',*,*,#4390,.T.);
#5782=ORIENTED_EDGE('',*,*,#4391,.F.);
#5783=ORIENTED_EDGE('',*,*,#4392,.T.);
#5784=ORIENTED_EDGE('',*,*,#4102,.F.);
#5785=ORIENTED_EDGE('',*,*,#4381,.F.);
#5786=ORIENTED_EDGE('',*,*,#4393,.F.);
#5787=ORIENTED_EDGE('',*,*,#4394,.T.);
#5788=ORIENTED_EDGE('',*,*,#4103,.F.);
#5789=ORIENTED_EDGE('',*,*,#4392,.F.);
#5790=ORIENTED_EDGE('',*,*,#4395,.F.);
#5791=ORIENTED_EDGE('',*,*,#4390,.F.);
#5792=ORIENTED_EDGE('',*,*,#4104,.F.);
#5793=ORIENTED_EDGE('',*,*,#4394,.F.);
#5794=ORIENTED_EDGE('',*,*,#4396,.F.);
#5795=ORIENTED_EDGE('',*,*,#4397,.T.);
#5796=ORIENTED_EDGE('',*,*,#4109,.F.);
#5797=ORIENTED_EDGE('',*,*,#4398,.F.);
#5798=ORIENTED_EDGE('',*,*,#4399,.F.);
#5799=ORIENTED_EDGE('',*,*,#4398,.T.);
#5800=ORIENTED_EDGE('',*,*,#4108,.F.);
#5801=ORIENTED_EDGE('',*,*,#4400,.F.);
#5802=ORIENTED_EDGE('',*,*,#4401,.F.);
#5803=ORIENTED_EDGE('',*,*,#4400,.T.);
#5804=ORIENTED_EDGE('',*,*,#4107,.F.);
#5805=ORIENTED_EDGE('',*,*,#4402,.F.);
#5806=ORIENTED_EDGE('',*,*,#4403,.F.);
#5807=ORIENTED_EDGE('',*,*,#4402,.T.);
#5808=ORIENTED_EDGE('',*,*,#4106,.F.);
#5809=ORIENTED_EDGE('',*,*,#4404,.F.);
#5810=ORIENTED_EDGE('',*,*,#4405,.F.);
#5811=ORIENTED_EDGE('',*,*,#4404,.T.);
#5812=ORIENTED_EDGE('',*,*,#4105,.F.);
#5813=ORIENTED_EDGE('',*,*,#4406,.T.);
#5814=ORIENTED_EDGE('',*,*,#4407,.F.);
#5815=ORIENTED_EDGE('',*,*,#4408,.T.);
#5816=ORIENTED_EDGE('',*,*,#4110,.F.);
#5817=ORIENTED_EDGE('',*,*,#4397,.F.);
#5818=ORIENTED_EDGE('',*,*,#4409,.F.);
#5819=ORIENTED_EDGE('',*,*,#4410,.T.);
#5820=ORIENTED_EDGE('',*,*,#4111,.F.);
#5821=ORIENTED_EDGE('',*,*,#4408,.F.);
#5822=ORIENTED_EDGE('',*,*,#4411,.F.);
#5823=ORIENTED_EDGE('',*,*,#4406,.F.);
#5824=ORIENTED_EDGE('',*,*,#4112,.F.);
#5825=ORIENTED_EDGE('',*,*,#4410,.F.);
#5826=ORIENTED_EDGE('',*,*,#4412,.F.);
#5827=ORIENTED_EDGE('',*,*,#4413,.T.);
#5828=ORIENTED_EDGE('',*,*,#4117,.F.);
#5829=ORIENTED_EDGE('',*,*,#4414,.F.);
#5830=ORIENTED_EDGE('',*,*,#4415,.F.);
#5831=ORIENTED_EDGE('',*,*,#4414,.T.);
#5832=ORIENTED_EDGE('',*,*,#4116,.F.);
#5833=ORIENTED_EDGE('',*,*,#4416,.F.);
#5834=ORIENTED_EDGE('',*,*,#4417,.F.);
#5835=ORIENTED_EDGE('',*,*,#4416,.T.);
#5836=ORIENTED_EDGE('',*,*,#4115,.F.);
#5837=ORIENTED_EDGE('',*,*,#4418,.F.);
#5838=ORIENTED_EDGE('',*,*,#4419,.F.);
#5839=ORIENTED_EDGE('',*,*,#4418,.T.);
#5840=ORIENTED_EDGE('',*,*,#4114,.F.);
#5841=ORIENTED_EDGE('',*,*,#4420,.F.);
#5842=ORIENTED_EDGE('',*,*,#4421,.F.);
#5843=ORIENTED_EDGE('',*,*,#4420,.T.);
#5844=ORIENTED_EDGE('',*,*,#4113,.F.);
#5845=ORIENTED_EDGE('',*,*,#4422,.T.);
#5846=ORIENTED_EDGE('',*,*,#4423,.F.);
#5847=ORIENTED_EDGE('',*,*,#4424,.T.);
#5848=ORIENTED_EDGE('',*,*,#4118,.F.);
#5849=ORIENTED_EDGE('',*,*,#4413,.F.);
#5850=ORIENTED_EDGE('',*,*,#4425,.F.);
#5851=ORIENTED_EDGE('',*,*,#4426,.T.);
#5852=ORIENTED_EDGE('',*,*,#4119,.F.);
#5853=ORIENTED_EDGE('',*,*,#4424,.F.);
#5854=ORIENTED_EDGE('',*,*,#4427,.F.);
#5855=ORIENTED_EDGE('',*,*,#4422,.F.);
#5856=ORIENTED_EDGE('',*,*,#4120,.F.);
#5857=ORIENTED_EDGE('',*,*,#4426,.F.);
#5858=ORIENTED_EDGE('',*,*,#4428,.F.);
#5859=ORIENTED_EDGE('',*,*,#4429,.T.);
#5860=ORIENTED_EDGE('',*,*,#4125,.F.);
#5861=ORIENTED_EDGE('',*,*,#4430,.F.);
#5862=ORIENTED_EDGE('',*,*,#4431,.F.);
#5863=ORIENTED_EDGE('',*,*,#4430,.T.);
#5864=ORIENTED_EDGE('',*,*,#4124,.F.);
#5865=ORIENTED_EDGE('',*,*,#4432,.F.);
#5866=ORIENTED_EDGE('',*,*,#4433,.F.);
#5867=ORIENTED_EDGE('',*,*,#4432,.T.);
#5868=ORIENTED_EDGE('',*,*,#4123,.F.);
#5869=ORIENTED_EDGE('',*,*,#4434,.F.);
#5870=ORIENTED_EDGE('',*,*,#4435,.F.);
#5871=ORIENTED_EDGE('',*,*,#4434,.T.);
#5872=ORIENTED_EDGE('',*,*,#4122,.F.);
#5873=ORIENTED_EDGE('',*,*,#4436,.F.);
#5874=ORIENTED_EDGE('',*,*,#4437,.F.);
#5875=ORIENTED_EDGE('',*,*,#4436,.T.);
#5876=ORIENTED_EDGE('',*,*,#4121,.F.);
#5877=ORIENTED_EDGE('',*,*,#4438,.T.);
#5878=ORIENTED_EDGE('',*,*,#4439,.F.);
#5879=ORIENTED_EDGE('',*,*,#4440,.T.);
#5880=ORIENTED_EDGE('',*,*,#4126,.F.);
#5881=ORIENTED_EDGE('',*,*,#4429,.F.);
#5882=ORIENTED_EDGE('',*,*,#4441,.F.);
#5883=ORIENTED_EDGE('',*,*,#4442,.T.);
#5884=ORIENTED_EDGE('',*,*,#4127,.F.);
#5885=ORIENTED_EDGE('',*,*,#4440,.F.);
#5886=ORIENTED_EDGE('',*,*,#4443,.F.);
#5887=ORIENTED_EDGE('',*,*,#4438,.F.);
#5888=ORIENTED_EDGE('',*,*,#4128,.F.);
#5889=ORIENTED_EDGE('',*,*,#4442,.F.);
#5890=ORIENTED_EDGE('',*,*,#3986,.F.);
#5891=ORIENTED_EDGE('',*,*,#4444,.T.);
#5892=ORIENTED_EDGE('',*,*,#3918,.F.);
#5893=ORIENTED_EDGE('',*,*,#4445,.F.);
#5894=ORIENTED_EDGE('',*,*,#3987,.F.);
#5895=ORIENTED_EDGE('',*,*,#4445,.T.);
#5896=ORIENTED_EDGE('',*,*,#3917,.F.);
#5897=ORIENTED_EDGE('',*,*,#4446,.F.);
#5898=ORIENTED_EDGE('',*,*,#3988,.F.);
#5899=ORIENTED_EDGE('',*,*,#4446,.T.);
#5900=ORIENTED_EDGE('',*,*,#3916,.F.);
#5901=ORIENTED_EDGE('',*,*,#4447,.T.);
#5902=ORIENTED_EDGE('',*,*,#3989,.F.);
#5903=ORIENTED_EDGE('',*,*,#4447,.F.);
#5904=ORIENTED_EDGE('',*,*,#3915,.F.);
#5905=ORIENTED_EDGE('',*,*,#4448,.F.);
#5906=ORIENTED_EDGE('',*,*,#3982,.F.);
#5907=ORIENTED_EDGE('',*,*,#4448,.T.);
#5908=ORIENTED_EDGE('',*,*,#3914,.F.);
#5909=ORIENTED_EDGE('',*,*,#4449,.F.);
#5910=ORIENTED_EDGE('',*,*,#3983,.F.);
#5911=ORIENTED_EDGE('',*,*,#4449,.T.);
#5912=ORIENTED_EDGE('',*,*,#3921,.F.);
#5913=ORIENTED_EDGE('',*,*,#4450,.F.);
#5914=ORIENTED_EDGE('',*,*,#3984,.F.);
#5915=ORIENTED_EDGE('',*,*,#4450,.T.);
#5916=ORIENTED_EDGE('',*,*,#3920,.F.);
#5917=ORIENTED_EDGE('',*,*,#4451,.F.);
#5918=ORIENTED_EDGE('',*,*,#3985,.F.);
#5919=ORIENTED_EDGE('',*,*,#4451,.T.);
#5920=ORIENTED_EDGE('',*,*,#3919,.F.);
#5921=ORIENTED_EDGE('',*,*,#4444,.F.);
#5922=ORIENTED_EDGE('',*,*,#3978,.F.);
#5923=ORIENTED_EDGE('',*,*,#4452,.T.);
#5924=ORIENTED_EDGE('',*,*,#3910,.F.);
#5925=ORIENTED_EDGE('',*,*,#4453,.F.);
#5926=ORIENTED_EDGE('',*,*,#3979,.F.);
#5927=ORIENTED_EDGE('',*,*,#4453,.T.);
#5928=ORIENTED_EDGE('',*,*,#3909,.F.);
#5929=ORIENTED_EDGE('',*,*,#4454,.F.);
#5930=ORIENTED_EDGE('',*,*,#3980,.F.);
#5931=ORIENTED_EDGE('',*,*,#4454,.T.);
#5932=ORIENTED_EDGE('',*,*,#3908,.F.);
#5933=ORIENTED_EDGE('',*,*,#4455,.T.);
#5934=ORIENTED_EDGE('',*,*,#3981,.F.);
#5935=ORIENTED_EDGE('',*,*,#4455,.F.);
#5936=ORIENTED_EDGE('',*,*,#3907,.F.);
#5937=ORIENTED_EDGE('',*,*,#4456,.F.);
#5938=ORIENTED_EDGE('',*,*,#3974,.F.);
#5939=ORIENTED_EDGE('',*,*,#4456,.T.);
#5940=ORIENTED_EDGE('',*,*,#3906,.F.);
#5941=ORIENTED_EDGE('',*,*,#4457,.F.);
#5942=ORIENTED_EDGE('',*,*,#3975,.F.);
#5943=ORIENTED_EDGE('',*,*,#4457,.T.);
#5944=ORIENTED_EDGE('',*,*,#3913,.F.);
#5945=ORIENTED_EDGE('',*,*,#4458,.F.);
#5946=ORIENTED_EDGE('',*,*,#3976,.F.);
#5947=ORIENTED_EDGE('',*,*,#4458,.T.);
#5948=ORIENTED_EDGE('',*,*,#3912,.F.);
#5949=ORIENTED_EDGE('',*,*,#4459,.F.);
#5950=ORIENTED_EDGE('',*,*,#3977,.F.);
#5951=ORIENTED_EDGE('',*,*,#4459,.T.);
#5952=ORIENTED_EDGE('',*,*,#3911,.F.);
#5953=ORIENTED_EDGE('',*,*,#4452,.F.);
#5954=ORIENTED_EDGE('',*,*,#3970,.F.);
#5955=ORIENTED_EDGE('',*,*,#4460,.T.);
#5956=ORIENTED_EDGE('',*,*,#3902,.F.);
#5957=ORIENTED_EDGE('',*,*,#4461,.F.);
#5958=ORIENTED_EDGE('',*,*,#3971,.F.);
#5959=ORIENTED_EDGE('',*,*,#4461,.T.);
#5960=ORIENTED_EDGE('',*,*,#3901,.F.);
#5961=ORIENTED_EDGE('',*,*,#4462,.F.);
#5962=ORIENTED_EDGE('',*,*,#3972,.F.);
#5963=ORIENTED_EDGE('',*,*,#4462,.T.);
#5964=ORIENTED_EDGE('',*,*,#3900,.F.);
#5965=ORIENTED_EDGE('',*,*,#4463,.T.);
#5966=ORIENTED_EDGE('',*,*,#3973,.F.);
#5967=ORIENTED_EDGE('',*,*,#4463,.F.);
#5968=ORIENTED_EDGE('',*,*,#3899,.F.);
#5969=ORIENTED_EDGE('',*,*,#4464,.F.);
#5970=ORIENTED_EDGE('',*,*,#3966,.F.);
#5971=ORIENTED_EDGE('',*,*,#4464,.T.);
#5972=ORIENTED_EDGE('',*,*,#3898,.F.);
#5973=ORIENTED_EDGE('',*,*,#4465,.F.);
#5974=ORIENTED_EDGE('',*,*,#3967,.F.);
#5975=ORIENTED_EDGE('',*,*,#4465,.T.);
#5976=ORIENTED_EDGE('',*,*,#3905,.F.);
#5977=ORIENTED_EDGE('',*,*,#4466,.F.);
#5978=ORIENTED_EDGE('',*,*,#3968,.F.);
#5979=ORIENTED_EDGE('',*,*,#4466,.T.);
#5980=ORIENTED_EDGE('',*,*,#3904,.F.);
#5981=ORIENTED_EDGE('',*,*,#4467,.F.);
#5982=ORIENTED_EDGE('',*,*,#3969,.F.);
#5983=ORIENTED_EDGE('',*,*,#4467,.T.);
#5984=ORIENTED_EDGE('',*,*,#3903,.F.);
#5985=ORIENTED_EDGE('',*,*,#4460,.F.);
#5986=ORIENTED_EDGE('',*,*,#3962,.F.);
#5987=ORIENTED_EDGE('',*,*,#4468,.T.);
#5988=ORIENTED_EDGE('',*,*,#3894,.F.);
#5989=ORIENTED_EDGE('',*,*,#4469,.F.);
#5990=ORIENTED_EDGE('',*,*,#3963,.F.);
#5991=ORIENTED_EDGE('',*,*,#4469,.T.);
#5992=ORIENTED_EDGE('',*,*,#3893,.F.);
#5993=ORIENTED_EDGE('',*,*,#4470,.F.);
#5994=ORIENTED_EDGE('',*,*,#3964,.F.);
#5995=ORIENTED_EDGE('',*,*,#4470,.T.);
#5996=ORIENTED_EDGE('',*,*,#3892,.F.);
#5997=ORIENTED_EDGE('',*,*,#4471,.T.);
#5998=ORIENTED_EDGE('',*,*,#3965,.F.);
#5999=ORIENTED_EDGE('',*,*,#4471,.F.);
#6000=ORIENTED_EDGE('',*,*,#3891,.F.);
#6001=ORIENTED_EDGE('',*,*,#4472,.F.);
#6002=ORIENTED_EDGE('',*,*,#3958,.F.);
#6003=ORIENTED_EDGE('',*,*,#4472,.T.);
#6004=ORIENTED_EDGE('',*,*,#3890,.F.);
#6005=ORIENTED_EDGE('',*,*,#4473,.F.);
#6006=ORIENTED_EDGE('',*,*,#3959,.F.);
#6007=ORIENTED_EDGE('',*,*,#4473,.T.);
#6008=ORIENTED_EDGE('',*,*,#3897,.F.);
#6009=ORIENTED_EDGE('',*,*,#4474,.F.);
#6010=ORIENTED_EDGE('',*,*,#3960,.F.);
#6011=ORIENTED_EDGE('',*,*,#4474,.T.);
#6012=ORIENTED_EDGE('',*,*,#3896,.F.);
#6013=ORIENTED_EDGE('',*,*,#4475,.F.);
#6014=ORIENTED_EDGE('',*,*,#3961,.F.);
#6015=ORIENTED_EDGE('',*,*,#4475,.T.);
#6016=ORIENTED_EDGE('',*,*,#3895,.F.);
#6017=ORIENTED_EDGE('',*,*,#4468,.F.);
#6018=ORIENTED_EDGE('',*,*,#3954,.F.);
#6019=ORIENTED_EDGE('',*,*,#4476,.T.);
#6020=ORIENTED_EDGE('',*,*,#3886,.F.);
#6021=ORIENTED_EDGE('',*,*,#4477,.F.);
#6022=ORIENTED_EDGE('',*,*,#3955,.F.);
#6023=ORIENTED_EDGE('',*,*,#4477,.T.);
#6024=ORIENTED_EDGE('',*,*,#3885,.F.);
#6025=ORIENTED_EDGE('',*,*,#4478,.F.);
#6026=ORIENTED_EDGE('',*,*,#3956,.F.);
#6027=ORIENTED_EDGE('',*,*,#4478,.T.);
#6028=ORIENTED_EDGE('',*,*,#3884,.F.);
#6029=ORIENTED_EDGE('',*,*,#4479,.T.);
#6030=ORIENTED_EDGE('',*,*,#3957,.F.);
#6031=ORIENTED_EDGE('',*,*,#4479,.F.);
#6032=ORIENTED_EDGE('',*,*,#3883,.F.);
#6033=ORIENTED_EDGE('',*,*,#4480,.F.);
#6034=ORIENTED_EDGE('',*,*,#3950,.F.);
#6035=ORIENTED_EDGE('',*,*,#4480,.T.);
#6036=ORIENTED_EDGE('',*,*,#3882,.F.);
#6037=ORIENTED_EDGE('',*,*,#4481,.F.);
#6038=ORIENTED_EDGE('',*,*,#3951,.F.);
#6039=ORIENTED_EDGE('',*,*,#4481,.T.);
#6040=ORIENTED_EDGE('',*,*,#3889,.F.);
#6041=ORIENTED_EDGE('',*,*,#4482,.F.);
#6042=ORIENTED_EDGE('',*,*,#3952,.F.);
#6043=ORIENTED_EDGE('',*,*,#4482,.T.);
#6044=ORIENTED_EDGE('',*,*,#3888,.F.);
#6045=ORIENTED_EDGE('',*,*,#4483,.F.);
#6046=ORIENTED_EDGE('',*,*,#3953,.F.);
#6047=ORIENTED_EDGE('',*,*,#4483,.T.);
#6048=ORIENTED_EDGE('',*,*,#3887,.F.);
#6049=ORIENTED_EDGE('',*,*,#4476,.F.);
#6050=ORIENTED_EDGE('',*,*,#3946,.F.);
#6051=ORIENTED_EDGE('',*,*,#4484,.T.);
#6052=ORIENTED_EDGE('',*,*,#3878,.F.);
#6053=ORIENTED_EDGE('',*,*,#4485,.F.);
#6054=ORIENTED_EDGE('',*,*,#3947,.F.);
#6055=ORIENTED_EDGE('',*,*,#4485,.T.);
#6056=ORIENTED_EDGE('',*,*,#3877,.F.);
#6057=ORIENTED_EDGE('',*,*,#4486,.F.);
#6058=ORIENTED_EDGE('',*,*,#3948,.F.);
#6059=ORIENTED_EDGE('',*,*,#4486,.T.);
#6060=ORIENTED_EDGE('',*,*,#3876,.F.);
#6061=ORIENTED_EDGE('',*,*,#4487,.T.);
#6062=ORIENTED_EDGE('',*,*,#3949,.F.);
#6063=ORIENTED_EDGE('',*,*,#4487,.F.);
#6064=ORIENTED_EDGE('',*,*,#3875,.F.);
#6065=ORIENTED_EDGE('',*,*,#4488,.F.);
#6066=ORIENTED_EDGE('',*,*,#3942,.F.);
#6067=ORIENTED_EDGE('',*,*,#4488,.T.);
#6068=ORIENTED_EDGE('',*,*,#3874,.F.);
#6069=ORIENTED_EDGE('',*,*,#4489,.F.);
#6070=ORIENTED_EDGE('',*,*,#3943,.F.);
#6071=ORIENTED_EDGE('',*,*,#4489,.T.);
#6072=ORIENTED_EDGE('',*,*,#3881,.F.);
#6073=ORIENTED_EDGE('',*,*,#4490,.F.);
#6074=ORIENTED_EDGE('',*,*,#3944,.F.);
#6075=ORIENTED_EDGE('',*,*,#4490,.T.);
#6076=ORIENTED_EDGE('',*,*,#3880,.F.);
#6077=ORIENTED_EDGE('',*,*,#4491,.F.);
#6078=ORIENTED_EDGE('',*,*,#3945,.F.);
#6079=ORIENTED_EDGE('',*,*,#4491,.T.);
#6080=ORIENTED_EDGE('',*,*,#3879,.F.);
#6081=ORIENTED_EDGE('',*,*,#4484,.F.);
#6082=ORIENTED_EDGE('',*,*,#4492,.F.);
#6083=ORIENTED_EDGE('',*,*,#4493,.T.);
#6084=ORIENTED_EDGE('',*,*,#4494,.F.);
#6085=ORIENTED_EDGE('',*,*,#4495,.F.);
#6086=ORIENTED_EDGE('',*,*,#4496,.F.);
#6087=ORIENTED_EDGE('',*,*,#4495,.T.);
#6088=ORIENTED_EDGE('',*,*,#4497,.F.);
#6089=ORIENTED_EDGE('',*,*,#4498,.F.);
#6090=ORIENTED_EDGE('',*,*,#4499,.F.);
#6091=ORIENTED_EDGE('',*,*,#4498,.T.);
#6092=ORIENTED_EDGE('',*,*,#4500,.F.);
#6093=ORIENTED_EDGE('',*,*,#4501,.T.);
#6094=ORIENTED_EDGE('',*,*,#4502,.F.);
#6095=ORIENTED_EDGE('',*,*,#4501,.F.);
#6096=ORIENTED_EDGE('',*,*,#4503,.F.);
#6097=ORIENTED_EDGE('',*,*,#4504,.F.);
#6098=ORIENTED_EDGE('',*,*,#4505,.F.);
#6099=ORIENTED_EDGE('',*,*,#4504,.T.);
#6100=ORIENTED_EDGE('',*,*,#4506,.F.);
#6101=ORIENTED_EDGE('',*,*,#4507,.F.);
#6102=ORIENTED_EDGE('',*,*,#4508,.F.);
#6103=ORIENTED_EDGE('',*,*,#4507,.T.);
#6104=ORIENTED_EDGE('',*,*,#4509,.F.);
#6105=ORIENTED_EDGE('',*,*,#4510,.F.);
#6106=ORIENTED_EDGE('',*,*,#4511,.F.);
#6107=ORIENTED_EDGE('',*,*,#4510,.T.);
#6108=ORIENTED_EDGE('',*,*,#4512,.F.);
#6109=ORIENTED_EDGE('',*,*,#4513,.F.);
#6110=ORIENTED_EDGE('',*,*,#4514,.F.);
#6111=ORIENTED_EDGE('',*,*,#4513,.T.);
#6112=ORIENTED_EDGE('',*,*,#4515,.F.);
#6113=ORIENTED_EDGE('',*,*,#4493,.F.);
#6114=ORIENTED_EDGE('',*,*,#4516,.F.);
#6115=ORIENTED_EDGE('',*,*,#4517,.T.);
#6116=ORIENTED_EDGE('',*,*,#4518,.F.);
#6117=ORIENTED_EDGE('',*,*,#4519,.F.);
#6118=ORIENTED_EDGE('',*,*,#4520,.F.);
#6119=ORIENTED_EDGE('',*,*,#4519,.T.);
#6120=ORIENTED_EDGE('',*,*,#4521,.F.);
#6121=ORIENTED_EDGE('',*,*,#4522,.F.);
#6122=ORIENTED_EDGE('',*,*,#4523,.F.);
#6123=ORIENTED_EDGE('',*,*,#4522,.T.);
#6124=ORIENTED_EDGE('',*,*,#4524,.F.);
#6125=ORIENTED_EDGE('',*,*,#4525,.T.);
#6126=ORIENTED_EDGE('',*,*,#4526,.F.);
#6127=ORIENTED_EDGE('',*,*,#4525,.F.);
#6128=ORIENTED_EDGE('',*,*,#4527,.F.);
#6129=ORIENTED_EDGE('',*,*,#4528,.F.);
#6130=ORIENTED_EDGE('',*,*,#4529,.F.);
#6131=ORIENTED_EDGE('',*,*,#4528,.T.);
#6132=ORIENTED_EDGE('',*,*,#4530,.F.);
#6133=ORIENTED_EDGE('',*,*,#4531,.F.);
#6134=ORIENTED_EDGE('',*,*,#4532,.F.);
#6135=ORIENTED_EDGE('',*,*,#4531,.T.);
#6136=ORIENTED_EDGE('',*,*,#4533,.F.);
#6137=ORIENTED_EDGE('',*,*,#4534,.F.);
#6138=ORIENTED_EDGE('',*,*,#4535,.F.);
#6139=ORIENTED_EDGE('',*,*,#4534,.T.);
#6140=ORIENTED_EDGE('',*,*,#4536,.F.);
#6141=ORIENTED_EDGE('',*,*,#4537,.F.);
#6142=ORIENTED_EDGE('',*,*,#4538,.F.);
#6143=ORIENTED_EDGE('',*,*,#4537,.T.);
#6144=ORIENTED_EDGE('',*,*,#4539,.F.);
#6145=ORIENTED_EDGE('',*,*,#4517,.F.);
#6146=ORIENTED_EDGE('',*,*,#4540,.F.);
#6147=ORIENTED_EDGE('',*,*,#4541,.T.);
#6148=ORIENTED_EDGE('',*,*,#4542,.F.);
#6149=ORIENTED_EDGE('',*,*,#4543,.F.);
#6150=ORIENTED_EDGE('',*,*,#4544,.F.);
#6151=ORIENTED_EDGE('',*,*,#4543,.T.);
#6152=ORIENTED_EDGE('',*,*,#4545,.F.);
#6153=ORIENTED_EDGE('',*,*,#4546,.F.);
#6154=ORIENTED_EDGE('',*,*,#4547,.F.);
#6155=ORIENTED_EDGE('',*,*,#4546,.T.);
#6156=ORIENTED_EDGE('',*,*,#4548,.F.);
#6157=ORIENTED_EDGE('',*,*,#4549,.T.);
#6158=ORIENTED_EDGE('',*,*,#4550,.F.);
#6159=ORIENTED_EDGE('',*,*,#4549,.F.);
#6160=ORIENTED_EDGE('',*,*,#4551,.F.);
#6161=ORIENTED_EDGE('',*,*,#4552,.F.);
#6162=ORIENTED_EDGE('',*,*,#4553,.F.);
#6163=ORIENTED_EDGE('',*,*,#4552,.T.);
#6164=ORIENTED_EDGE('',*,*,#4554,.F.);
#6165=ORIENTED_EDGE('',*,*,#4555,.F.);
#6166=ORIENTED_EDGE('',*,*,#4556,.F.);
#6167=ORIENTED_EDGE('',*,*,#4555,.T.);
#6168=ORIENTED_EDGE('',*,*,#4557,.F.);
#6169=ORIENTED_EDGE('',*,*,#4558,.F.);
#6170=ORIENTED_EDGE('',*,*,#4559,.F.);
#6171=ORIENTED_EDGE('',*,*,#4558,.T.);
#6172=ORIENTED_EDGE('',*,*,#4560,.F.);
#6173=ORIENTED_EDGE('',*,*,#4561,.F.);
#6174=ORIENTED_EDGE('',*,*,#4562,.F.);
#6175=ORIENTED_EDGE('',*,*,#4561,.T.);
#6176=ORIENTED_EDGE('',*,*,#4563,.F.);
#6177=ORIENTED_EDGE('',*,*,#4541,.F.);
#6178=ORIENTED_EDGE('',*,*,#4564,.F.);
#6179=ORIENTED_EDGE('',*,*,#4565,.T.);
#6180=ORIENTED_EDGE('',*,*,#4566,.F.);
#6181=ORIENTED_EDGE('',*,*,#4567,.F.);
#6182=ORIENTED_EDGE('',*,*,#4568,.F.);
#6183=ORIENTED_EDGE('',*,*,#4567,.T.);
#6184=ORIENTED_EDGE('',*,*,#4569,.F.);
#6185=ORIENTED_EDGE('',*,*,#4570,.F.);
#6186=ORIENTED_EDGE('',*,*,#4571,.F.);
#6187=ORIENTED_EDGE('',*,*,#4570,.T.);
#6188=ORIENTED_EDGE('',*,*,#4572,.F.);
#6189=ORIENTED_EDGE('',*,*,#4573,.T.);
#6190=ORIENTED_EDGE('',*,*,#4574,.F.);
#6191=ORIENTED_EDGE('',*,*,#4573,.F.);
#6192=ORIENTED_EDGE('',*,*,#4575,.F.);
#6193=ORIENTED_EDGE('',*,*,#4576,.F.);
#6194=ORIENTED_EDGE('',*,*,#4577,.F.);
#6195=ORIENTED_EDGE('',*,*,#4576,.T.);
#6196=ORIENTED_EDGE('',*,*,#4578,.F.);
#6197=ORIENTED_EDGE('',*,*,#4579,.F.);
#6198=ORIENTED_EDGE('',*,*,#4580,.F.);
#6199=ORIENTED_EDGE('',*,*,#4579,.T.);
#6200=ORIENTED_EDGE('',*,*,#4581,.F.);
#6201=ORIENTED_EDGE('',*,*,#4582,.F.);
#6202=ORIENTED_EDGE('',*,*,#4583,.F.);
#6203=ORIENTED_EDGE('',*,*,#4582,.T.);
#6204=ORIENTED_EDGE('',*,*,#4584,.F.);
#6205=ORIENTED_EDGE('',*,*,#4585,.F.);
#6206=ORIENTED_EDGE('',*,*,#4586,.F.);
#6207=ORIENTED_EDGE('',*,*,#4585,.T.);
#6208=ORIENTED_EDGE('',*,*,#4587,.F.);
#6209=ORIENTED_EDGE('',*,*,#4565,.F.);
#6210=ORIENTED_EDGE('',*,*,#4588,.F.);
#6211=ORIENTED_EDGE('',*,*,#4589,.T.);
#6212=ORIENTED_EDGE('',*,*,#4590,.F.);
#6213=ORIENTED_EDGE('',*,*,#4591,.F.);
#6214=ORIENTED_EDGE('',*,*,#4592,.F.);
#6215=ORIENTED_EDGE('',*,*,#4591,.T.);
#6216=ORIENTED_EDGE('',*,*,#4593,.F.);
#6217=ORIENTED_EDGE('',*,*,#4594,.F.);
#6218=ORIENTED_EDGE('',*,*,#4595,.F.);
#6219=ORIENTED_EDGE('',*,*,#4594,.T.);
#6220=ORIENTED_EDGE('',*,*,#4596,.F.);
#6221=ORIENTED_EDGE('',*,*,#4597,.T.);
#6222=ORIENTED_EDGE('',*,*,#4598,.F.);
#6223=ORIENTED_EDGE('',*,*,#4597,.F.);
#6224=ORIENTED_EDGE('',*,*,#4599,.F.);
#6225=ORIENTED_EDGE('',*,*,#4600,.F.);
#6226=ORIENTED_EDGE('',*,*,#4601,.F.);
#6227=ORIENTED_EDGE('',*,*,#4600,.T.);
#6228=ORIENTED_EDGE('',*,*,#4602,.F.);
#6229=ORIENTED_EDGE('',*,*,#4603,.F.);
#6230=ORIENTED_EDGE('',*,*,#4604,.F.);
#6231=ORIENTED_EDGE('',*,*,#4603,.T.);
#6232=ORIENTED_EDGE('',*,*,#4605,.F.);
#6233=ORIENTED_EDGE('',*,*,#4606,.F.);
#6234=ORIENTED_EDGE('',*,*,#4607,.F.);
#6235=ORIENTED_EDGE('',*,*,#4606,.T.);
#6236=ORIENTED_EDGE('',*,*,#4608,.F.);
#6237=ORIENTED_EDGE('',*,*,#4609,.F.);
#6238=ORIENTED_EDGE('',*,*,#4610,.F.);
#6239=ORIENTED_EDGE('',*,*,#4609,.T.);
#6240=ORIENTED_EDGE('',*,*,#4611,.F.);
#6241=ORIENTED_EDGE('',*,*,#4589,.F.);
#6242=ORIENTED_EDGE('',*,*,#4612,.F.);
#6243=ORIENTED_EDGE('',*,*,#4613,.T.);
#6244=ORIENTED_EDGE('',*,*,#4614,.F.);
#6245=ORIENTED_EDGE('',*,*,#4615,.F.);
#6246=ORIENTED_EDGE('',*,*,#4616,.F.);
#6247=ORIENTED_EDGE('',*,*,#4615,.T.);
#6248=ORIENTED_EDGE('',*,*,#4617,.F.);
#6249=ORIENTED_EDGE('',*,*,#4618,.F.);
#6250=ORIENTED_EDGE('',*,*,#4619,.F.);
#6251=ORIENTED_EDGE('',*,*,#4618,.T.);
#6252=ORIENTED_EDGE('',*,*,#4620,.F.);
#6253=ORIENTED_EDGE('',*,*,#4621,.T.);
#6254=ORIENTED_EDGE('',*,*,#4622,.F.);
#6255=ORIENTED_EDGE('',*,*,#4621,.F.);
#6256=ORIENTED_EDGE('',*,*,#4623,.F.);
#6257=ORIENTED_EDGE('',*,*,#4624,.F.);
#6258=ORIENTED_EDGE('',*,*,#4625,.F.);
#6259=ORIENTED_EDGE('',*,*,#4624,.T.);
#6260=ORIENTED_EDGE('',*,*,#4626,.F.);
#6261=ORIENTED_EDGE('',*,*,#4627,.F.);
#6262=ORIENTED_EDGE('',*,*,#4628,.F.);
#6263=ORIENTED_EDGE('',*,*,#4627,.T.);
#6264=ORIENTED_EDGE('',*,*,#4629,.F.);
#6265=ORIENTED_EDGE('',*,*,#4630,.F.);
#6266=ORIENTED_EDGE('',*,*,#4631,.F.);
#6267=ORIENTED_EDGE('',*,*,#4630,.T.);
#6268=ORIENTED_EDGE('',*,*,#4632,.F.);
#6269=ORIENTED_EDGE('',*,*,#4633,.F.);
#6270=ORIENTED_EDGE('',*,*,#4634,.F.);
#6271=ORIENTED_EDGE('',*,*,#4633,.T.);
#6272=ORIENTED_EDGE('',*,*,#4635,.F.);
#6273=ORIENTED_EDGE('',*,*,#4613,.F.);
#6274=ORIENTED_EDGE('',*,*,#4007,.T.);
#6275=ORIENTED_EDGE('',*,*,#4029,.F.);
#6276=ORIENTED_EDGE('',*,*,#4636,.T.);
#6277=ORIENTED_EDGE('',*,*,#3871,.T.);
#6278=ORIENTED_EDGE('',*,*,#3994,.T.);
#6279=ORIENTED_EDGE('',*,*,#4637,.F.);
#6280=ORIENTED_EDGE('',*,*,#4638,.T.);
#6281=ORIENTED_EDGE('',*,*,#4639,.T.);
#6282=ORIENTED_EDGE('',*,*,#3864,.T.);
#6283=ORIENTED_EDGE('',*,*,#4640,.T.);
#6284=ORIENTED_EDGE('',*,*,#4641,.T.);
#6285=ORIENTED_EDGE('',*,*,#4213,.T.);
#6286=ORIENTED_EDGE('',*,*,#4168,.F.);
#6287=ORIENTED_EDGE('',*,*,#4180,.F.);
#6288=ORIENTED_EDGE('',*,*,#4178,.F.);
#6289=ORIENTED_EDGE('',*,*,#4211,.T.);
#6290=ORIENTED_EDGE('',*,*,#4641,.F.);
#6291=ORIENTED_EDGE('',*,*,#4642,.T.);
#6292=ORIENTED_EDGE('',*,*,#4643,.T.);
#6293=ORIENTED_EDGE('',*,*,#4204,.T.);
#6294=ORIENTED_EDGE('',*,*,#4186,.F.);
#6295=ORIENTED_EDGE('',*,*,#4198,.F.);
#6296=ORIENTED_EDGE('',*,*,#4196,.F.);
#6297=ORIENTED_EDGE('',*,*,#4202,.T.);
#6298=ORIENTED_EDGE('',*,*,#4643,.F.);
#6299=ORIENTED_EDGE('',*,*,#4644,.F.);
#6300=ORIENTED_EDGE('',*,*,#4134,.T.);
#6301=ORIENTED_EDGE('',*,*,#4645,.F.);
#6302=ORIENTED_EDGE('',*,*,#4646,.T.);
#6303=ORIENTED_EDGE('',*,*,#4645,.T.);
#6304=ORIENTED_EDGE('',*,*,#4159,.F.);
#6305=ORIENTED_EDGE('',*,*,#4647,.T.);
#6306=ORIENTED_EDGE('',*,*,#4648,.T.);
#6307=ORIENTED_EDGE('',*,*,#4649,.T.);
#6308=ORIENTED_EDGE('',*,*,#4650,.T.);
#6309=ORIENTED_EDGE('',*,*,#4651,.T.);
#6310=ORIENTED_EDGE('',*,*,#4154,.T.);
#6311=ORIENTED_EDGE('',*,*,#4652,.F.);
#6312=ORIENTED_EDGE('',*,*,#4155,.T.);
#6313=ORIENTED_EDGE('',*,*,#4651,.F.);
#6314=ORIENTED_EDGE('',*,*,#4652,.T.);
#6315=ORIENTED_EDGE('',*,*,#4153,.F.);
#6316=ORIENTED_EDGE('',*,*,#4653,.T.);
#6317=ORIENTED_EDGE('',*,*,#4654,.T.);
#6318=ORIENTED_EDGE('',*,*,#4655,.F.);
#6319=ORIENTED_EDGE('',*,*,#4156,.F.);
#6320=ORIENTED_EDGE('',*,*,#4656,.T.);
#6321=ORIENTED_EDGE('',*,*,#4657,.T.);
#6322=ORIENTED_EDGE('',*,*,#4650,.F.);
#6323=ORIENTED_EDGE('',*,*,#4657,.F.);
#6324=ORIENTED_EDGE('',*,*,#4642,.F.);
#6325=ORIENTED_EDGE('',*,*,#4241,.T.);
#6326=ORIENTED_EDGE('',*,*,#4640,.F.);
#6327=ORIENTED_EDGE('',*,*,#4244,.T.);
#6328=ORIENTED_EDGE('',*,*,#4656,.F.);
#6329=ORIENTED_EDGE('',*,*,#4249,.T.);
#6330=ORIENTED_EDGE('',*,*,#4646,.F.);
#6331=ORIENTED_EDGE('',*,*,#4649,.F.);
#6332=ORIENTED_EDGE('',*,*,#4658,.T.);
#6333=ORIENTED_EDGE('',*,*,#4659,.F.);
#6334=ORIENTED_EDGE('',*,*,#4644,.T.);
#6335=ORIENTED_EDGE('',*,*,#4659,.T.);
#6336=ORIENTED_EDGE('',*,*,#4660,.T.);
#6337=ORIENTED_EDGE('',*,*,#4661,.F.);
#6338=ORIENTED_EDGE('',*,*,#4135,.F.);
#6339=ORIENTED_EDGE('',*,*,#4662,.F.);
#6340=ORIENTED_EDGE('',*,*,#4663,.F.);
#6341=ORIENTED_EDGE('',*,*,#4664,.F.);
#6342=ORIENTED_EDGE('',*,*,#4665,.F.);
#6343=ORIENTED_EDGE('',*,*,#4665,.T.);
#6344=ORIENTED_EDGE('',*,*,#4666,.T.);
#6345=ORIENTED_EDGE('',*,*,#4667,.T.);
#6346=ORIENTED_EDGE('',*,*,#4668,.F.);
#6347=ORIENTED_EDGE('',*,*,#4663,.T.);
#6348=ORIENTED_EDGE('',*,*,#4669,.T.);
#6349=ORIENTED_EDGE('',*,*,#4670,.T.);
#6350=ORIENTED_EDGE('',*,*,#4671,.F.);
#6351=ORIENTED_EDGE('',*,*,#4672,.F.);
#6352=ORIENTED_EDGE('',*,*,#4673,.F.);
#6353=ORIENTED_EDGE('',*,*,#4674,.F.);
#6354=ORIENTED_EDGE('',*,*,#4670,.F.);
#6355=ORIENTED_EDGE('',*,*,#4675,.F.);
#6356=ORIENTED_EDGE('',*,*,#4667,.F.);
#6357=ORIENTED_EDGE('',*,*,#4676,.F.);
#6358=ORIENTED_EDGE('',*,*,#4677,.F.);
#6359=ORIENTED_EDGE('',*,*,#4002,.T.);
#6360=ORIENTED_EDGE('',*,*,#4678,.F.);
#6361=ORIENTED_EDGE('',*,*,#4149,.F.);
#6362=ORIENTED_EDGE('',*,*,#4679,.T.);
#6363=ORIENTED_EDGE('',*,*,#4001,.T.);
#6364=ORIENTED_EDGE('',*,*,#4680,.F.);
#6365=ORIENTED_EDGE('',*,*,#4150,.F.);
#6366=ORIENTED_EDGE('',*,*,#4678,.T.);
#6367=ORIENTED_EDGE('',*,*,#4129,.T.);
#6368=ORIENTED_EDGE('',*,*,#4010,.F.);
#6369=ORIENTED_EDGE('',*,*,#4014,.T.);
#6370=ORIENTED_EDGE('',*,*,#4025,.F.);
#6371=ORIENTED_EDGE('',*,*,#4130,.T.);
#6372=ORIENTED_EDGE('',*,*,#4023,.F.);
#6373=ORIENTED_EDGE('',*,*,#4019,.T.);
#6374=ORIENTED_EDGE('',*,*,#4015,.F.);
#6375=ORIENTED_EDGE('',*,*,#4261,.T.);
#6376=ORIENTED_EDGE('',*,*,#4267,.T.);
#6377=ORIENTED_EDGE('',*,*,#4265,.T.);
#6378=ORIENTED_EDGE('',*,*,#4263,.T.);
#6379=ORIENTED_EDGE('',*,*,#4252,.T.);
#6380=ORIENTED_EDGE('',*,*,#4255,.T.);
#6381=ORIENTED_EDGE('',*,*,#4257,.T.);
#6382=ORIENTED_EDGE('',*,*,#4259,.T.);
#6383=ORIENTED_EDGE('',*,*,#4277,.T.);
#6384=ORIENTED_EDGE('',*,*,#4283,.T.);
#6385=ORIENTED_EDGE('',*,*,#4281,.T.);
#6386=ORIENTED_EDGE('',*,*,#4279,.T.);
#6387=ORIENTED_EDGE('',*,*,#4268,.T.);
#6388=ORIENTED_EDGE('',*,*,#4271,.T.);
#6389=ORIENTED_EDGE('',*,*,#4273,.T.);
#6390=ORIENTED_EDGE('',*,*,#4275,.T.);
#6391=ORIENTED_EDGE('',*,*,#4293,.T.);
#6392=ORIENTED_EDGE('',*,*,#4299,.T.);
#6393=ORIENTED_EDGE('',*,*,#4297,.T.);
#6394=ORIENTED_EDGE('',*,*,#4295,.T.);
#6395=ORIENTED_EDGE('',*,*,#4284,.T.);
#6396=ORIENTED_EDGE('',*,*,#4287,.T.);
#6397=ORIENTED_EDGE('',*,*,#4289,.T.);
#6398=ORIENTED_EDGE('',*,*,#4291,.T.);
#6399=ORIENTED_EDGE('',*,*,#4309,.T.);
#6400=ORIENTED_EDGE('',*,*,#4315,.T.);
#6401=ORIENTED_EDGE('',*,*,#4313,.T.);
#6402=ORIENTED_EDGE('',*,*,#4311,.T.);
#6403=ORIENTED_EDGE('',*,*,#4300,.T.);
#6404=ORIENTED_EDGE('',*,*,#4303,.T.);
#6405=ORIENTED_EDGE('',*,*,#4305,.T.);
#6406=ORIENTED_EDGE('',*,*,#4307,.T.);
#6407=ORIENTED_EDGE('',*,*,#4325,.T.);
#6408=ORIENTED_EDGE('',*,*,#4331,.T.);
#6409=ORIENTED_EDGE('',*,*,#4329,.T.);
#6410=ORIENTED_EDGE('',*,*,#4327,.T.);
#6411=ORIENTED_EDGE('',*,*,#4316,.T.);
#6412=ORIENTED_EDGE('',*,*,#4319,.T.);
#6413=ORIENTED_EDGE('',*,*,#4321,.T.);
#6414=ORIENTED_EDGE('',*,*,#4323,.T.);
#6415=ORIENTED_EDGE('',*,*,#4341,.T.);
#6416=ORIENTED_EDGE('',*,*,#4347,.T.);
#6417=ORIENTED_EDGE('',*,*,#4345,.T.);
#6418=ORIENTED_EDGE('',*,*,#4343,.T.);
#6419=ORIENTED_EDGE('',*,*,#4332,.T.);
#6420=ORIENTED_EDGE('',*,*,#4335,.T.);
#6421=ORIENTED_EDGE('',*,*,#4337,.T.);
#6422=ORIENTED_EDGE('',*,*,#4339,.T.);
#6423=ORIENTED_EDGE('',*,*,#4357,.T.);
#6424=ORIENTED_EDGE('',*,*,#4363,.T.);
#6425=ORIENTED_EDGE('',*,*,#4361,.T.);
#6426=ORIENTED_EDGE('',*,*,#4359,.T.);
#6427=ORIENTED_EDGE('',*,*,#4348,.T.);
#6428=ORIENTED_EDGE('',*,*,#4351,.T.);
#6429=ORIENTED_EDGE('',*,*,#4353,.T.);
#6430=ORIENTED_EDGE('',*,*,#4355,.T.);
#6431=ORIENTED_EDGE('',*,*,#4373,.T.);
#6432=ORIENTED_EDGE('',*,*,#4379,.T.);
#6433=ORIENTED_EDGE('',*,*,#4377,.T.);
#6434=ORIENTED_EDGE('',*,*,#4375,.T.);
#6435=ORIENTED_EDGE('',*,*,#4364,.T.);
#6436=ORIENTED_EDGE('',*,*,#4367,.T.);
#6437=ORIENTED_EDGE('',*,*,#4369,.T.);
#6438=ORIENTED_EDGE('',*,*,#4371,.T.);
#6439=ORIENTED_EDGE('',*,*,#4389,.T.);
#6440=ORIENTED_EDGE('',*,*,#4395,.T.);
#6441=ORIENTED_EDGE('',*,*,#4393,.T.);
#6442=ORIENTED_EDGE('',*,*,#4391,.T.);
#6443=ORIENTED_EDGE('',*,*,#4380,.T.);
#6444=ORIENTED_EDGE('',*,*,#4383,.T.);
#6445=ORIENTED_EDGE('',*,*,#4385,.T.);
#6446=ORIENTED_EDGE('',*,*,#4387,.T.);
#6447=ORIENTED_EDGE('',*,*,#4405,.T.);
#6448=ORIENTED_EDGE('',*,*,#4411,.T.);
#6449=ORIENTED_EDGE('',*,*,#4409,.T.);
#6450=ORIENTED_EDGE('',*,*,#4407,.T.);
#6451=ORIENTED_EDGE('',*,*,#4396,.T.);
#6452=ORIENTED_EDGE('',*,*,#4399,.T.);
#6453=ORIENTED_EDGE('',*,*,#4401,.T.);
#6454=ORIENTED_EDGE('',*,*,#4403,.T.);
#6455=ORIENTED_EDGE('',*,*,#4421,.T.);
#6456=ORIENTED_EDGE('',*,*,#4427,.T.);
#6457=ORIENTED_EDGE('',*,*,#4425,.T.);
#6458=ORIENTED_EDGE('',*,*,#4423,.T.);
#6459=ORIENTED_EDGE('',*,*,#4412,.T.);
#6460=ORIENTED_EDGE('',*,*,#4415,.T.);
#6461=ORIENTED_EDGE('',*,*,#4417,.T.);
#6462=ORIENTED_EDGE('',*,*,#4419,.T.);
#6463=ORIENTED_EDGE('',*,*,#4437,.T.);
#6464=ORIENTED_EDGE('',*,*,#4443,.T.);
#6465=ORIENTED_EDGE('',*,*,#4441,.T.);
#6466=ORIENTED_EDGE('',*,*,#4439,.T.);
#6467=ORIENTED_EDGE('',*,*,#4428,.T.);
#6468=ORIENTED_EDGE('',*,*,#4431,.T.);
#6469=ORIENTED_EDGE('',*,*,#4433,.T.);
#6470=ORIENTED_EDGE('',*,*,#4435,.T.);
#6471=ORIENTED_EDGE('',*,*,#4000,.T.);
#6472=ORIENTED_EDGE('',*,*,#3940,.F.);
#6473=ORIENTED_EDGE('',*,*,#4151,.F.);
#6474=ORIENTED_EDGE('',*,*,#4680,.T.);
#6475=ORIENTED_EDGE('',*,*,#3999,.T.);
#6476=ORIENTED_EDGE('',*,*,#4681,.F.);
#6477=ORIENTED_EDGE('',*,*,#4137,.F.);
#6478=ORIENTED_EDGE('',*,*,#3922,.T.);
#6479=ORIENTED_EDGE('',*,*,#3867,.T.);
#6480=ORIENTED_EDGE('',*,*,#4673,.T.);
#6481=ORIENTED_EDGE('',*,*,#4682,.T.);
#6482=ORIENTED_EDGE('',*,*,#3997,.T.);
#6483=ORIENTED_EDGE('',*,*,#4683,.F.);
#6484=ORIENTED_EDGE('',*,*,#3991,.T.);
#6485=ORIENTED_EDGE('',*,*,#4684,.F.);
#6486=ORIENTED_EDGE('',*,*,#4138,.F.);
#6487=ORIENTED_EDGE('',*,*,#4681,.T.);
#6488=ORIENTED_EDGE('',*,*,#3998,.T.);
#6489=ORIENTED_EDGE('',*,*,#4682,.F.);
#6490=ORIENTED_EDGE('',*,*,#4672,.T.);
#6491=ORIENTED_EDGE('',*,*,#4669,.F.);
#6492=ORIENTED_EDGE('',*,*,#4662,.T.);
#6493=ORIENTED_EDGE('',*,*,#4668,.T.);
#6494=ORIENTED_EDGE('',*,*,#4675,.T.);
#6495=ORIENTED_EDGE('',*,*,#4685,.T.);
#6496=ORIENTED_EDGE('',*,*,#3990,.T.);
#6497=ORIENTED_EDGE('',*,*,#3865,.F.);
#6498=ORIENTED_EDGE('',*,*,#4686,.F.);
#6499=ORIENTED_EDGE('',*,*,#4139,.F.);
#6500=ORIENTED_EDGE('',*,*,#4684,.T.);
#6501=ORIENTED_EDGE('',*,*,#3852,.T.);
#6502=ORIENTED_EDGE('',*,*,#4003,.T.);
#6503=ORIENTED_EDGE('',*,*,#4679,.F.);
#6504=ORIENTED_EDGE('',*,*,#4148,.F.);
#6505=ORIENTED_EDGE('',*,*,#4687,.T.);
#6506=ORIENTED_EDGE('',*,*,#4688,.T.);
#6507=ORIENTED_EDGE('',*,*,#4689,.T.);
#6508=ORIENTED_EDGE('',*,*,#4690,.T.);
#6509=ORIENTED_EDGE('',*,*,#4691,.F.);
#6510=ORIENTED_EDGE('',*,*,#4692,.T.);
#6511=ORIENTED_EDGE('',*,*,#4693,.F.);
#6512=ORIENTED_EDGE('',*,*,#4144,.F.);
#6513=ORIENTED_EDGE('',*,*,#4694,.T.);
#6514=ORIENTED_EDGE('',*,*,#4695,.T.);
#6515=ORIENTED_EDGE('',*,*,#4696,.T.);
#6516=ORIENTED_EDGE('',*,*,#4697,.T.);
#6517=ORIENTED_EDGE('',*,*,#4698,.F.);
#6518=ORIENTED_EDGE('',*,*,#4699,.T.);
#6519=ORIENTED_EDGE('',*,*,#4700,.F.);
#6520=ORIENTED_EDGE('',*,*,#4140,.F.);
#6521=ORIENTED_EDGE('',*,*,#4686,.T.);
#6522=ORIENTED_EDGE('',*,*,#3859,.T.);
#6523=ORIENTED_EDGE('',*,*,#4505,.T.);
#6524=ORIENTED_EDGE('',*,*,#4508,.T.);
#6525=ORIENTED_EDGE('',*,*,#4511,.T.);
#6526=ORIENTED_EDGE('',*,*,#4514,.T.);
#6527=ORIENTED_EDGE('',*,*,#4492,.T.);
#6528=ORIENTED_EDGE('',*,*,#4496,.T.);
#6529=ORIENTED_EDGE('',*,*,#4499,.T.);
#6530=ORIENTED_EDGE('',*,*,#4502,.T.);
#6531=ORIENTED_EDGE('',*,*,#4529,.T.);
#6532=ORIENTED_EDGE('',*,*,#4532,.T.);
#6533=ORIENTED_EDGE('',*,*,#4535,.T.);
#6534=ORIENTED_EDGE('',*,*,#4538,.T.);
#6535=ORIENTED_EDGE('',*,*,#4516,.T.);
#6536=ORIENTED_EDGE('',*,*,#4520,.T.);
#6537=ORIENTED_EDGE('',*,*,#4523,.T.);
#6538=ORIENTED_EDGE('',*,*,#4526,.T.);
#6539=ORIENTED_EDGE('',*,*,#4553,.T.);
#6540=ORIENTED_EDGE('',*,*,#4556,.T.);
#6541=ORIENTED_EDGE('',*,*,#4559,.T.);
#6542=ORIENTED_EDGE('',*,*,#4562,.T.);
#6543=ORIENTED_EDGE('',*,*,#4540,.T.);
#6544=ORIENTED_EDGE('',*,*,#4544,.T.);
#6545=ORIENTED_EDGE('',*,*,#4547,.T.);
#6546=ORIENTED_EDGE('',*,*,#4550,.T.);
#6547=ORIENTED_EDGE('',*,*,#4577,.T.);
#6548=ORIENTED_EDGE('',*,*,#4580,.T.);
#6549=ORIENTED_EDGE('',*,*,#4583,.T.);
#6550=ORIENTED_EDGE('',*,*,#4586,.T.);
#6551=ORIENTED_EDGE('',*,*,#4564,.T.);
#6552=ORIENTED_EDGE('',*,*,#4568,.T.);
#6553=ORIENTED_EDGE('',*,*,#4571,.T.);
#6554=ORIENTED_EDGE('',*,*,#4574,.T.);
#6555=ORIENTED_EDGE('',*,*,#4601,.T.);
#6556=ORIENTED_EDGE('',*,*,#4604,.T.);
#6557=ORIENTED_EDGE('',*,*,#4607,.T.);
#6558=ORIENTED_EDGE('',*,*,#4610,.T.);
#6559=ORIENTED_EDGE('',*,*,#4588,.T.);
#6560=ORIENTED_EDGE('',*,*,#4592,.T.);
#6561=ORIENTED_EDGE('',*,*,#4595,.T.);
#6562=ORIENTED_EDGE('',*,*,#4598,.T.);
#6563=ORIENTED_EDGE('',*,*,#4625,.T.);
#6564=ORIENTED_EDGE('',*,*,#4628,.T.);
#6565=ORIENTED_EDGE('',*,*,#4631,.T.);
#6566=ORIENTED_EDGE('',*,*,#4634,.T.);
#6567=ORIENTED_EDGE('',*,*,#4612,.T.);
#6568=ORIENTED_EDGE('',*,*,#4616,.T.);
#6569=ORIENTED_EDGE('',*,*,#4619,.T.);
#6570=ORIENTED_EDGE('',*,*,#4622,.T.);
#6571=ORIENTED_EDGE('',*,*,#4677,.T.);
#6572=ORIENTED_EDGE('',*,*,#4701,.T.);
#6573=ORIENTED_EDGE('',*,*,#3992,.T.);
#6574=ORIENTED_EDGE('',*,*,#4685,.F.);
#6575=ORIENTED_EDGE('',*,*,#4702,.F.);
#6576=ORIENTED_EDGE('',*,*,#4703,.T.);
#6577=ORIENTED_EDGE('',*,*,#4704,.T.);
#6578=ORIENTED_EDGE('',*,*,#4705,.F.);
#6579=ORIENTED_EDGE('',*,*,#4706,.F.);
#6580=ORIENTED_EDGE('',*,*,#4707,.T.);
#6581=ORIENTED_EDGE('',*,*,#4708,.T.);
#6582=ORIENTED_EDGE('',*,*,#4703,.F.);
#6583=ORIENTED_EDGE('',*,*,#4709,.F.);
#6584=ORIENTED_EDGE('',*,*,#4710,.T.);
#6585=ORIENTED_EDGE('',*,*,#4711,.T.);
#6586=ORIENTED_EDGE('',*,*,#4707,.F.);
#6587=ORIENTED_EDGE('',*,*,#4712,.F.);
#6588=ORIENTED_EDGE('',*,*,#4713,.T.);
#6589=ORIENTED_EDGE('',*,*,#4714,.T.);
#6590=ORIENTED_EDGE('',*,*,#4710,.F.);
#6591=ORIENTED_EDGE('',*,*,#4715,.F.);
#6592=ORIENTED_EDGE('',*,*,#4716,.T.);
#6593=ORIENTED_EDGE('',*,*,#4717,.T.);
#6594=ORIENTED_EDGE('',*,*,#4713,.F.);
#6595=ORIENTED_EDGE('',*,*,#4718,.F.);
#6596=ORIENTED_EDGE('',*,*,#4719,.T.);
#6597=ORIENTED_EDGE('',*,*,#4720,.T.);
#6598=ORIENTED_EDGE('',*,*,#4716,.F.);
#6599=ORIENTED_EDGE('',*,*,#4721,.F.);
#6600=ORIENTED_EDGE('',*,*,#4722,.T.);
#6601=ORIENTED_EDGE('',*,*,#4723,.T.);
#6602=ORIENTED_EDGE('',*,*,#4719,.F.);
#6603=ORIENTED_EDGE('',*,*,#4724,.F.);
#6604=ORIENTED_EDGE('',*,*,#4725,.T.);
#6605=ORIENTED_EDGE('',*,*,#4726,.T.);
#6606=ORIENTED_EDGE('',*,*,#4722,.F.);
#6607=ORIENTED_EDGE('',*,*,#4727,.F.);
#6608=ORIENTED_EDGE('',*,*,#4728,.T.);
#6609=ORIENTED_EDGE('',*,*,#4729,.T.);
#6610=ORIENTED_EDGE('',*,*,#4725,.F.);
#6611=ORIENTED_EDGE('',*,*,#4730,.F.);
#6612=ORIENTED_EDGE('',*,*,#4731,.T.);
#6613=ORIENTED_EDGE('',*,*,#4732,.T.);
#6614=ORIENTED_EDGE('',*,*,#4728,.F.);
#6615=ORIENTED_EDGE('',*,*,#4733,.F.);
#6616=ORIENTED_EDGE('',*,*,#4698,.T.);
#6617=ORIENTED_EDGE('',*,*,#4734,.T.);
#6618=ORIENTED_EDGE('',*,*,#4731,.F.);
#6619=ORIENTED_EDGE('',*,*,#4735,.F.);
#6620=ORIENTED_EDGE('',*,*,#4736,.T.);
#6621=ORIENTED_EDGE('',*,*,#4737,.T.);
#6622=ORIENTED_EDGE('',*,*,#4738,.F.);
#6623=ORIENTED_EDGE('',*,*,#4739,.F.);
#6624=ORIENTED_EDGE('',*,*,#4740,.T.);
#6625=ORIENTED_EDGE('',*,*,#4741,.T.);
#6626=ORIENTED_EDGE('',*,*,#4736,.F.);
#6627=ORIENTED_EDGE('',*,*,#4742,.F.);
#6628=ORIENTED_EDGE('',*,*,#4738,.T.);
#6629=ORIENTED_EDGE('',*,*,#4743,.T.);
#6630=ORIENTED_EDGE('',*,*,#4740,.F.);
#6631=ORIENTED_EDGE('',*,*,#4744,.F.);
#6632=ORIENTED_EDGE('',*,*,#4745,.T.);
#6633=ORIENTED_EDGE('',*,*,#4746,.T.);
#6634=ORIENTED_EDGE('',*,*,#4747,.F.);
#6635=ORIENTED_EDGE('',*,*,#4748,.F.);
#6636=ORIENTED_EDGE('',*,*,#4747,.T.);
#6637=ORIENTED_EDGE('',*,*,#4749,.T.);
#6638=ORIENTED_EDGE('',*,*,#4750,.F.);
#6639=ORIENTED_EDGE('',*,*,#4751,.F.);
#6640=ORIENTED_EDGE('',*,*,#4750,.T.);
#6641=ORIENTED_EDGE('',*,*,#4752,.T.);
#6642=ORIENTED_EDGE('',*,*,#4753,.F.);
#6643=ORIENTED_EDGE('',*,*,#4754,.F.);
#6644=ORIENTED_EDGE('',*,*,#4753,.T.);
#6645=ORIENTED_EDGE('',*,*,#4755,.T.);
#6646=ORIENTED_EDGE('',*,*,#4756,.F.);
#6647=ORIENTED_EDGE('',*,*,#4757,.F.);
#6648=ORIENTED_EDGE('',*,*,#4756,.T.);
#6649=ORIENTED_EDGE('',*,*,#4758,.T.);
#6650=ORIENTED_EDGE('',*,*,#4759,.F.);
#6651=ORIENTED_EDGE('',*,*,#4760,.F.);
#6652=ORIENTED_EDGE('',*,*,#4759,.T.);
#6653=ORIENTED_EDGE('',*,*,#4761,.T.);
#6654=ORIENTED_EDGE('',*,*,#4762,.F.);
#6655=ORIENTED_EDGE('',*,*,#4763,.F.);
#6656=ORIENTED_EDGE('',*,*,#4762,.T.);
#6657=ORIENTED_EDGE('',*,*,#4764,.T.);
#6658=ORIENTED_EDGE('',*,*,#4765,.F.);
#6659=ORIENTED_EDGE('',*,*,#4766,.F.);
#6660=ORIENTED_EDGE('',*,*,#4765,.T.);
#6661=ORIENTED_EDGE('',*,*,#4767,.T.);
#6662=ORIENTED_EDGE('',*,*,#4768,.F.);
#6663=ORIENTED_EDGE('',*,*,#4769,.F.);
#6664=ORIENTED_EDGE('',*,*,#4768,.T.);
#6665=ORIENTED_EDGE('',*,*,#4770,.T.);
#6666=ORIENTED_EDGE('',*,*,#4771,.F.);
#6667=ORIENTED_EDGE('',*,*,#4772,.F.);
#6668=ORIENTED_EDGE('',*,*,#4771,.T.);
#6669=ORIENTED_EDGE('',*,*,#4773,.T.);
#6670=ORIENTED_EDGE('',*,*,#4774,.F.);
#6671=ORIENTED_EDGE('',*,*,#4775,.F.);
#6672=ORIENTED_EDGE('',*,*,#4774,.T.);
#6673=ORIENTED_EDGE('',*,*,#4776,.T.);
#6674=ORIENTED_EDGE('',*,*,#4696,.F.);
#6675=ORIENTED_EDGE('',*,*,#4734,.F.);
#6676=ORIENTED_EDGE('',*,*,#4697,.F.);
#6677=ORIENTED_EDGE('',*,*,#4776,.F.);
#6678=ORIENTED_EDGE('',*,*,#4773,.F.);
#6679=ORIENTED_EDGE('',*,*,#4770,.F.);
#6680=ORIENTED_EDGE('',*,*,#4767,.F.);
#6681=ORIENTED_EDGE('',*,*,#4764,.F.);
#6682=ORIENTED_EDGE('',*,*,#4761,.F.);
#6683=ORIENTED_EDGE('',*,*,#4758,.F.);
#6684=ORIENTED_EDGE('',*,*,#4755,.F.);
#6685=ORIENTED_EDGE('',*,*,#4752,.F.);
#6686=ORIENTED_EDGE('',*,*,#4749,.F.);
#6687=ORIENTED_EDGE('',*,*,#4746,.F.);
#6688=ORIENTED_EDGE('',*,*,#4777,.F.);
#6689=ORIENTED_EDGE('',*,*,#4778,.F.);
#6690=ORIENTED_EDGE('',*,*,#4779,.F.);
#6691=ORIENTED_EDGE('',*,*,#4780,.F.);
#6692=ORIENTED_EDGE('',*,*,#4781,.F.);
#6693=ORIENTED_EDGE('',*,*,#4782,.F.);
#6694=ORIENTED_EDGE('',*,*,#4783,.F.);
#6695=ORIENTED_EDGE('',*,*,#4784,.F.);
#6696=ORIENTED_EDGE('',*,*,#4785,.F.);
#6697=ORIENTED_EDGE('',*,*,#4704,.F.);
#6698=ORIENTED_EDGE('',*,*,#4708,.F.);
#6699=ORIENTED_EDGE('',*,*,#4711,.F.);
#6700=ORIENTED_EDGE('',*,*,#4714,.F.);
#6701=ORIENTED_EDGE('',*,*,#4717,.F.);
#6702=ORIENTED_EDGE('',*,*,#4720,.F.);
#6703=ORIENTED_EDGE('',*,*,#4723,.F.);
#6704=ORIENTED_EDGE('',*,*,#4726,.F.);
#6705=ORIENTED_EDGE('',*,*,#4729,.F.);
#6706=ORIENTED_EDGE('',*,*,#4732,.F.);
#6707=ORIENTED_EDGE('',*,*,#4226,.T.);
#6708=ORIENTED_EDGE('',*,*,#4743,.F.);
#6709=ORIENTED_EDGE('',*,*,#4737,.F.);
#6710=ORIENTED_EDGE('',*,*,#4741,.F.);
#6711=ORIENTED_EDGE('',*,*,#4702,.T.);
#6712=ORIENTED_EDGE('',*,*,#4786,.F.);
#6713=ORIENTED_EDGE('',*,*,#4787,.F.);
#6714=ORIENTED_EDGE('',*,*,#4788,.F.);
#6715=ORIENTED_EDGE('',*,*,#4789,.F.);
#6716=ORIENTED_EDGE('',*,*,#4790,.F.);
#6717=ORIENTED_EDGE('',*,*,#4791,.F.);
#6718=ORIENTED_EDGE('',*,*,#4792,.F.);
#6719=ORIENTED_EDGE('',*,*,#4793,.F.);
#6720=ORIENTED_EDGE('',*,*,#4794,.F.);
#6721=ORIENTED_EDGE('',*,*,#4795,.F.);
#6722=ORIENTED_EDGE('',*,*,#4796,.F.);
#6723=ORIENTED_EDGE('',*,*,#4797,.F.);
#6724=ORIENTED_EDGE('',*,*,#4798,.F.);
#6725=ORIENTED_EDGE('',*,*,#4799,.F.);
#6726=ORIENTED_EDGE('',*,*,#4744,.T.);
#6727=ORIENTED_EDGE('',*,*,#4748,.T.);
#6728=ORIENTED_EDGE('',*,*,#4751,.T.);
#6729=ORIENTED_EDGE('',*,*,#4754,.T.);
#6730=ORIENTED_EDGE('',*,*,#4757,.T.);
#6731=ORIENTED_EDGE('',*,*,#4760,.T.);
#6732=ORIENTED_EDGE('',*,*,#4763,.T.);
#6733=ORIENTED_EDGE('',*,*,#4766,.T.);
#6734=ORIENTED_EDGE('',*,*,#4769,.T.);
#6735=ORIENTED_EDGE('',*,*,#4772,.T.);
#6736=ORIENTED_EDGE('',*,*,#4775,.T.);
#6737=ORIENTED_EDGE('',*,*,#4695,.F.);
#6738=ORIENTED_EDGE('',*,*,#4800,.F.);
#6739=ORIENTED_EDGE('',*,*,#4801,.F.);
#6740=ORIENTED_EDGE('',*,*,#4802,.F.);
#6741=ORIENTED_EDGE('',*,*,#4699,.F.);
#6742=ORIENTED_EDGE('',*,*,#4733,.T.);
#6743=ORIENTED_EDGE('',*,*,#4730,.T.);
#6744=ORIENTED_EDGE('',*,*,#4727,.T.);
#6745=ORIENTED_EDGE('',*,*,#4724,.T.);
#6746=ORIENTED_EDGE('',*,*,#4721,.T.);
#6747=ORIENTED_EDGE('',*,*,#4718,.T.);
#6748=ORIENTED_EDGE('',*,*,#4715,.T.);
#6749=ORIENTED_EDGE('',*,*,#4712,.T.);
#6750=ORIENTED_EDGE('',*,*,#4709,.T.);
#6751=ORIENTED_EDGE('',*,*,#4706,.T.);
#6752=ORIENTED_EDGE('',*,*,#4803,.F.);
#6753=ORIENTED_EDGE('',*,*,#4804,.T.);
#6754=ORIENTED_EDGE('',*,*,#4805,.T.);
#6755=ORIENTED_EDGE('',*,*,#4806,.F.);
#6756=ORIENTED_EDGE('',*,*,#4807,.F.);
#6757=ORIENTED_EDGE('',*,*,#4808,.T.);
#6758=ORIENTED_EDGE('',*,*,#4809,.T.);
#6759=ORIENTED_EDGE('',*,*,#4804,.F.);
#6760=ORIENTED_EDGE('',*,*,#4810,.F.);
#6761=ORIENTED_EDGE('',*,*,#4811,.T.);
#6762=ORIENTED_EDGE('',*,*,#4812,.T.);
#6763=ORIENTED_EDGE('',*,*,#4808,.F.);
#6764=ORIENTED_EDGE('',*,*,#4813,.F.);
#6765=ORIENTED_EDGE('',*,*,#4814,.T.);
#6766=ORIENTED_EDGE('',*,*,#4815,.T.);
#6767=ORIENTED_EDGE('',*,*,#4811,.F.);
#6768=ORIENTED_EDGE('',*,*,#4816,.F.);
#6769=ORIENTED_EDGE('',*,*,#4817,.T.);
#6770=ORIENTED_EDGE('',*,*,#4818,.T.);
#6771=ORIENTED_EDGE('',*,*,#4814,.F.);
#6772=ORIENTED_EDGE('',*,*,#4819,.F.);
#6773=ORIENTED_EDGE('',*,*,#4820,.T.);
#6774=ORIENTED_EDGE('',*,*,#4821,.T.);
#6775=ORIENTED_EDGE('',*,*,#4817,.F.);
#6776=ORIENTED_EDGE('',*,*,#4822,.F.);
#6777=ORIENTED_EDGE('',*,*,#4823,.T.);
#6778=ORIENTED_EDGE('',*,*,#4824,.T.);
#6779=ORIENTED_EDGE('',*,*,#4820,.F.);
#6780=ORIENTED_EDGE('',*,*,#4825,.F.);
#6781=ORIENTED_EDGE('',*,*,#4826,.T.);
#6782=ORIENTED_EDGE('',*,*,#4827,.T.);
#6783=ORIENTED_EDGE('',*,*,#4823,.F.);
#6784=ORIENTED_EDGE('',*,*,#4828,.F.);
#6785=ORIENTED_EDGE('',*,*,#4829,.T.);
#6786=ORIENTED_EDGE('',*,*,#4830,.T.);
#6787=ORIENTED_EDGE('',*,*,#4826,.F.);
#6788=ORIENTED_EDGE('',*,*,#4831,.F.);
#6789=ORIENTED_EDGE('',*,*,#4832,.T.);
#6790=ORIENTED_EDGE('',*,*,#4833,.T.);
#6791=ORIENTED_EDGE('',*,*,#4829,.F.);
#6792=ORIENTED_EDGE('',*,*,#4834,.F.);
#6793=ORIENTED_EDGE('',*,*,#4835,.T.);
#6794=ORIENTED_EDGE('',*,*,#4836,.T.);
#6795=ORIENTED_EDGE('',*,*,#4832,.F.);
#6796=ORIENTED_EDGE('',*,*,#4837,.F.);
#6797=ORIENTED_EDGE('',*,*,#4838,.T.);
#6798=ORIENTED_EDGE('',*,*,#4839,.T.);
#6799=ORIENTED_EDGE('',*,*,#4835,.F.);
#6800=ORIENTED_EDGE('',*,*,#4840,.F.);
#6801=ORIENTED_EDGE('',*,*,#4841,.T.);
#6802=ORIENTED_EDGE('',*,*,#4842,.T.);
#6803=ORIENTED_EDGE('',*,*,#4838,.F.);
#6804=ORIENTED_EDGE('',*,*,#4843,.F.);
#6805=ORIENTED_EDGE('',*,*,#4844,.T.);
#6806=ORIENTED_EDGE('',*,*,#4845,.T.);
#6807=ORIENTED_EDGE('',*,*,#4841,.F.);
#6808=ORIENTED_EDGE('',*,*,#4846,.F.);
#6809=ORIENTED_EDGE('',*,*,#4847,.T.);
#6810=ORIENTED_EDGE('',*,*,#4848,.T.);
#6811=ORIENTED_EDGE('',*,*,#4844,.F.);
#6812=ORIENTED_EDGE('',*,*,#4849,.F.);
#6813=ORIENTED_EDGE('',*,*,#4850,.T.);
#6814=ORIENTED_EDGE('',*,*,#4851,.T.);
#6815=ORIENTED_EDGE('',*,*,#4847,.F.);
#6816=ORIENTED_EDGE('',*,*,#4852,.F.);
#6817=ORIENTED_EDGE('',*,*,#4806,.T.);
#6818=ORIENTED_EDGE('',*,*,#4853,.T.);
#6819=ORIENTED_EDGE('',*,*,#4854,.F.);
#6820=ORIENTED_EDGE('',*,*,#4855,.F.);
#6821=ORIENTED_EDGE('',*,*,#4854,.T.);
#6822=ORIENTED_EDGE('',*,*,#4856,.T.);
#6823=ORIENTED_EDGE('',*,*,#4857,.F.);
#6824=ORIENTED_EDGE('',*,*,#4858,.F.);
#6825=ORIENTED_EDGE('',*,*,#4857,.T.);
#6826=ORIENTED_EDGE('',*,*,#4859,.T.);
#6827=ORIENTED_EDGE('',*,*,#4860,.F.);
#6828=ORIENTED_EDGE('',*,*,#4861,.F.);
#6829=ORIENTED_EDGE('',*,*,#4860,.T.);
#6830=ORIENTED_EDGE('',*,*,#4862,.T.);
#6831=ORIENTED_EDGE('',*,*,#4863,.F.);
#6832=ORIENTED_EDGE('',*,*,#4864,.F.);
#6833=ORIENTED_EDGE('',*,*,#4863,.T.);
#6834=ORIENTED_EDGE('',*,*,#4865,.T.);
#6835=ORIENTED_EDGE('',*,*,#4866,.F.);
#6836=ORIENTED_EDGE('',*,*,#4867,.F.);
#6837=ORIENTED_EDGE('',*,*,#4866,.T.);
#6838=ORIENTED_EDGE('',*,*,#4868,.T.);
#6839=ORIENTED_EDGE('',*,*,#4869,.F.);
#6840=ORIENTED_EDGE('',*,*,#4870,.F.);
#6841=ORIENTED_EDGE('',*,*,#4869,.T.);
#6842=ORIENTED_EDGE('',*,*,#4871,.T.);
#6843=ORIENTED_EDGE('',*,*,#4872,.F.);
#6844=ORIENTED_EDGE('',*,*,#4873,.F.);
#6845=ORIENTED_EDGE('',*,*,#4874,.T.);
#6846=ORIENTED_EDGE('',*,*,#4875,.T.);
#6847=ORIENTED_EDGE('',*,*,#4876,.F.);
#6848=ORIENTED_EDGE('',*,*,#4877,.F.);
#6849=ORIENTED_EDGE('',*,*,#4876,.T.);
#6850=ORIENTED_EDGE('',*,*,#4878,.T.);
#6851=ORIENTED_EDGE('',*,*,#4689,.F.);
#6852=ORIENTED_EDGE('',*,*,#4879,.F.);
#6853=ORIENTED_EDGE('',*,*,#4691,.T.);
#6854=ORIENTED_EDGE('',*,*,#4880,.T.);
#6855=ORIENTED_EDGE('',*,*,#4881,.F.);
#6856=ORIENTED_EDGE('',*,*,#4882,.F.);
#6857=ORIENTED_EDGE('',*,*,#4881,.T.);
#6858=ORIENTED_EDGE('',*,*,#4883,.T.);
#6859=ORIENTED_EDGE('',*,*,#4850,.F.);
#6860=ORIENTED_EDGE('',*,*,#4875,.F.);
#6861=ORIENTED_EDGE('',*,*,#4884,.F.);
#6862=ORIENTED_EDGE('',*,*,#4885,.F.);
#6863=ORIENTED_EDGE('',*,*,#4886,.F.);
#6864=ORIENTED_EDGE('',*,*,#4887,.F.);
#6865=ORIENTED_EDGE('',*,*,#4871,.F.);
#6866=ORIENTED_EDGE('',*,*,#4868,.F.);
#6867=ORIENTED_EDGE('',*,*,#4865,.F.);
#6868=ORIENTED_EDGE('',*,*,#4862,.F.);
#6869=ORIENTED_EDGE('',*,*,#4859,.F.);
#6870=ORIENTED_EDGE('',*,*,#4856,.F.);
#6871=ORIENTED_EDGE('',*,*,#4853,.F.);
#6872=ORIENTED_EDGE('',*,*,#4805,.F.);
#6873=ORIENTED_EDGE('',*,*,#4809,.F.);
#6874=ORIENTED_EDGE('',*,*,#4812,.F.);
#6875=ORIENTED_EDGE('',*,*,#4815,.F.);
#6876=ORIENTED_EDGE('',*,*,#4818,.F.);
#6877=ORIENTED_EDGE('',*,*,#4821,.F.);
#6878=ORIENTED_EDGE('',*,*,#4824,.F.);
#6879=ORIENTED_EDGE('',*,*,#4827,.F.);
#6880=ORIENTED_EDGE('',*,*,#4830,.F.);
#6881=ORIENTED_EDGE('',*,*,#4833,.F.);
#6882=ORIENTED_EDGE('',*,*,#4836,.F.);
#6883=ORIENTED_EDGE('',*,*,#4839,.F.);
#6884=ORIENTED_EDGE('',*,*,#4842,.F.);
#6885=ORIENTED_EDGE('',*,*,#4845,.F.);
#6886=ORIENTED_EDGE('',*,*,#4848,.F.);
#6887=ORIENTED_EDGE('',*,*,#4851,.F.);
#6888=ORIENTED_EDGE('',*,*,#4883,.F.);
#6889=ORIENTED_EDGE('',*,*,#4880,.F.);
#6890=ORIENTED_EDGE('',*,*,#4690,.F.);
#6891=ORIENTED_EDGE('',*,*,#4878,.F.);
#6892=ORIENTED_EDGE('',*,*,#4232,.T.);
#6893=ORIENTED_EDGE('',*,*,#4888,.F.);
#6894=ORIENTED_EDGE('',*,*,#3928,.T.);
#6895=ORIENTED_EDGE('',*,*,#4889,.T.);
#6896=ORIENTED_EDGE('',*,*,#4890,.F.);
#6897=ORIENTED_EDGE('',*,*,#4891,.F.);
#6898=ORIENTED_EDGE('',*,*,#4892,.T.);
#6899=ORIENTED_EDGE('',*,*,#4893,.T.);
#6900=ORIENTED_EDGE('',*,*,#3926,.F.);
#6901=ORIENTED_EDGE('',*,*,#4894,.F.);
#6902=ORIENTED_EDGE('',*,*,#4890,.T.);
#6903=ORIENTED_EDGE('',*,*,#4895,.T.);
#6904=ORIENTED_EDGE('',*,*,#4892,.F.);
#6905=ORIENTED_EDGE('',*,*,#4889,.F.);
#6906=ORIENTED_EDGE('',*,*,#3927,.F.);
#6907=ORIENTED_EDGE('',*,*,#4893,.F.);
#6908=ORIENTED_EDGE('',*,*,#4895,.F.);
#6909=ORIENTED_EDGE('',*,*,#4229,.T.);
#6910=ORIENTED_EDGE('',*,*,#4648,.F.);
#6911=ORIENTED_EDGE('',*,*,#4896,.F.);
#6912=ORIENTED_EDGE('',*,*,#3929,.F.);
#6913=ORIENTED_EDGE('',*,*,#4888,.T.);
#6914=ORIENTED_EDGE('',*,*,#4894,.T.);
#6915=ORIENTED_EDGE('',*,*,#4891,.T.);
#6916=ORIENTED_EDGE('',*,*,#3925,.F.);
#6917=ORIENTED_EDGE('',*,*,#4897,.F.);
#6918=ORIENTED_EDGE('',*,*,#4660,.F.);
#6919=ORIENTED_EDGE('',*,*,#4658,.F.);
#6920=ORIENTED_EDGE('',*,*,#4246,.T.);
#6921=ORIENTED_EDGE('',*,*,#4898,.F.);
#6922=ORIENTED_EDGE('',*,*,#3936,.T.);
#6923=ORIENTED_EDGE('',*,*,#4899,.T.);
#6924=ORIENTED_EDGE('',*,*,#4900,.F.);
#6925=ORIENTED_EDGE('',*,*,#4901,.F.);
#6926=ORIENTED_EDGE('',*,*,#4900,.T.);
#6927=ORIENTED_EDGE('',*,*,#4902,.T.);
#6928=ORIENTED_EDGE('',*,*,#4903,.F.);
#6929=ORIENTED_EDGE('',*,*,#4904,.F.);
#6930=ORIENTED_EDGE('',*,*,#4903,.T.);
#6931=ORIENTED_EDGE('',*,*,#4905,.T.);
#6932=ORIENTED_EDGE('',*,*,#3934,.F.);
#6933=ORIENTED_EDGE('',*,*,#3935,.F.);
#6934=ORIENTED_EDGE('',*,*,#4905,.F.);
#6935=ORIENTED_EDGE('',*,*,#4902,.F.);
#6936=ORIENTED_EDGE('',*,*,#4899,.F.);
#6937=ORIENTED_EDGE('',*,*,#4235,.T.);
#6938=ORIENTED_EDGE('',*,*,#4906,.F.);
#6939=ORIENTED_EDGE('',*,*,#4238,.T.);
#6940=ORIENTED_EDGE('',*,*,#4898,.T.);
#6941=ORIENTED_EDGE('',*,*,#4901,.T.);
#6942=ORIENTED_EDGE('',*,*,#4904,.T.);
#6943=ORIENTED_EDGE('',*,*,#3933,.F.);
#6944=ORIENTED_EDGE('',*,*,#4907,.F.);
#6945=ORIENTED_EDGE('',*,*,#4654,.F.);
#6946=ORIENTED_EDGE('',*,*,#4908,.F.);
#6947=ORIENTED_EDGE('',*,*,#3937,.F.);
#6948=ORIENTED_EDGE('',*,*,#4897,.T.);
#6949=ORIENTED_EDGE('',*,*,#3924,.F.);
#6950=ORIENTED_EDGE('',*,*,#4136,.F.);
#6951=ORIENTED_EDGE('',*,*,#4661,.T.);
#6952=ORIENTED_EDGE('',*,*,#4896,.T.);
#6953=ORIENTED_EDGE('',*,*,#4647,.F.);
#6954=ORIENTED_EDGE('',*,*,#4158,.F.);
#6955=ORIENTED_EDGE('',*,*,#3930,.T.);
#6956=ORIENTED_EDGE('',*,*,#4227,.T.);
#6957=ORIENTED_EDGE('',*,*,#4907,.T.);
#6958=ORIENTED_EDGE('',*,*,#3932,.F.);
#6959=ORIENTED_EDGE('',*,*,#4157,.F.);
#6960=ORIENTED_EDGE('',*,*,#4655,.T.);
#6961=ORIENTED_EDGE('',*,*,#4239,.T.);
#6962=ORIENTED_EDGE('',*,*,#4906,.T.);
#6963=ORIENTED_EDGE('',*,*,#4237,.T.);
#6964=ORIENTED_EDGE('',*,*,#4240,.F.);
#6965=ORIENTED_EDGE('',*,*,#4908,.T.);
#6966=ORIENTED_EDGE('',*,*,#4653,.F.);
#6967=ORIENTED_EDGE('',*,*,#4152,.F.);
#6968=ORIENTED_EDGE('',*,*,#3938,.T.);
#6969=ORIENTED_EDGE('',*,*,#4233,.T.);
#6970=ORIENTED_EDGE('',*,*,#4909,.T.);
#6971=ORIENTED_EDGE('',*,*,#4910,.F.);
#6972=ORIENTED_EDGE('',*,*,#4911,.F.);
#6973=ORIENTED_EDGE('',*,*,#4912,.T.);
#6974=ORIENTED_EDGE('',*,*,#4913,.F.);
#6975=ORIENTED_EDGE('',*,*,#4914,.F.);
#6976=ORIENTED_EDGE('',*,*,#4910,.T.);
#6977=ORIENTED_EDGE('',*,*,#4872,.T.);
#6978=ORIENTED_EDGE('',*,*,#4887,.T.);
#6979=ORIENTED_EDGE('',*,*,#4915,.F.);
#6980=ORIENTED_EDGE('',*,*,#4916,.F.);
#6981=ORIENTED_EDGE('',*,*,#4917,.F.);
#6982=ORIENTED_EDGE('',*,*,#4913,.T.);
#6983=ORIENTED_EDGE('',*,*,#4915,.T.);
#6984=ORIENTED_EDGE('',*,*,#4886,.T.);
#6985=ORIENTED_EDGE('',*,*,#4918,.F.);
#6986=ORIENTED_EDGE('',*,*,#4919,.F.);
#6987=ORIENTED_EDGE('',*,*,#4920,.F.);
#6988=ORIENTED_EDGE('',*,*,#4916,.T.);
#6989=ORIENTED_EDGE('',*,*,#4918,.T.);
#6990=ORIENTED_EDGE('',*,*,#4885,.T.);
#6991=ORIENTED_EDGE('',*,*,#4921,.F.);
#6992=ORIENTED_EDGE('',*,*,#4922,.F.);
#6993=ORIENTED_EDGE('',*,*,#4923,.F.);
#6994=ORIENTED_EDGE('',*,*,#4919,.T.);
#6995=ORIENTED_EDGE('',*,*,#4921,.T.);
#6996=ORIENTED_EDGE('',*,*,#4884,.T.);
#6997=ORIENTED_EDGE('',*,*,#4874,.F.);
#6998=ORIENTED_EDGE('',*,*,#4924,.T.);
#6999=ORIENTED_EDGE('',*,*,#4687,.F.);
#7000=ORIENTED_EDGE('',*,*,#4147,.F.);
#7001=ORIENTED_EDGE('',*,*,#4925,.T.);
#7002=ORIENTED_EDGE('',*,*,#4926,.T.);
#7003=ORIENTED_EDGE('',*,*,#4927,.F.);
#7004=ORIENTED_EDGE('',*,*,#4928,.F.);
#7005=ORIENTED_EDGE('',*,*,#4922,.T.);
#7006=ORIENTED_EDGE('',*,*,#4929,.T.);
#7007=ORIENTED_EDGE('',*,*,#4930,.F.);
#7008=ORIENTED_EDGE('',*,*,#4931,.F.);
#7009=ORIENTED_EDGE('',*,*,#4927,.T.);
#7010=ORIENTED_EDGE('',*,*,#4932,.T.);
#7011=ORIENTED_EDGE('',*,*,#4933,.F.);
#7012=ORIENTED_EDGE('',*,*,#4934,.F.);
#7013=ORIENTED_EDGE('',*,*,#4930,.T.);
#7014=ORIENTED_EDGE('',*,*,#4935,.T.);
#7015=ORIENTED_EDGE('',*,*,#4936,.F.);
#7016=ORIENTED_EDGE('',*,*,#4937,.F.);
#7017=ORIENTED_EDGE('',*,*,#4933,.T.);
#7018=ORIENTED_EDGE('',*,*,#4938,.T.);
#7019=ORIENTED_EDGE('',*,*,#4912,.F.);
#7020=ORIENTED_EDGE('',*,*,#4939,.F.);
#7021=ORIENTED_EDGE('',*,*,#4936,.T.);
#7022=ORIENTED_EDGE('',*,*,#4940,.T.);
#7023=ORIENTED_EDGE('',*,*,#4941,.F.);
#7024=ORIENTED_EDGE('',*,*,#4145,.F.);
#7025=ORIENTED_EDGE('',*,*,#4693,.T.);
#7026=ORIENTED_EDGE('',*,*,#4942,.T.);
#7027=ORIENTED_EDGE('',*,*,#4925,.F.);
#7028=ORIENTED_EDGE('',*,*,#4146,.F.);
#7029=ORIENTED_EDGE('',*,*,#4941,.T.);
#7030=ORIENTED_EDGE('',*,*,#4870,.T.);
#7031=ORIENTED_EDGE('',*,*,#4909,.F.);
#7032=ORIENTED_EDGE('',*,*,#4938,.F.);
#7033=ORIENTED_EDGE('',*,*,#4935,.F.);
#7034=ORIENTED_EDGE('',*,*,#4932,.F.);
#7035=ORIENTED_EDGE('',*,*,#4929,.F.);
#7036=ORIENTED_EDGE('',*,*,#4926,.F.);
#7037=ORIENTED_EDGE('',*,*,#4873,.T.);
#7038=ORIENTED_EDGE('',*,*,#4877,.T.);
#7039=ORIENTED_EDGE('',*,*,#4688,.F.);
#7040=ORIENTED_EDGE('',*,*,#4924,.F.);
#7041=ORIENTED_EDGE('',*,*,#4942,.F.);
#7042=ORIENTED_EDGE('',*,*,#4940,.F.);
#7043=ORIENTED_EDGE('',*,*,#4692,.F.);
#7044=ORIENTED_EDGE('',*,*,#4879,.T.);
#7045=ORIENTED_EDGE('',*,*,#4882,.T.);
#7046=ORIENTED_EDGE('',*,*,#4849,.T.);
#7047=ORIENTED_EDGE('',*,*,#4846,.T.);
#7048=ORIENTED_EDGE('',*,*,#4843,.T.);
#7049=ORIENTED_EDGE('',*,*,#4840,.T.);
#7050=ORIENTED_EDGE('',*,*,#4837,.T.);
#7051=ORIENTED_EDGE('',*,*,#4834,.T.);
#7052=ORIENTED_EDGE('',*,*,#4831,.T.);
#7053=ORIENTED_EDGE('',*,*,#4828,.T.);
#7054=ORIENTED_EDGE('',*,*,#4825,.T.);
#7055=ORIENTED_EDGE('',*,*,#4822,.T.);
#7056=ORIENTED_EDGE('',*,*,#4819,.T.);
#7057=ORIENTED_EDGE('',*,*,#4816,.T.);
#7058=ORIENTED_EDGE('',*,*,#4813,.T.);
#7059=ORIENTED_EDGE('',*,*,#4810,.T.);
#7060=ORIENTED_EDGE('',*,*,#4807,.T.);
#7061=ORIENTED_EDGE('',*,*,#4803,.T.);
#7062=ORIENTED_EDGE('',*,*,#4852,.T.);
#7063=ORIENTED_EDGE('',*,*,#4855,.T.);
#7064=ORIENTED_EDGE('',*,*,#4858,.T.);
#7065=ORIENTED_EDGE('',*,*,#4861,.T.);
#7066=ORIENTED_EDGE('',*,*,#4864,.T.);
#7067=ORIENTED_EDGE('',*,*,#4867,.T.);
#7068=ORIENTED_EDGE('',*,*,#4917,.T.);
#7069=ORIENTED_EDGE('',*,*,#4937,.T.);
#7070=ORIENTED_EDGE('',*,*,#4920,.T.);
#7071=ORIENTED_EDGE('',*,*,#4931,.T.);
#7072=ORIENTED_EDGE('',*,*,#4934,.T.);
#7073=ORIENTED_EDGE('',*,*,#4923,.T.);
#7074=ORIENTED_EDGE('',*,*,#4928,.T.);
#7075=ORIENTED_EDGE('',*,*,#4911,.T.);
#7076=ORIENTED_EDGE('',*,*,#4914,.T.);
#7077=ORIENTED_EDGE('',*,*,#4939,.T.);
#7078=ORIENTED_EDGE('',*,*,#4798,.T.);
#7079=ORIENTED_EDGE('',*,*,#4943,.F.);
#7080=ORIENTED_EDGE('',*,*,#4944,.F.);
#7081=ORIENTED_EDGE('',*,*,#4945,.T.);
#7082=ORIENTED_EDGE('',*,*,#4786,.T.);
#7083=ORIENTED_EDGE('',*,*,#4946,.F.);
#7084=ORIENTED_EDGE('',*,*,#4947,.F.);
#7085=ORIENTED_EDGE('',*,*,#4948,.T.);
#7086=ORIENTED_EDGE('',*,*,#4797,.T.);
#7087=ORIENTED_EDGE('',*,*,#4949,.F.);
#7088=ORIENTED_EDGE('',*,*,#4950,.F.);
#7089=ORIENTED_EDGE('',*,*,#4943,.T.);
#7090=ORIENTED_EDGE('',*,*,#4795,.T.);
#7091=ORIENTED_EDGE('',*,*,#4951,.F.);
#7092=ORIENTED_EDGE('',*,*,#4952,.F.);
#7093=ORIENTED_EDGE('',*,*,#4953,.T.);
#7094=ORIENTED_EDGE('',*,*,#4954,.F.);
#7095=ORIENTED_EDGE('',*,*,#4955,.F.);
#7096=ORIENTED_EDGE('',*,*,#4946,.T.);
#7097=ORIENTED_EDGE('',*,*,#4705,.T.);
#7098=ORIENTED_EDGE('',*,*,#4785,.T.);
#7099=ORIENTED_EDGE('',*,*,#4956,.F.);
#7100=ORIENTED_EDGE('',*,*,#4957,.F.);
#7101=ORIENTED_EDGE('',*,*,#4958,.F.);
#7102=ORIENTED_EDGE('',*,*,#4954,.T.);
#7103=ORIENTED_EDGE('',*,*,#4956,.T.);
#7104=ORIENTED_EDGE('',*,*,#4784,.T.);
#7105=ORIENTED_EDGE('',*,*,#4959,.F.);
#7106=ORIENTED_EDGE('',*,*,#4794,.T.);
#7107=ORIENTED_EDGE('',*,*,#4960,.F.);
#7108=ORIENTED_EDGE('',*,*,#4961,.F.);
#7109=ORIENTED_EDGE('',*,*,#4951,.T.);
#7110=ORIENTED_EDGE('',*,*,#4792,.T.);
#7111=ORIENTED_EDGE('',*,*,#4962,.F.);
#7112=ORIENTED_EDGE('',*,*,#4963,.F.);
#7113=ORIENTED_EDGE('',*,*,#4964,.T.);
#7114=ORIENTED_EDGE('',*,*,#4789,.T.);
#7115=ORIENTED_EDGE('',*,*,#4965,.F.);
#7116=ORIENTED_EDGE('',*,*,#4966,.F.);
#7117=ORIENTED_EDGE('',*,*,#4967,.T.);
#7118=ORIENTED_EDGE('',*,*,#4968,.F.);
#7119=ORIENTED_EDGE('',*,*,#4969,.F.);
#7120=ORIENTED_EDGE('',*,*,#4957,.T.);
#7121=ORIENTED_EDGE('',*,*,#4959,.T.);
#7122=ORIENTED_EDGE('',*,*,#4783,.T.);
#7123=ORIENTED_EDGE('',*,*,#4970,.F.);
#7124=ORIENTED_EDGE('',*,*,#4791,.T.);
#7125=ORIENTED_EDGE('',*,*,#4971,.F.);
#7126=ORIENTED_EDGE('',*,*,#4972,.F.);
#7127=ORIENTED_EDGE('',*,*,#4962,.T.);
#7128=ORIENTED_EDGE('',*,*,#4801,.T.);
#7129=ORIENTED_EDGE('',*,*,#4973,.F.);
#7130=ORIENTED_EDGE('',*,*,#4142,.F.);
#7131=ORIENTED_EDGE('',*,*,#4974,.T.);
#7132=ORIENTED_EDGE('',*,*,#4800,.T.);
#7133=ORIENTED_EDGE('',*,*,#4694,.F.);
#7134=ORIENTED_EDGE('',*,*,#4143,.F.);
#7135=ORIENTED_EDGE('',*,*,#4973,.T.);
#7136=ORIENTED_EDGE('',*,*,#4975,.F.);
#7137=ORIENTED_EDGE('',*,*,#4976,.F.);
#7138=ORIENTED_EDGE('',*,*,#4968,.T.);
#7139=ORIENTED_EDGE('',*,*,#4970,.T.);
#7140=ORIENTED_EDGE('',*,*,#4782,.T.);
#7141=ORIENTED_EDGE('',*,*,#4977,.F.);
#7142=ORIENTED_EDGE('',*,*,#4978,.F.);
#7143=ORIENTED_EDGE('',*,*,#4979,.F.);
#7144=ORIENTED_EDGE('',*,*,#4975,.T.);
#7145=ORIENTED_EDGE('',*,*,#4977,.T.);
#7146=ORIENTED_EDGE('',*,*,#4781,.T.);
#7147=ORIENTED_EDGE('',*,*,#4980,.F.);
#7148=ORIENTED_EDGE('',*,*,#4981,.F.);
#7149=ORIENTED_EDGE('',*,*,#4982,.F.);
#7150=ORIENTED_EDGE('',*,*,#4978,.T.);
#7151=ORIENTED_EDGE('',*,*,#4980,.T.);
#7152=ORIENTED_EDGE('',*,*,#4780,.T.);
#7153=ORIENTED_EDGE('',*,*,#4983,.F.);
#7154=ORIENTED_EDGE('',*,*,#4984,.F.);
#7155=ORIENTED_EDGE('',*,*,#4985,.F.);
#7156=ORIENTED_EDGE('',*,*,#4981,.T.);
#7157=ORIENTED_EDGE('',*,*,#4983,.T.);
#7158=ORIENTED_EDGE('',*,*,#4779,.T.);
#7159=ORIENTED_EDGE('',*,*,#4986,.F.);
#7160=ORIENTED_EDGE('',*,*,#4987,.F.);
#7161=ORIENTED_EDGE('',*,*,#4988,.F.);
#7162=ORIENTED_EDGE('',*,*,#4984,.T.);
#7163=ORIENTED_EDGE('',*,*,#4986,.T.);
#7164=ORIENTED_EDGE('',*,*,#4778,.T.);
#7165=ORIENTED_EDGE('',*,*,#4989,.F.);
#7166=ORIENTED_EDGE('',*,*,#4990,.F.);
#7167=ORIENTED_EDGE('',*,*,#4991,.F.);
#7168=ORIENTED_EDGE('',*,*,#4987,.T.);
#7169=ORIENTED_EDGE('',*,*,#4989,.T.);
#7170=ORIENTED_EDGE('',*,*,#4777,.T.);
#7171=ORIENTED_EDGE('',*,*,#4745,.F.);
#7172=ORIENTED_EDGE('',*,*,#4799,.T.);
#7173=ORIENTED_EDGE('',*,*,#4945,.F.);
#7174=ORIENTED_EDGE('',*,*,#4992,.F.);
#7175=ORIENTED_EDGE('',*,*,#4990,.T.);
#7176=ORIENTED_EDGE('',*,*,#4796,.T.);
#7177=ORIENTED_EDGE('',*,*,#4953,.F.);
#7178=ORIENTED_EDGE('',*,*,#4993,.F.);
#7179=ORIENTED_EDGE('',*,*,#4949,.T.);
#7180=ORIENTED_EDGE('',*,*,#4793,.T.);
#7181=ORIENTED_EDGE('',*,*,#4964,.F.);
#7182=ORIENTED_EDGE('',*,*,#4994,.F.);
#7183=ORIENTED_EDGE('',*,*,#4960,.T.);
#7184=ORIENTED_EDGE('',*,*,#4790,.T.);
#7185=ORIENTED_EDGE('',*,*,#4967,.F.);
#7186=ORIENTED_EDGE('',*,*,#4995,.F.);
#7187=ORIENTED_EDGE('',*,*,#4971,.T.);
#7188=ORIENTED_EDGE('',*,*,#4788,.T.);
#7189=ORIENTED_EDGE('',*,*,#4996,.F.);
#7190=ORIENTED_EDGE('',*,*,#4997,.F.);
#7191=ORIENTED_EDGE('',*,*,#4965,.T.);
#7192=ORIENTED_EDGE('',*,*,#4787,.T.);
#7193=ORIENTED_EDGE('',*,*,#4948,.F.);
#7194=ORIENTED_EDGE('',*,*,#4998,.F.);
#7195=ORIENTED_EDGE('',*,*,#4996,.T.);
#7196=ORIENTED_EDGE('',*,*,#4802,.T.);
#7197=ORIENTED_EDGE('',*,*,#4974,.F.);
#7198=ORIENTED_EDGE('',*,*,#4141,.F.);
#7199=ORIENTED_EDGE('',*,*,#4700,.T.);
#7200=ORIENTED_EDGE('',*,*,#4739,.T.);
#7201=ORIENTED_EDGE('',*,*,#4735,.T.);
#7202=ORIENTED_EDGE('',*,*,#4742,.T.);
#7203=ORIENTED_EDGE('',*,*,#4224,.T.);
#7204=ORIENTED_EDGE('',*,*,#4972,.T.);
#7205=ORIENTED_EDGE('',*,*,#4976,.T.);
#7206=ORIENTED_EDGE('',*,*,#4982,.T.);
#7207=ORIENTED_EDGE('',*,*,#4961,.T.);
#7208=ORIENTED_EDGE('',*,*,#4985,.T.);
#7209=ORIENTED_EDGE('',*,*,#4993,.T.);
#7210=ORIENTED_EDGE('',*,*,#4952,.T.);
#7211=ORIENTED_EDGE('',*,*,#4988,.T.);
#7212=ORIENTED_EDGE('',*,*,#4950,.T.);
#7213=ORIENTED_EDGE('',*,*,#4991,.T.);
#7214=ORIENTED_EDGE('',*,*,#4992,.T.);
#7215=ORIENTED_EDGE('',*,*,#4944,.T.);
#7216=ORIENTED_EDGE('',*,*,#4995,.T.);
#7217=ORIENTED_EDGE('',*,*,#4966,.T.);
#7218=ORIENTED_EDGE('',*,*,#4969,.T.);
#7219=ORIENTED_EDGE('',*,*,#4997,.T.);
#7220=ORIENTED_EDGE('',*,*,#4958,.T.);
#7221=ORIENTED_EDGE('',*,*,#4998,.T.);
#7222=ORIENTED_EDGE('',*,*,#4947,.T.);
#7223=ORIENTED_EDGE('',*,*,#4955,.T.);
#7224=ORIENTED_EDGE('',*,*,#4230,.T.);
#7225=ORIENTED_EDGE('',*,*,#4999,.T.);
#7226=ORIENTED_EDGE('',*,*,#5000,.T.);
#7227=ORIENTED_EDGE('',*,*,#3995,.T.);
#7228=ORIENTED_EDGE('',*,*,#3868,.T.);
#7229=ORIENTED_EDGE('',*,*,#3873,.T.);
#7230=ORIENTED_EDGE('',*,*,#5001,.T.);
#7231=ORIENTED_EDGE('',*,*,#4637,.T.);
#7232=ORIENTED_EDGE('',*,*,#3993,.T.);
#7233=ORIENTED_EDGE('',*,*,#4701,.F.);
#7234=ORIENTED_EDGE('',*,*,#4676,.T.);
#7235=ORIENTED_EDGE('',*,*,#4666,.F.);
#7236=ORIENTED_EDGE('',*,*,#4664,.T.);
#7237=ORIENTED_EDGE('',*,*,#4671,.T.);
#7238=ORIENTED_EDGE('',*,*,#4674,.T.);
#7239=ORIENTED_EDGE('',*,*,#4683,.T.);
#7240=ORIENTED_EDGE('',*,*,#3996,.T.);
#7241=ORIENTED_EDGE('',*,*,#5000,.F.);
#7242=ORIENTED_EDGE('',*,*,#3858,.T.);
#7243=ORIENTED_EDGE('',*,*,#4639,.F.);
#7244=ORIENTED_EDGE('',*,*,#5002,.T.);
#7245=ORIENTED_EDGE('',*,*,#5003,.T.);
#7246=ORIENTED_EDGE('',*,*,#4004,.T.);
#7247=ORIENTED_EDGE('',*,*,#3850,.T.);
#7248=ORIENTED_EDGE('',*,*,#4506,.T.);
#7249=ORIENTED_EDGE('',*,*,#4503,.T.);
#7250=ORIENTED_EDGE('',*,*,#4500,.T.);
#7251=ORIENTED_EDGE('',*,*,#4497,.T.);
#7252=ORIENTED_EDGE('',*,*,#4494,.T.);
#7253=ORIENTED_EDGE('',*,*,#4515,.T.);
#7254=ORIENTED_EDGE('',*,*,#4512,.T.);
#7255=ORIENTED_EDGE('',*,*,#4509,.T.);
#7256=ORIENTED_EDGE('',*,*,#4530,.T.);
#7257=ORIENTED_EDGE('',*,*,#4527,.T.);
#7258=ORIENTED_EDGE('',*,*,#4524,.T.);
#7259=ORIENTED_EDGE('',*,*,#4521,.T.);
#7260=ORIENTED_EDGE('',*,*,#4518,.T.);
#7261=ORIENTED_EDGE('',*,*,#4539,.T.);
#7262=ORIENTED_EDGE('',*,*,#4536,.T.);
#7263=ORIENTED_EDGE('',*,*,#4533,.T.);
#7264=ORIENTED_EDGE('',*,*,#4554,.T.);
#7265=ORIENTED_EDGE('',*,*,#4551,.T.);
#7266=ORIENTED_EDGE('',*,*,#4548,.T.);
#7267=ORIENTED_EDGE('',*,*,#4545,.T.);
#7268=ORIENTED_EDGE('',*,*,#4542,.T.);
#7269=ORIENTED_EDGE('',*,*,#4563,.T.);
#7270=ORIENTED_EDGE('',*,*,#4560,.T.);
#7271=ORIENTED_EDGE('',*,*,#4557,.T.);
#7272=ORIENTED_EDGE('',*,*,#4578,.T.);
#7273=ORIENTED_EDGE('',*,*,#4575,.T.);
#7274=ORIENTED_EDGE('',*,*,#4572,.T.);
#7275=ORIENTED_EDGE('',*,*,#4569,.T.);
#7276=ORIENTED_EDGE('',*,*,#4566,.T.);
#7277=ORIENTED_EDGE('',*,*,#4587,.T.);
#7278=ORIENTED_EDGE('',*,*,#4584,.T.);
#7279=ORIENTED_EDGE('',*,*,#4581,.T.);
#7280=ORIENTED_EDGE('',*,*,#4602,.T.);
#7281=ORIENTED_EDGE('',*,*,#4599,.T.);
#7282=ORIENTED_EDGE('',*,*,#4596,.T.);
#7283=ORIENTED_EDGE('',*,*,#4593,.T.);
#7284=ORIENTED_EDGE('',*,*,#4590,.T.);
#7285=ORIENTED_EDGE('',*,*,#4611,.T.);
#7286=ORIENTED_EDGE('',*,*,#4608,.T.);
#7287=ORIENTED_EDGE('',*,*,#4605,.T.);
#7288=ORIENTED_EDGE('',*,*,#4626,.T.);
#7289=ORIENTED_EDGE('',*,*,#4623,.T.);
#7290=ORIENTED_EDGE('',*,*,#4620,.T.);
#7291=ORIENTED_EDGE('',*,*,#4617,.T.);
#7292=ORIENTED_EDGE('',*,*,#4614,.T.);
#7293=ORIENTED_EDGE('',*,*,#4635,.T.);
#7294=ORIENTED_EDGE('',*,*,#4632,.T.);
#7295=ORIENTED_EDGE('',*,*,#4629,.T.);
#7296=ORIENTED_EDGE('',*,*,#4005,.T.);
#7297=ORIENTED_EDGE('',*,*,#5003,.F.);
#7298=ORIENTED_EDGE('',*,*,#5004,.T.);
#7299=ORIENTED_EDGE('',*,*,#4030,.T.);
#7300=ORIENTED_EDGE('',*,*,#4963,.T.);
#7301=ORIENTED_EDGE('',*,*,#4979,.T.);
#7302=ORIENTED_EDGE('',*,*,#4994,.T.);
#7303=ORIENTED_EDGE('',*,*,#5001,.F.);
#7304=ORIENTED_EDGE('',*,*,#4999,.F.);
#7305=ORIENTED_EDGE('',*,*,#3872,.F.);
#7306=ORIENTED_EDGE('',*,*,#4636,.F.);
#7307=ORIENTED_EDGE('',*,*,#4028,.F.);
#7308=ORIENTED_EDGE('',*,*,#5004,.F.);
#7309=ORIENTED_EDGE('',*,*,#5002,.F.);
#7310=ORIENTED_EDGE('',*,*,#4638,.F.);
#7311=ORIENTED_EDGE('',*,*,#4218,.T.);
#7312=ORIENTED_EDGE('',*,*,#4207,.T.);
#7313=ORIENTED_EDGE('',*,*,#4210,.T.);
#7314=ORIENTED_EDGE('',*,*,#4201,.T.);
#7315=PLANE('',#7969);
#7316=PLANE('',#7970);
#7317=PLANE('',#7977);
#7318=PLANE('',#7978);
#7319=PLANE('',#7979);
#7320=PLANE('',#8004);
#7321=PLANE('',#8029);
#7322=PLANE('',#8032);
#7323=PLANE('',#8035);
#7324=PLANE('',#8043);
#7325=PLANE('',#8047);
#7326=PLANE('',#8054);
#7327=PLANE('',#8103);
#7328=PLANE('',#8104);
#7329=PLANE('',#8109);
#7330=PLANE('',#8170);
#7331=PLANE('',#8171);
#7332=PLANE('',#8182);
#7333=PLANE('',#8183);
#7334=PLANE('',#8188);
#7335=PLANE('',#8196);
#7336=PLANE('',#8214);
#7337=PLANE('',#8219);
#7338=PLANE('',#8225);
#7339=PLANE('',#8229);
#7340=PLANE('',#8230);
#7341=PLANE('',#8233);
#7342=PLANE('',#8236);
#7343=PLANE('',#8239);
#7344=PLANE('',#8242);
#7345=PLANE('',#8245);
#7346=PLANE('',#8248);
#7347=PLANE('',#8251);
#7348=PLANE('',#8254);
#7349=PLANE('',#8257);
#7350=PLANE('',#8260);
#7351=PLANE('',#8263);
#7352=PLANE('',#8266);
#7353=PLANE('',#8269);
#7354=PLANE('',#8272);
#7355=PLANE('',#8275);
#7356=PLANE('',#8278);
#7357=PLANE('',#8281);
#7358=PLANE('',#8284);
#7359=PLANE('',#8287);
#7360=PLANE('',#8290);
#7361=PLANE('',#8293);
#7362=PLANE('',#8296);
#7363=PLANE('',#8299);
#7364=PLANE('',#8302);
#7365=PLANE('',#8305);
#7366=PLANE('',#8308);
#7367=PLANE('',#8311);
#7368=PLANE('',#8314);
#7369=PLANE('',#8317);
#7370=PLANE('',#8320);
#7371=PLANE('',#8323);
#7372=PLANE('',#8326);
#7373=PLANE('',#8329);
#7374=PLANE('',#8332);
#7375=PLANE('',#8335);
#7376=PLANE('',#8338);
#7377=PLANE('',#8341);
#7378=PLANE('',#8344);
#7379=PLANE('',#8347);
#7380=PLANE('',#8350);
#7381=PLANE('',#8353);
#7382=PLANE('',#8356);
#7383=PLANE('',#8359);
#7384=PLANE('',#8362);
#7385=PLANE('',#8365);
#7386=PLANE('',#8368);
#7387=PLANE('',#8371);
#7388=PLANE('',#8375);
#7389=PLANE('',#8377);
#7390=PLANE('',#8379);
#7391=PLANE('',#8381);
#7392=PLANE('',#8383);
#7393=PLANE('',#8385);
#7394=PLANE('',#8387);
#7395=PLANE('',#8389);
#7396=PLANE('',#8391);
#7397=PLANE('',#8393);
#7398=PLANE('',#8395);
#7399=PLANE('',#8397);
#7400=PLANE('',#8399);
#7401=PLANE('',#8401);
#7402=PLANE('',#8403);
#7403=PLANE('',#8405);
#7404=PLANE('',#8407);
#7405=PLANE('',#8409);
#7406=PLANE('',#8411);
#7407=PLANE('',#8413);
#7408=PLANE('',#8415);
#7409=PLANE('',#8417);
#7410=PLANE('',#8419);
#7411=PLANE('',#8421);
#7412=PLANE('',#8422);
#7413=PLANE('',#8426);
#7414=PLANE('',#8430);
#7415=PLANE('',#8434);
#7416=PLANE('',#8438);
#7417=PLANE('',#8442);
#7418=PLANE('',#8446);
#7419=PLANE('',#8450);
#7420=PLANE('',#8454);
#7421=PLANE('',#8458);
#7422=PLANE('',#8462);
#7423=PLANE('',#8466);
#7424=PLANE('',#8470);
#7425=PLANE('',#8474);
#7426=PLANE('',#8478);
#7427=PLANE('',#8482);
#7428=PLANE('',#8486);
#7429=PLANE('',#8490);
#7430=PLANE('',#8494);
#7431=PLANE('',#8498);
#7432=PLANE('',#8502);
#7433=PLANE('',#8506);
#7434=PLANE('',#8510);
#7435=PLANE('',#8514);
#7436=PLANE('',#8537);
#7437=PLANE('',#8538);
#7438=PLANE('',#8539);
#7439=PLANE('',#8544);
#7440=PLANE('',#8545);
#7441=PLANE('',#8546);
#7442=PLANE('',#8547);
#7443=PLANE('',#8548);
#7444=PLANE('',#8550);
#7445=PLANE('',#8553);
#7446=PLANE('',#8554);
#7447=PLANE('',#8556);
#7448=PLANE('',#8557);
#7449=PLANE('',#8558);
#7450=PLANE('',#8562);
#7451=PLANE('',#8566);
#7452=PLANE('',#8570);
#7453=PLANE('',#8574);
#7454=PLANE('',#8578);
#7455=PLANE('',#8582);
#7456=PLANE('',#8583);
#7457=PLANE('',#8584);
#7458=PLANE('',#8588);
#7459=PLANE('',#8592);
#7460=PLANE('',#8596);
#7461=PLANE('',#8600);
#7462=PLANE('',#8604);
#7463=PLANE('',#8605);
#7464=PLANE('',#8611);
#7465=PLANE('',#8620);
#7466=PLANE('',#8624);
#7467=PLANE('',#8628);
#7468=PLANE('',#8632);
#7469=PLANE('',#8636);
#7470=PLANE('',#8640);
#7471=PLANE('',#8644);
#7472=PLANE('',#8648);
#7473=PLANE('',#8649);
#7474=PLANE('',#8653);
#7475=PLANE('',#8657);
#7476=PLANE('',#8661);
#7477=PLANE('',#8665);
#7478=PLANE('',#8666);
#7479=PLANE('',#8670);
#7480=PLANE('',#8673);
#7481=PLANE('',#8674);
#7482=PLANE('',#8678);
#7483=PLANE('',#8679);
#7484=PLANE('',#8680);
#7485=PLANE('',#8684);
#7486=PLANE('',#8685);
#7487=PLANE('',#8687);
#7488=PLANE('',#8688);
#7489=PLANE('',#8689);
#7490=PLANE('',#8690);
#7491=PLANE('',#8691);
#7492=PLANE('',#8693);
#7493=PLANE('',#8694);
#7494=PLANE('',#8695);
#7495=PLANE('',#8698);
#7496=PLANE('',#8701);
#7497=PLANE('',#8702);
#7498=PLANE('',#8706);
#7499=PLANE('',#8707);
#7500=PLANE('',#8711);
#7501=PLANE('',#8712);
#7502=PLANE('',#8715);
#7503=PLANE('',#8716);
#7504=PLANE('',#8717);
#7505=PLANE('',#8718);
#7506=PLANE('',#8719);
#7507=PLANE('',#8720);
#7508=PLANE('',#8721);
#7509=PLANE('',#8724);
#7510=PLANE('',#8727);
#7511=PLANE('',#8730);
#7512=PLANE('',#8731);
#7513=PLANE('',#8737);
#7514=PLANE('',#8738);
#7515=PLANE('',#8741);
#7516=PLANE('',#8744);
#7517=PLANE('',#8747);
#7518=PLANE('',#8748);
#7519=PLANE('',#8749);
#7520=PLANE('',#8750);
#7521=PLANE('',#8753);
#7522=PLANE('',#8754);
#7523=PLANE('',#8755);
#7524=PLANE('',#8756);
#7525=PLANE('',#8757);
#7526=PLANE('',#8758);
#7527=PLANE('',#8759);
#7528=PLANE('',#8760);
#7529=PLANE('',#8761);
#7530=PLANE('',#8762);
#7531=PLANE('',#8763);
#7532=PLANE('',#8764);
#7533=PLANE('',#8765);
#7534=PLANE('',#8768);
#7535=PLANE('',#8769);
#7536=PLANE('',#8772);
#7537=PLANE('',#8773);
#7538=ADVANCED_FACE('',(#676),#7315,.F.);
#7539=ADVANCED_FACE('',(#677),#7316,.F.);
#7540=ADVANCED_FACE('',(#678),#495,.F.);
#7541=ADVANCED_FACE('',(#679),#496,.F.);
#7542=ADVANCED_FACE('',(#680),#7317,.F.);
#7543=ADVANCED_FACE('',(#681),#7318,.F.);
#7544=ADVANCED_FACE('',(#682,#34,#35,#36,#37,#38,#39),#7319,.T.);
#7545=ADVANCED_FACE('',(#683,#40,#41,#42,#43,#44,#45),#7320,.T.);
#7546=ADVANCED_FACE('',(#684),#7321,.T.);
#7547=ADVANCED_FACE('',(#685),#7322,.T.);
#7548=ADVANCED_FACE('',(#686),#7323,.T.);
#7549=ADVANCED_FACE('',(#687),#497,.F.);
#7550=ADVANCED_FACE('',(#688),#7324,.F.);
#7551=ADVANCED_FACE('',(#689),#498,.F.);
#7552=ADVANCED_FACE('',(#690),#7325,.F.);
#7553=ADVANCED_FACE('',(#691),#499,.F.);
#7554=ADVANCED_FACE('',(#692),#500,.F.);
#7555=ADVANCED_FACE('',(#693,#46,#47,#48,#49,#50,#51,#52,#53,#54,#55,#56,
#57,#58),#7326,.T.);
#7556=ADVANCED_FACE('',(#694),#7327,.F.);
#7557=ADVANCED_FACE('',(#695),#7328,.F.);
#7558=ADVANCED_FACE('',(#696),#26,.F.);
#7559=ADVANCED_FACE('',(#697,#59,#60,#61,#62),#7329,.T.);
#7560=ADVANCED_FACE('',(#698),#501,.T.);
#7561=ADVANCED_FACE('',(#699),#502,.F.);
#7562=ADVANCED_FACE('',(#700),#27,.F.);
#7563=ADVANCED_FACE('',(#701),#22,.F.);
#7564=ADVANCED_FACE('',(#702),#503,.F.);
#7565=ADVANCED_FACE('',(#703),#23,.F.);
#7566=ADVANCED_FACE('',(#704),#28,.F.);
#7567=ADVANCED_FACE('',(#705),#29,.F.);
#7568=ADVANCED_FACE('',(#706),#504,.T.);
#7569=ADVANCED_FACE('',(#707),#505,.F.);
#7570=ADVANCED_FACE('',(#708),#30,.F.);
#7571=ADVANCED_FACE('',(#709),#24,.F.);
#7572=ADVANCED_FACE('',(#710),#506,.F.);
#7573=ADVANCED_FACE('',(#711),#25,.F.);
#7574=ADVANCED_FACE('',(#712),#31,.F.);
#7575=ADVANCED_FACE('',(#713),#507,.F.);
#7576=ADVANCED_FACE('',(#714,#63),#7330,.T.);
#7577=ADVANCED_FACE('',(#715,#64),#7331,.T.);
#7578=ADVANCED_FACE('',(#716),#508,.F.);
#7579=ADVANCED_FACE('',(#717),#509,.T.);
#7580=ADVANCED_FACE('',(#718),#510,.F.);
#7581=ADVANCED_FACE('',(#719,#65),#7332,.T.);
#7582=ADVANCED_FACE('',(#720,#66),#7333,.T.);
#7583=ADVANCED_FACE('',(#721),#7334,.T.);
#7584=ADVANCED_FACE('',(#722),#511,.T.);
#7585=ADVANCED_FACE('',(#723),#512,.F.);
#7586=ADVANCED_FACE('',(#724),#513,.T.);
#7587=ADVANCED_FACE('',(#725),#7335,.T.);
#7588=ADVANCED_FACE('',(#726),#514,.F.);
#7589=ADVANCED_FACE('',(#727),#515,.F.);
#7590=ADVANCED_FACE('',(#728),#516,.F.);
#7591=ADVANCED_FACE('',(#729),#517,.F.);
#7592=ADVANCED_FACE('',(#730),#518,.T.);
#7593=ADVANCED_FACE('',(#731),#7336,.T.);
#7594=ADVANCED_FACE('',(#732),#519,.F.);
#7595=ADVANCED_FACE('',(#733),#7337,.T.);
#7596=ADVANCED_FACE('',(#734),#520,.F.);
#7597=ADVANCED_FACE('',(#735),#521,.F.);
#7598=ADVANCED_FACE('',(#736),#7338,.T.);
#7599=ADVANCED_FACE('',(#737),#522,.F.);
#7600=ADVANCED_FACE('',(#738),#7339,.T.);
#7601=ADVANCED_FACE('',(#739),#7340,.F.);
#7602=ADVANCED_FACE('',(#740),#523,.F.);
#7603=ADVANCED_FACE('',(#741),#7341,.F.);
#7604=ADVANCED_FACE('',(#742),#524,.F.);
#7605=ADVANCED_FACE('',(#743),#7342,.F.);
#7606=ADVANCED_FACE('',(#744),#525,.F.);
#7607=ADVANCED_FACE('',(#745),#7343,.F.);
#7608=ADVANCED_FACE('',(#746),#526,.F.);
#7609=ADVANCED_FACE('',(#747),#7344,.F.);
#7610=ADVANCED_FACE('',(#748),#527,.F.);
#7611=ADVANCED_FACE('',(#749),#7345,.F.);
#7612=ADVANCED_FACE('',(#750),#528,.F.);
#7613=ADVANCED_FACE('',(#751),#7346,.F.);
#7614=ADVANCED_FACE('',(#752),#529,.F.);
#7615=ADVANCED_FACE('',(#753),#7347,.F.);
#7616=ADVANCED_FACE('',(#754),#530,.F.);
#7617=ADVANCED_FACE('',(#755),#7348,.F.);
#7618=ADVANCED_FACE('',(#756),#531,.F.);
#7619=ADVANCED_FACE('',(#757),#7349,.F.);
#7620=ADVANCED_FACE('',(#758),#532,.F.);
#7621=ADVANCED_FACE('',(#759),#7350,.F.);
#7622=ADVANCED_FACE('',(#760),#533,.F.);
#7623=ADVANCED_FACE('',(#761),#7351,.F.);
#7624=ADVANCED_FACE('',(#762),#534,.F.);
#7625=ADVANCED_FACE('',(#763),#7352,.F.);
#7626=ADVANCED_FACE('',(#764),#535,.F.);
#7627=ADVANCED_FACE('',(#765),#7353,.F.);
#7628=ADVANCED_FACE('',(#766),#536,.F.);
#7629=ADVANCED_FACE('',(#767),#7354,.F.);
#7630=ADVANCED_FACE('',(#768),#537,.F.);
#7631=ADVANCED_FACE('',(#769),#7355,.F.);
#7632=ADVANCED_FACE('',(#770),#538,.F.);
#7633=ADVANCED_FACE('',(#771),#7356,.F.);
#7634=ADVANCED_FACE('',(#772),#539,.F.);
#7635=ADVANCED_FACE('',(#773),#7357,.F.);
#7636=ADVANCED_FACE('',(#774),#540,.F.);
#7637=ADVANCED_FACE('',(#775),#7358,.F.);
#7638=ADVANCED_FACE('',(#776),#541,.F.);
#7639=ADVANCED_FACE('',(#777),#7359,.F.);
#7640=ADVANCED_FACE('',(#778),#542,.F.);
#7641=ADVANCED_FACE('',(#779),#7360,.F.);
#7642=ADVANCED_FACE('',(#780),#543,.F.);
#7643=ADVANCED_FACE('',(#781),#7361,.F.);
#7644=ADVANCED_FACE('',(#782),#544,.F.);
#7645=ADVANCED_FACE('',(#783),#7362,.F.);
#7646=ADVANCED_FACE('',(#784),#545,.F.);
#7647=ADVANCED_FACE('',(#785),#7363,.F.);
#7648=ADVANCED_FACE('',(#786),#546,.F.);
#7649=ADVANCED_FACE('',(#787),#7364,.F.);
#7650=ADVANCED_FACE('',(#788),#547,.F.);
#7651=ADVANCED_FACE('',(#789),#7365,.F.);
#7652=ADVANCED_FACE('',(#790),#548,.F.);
#7653=ADVANCED_FACE('',(#791),#7366,.F.);
#7654=ADVANCED_FACE('',(#792),#549,.F.);
#7655=ADVANCED_FACE('',(#793),#7367,.F.);
#7656=ADVANCED_FACE('',(#794),#550,.F.);
#7657=ADVANCED_FACE('',(#795),#7368,.F.);
#7658=ADVANCED_FACE('',(#796),#551,.F.);
#7659=ADVANCED_FACE('',(#797),#7369,.F.);
#7660=ADVANCED_FACE('',(#798),#552,.F.);
#7661=ADVANCED_FACE('',(#799),#7370,.F.);
#7662=ADVANCED_FACE('',(#800),#553,.F.);
#7663=ADVANCED_FACE('',(#801),#7371,.F.);
#7664=ADVANCED_FACE('',(#802),#554,.F.);
#7665=ADVANCED_FACE('',(#803),#7372,.F.);
#7666=ADVANCED_FACE('',(#804),#555,.F.);
#7667=ADVANCED_FACE('',(#805),#7373,.F.);
#7668=ADVANCED_FACE('',(#806),#556,.F.);
#7669=ADVANCED_FACE('',(#807),#7374,.F.);
#7670=ADVANCED_FACE('',(#808),#557,.F.);
#7671=ADVANCED_FACE('',(#809),#7375,.F.);
#7672=ADVANCED_FACE('',(#810),#558,.F.);
#7673=ADVANCED_FACE('',(#811),#7376,.F.);
#7674=ADVANCED_FACE('',(#812),#559,.F.);
#7675=ADVANCED_FACE('',(#813),#7377,.F.);
#7676=ADVANCED_FACE('',(#814),#560,.F.);
#7677=ADVANCED_FACE('',(#815),#7378,.F.);
#7678=ADVANCED_FACE('',(#816),#561,.F.);
#7679=ADVANCED_FACE('',(#817),#7379,.F.);
#7680=ADVANCED_FACE('',(#818),#562,.F.);
#7681=ADVANCED_FACE('',(#819),#7380,.F.);
#7682=ADVANCED_FACE('',(#820),#563,.F.);
#7683=ADVANCED_FACE('',(#821),#7381,.F.);
#7684=ADVANCED_FACE('',(#822),#564,.F.);
#7685=ADVANCED_FACE('',(#823),#7382,.F.);
#7686=ADVANCED_FACE('',(#824),#565,.F.);
#7687=ADVANCED_FACE('',(#825),#7383,.F.);
#7688=ADVANCED_FACE('',(#826),#566,.F.);
#7689=ADVANCED_FACE('',(#827),#7384,.F.);
#7690=ADVANCED_FACE('',(#828),#567,.F.);
#7691=ADVANCED_FACE('',(#829),#7385,.F.);
#7692=ADVANCED_FACE('',(#830),#568,.F.);
#7693=ADVANCED_FACE('',(#831),#7386,.F.);
#7694=ADVANCED_FACE('',(#832),#569,.F.);
#7695=ADVANCED_FACE('',(#833),#7387,.F.);
#7696=ADVANCED_FACE('',(#834),#570,.F.);
#7697=ADVANCED_FACE('',(#835),#571,.F.);
#7698=ADVANCED_FACE('',(#836),#7388,.F.);
#7699=ADVANCED_FACE('',(#837),#572,.F.);
#7700=ADVANCED_FACE('',(#838),#7389,.F.);
#7701=ADVANCED_FACE('',(#839),#573,.F.);
#7702=ADVANCED_FACE('',(#840),#7390,.F.);
#7703=ADVANCED_FACE('',(#841),#574,.F.);
#7704=ADVANCED_FACE('',(#842),#7391,.F.);
#7705=ADVANCED_FACE('',(#843),#575,.F.);
#7706=ADVANCED_FACE('',(#844),#7392,.F.);
#7707=ADVANCED_FACE('',(#845),#576,.F.);
#7708=ADVANCED_FACE('',(#846),#7393,.F.);
#7709=ADVANCED_FACE('',(#847),#577,.F.);
#7710=ADVANCED_FACE('',(#848),#7394,.F.);
#7711=ADVANCED_FACE('',(#849),#578,.F.);
#7712=ADVANCED_FACE('',(#850),#7395,.F.);
#7713=ADVANCED_FACE('',(#851),#579,.F.);
#7714=ADVANCED_FACE('',(#852),#7396,.F.);
#7715=ADVANCED_FACE('',(#853),#580,.F.);
#7716=ADVANCED_FACE('',(#854),#7397,.F.);
#7717=ADVANCED_FACE('',(#855),#581,.F.);
#7718=ADVANCED_FACE('',(#856),#7398,.F.);
#7719=ADVANCED_FACE('',(#857),#582,.F.);
#7720=ADVANCED_FACE('',(#858),#7399,.F.);
#7721=ADVANCED_FACE('',(#859),#583,.F.);
#7722=ADVANCED_FACE('',(#860),#7400,.F.);
#7723=ADVANCED_FACE('',(#861),#584,.F.);
#7724=ADVANCED_FACE('',(#862),#7401,.F.);
#7725=ADVANCED_FACE('',(#863),#585,.F.);
#7726=ADVANCED_FACE('',(#864),#7402,.F.);
#7727=ADVANCED_FACE('',(#865),#586,.F.);
#7728=ADVANCED_FACE('',(#866),#7403,.F.);
#7729=ADVANCED_FACE('',(#867),#587,.F.);
#7730=ADVANCED_FACE('',(#868),#7404,.F.);
#7731=ADVANCED_FACE('',(#869),#588,.F.);
#7732=ADVANCED_FACE('',(#870),#7405,.F.);
#7733=ADVANCED_FACE('',(#871),#589,.F.);
#7734=ADVANCED_FACE('',(#872),#7406,.F.);
#7735=ADVANCED_FACE('',(#873),#590,.F.);
#7736=ADVANCED_FACE('',(#874),#7407,.F.);
#7737=ADVANCED_FACE('',(#875),#591,.F.);
#7738=ADVANCED_FACE('',(#876),#7408,.F.);
#7739=ADVANCED_FACE('',(#877),#592,.F.);
#7740=ADVANCED_FACE('',(#878),#7409,.F.);
#7741=ADVANCED_FACE('',(#879),#593,.F.);
#7742=ADVANCED_FACE('',(#880),#7410,.F.);
#7743=ADVANCED_FACE('',(#881),#594,.F.);
#7744=ADVANCED_FACE('',(#882),#7411,.F.);
#7745=ADVANCED_FACE('',(#883),#7412,.F.);
#7746=ADVANCED_FACE('',(#884),#595,.F.);
#7747=ADVANCED_FACE('',(#885),#7413,.F.);
#7748=ADVANCED_FACE('',(#886),#596,.F.);
#7749=ADVANCED_FACE('',(#887),#7414,.F.);
#7750=ADVANCED_FACE('',(#888),#597,.F.);
#7751=ADVANCED_FACE('',(#889),#7415,.F.);
#7752=ADVANCED_FACE('',(#890),#598,.F.);
#7753=ADVANCED_FACE('',(#891),#7416,.F.);
#7754=ADVANCED_FACE('',(#892),#599,.F.);
#7755=ADVANCED_FACE('',(#893),#7417,.F.);
#7756=ADVANCED_FACE('',(#894),#600,.F.);
#7757=ADVANCED_FACE('',(#895),#7418,.F.);
#7758=ADVANCED_FACE('',(#896),#601,.F.);
#7759=ADVANCED_FACE('',(#897),#7419,.F.);
#7760=ADVANCED_FACE('',(#898),#602,.F.);
#7761=ADVANCED_FACE('',(#899),#7420,.F.);
#7762=ADVANCED_FACE('',(#900),#603,.F.);
#7763=ADVANCED_FACE('',(#901),#7421,.F.);
#7764=ADVANCED_FACE('',(#902),#604,.F.);
#7765=ADVANCED_FACE('',(#903),#7422,.F.);
#7766=ADVANCED_FACE('',(#904),#605,.F.);
#7767=ADVANCED_FACE('',(#905),#7423,.F.);
#7768=ADVANCED_FACE('',(#906),#606,.F.);
#7769=ADVANCED_FACE('',(#907),#7424,.F.);
#7770=ADVANCED_FACE('',(#908),#607,.F.);
#7771=ADVANCED_FACE('',(#909),#7425,.F.);
#7772=ADVANCED_FACE('',(#910),#608,.F.);
#7773=ADVANCED_FACE('',(#911),#7426,.F.);
#7774=ADVANCED_FACE('',(#912),#609,.F.);
#7775=ADVANCED_FACE('',(#913),#7427,.F.);
#7776=ADVANCED_FACE('',(#914),#610,.F.);
#7777=ADVANCED_FACE('',(#915),#7428,.F.);
#7778=ADVANCED_FACE('',(#916),#611,.F.);
#7779=ADVANCED_FACE('',(#917),#7429,.F.);
#7780=ADVANCED_FACE('',(#918),#612,.F.);
#7781=ADVANCED_FACE('',(#919),#7430,.F.);
#7782=ADVANCED_FACE('',(#920),#613,.F.);
#7783=ADVANCED_FACE('',(#921),#7431,.F.);
#7784=ADVANCED_FACE('',(#922),#614,.F.);
#7785=ADVANCED_FACE('',(#923),#7432,.F.);
#7786=ADVANCED_FACE('',(#924),#615,.F.);
#7787=ADVANCED_FACE('',(#925),#7433,.F.);
#7788=ADVANCED_FACE('',(#926),#616,.F.);
#7789=ADVANCED_FACE('',(#927),#7434,.F.);
#7790=ADVANCED_FACE('',(#928),#617,.F.);
#7791=ADVANCED_FACE('',(#929),#7435,.F.);
#7792=ADVANCED_FACE('',(#930),#618,.F.);
#7793=ADVANCED_FACE('',(#931),#619,.T.);
#7794=ADVANCED_FACE('',(#932),#620,.T.);
#7795=ADVANCED_FACE('',(#933),#621,.T.);
#7796=ADVANCED_FACE('',(#934),#622,.T.);
#7797=ADVANCED_FACE('',(#935),#32,.F.);
#7798=ADVANCED_FACE('',(#936),#623,.T.);
#7799=ADVANCED_FACE('',(#937),#33,.F.);
#7800=ADVANCED_FACE('',(#938),#624,.T.);
#7801=ADVANCED_FACE('',(#939),#625,.T.);
#7802=ADVANCED_FACE('',(#940,#67),#7436,.T.);
#7803=ADVANCED_FACE('',(#941,#68),#7437,.T.);
#7804=ADVANCED_FACE('',(#942,#69),#7438,.T.);
#7805=ADVANCED_FACE('',(#943),#626,.T.);
#7806=ADVANCED_FACE('',(#944),#627,.T.);
#7807=ADVANCED_FACE('',(#945),#7439,.T.);
#7808=ADVANCED_FACE('',(#946),#7440,.T.);
#7809=ADVANCED_FACE('',(#947),#7441,.T.);
#7810=ADVANCED_FACE('',(#948),#7442,.T.);
#7811=ADVANCED_FACE('',(#949),#7443,.T.);
#7812=ADVANCED_FACE('',(#950),#628,.F.);
#7813=ADVANCED_FACE('',(#951,#70,#71,#72,#73,#74,#75,#76,#77,#78,#79,#80,
#81,#82),#7444,.T.);
#7814=ADVANCED_FACE('',(#952),#629,.F.);
#7815=ADVANCED_FACE('',(#953),#630,.F.);
#7816=ADVANCED_FACE('',(#954),#7445,.T.);
#7817=ADVANCED_FACE('',(#955),#7446,.T.);
#7818=ADVANCED_FACE('',(#956),#631,.F.);
#7819=ADVANCED_FACE('',(#957,#83,#84,#85,#86,#87,#88),#7447,.T.);
#7820=ADVANCED_FACE('',(#958),#7448,.T.);
#7821=ADVANCED_FACE('',(#959),#7449,.T.);
#7822=ADVANCED_FACE('',(#960),#632,.T.);
#7823=ADVANCED_FACE('',(#961),#7450,.T.);
#7824=ADVANCED_FACE('',(#962),#633,.T.);
#7825=ADVANCED_FACE('',(#963),#7451,.T.);
#7826=ADVANCED_FACE('',(#964),#634,.T.);
#7827=ADVANCED_FACE('',(#965),#7452,.T.);
#7828=ADVANCED_FACE('',(#966),#635,.T.);
#7829=ADVANCED_FACE('',(#967),#7453,.T.);
#7830=ADVANCED_FACE('',(#968),#636,.T.);
#7831=ADVANCED_FACE('',(#969),#7454,.T.);
#7832=ADVANCED_FACE('',(#970),#637,.F.);
#7833=ADVANCED_FACE('',(#971),#7455,.T.);
#7834=ADVANCED_FACE('',(#972),#7456,.T.);
#7835=ADVANCED_FACE('',(#973),#7457,.T.);
#7836=ADVANCED_FACE('',(#974),#638,.T.);
#7837=ADVANCED_FACE('',(#975),#7458,.T.);
#7838=ADVANCED_FACE('',(#976),#639,.T.);
#7839=ADVANCED_FACE('',(#977),#7459,.T.);
#7840=ADVANCED_FACE('',(#978),#640,.T.);
#7841=ADVANCED_FACE('',(#979),#7460,.T.);
#7842=ADVANCED_FACE('',(#980),#641,.T.);
#7843=ADVANCED_FACE('',(#981),#7461,.T.);
#7844=ADVANCED_FACE('',(#982),#642,.T.);
#7845=ADVANCED_FACE('',(#983),#7462,.T.);
#7846=ADVANCED_FACE('',(#984,#89,#90),#7463,.T.);
#7847=ADVANCED_FACE('',(#985),#7464,.T.);
#7848=ADVANCED_FACE('',(#986),#643,.T.);
#7849=ADVANCED_FACE('',(#987),#7465,.T.);
#7850=ADVANCED_FACE('',(#988),#644,.T.);
#7851=ADVANCED_FACE('',(#989),#7466,.T.);
#7852=ADVANCED_FACE('',(#990),#645,.T.);
#7853=ADVANCED_FACE('',(#991),#7467,.T.);
#7854=ADVANCED_FACE('',(#992),#646,.T.);
#7855=ADVANCED_FACE('',(#993),#7468,.T.);
#7856=ADVANCED_FACE('',(#994),#647,.T.);
#7857=ADVANCED_FACE('',(#995),#7469,.T.);
#7858=ADVANCED_FACE('',(#996),#648,.T.);
#7859=ADVANCED_FACE('',(#997),#7470,.T.);
#7860=ADVANCED_FACE('',(#998),#649,.T.);
#7861=ADVANCED_FACE('',(#999),#7471,.T.);
#7862=ADVANCED_FACE('',(#1000),#650,.T.);
#7863=ADVANCED_FACE('',(#1001),#7472,.T.);
#7864=ADVANCED_FACE('',(#1002),#7473,.T.);
#7865=ADVANCED_FACE('',(#1003),#651,.T.);
#7866=ADVANCED_FACE('',(#1004),#7474,.T.);
#7867=ADVANCED_FACE('',(#1005),#652,.T.);
#7868=ADVANCED_FACE('',(#1006),#7475,.T.);
#7869=ADVANCED_FACE('',(#1007),#653,.T.);
#7870=ADVANCED_FACE('',(#1008),#7476,.T.);
#7871=ADVANCED_FACE('',(#1009),#654,.T.);
#7872=ADVANCED_FACE('',(#1010),#7477,.T.);
#7873=ADVANCED_FACE('',(#1011),#7478,.T.);
#7874=ADVANCED_FACE('',(#1012),#655,.T.);
#7875=ADVANCED_FACE('',(#1013,#91),#7479,.T.);
#7876=ADVANCED_FACE('',(#1014),#7480,.T.);
#7877=ADVANCED_FACE('',(#1015),#7481,.T.);
#7878=ADVANCED_FACE('',(#1016),#656,.T.);
#7879=ADVANCED_FACE('',(#1017,#92),#7482,.T.);
#7880=ADVANCED_FACE('',(#1018,#93),#7483,.T.);
#7881=ADVANCED_FACE('',(#1019),#7484,.T.);
#7882=ADVANCED_FACE('',(#1020),#657,.T.);
#7883=ADVANCED_FACE('',(#1021),#7485,.T.);
#7884=ADVANCED_FACE('',(#1022,#94,#95),#7486,.T.);
#7885=ADVANCED_FACE('',(#1023),#7487,.T.);
#7886=ADVANCED_FACE('',(#1024),#7488,.T.);
#7887=ADVANCED_FACE('',(#1025),#7489,.T.);
#7888=ADVANCED_FACE('',(#1026),#7490,.T.);
#7889=ADVANCED_FACE('',(#1027),#7491,.T.);
#7890=ADVANCED_FACE('',(#1028),#658,.F.);
#7891=ADVANCED_FACE('',(#1029),#7492,.T.);
#7892=ADVANCED_FACE('',(#1030),#7493,.T.);
#7893=ADVANCED_FACE('',(#1031),#7494,.T.);
#7894=ADVANCED_FACE('',(#1032),#659,.T.);
#7895=ADVANCED_FACE('',(#1033),#7495,.T.);
#7896=ADVANCED_FACE('',(#1034),#660,.T.);
#7897=ADVANCED_FACE('',(#1035),#7496,.T.);
#7898=ADVANCED_FACE('',(#1036),#7497,.T.);
#7899=ADVANCED_FACE('',(#1037),#661,.F.);
#7900=ADVANCED_FACE('',(#1038),#7498,.T.);
#7901=ADVANCED_FACE('',(#1039),#7499,.T.);
#7902=ADVANCED_FACE('',(#1040),#662,.F.);
#7903=ADVANCED_FACE('',(#1041),#7500,.T.);
#7904=ADVANCED_FACE('',(#1042),#7501,.T.);
#7905=ADVANCED_FACE('',(#1043),#663,.T.);
#7906=ADVANCED_FACE('',(#1044),#7502,.T.);
#7907=ADVANCED_FACE('',(#1045),#7503,.T.);
#7908=ADVANCED_FACE('',(#1046),#7504,.T.);
#7909=ADVANCED_FACE('',(#1047),#7505,.T.);
#7910=ADVANCED_FACE('',(#1048),#7506,.T.);
#7911=ADVANCED_FACE('',(#1049),#7507,.T.);
#7912=ADVANCED_FACE('',(#1050),#7508,.T.);
#7913=ADVANCED_FACE('',(#1051),#664,.F.);
#7914=ADVANCED_FACE('',(#1052),#7509,.T.);
#7915=ADVANCED_FACE('',(#1053),#665,.T.);
#7916=ADVANCED_FACE('',(#1054),#7510,.T.);
#7917=ADVANCED_FACE('',(#1055),#666,.F.);
#7918=ADVANCED_FACE('',(#1056),#7511,.T.);
#7919=ADVANCED_FACE('',(#1057),#7512,.T.);
#7920=ADVANCED_FACE('',(#1058),#667,.T.);
#7921=ADVANCED_FACE('',(#1059),#668,.F.);
#7922=ADVANCED_FACE('',(#1060),#669,.T.);
#7923=ADVANCED_FACE('',(#1061),#7513,.T.);
#7924=ADVANCED_FACE('',(#1062),#7514,.T.);
#7925=ADVANCED_FACE('',(#1063),#670,.T.);
#7926=ADVANCED_FACE('',(#1064),#7515,.T.);
#7927=ADVANCED_FACE('',(#1065),#671,.T.);
#7928=ADVANCED_FACE('',(#1066),#7516,.T.);
#7929=ADVANCED_FACE('',(#1067),#672,.T.);
#7930=ADVANCED_FACE('',(#1068),#7517,.T.);
#7931=ADVANCED_FACE('',(#1069),#7518,.T.);
#7932=ADVANCED_FACE('',(#1070),#7519,.T.);
#7933=ADVANCED_FACE('',(#1071),#7520,.T.);
#7934=ADVANCED_FACE('',(#1072),#673,.F.);
#7935=ADVANCED_FACE('',(#1073),#7521,.T.);
#7936=ADVANCED_FACE('',(#1074),#7522,.T.);
#7937=ADVANCED_FACE('',(#1075),#7523,.T.);
#7938=ADVANCED_FACE('',(#1076),#7524,.T.);
#7939=ADVANCED_FACE('',(#1077),#7525,.T.);
#7940=ADVANCED_FACE('',(#1078),#7526,.T.);
#7941=ADVANCED_FACE('',(#1079),#7527,.T.);
#7942=ADVANCED_FACE('',(#1080),#7528,.T.);
#7943=ADVANCED_FACE('',(#1081),#7529,.T.);
#7944=ADVANCED_FACE('',(#1082),#7530,.T.);
#7945=ADVANCED_FACE('',(#1083),#7531,.T.);
#7946=ADVANCED_FACE('',(#1084),#7532,.T.);
#7947=ADVANCED_FACE('',(#1085),#7533,.T.);
#7948=ADVANCED_FACE('',(#1086),#674,.T.);
#7949=ADVANCED_FACE('',(#1087),#7534,.T.);
#7950=ADVANCED_FACE('',(#1088,#96,#97,#98,#99,#100,#101),#7535,.T.);
#7951=ADVANCED_FACE('',(#1089),#675,.T.);
#7952=ADVANCED_FACE('',(#1090),#7536,.T.);
#7953=ADVANCED_FACE('',(#1091,#102,#103,#104,#105),#7537,.T.);
#7954=CLOSED_SHELL('',(#7538,#7539,#7540,#7541,#7542,#7543,#7544,#7545,
#7546,#7547,#7548,#7549,#7550,#7551,#7552,#7553,#7554,#7555,#7556,#7557,
#7558,#7559,#7560,#7561,#7562,#7563,#7564,#7565,#7566,#7567,#7568,#7569,
#7570,#7571,#7572,#7573,#7574,#7575,#7576,#7577,#7578,#7579,#7580,#7581,
#7582,#7583,#7584,#7585,#7586,#7587,#7588,#7589,#7590,#7591,#7592,#7593,
#7594,#7595,#7596,#7597,#7598,#7599,#7600,#7601,#7602,#7603,#7604,#7605,
#7606,#7607,#7608,#7609,#7610,#7611,#7612,#7613,#7614,#7615,#7616,#7617,
#7618,#7619,#7620,#7621,#7622,#7623,#7624,#7625,#7626,#7627,#7628,#7629,
#7630,#7631,#7632,#7633,#7634,#7635,#7636,#7637,#7638,#7639,#7640,#7641,
#7642,#7643,#7644,#7645,#7646,#7647,#7648,#7649,#7650,#7651,#7652,#7653,
#7654,#7655,#7656,#7657,#7658,#7659,#7660,#7661,#7662,#7663,#7664,#7665,
#7666,#7667,#7668,#7669,#7670,#7671,#7672,#7673,#7674,#7675,#7676,#7677,
#7678,#7679,#7680,#7681,#7682,#7683,#7684,#7685,#7686,#7687,#7688,#7689,
#7690,#7691,#7692,#7693,#7694,#7695,#7696,#7697,#7698,#7699,#7700,#7701,
#7702,#7703,#7704,#7705,#7706,#7707,#7708,#7709,#7710,#7711,#7712,#7713,
#7714,#7715,#7716,#7717,#7718,#7719,#7720,#7721,#7722,#7723,#7724,#7725,
#7726,#7727,#7728,#7729,#7730,#7731,#7732,#7733,#7734,#7735,#7736,#7737,
#7738,#7739,#7740,#7741,#7742,#7743,#7744,#7745,#7746,#7747,#7748,#7749,
#7750,#7751,#7752,#7753,#7754,#7755,#7756,#7757,#7758,#7759,#7760,#7761,
#7762,#7763,#7764,#7765,#7766,#7767,#7768,#7769,#7770,#7771,#7772,#7773,
#7774,#7775,#7776,#7777,#7778,#7779,#7780,#7781,#7782,#7783,#7784,#7785,
#7786,#7787,#7788,#7789,#7790,#7791,#7792,#7793,#7794,#7795,#7796,#7797,
#7798,#7799,#7800,#7801,#7802,#7803,#7804,#7805,#7806,#7807,#7808,#7809,
#7810,#7811,#7812,#7813,#7814,#7815,#7816,#7817,#7818,#7819,#7820,#7821,
#7822,#7823,#7824,#7825,#7826,#7827,#7828,#7829,#7830,#7831,#7832,#7833,
#7834,#7835,#7836,#7837,#7838,#7839,#7840,#7841,#7842,#7843,#7844,#7845,
#7846,#7847,#7848,#7849,#7850,#7851,#7852,#7853,#7854,#7855,#7856,#7857,
#7858,#7859,#7860,#7861,#7862,#7863,#7864,#7865,#7866,#7867,#7868,#7869,
#7870,#7871,#7872,#7873,#7874,#7875,#7876,#7877,#7878,#7879,#7880,#7881,
#7882,#7883,#7884,#7885,#7886,#7887,#7888,#7889,#7890,#7891,#7892,#7893,
#7894,#7895,#7896,#7897,#7898,#7899,#7900,#7901,#7902,#7903,#7904,#7905,
#7906,#7907,#7908,#7909,#7910,#7911,#7912,#7913,#7914,#7915,#7916,#7917,
#7918,#7919,#7920,#7921,#7922,#7923,#7924,#7925,#7926,#7927,#7928,#7929,
#7930,#7931,#7932,#7933,#7934,#7935,#7936,#7937,#7938,#7939,#7940,#7941,
#7942,#7943,#7944,#7945,#7946,#7947,#7948,#7949,#7950,#7951,#7952,#7953));
#7955=DERIVED_UNIT_ELEMENT(#7957,1.);
#7956=DERIVED_UNIT_ELEMENT(#13514,-3.);
#7957=(
MASS_UNIT()
NAMED_UNIT(*)
SI_UNIT(.KILO.,.GRAM.)
);
#7958=DERIVED_UNIT((#7955,#7956));
#7959=MEASURE_REPRESENTATION_ITEM('density measure',
POSITIVE_RATIO_MEASURE(7850.),#7958);
#7960=PROPERTY_DEFINITION_REPRESENTATION(#7965,#7962);
#7961=PROPERTY_DEFINITION_REPRESENTATION(#7966,#7963);
#7962=REPRESENTATION('material name',(#7964),#13511);
#7963=REPRESENTATION('density',(#7959),#13511);
#7964=DESCRIPTIVE_REPRESENTATION_ITEM('A\X\E7o','A\X\E7o');
#7965=PROPERTY_DEFINITION('material property','material name',#13526);
#7966=PROPERTY_DEFINITION('material property','density of part',#13526);
#7967=AXIS2_PLACEMENT_3D('',#11154,#8775,#8776);
#7968=AXIS2_PLACEMENT_3D('',#11155,#8777,#8778);
#7969=AXIS2_PLACEMENT_3D('',#11156,#8779,#8780);
#7970=AXIS2_PLACEMENT_3D('',#11165,#8785,#8786);
#7971=AXIS2_PLACEMENT_3D('',#11174,#8791,#8792);
#7972=AXIS2_PLACEMENT_3D('',#11176,#8793,#8794);
#7973=AXIS2_PLACEMENT_3D('',#11178,#8795,#8796);
#7974=AXIS2_PLACEMENT_3D('',#11180,#8798,#8799);
#7975=AXIS2_PLACEMENT_3D('',#11182,#8800,#8801);
#7976=AXIS2_PLACEMENT_3D('',#11184,#8802,#8803);
#7977=AXIS2_PLACEMENT_3D('',#11186,#8805,#8806);
#7978=AXIS2_PLACEMENT_3D('',#11192,#8810,#8811);
#7979=AXIS2_PLACEMENT_3D('',#11198,#8815,#8816);
#7980=AXIS2_PLACEMENT_3D('',#11208,#8821,#8822);
#7981=AXIS2_PLACEMENT_3D('',#11212,#8824,#8825);
#7982=AXIS2_PLACEMENT_3D('',#11216,#8827,#8828);
#7983=AXIS2_PLACEMENT_3D('',#11220,#8830,#8831);
#7984=AXIS2_PLACEMENT_3D('',#11224,#8833,#8834);
#7985=AXIS2_PLACEMENT_3D('',#11228,#8836,#8837);
#7986=AXIS2_PLACEMENT_3D('',#11232,#8839,#8840);
#7987=AXIS2_PLACEMENT_3D('',#11236,#8842,#8843);
#7988=AXIS2_PLACEMENT_3D('',#11240,#8845,#8846);
#7989=AXIS2_PLACEMENT_3D('',#11244,#8848,#8849);
#7990=AXIS2_PLACEMENT_3D('',#11248,#8851,#8852);
#7991=AXIS2_PLACEMENT_3D('',#11252,#8854,#8855);
#7992=AXIS2_PLACEMENT_3D('',#11256,#8857,#8858);
#7993=AXIS2_PLACEMENT_3D('',#11260,#8860,#8861);
#7994=AXIS2_PLACEMENT_3D('',#11264,#8863,#8864);
#7995=AXIS2_PLACEMENT_3D('',#11268,#8866,#8867);
#7996=AXIS2_PLACEMENT_3D('',#11272,#8869,#8870);
#7997=AXIS2_PLACEMENT_3D('',#11276,#8872,#8873);
#7998=AXIS2_PLACEMENT_3D('',#11280,#8875,#8876);
#7999=AXIS2_PLACEMENT_3D('',#11284,#8878,#8879);
#8000=AXIS2_PLACEMENT_3D('',#11288,#8881,#8882);
#8001=AXIS2_PLACEMENT_3D('',#11292,#8884,#8885);
#8002=AXIS2_PLACEMENT_3D('',#11296,#8887,#8888);
#8003=AXIS2_PLACEMENT_3D('',#11300,#8890,#8891);
#8004=AXIS2_PLACEMENT_3D('',#11302,#8893,#8894);
#8005=AXIS2_PLACEMENT_3D('',#11344,#8915,#8916);
#8006=AXIS2_PLACEMENT_3D('',#11348,#8918,#8919);
#8007=AXIS2_PLACEMENT_3D('',#11352,#8921,#8922);
#8008=AXIS2_PLACEMENT_3D('',#11356,#8924,#8925);
#8009=AXIS2_PLACEMENT_3D('',#11360,#8927,#8928);
#8010=AXIS2_PLACEMENT_3D('',#11364,#8930,#8931);
#8011=AXIS2_PLACEMENT_3D('',#11368,#8933,#8934);
#8012=AXIS2_PLACEMENT_3D('',#11372,#8936,#8937);
#8013=AXIS2_PLACEMENT_3D('',#11376,#8939,#8940);
#8014=AXIS2_PLACEMENT_3D('',#11380,#8942,#8943);
#8015=AXIS2_PLACEMENT_3D('',#11384,#8945,#8946);
#8016=AXIS2_PLACEMENT_3D('',#11388,#8948,#8949);
#8017=AXIS2_PLACEMENT_3D('',#11392,#8951,#8952);
#8018=AXIS2_PLACEMENT_3D('',#11396,#8954,#8955);
#8019=AXIS2_PLACEMENT_3D('',#11400,#8957,#8958);
#8020=AXIS2_PLACEMENT_3D('',#11404,#8960,#8961);
#8021=AXIS2_PLACEMENT_3D('',#11408,#8963,#8964);
#8022=AXIS2_PLACEMENT_3D('',#11412,#8966,#8967);
#8023=AXIS2_PLACEMENT_3D('',#11416,#8969,#8970);
#8024=AXIS2_PLACEMENT_3D('',#11420,#8972,#8973);
#8025=AXIS2_PLACEMENT_3D('',#11424,#8975,#8976);
#8026=AXIS2_PLACEMENT_3D('',#11428,#8978,#8979);
#8027=AXIS2_PLACEMENT_3D('',#11432,#8981,#8982);
#8028=AXIS2_PLACEMENT_3D('',#11436,#8984,#8985);
#8029=AXIS2_PLACEMENT_3D('',#11438,#8987,#8988);
#8030=AXIS2_PLACEMENT_3D('',#11440,#8989,#8990);
#8031=AXIS2_PLACEMENT_3D('',#11447,#8994,#8995);
#8032=AXIS2_PLACEMENT_3D('',#11448,#8996,#8997);
#8033=AXIS2_PLACEMENT_3D('',#11450,#8998,#8999);
#8034=AXIS2_PLACEMENT_3D('',#11457,#9003,#9004);
#8035=AXIS2_PLACEMENT_3D('',#11458,#9005,#9006);
#8036=AXIS2_PLACEMENT_3D('',#11460,#9007,#9008);
#8037=AXIS2_PLACEMENT_3D('',#11464,#9010,#9011);
#8038=AXIS2_PLACEMENT_3D('',#11469,#9014,#9015);
#8039=AXIS2_PLACEMENT_3D('',#11472,#9017,#9018);
#8040=AXIS2_PLACEMENT_3D('',#11473,#9019,#9020);
#8041=AXIS2_PLACEMENT_3D('',#11476,#9021,#9022);
#8042=AXIS2_PLACEMENT_3D('',#11480,#9024,#9025);
#8043=AXIS2_PLACEMENT_3D('',#11482,#9027,#9028);
#8044=AXIS2_PLACEMENT_3D('',#11488,#9032,#9033);
#8045=AXIS2_PLACEMENT_3D('',#11491,#9034,#9035);
#8046=AXIS2_PLACEMENT_3D('',#11495,#9037,#9038);
#8047=AXIS2_PLACEMENT_3D('',#11497,#9040,#9041);
#8048=AXIS2_PLACEMENT_3D('',#11503,#9045,#9046);
#8049=AXIS2_PLACEMENT_3D('',#11505,#9047,#9048);
#8050=AXIS2_PLACEMENT_3D('',#11507,#9049,#9050);
#8051=AXIS2_PLACEMENT_3D('',#11509,#9052,#9053);
#8052=AXIS2_PLACEMENT_3D('',#11511,#9054,#9055);
#8053=AXIS2_PLACEMENT_3D('',#11513,#9056,#9057);
#8054=AXIS2_PLACEMENT_3D('',#11515,#9059,#9060);
#8055=AXIS2_PLACEMENT_3D('',#11527,#9067,#9068);
#8056=AXIS2_PLACEMENT_3D('',#11531,#9070,#9071);
#8057=AXIS2_PLACEMENT_3D('',#11535,#9073,#9074);
#8058=AXIS2_PLACEMENT_3D('',#11538,#9076,#9077);
#8059=AXIS2_PLACEMENT_3D('',#11543,#9079,#9080);
#8060=AXIS2_PLACEMENT_3D('',#11547,#9082,#9083);
#8061=AXIS2_PLACEMENT_3D('',#11551,#9085,#9086);
#8062=AXIS2_PLACEMENT_3D('',#11554,#9088,#9089);
#8063=AXIS2_PLACEMENT_3D('',#11559,#9091,#9092);
#8064=AXIS2_PLACEMENT_3D('',#11563,#9094,#9095);
#8065=AXIS2_PLACEMENT_3D('',#11567,#9097,#9098);
#8066=AXIS2_PLACEMENT_3D('',#11570,#9100,#9101);
#8067=AXIS2_PLACEMENT_3D('',#11575,#9103,#9104);
#8068=AXIS2_PLACEMENT_3D('',#11579,#9106,#9107);
#8069=AXIS2_PLACEMENT_3D('',#11583,#9109,#9110);
#8070=AXIS2_PLACEMENT_3D('',#11586,#9112,#9113);
#8071=AXIS2_PLACEMENT_3D('',#11591,#9115,#9116);
#8072=AXIS2_PLACEMENT_3D('',#11595,#9118,#9119);
#8073=AXIS2_PLACEMENT_3D('',#11599,#9121,#9122);
#8074=AXIS2_PLACEMENT_3D('',#11602,#9124,#9125);
#8075=AXIS2_PLACEMENT_3D('',#11607,#9127,#9128);
#8076=AXIS2_PLACEMENT_3D('',#11611,#9130,#9131);
#8077=AXIS2_PLACEMENT_3D('',#11615,#9133,#9134);
#8078=AXIS2_PLACEMENT_3D('',#11618,#9136,#9137);
#8079=AXIS2_PLACEMENT_3D('',#11623,#9139,#9140);
#8080=AXIS2_PLACEMENT_3D('',#11627,#9142,#9143);
#8081=AXIS2_PLACEMENT_3D('',#11631,#9145,#9146);
#8082=AXIS2_PLACEMENT_3D('',#11634,#9148,#9149);
#8083=AXIS2_PLACEMENT_3D('',#11639,#9151,#9152);
#8084=AXIS2_PLACEMENT_3D('',#11643,#9154,#9155);
#8085=AXIS2_PLACEMENT_3D('',#11647,#9157,#9158);
#8086=AXIS2_PLACEMENT_3D('',#11650,#9160,#9161);
#8087=AXIS2_PLACEMENT_3D('',#11655,#9163,#9164);
#8088=AXIS2_PLACEMENT_3D('',#11659,#9166,#9167);
#8089=AXIS2_PLACEMENT_3D('',#11663,#9169,#9170);
#8090=AXIS2_PLACEMENT_3D('',#11666,#9172,#9173);
#8091=AXIS2_PLACEMENT_3D('',#11671,#9175,#9176);
#8092=AXIS2_PLACEMENT_3D('',#11675,#9178,#9179);
#8093=AXIS2_PLACEMENT_3D('',#11679,#9181,#9182);
#8094=AXIS2_PLACEMENT_3D('',#11682,#9184,#9185);
#8095=AXIS2_PLACEMENT_3D('',#11687,#9187,#9188);
#8096=AXIS2_PLACEMENT_3D('',#11691,#9190,#9191);
#8097=AXIS2_PLACEMENT_3D('',#11695,#9193,#9194);
#8098=AXIS2_PLACEMENT_3D('',#11698,#9196,#9197);
#8099=AXIS2_PLACEMENT_3D('',#11703,#9199,#9200);
#8100=AXIS2_PLACEMENT_3D('',#11707,#9202,#9203);
#8101=AXIS2_PLACEMENT_3D('',#11711,#9205,#9206);
#8102=AXIS2_PLACEMENT_3D('',#11714,#9208,#9209);
#8103=AXIS2_PLACEMENT_3D('',#11715,#9210,#9211);
#8104=AXIS2_PLACEMENT_3D('',#11717,#9213,#9214);
#8105=AXIS2_PLACEMENT_3D('',#11719,#9216,#9217);
#8106=AXIS2_PLACEMENT_3D('',#11721,#9218,#9219);
#8107=AXIS2_PLACEMENT_3D('',#11723,#9220,#9221);
#8108=AXIS2_PLACEMENT_3D('',#11724,#9222,#9223);
#8109=AXIS2_PLACEMENT_3D('',#11725,#9224,#9225);
#8110=AXIS2_PLACEMENT_3D('',#11728,#9226,#9227);
#8111=AXIS2_PLACEMENT_3D('',#11730,#9228,#9229);
#8112=AXIS2_PLACEMENT_3D('',#11733,#9231,#9232);
#8113=AXIS2_PLACEMENT_3D('',#11737,#9234,#9235);
#8114=AXIS2_PLACEMENT_3D('',#11743,#9238,#9239);
#8115=AXIS2_PLACEMENT_3D('',#11751,#9243,#9244);
#8116=AXIS2_PLACEMENT_3D('',#11757,#9247,#9248);
#8117=AXIS2_PLACEMENT_3D('',#11760,#9250,#9251);
#8118=AXIS2_PLACEMENT_3D('',#11764,#9253,#9254);
#8119=AXIS2_PLACEMENT_3D('',#11766,#9255,#9256);
#8120=AXIS2_PLACEMENT_3D('',#11768,#9257,#9258);
#8121=AXIS2_PLACEMENT_3D('',#11770,#9259,#9260);
#8122=AXIS2_PLACEMENT_3D('',#11774,#9263,#9264);
#8123=AXIS2_PLACEMENT_3D('',#11777,#9265,#9266);
#8124=AXIS2_PLACEMENT_3D('',#11778,#9267,#9268);
#8125=AXIS2_PLACEMENT_3D('',#11781,#9269,#9270);
#8126=AXIS2_PLACEMENT_3D('',#11782,#9271,#9272);
#8127=AXIS2_PLACEMENT_3D('',#11784,#9273,#9274);
#8128=AXIS2_PLACEMENT_3D('',#11785,#9275,#9276);
#8129=AXIS2_PLACEMENT_3D('',#11787,#9277,#9278);
#8130=AXIS2_PLACEMENT_3D('',#11789,#9280,#9281);
#8131=AXIS2_PLACEMENT_3D('',#11792,#9282,#9283);
#8132=AXIS2_PLACEMENT_3D('',#11796,#9285,#9286);
#8133=AXIS2_PLACEMENT_3D('',#11798,#9288,#9289);
#8134=AXIS2_PLACEMENT_3D('',#11799,#9290,#9291);
#8135=AXIS2_PLACEMENT_3D('',#11801,#9292,#9293);
#8136=AXIS2_PLACEMENT_3D('',#11802,#9294,#9295);
#8137=AXIS2_PLACEMENT_3D('',#11803,#9296,#9297);
#8138=AXIS2_PLACEMENT_3D('',#11804,#9298,#9299);
#8139=AXIS2_PLACEMENT_3D('',#11805,#9300,#9301);
#8140=AXIS2_PLACEMENT_3D('',#11807,#9302,#9303);
#8141=AXIS2_PLACEMENT_3D('',#11811,#9305,#9306);
#8142=AXIS2_PLACEMENT_3D('',#11813,#9308,#9309);
#8143=AXIS2_PLACEMENT_3D('',#11814,#9310,#9311);
#8144=AXIS2_PLACEMENT_3D('',#11815,#9312,#9313);
#8145=AXIS2_PLACEMENT_3D('',#11816,#9314,#9315);
#8146=AXIS2_PLACEMENT_3D('',#11817,#9316,#9317);
#8147=AXIS2_PLACEMENT_3D('',#11819,#9318,#9319);
#8148=AXIS2_PLACEMENT_3D('',#11820,#9320,#9321);
#8149=AXIS2_PLACEMENT_3D('',#11821,#9322,#9323);
#8150=AXIS2_PLACEMENT_3D('',#11823,#9324,#9325);
#8151=AXIS2_PLACEMENT_3D('',#11825,#9327,#9328);
#8152=AXIS2_PLACEMENT_3D('',#11828,#9329,#9330);
#8153=AXIS2_PLACEMENT_3D('',#11832,#9332,#9333);
#8154=AXIS2_PLACEMENT_3D('',#11834,#9335,#9336);
#8155=AXIS2_PLACEMENT_3D('',#11835,#9337,#9338);
#8156=AXIS2_PLACEMENT_3D('',#11837,#9339,#9340);
#8157=AXIS2_PLACEMENT_3D('',#11838,#9341,#9342);
#8158=AXIS2_PLACEMENT_3D('',#11839,#9343,#9344);
#8159=AXIS2_PLACEMENT_3D('',#11840,#9345,#9346);
#8160=AXIS2_PLACEMENT_3D('',#11841,#9347,#9348);
#8161=AXIS2_PLACEMENT_3D('',#11843,#9349,#9350);
#8162=AXIS2_PLACEMENT_3D('',#11847,#9352,#9353);
#8163=AXIS2_PLACEMENT_3D('',#11849,#9355,#9356);
#8164=AXIS2_PLACEMENT_3D('',#11850,#9357,#9358);
#8165=AXIS2_PLACEMENT_3D('',#11851,#9359,#9360);
#8166=AXIS2_PLACEMENT_3D('',#11852,#9361,#9362);
#8167=AXIS2_PLACEMENT_3D('',#11853,#9363,#9364);
#8168=AXIS2_PLACEMENT_3D('',#11855,#9365,#9366);
#8169=AXIS2_PLACEMENT_3D('',#11858,#9368,#9369);
#8170=AXIS2_PLACEMENT_3D('',#11859,#9370,#9371);
#8171=AXIS2_PLACEMENT_3D('',#11860,#9372,#9373);
#8172=AXIS2_PLACEMENT_3D('',#11862,#9374,#9375);
#8173=AXIS2_PLACEMENT_3D('',#11863,#9376,#9377);
#8174=AXIS2_PLACEMENT_3D('',#11864,#9378,#9379);
#8175=AXIS2_PLACEMENT_3D('',#11866,#9380,#9381);
#8176=AXIS2_PLACEMENT_3D('',#11867,#9382,#9383);
#8177=AXIS2_PLACEMENT_3D('',#11870,#9385,#9386);
#8178=AXIS2_PLACEMENT_3D('',#11871,#9387,#9388);
#8179=AXIS2_PLACEMENT_3D('',#11872,#9389,#9390);
#8180=AXIS2_PLACEMENT_3D('',#11874,#9391,#9392);
#8181=AXIS2_PLACEMENT_3D('',#11877,#9394,#9395);
#8182=AXIS2_PLACEMENT_3D('',#11878,#9396,#9397);
#8183=AXIS2_PLACEMENT_3D('',#11879,#9398,#9399);
#8184=AXIS2_PLACEMENT_3D('',#11881,#9400,#9401);
#8185=AXIS2_PLACEMENT_3D('',#11882,#9402,#9403);
#8186=AXIS2_PLACEMENT_3D('',#11883,#9404,#9405);
#8187=AXIS2_PLACEMENT_3D('',#11885,#9406,#9407);
#8188=AXIS2_PLACEMENT_3D('',#11886,#9408,#9409);
#8189=AXIS2_PLACEMENT_3D('',#11889,#9410,#9411);
#8190=AXIS2_PLACEMENT_3D('',#11890,#9412,#9413);
#8191=AXIS2_PLACEMENT_3D('',#11891,#9414,#9415);
#8192=AXIS2_PLACEMENT_3D('',#11892,#9416,#9417);
#8193=AXIS2_PLACEMENT_3D('',#11895,#9419,#9420);
#8194=AXIS2_PLACEMENT_3D('',#11896,#9421,#9422);
#8195=AXIS2_PLACEMENT_3D('',#11901,#9425,#9426);
#8196=AXIS2_PLACEMENT_3D('',#11902,#9427,#9428);
#8197=AXIS2_PLACEMENT_3D('',#11904,#9429,#9430);
#8198=AXIS2_PLACEMENT_3D('',#11905,#9431,#9432);
#8199=AXIS2_PLACEMENT_3D('',#11906,#9433,#9434);
#8200=AXIS2_PLACEMENT_3D('',#11908,#9435,#9436);
#8201=AXIS2_PLACEMENT_3D('',#11911,#9438,#9439);
#8202=AXIS2_PLACEMENT_3D('',#11912,#9440,#9441);
#8203=AXIS2_PLACEMENT_3D('',#11914,#9442,#9443);
#8204=AXIS2_PLACEMENT_3D('',#11917,#9445,#9446);
#8205=AXIS2_PLACEMENT_3D('',#11918,#9447,#9448);
#8206=AXIS2_PLACEMENT_3D('',#11920,#9449,#9450);
#8207=AXIS2_PLACEMENT_3D('',#11923,#9452,#9453);
#8208=AXIS2_PLACEMENT_3D('',#11924,#9454,#9455);
#8209=AXIS2_PLACEMENT_3D('',#11926,#9456,#9457);
#8210=AXIS2_PLACEMENT_3D('',#11929,#9459,#9460);
#8211=AXIS2_PLACEMENT_3D('',#11930,#9461,#9462);
#8212=AXIS2_PLACEMENT_3D('',#11933,#9463,#9464);
#8213=AXIS2_PLACEMENT_3D('',#11937,#9466,#9467);
#8214=AXIS2_PLACEMENT_3D('',#11939,#9469,#9470);
#8215=AXIS2_PLACEMENT_3D('',#11940,#9471,#9472);
#8216=AXIS2_PLACEMENT_3D('',#11941,#9473,#9474);
#8217=AXIS2_PLACEMENT_3D('',#11943,#9475,#9476);
#8218=AXIS2_PLACEMENT_3D('',#11946,#9478,#9479);
#8219=AXIS2_PLACEMENT_3D('',#11947,#9480,#9481);
#8220=AXIS2_PLACEMENT_3D('',#11948,#9482,#9483);
#8221=AXIS2_PLACEMENT_3D('',#11950,#9484,#9485);
#8222=AXIS2_PLACEMENT_3D('',#11952,#9487,#9488);
#8223=AXIS2_PLACEMENT_3D('',#11954,#9489,#9490);
#8224=AXIS2_PLACEMENT_3D('',#11957,#9492,#9493);
#8225=AXIS2_PLACEMENT_3D('',#11958,#9494,#9495);
#8226=AXIS2_PLACEMENT_3D('',#11959,#9496,#9497);
#8227=AXIS2_PLACEMENT_3D('',#11961,#9498,#9499);
#8228=AXIS2_PLACEMENT_3D('',#11964,#9501,#9502);
#8229=AXIS2_PLACEMENT_3D('',#11965,#9503,#9504);
#8230=AXIS2_PLACEMENT_3D('',#11966,#9505,#9506);
#8231=AXIS2_PLACEMENT_3D('',#11972,#9510,#9511);
#8232=AXIS2_PLACEMENT_3D('',#11974,#9512,#9513);
#8233=AXIS2_PLACEMENT_3D('',#11976,#9515,#9516);
#8234=AXIS2_PLACEMENT_3D('',#11980,#9519,#9520);
#8235=AXIS2_PLACEMENT_3D('',#11982,#9521,#9522);
#8236=AXIS2_PLACEMENT_3D('',#11984,#9524,#9525);
#8237=AXIS2_PLACEMENT_3D('',#11988,#9528,#9529);
#8238=AXIS2_PLACEMENT_3D('',#11990,#9530,#9531);
#8239=AXIS2_PLACEMENT_3D('',#11992,#9533,#9534);
#8240=AXIS2_PLACEMENT_3D('',#11996,#9537,#9538);
#8241=AXIS2_PLACEMENT_3D('',#11997,#9539,#9540);
#8242=AXIS2_PLACEMENT_3D('',#11998,#9541,#9542);
#8243=AXIS2_PLACEMENT_3D('',#12004,#9546,#9547);
#8244=AXIS2_PLACEMENT_3D('',#12006,#9548,#9549);
#8245=AXIS2_PLACEMENT_3D('',#12008,#9551,#9552);
#8246=AXIS2_PLACEMENT_3D('',#12012,#9555,#9556);
#8247=AXIS2_PLACEMENT_3D('',#12014,#9557,#9558);
#8248=AXIS2_PLACEMENT_3D('',#12016,#9560,#9561);
#8249=AXIS2_PLACEMENT_3D('',#12020,#9564,#9565);
#8250=AXIS2_PLACEMENT_3D('',#12022,#9566,#9567);
#8251=AXIS2_PLACEMENT_3D('',#12024,#9569,#9570);
#8252=AXIS2_PLACEMENT_3D('',#12028,#9573,#9574);
#8253=AXIS2_PLACEMENT_3D('',#12029,#9575,#9576);
#8254=AXIS2_PLACEMENT_3D('',#12030,#9577,#9578);
#8255=AXIS2_PLACEMENT_3D('',#12036,#9582,#9583);
#8256=AXIS2_PLACEMENT_3D('',#12038,#9584,#9585);
#8257=AXIS2_PLACEMENT_3D('',#12040,#9587,#9588);
#8258=AXIS2_PLACEMENT_3D('',#12044,#9591,#9592);
#8259=AXIS2_PLACEMENT_3D('',#12046,#9593,#9594);
#8260=AXIS2_PLACEMENT_3D('',#12048,#9596,#9597);
#8261=AXIS2_PLACEMENT_3D('',#12052,#9600,#9601);
#8262=AXIS2_PLACEMENT_3D('',#12054,#9602,#9603);
#8263=AXIS2_PLACEMENT_3D('',#12056,#9605,#9606);
#8264=AXIS2_PLACEMENT_3D('',#12060,#9609,#9610);
#8265=AXIS2_PLACEMENT_3D('',#12061,#9611,#9612);
#8266=AXIS2_PLACEMENT_3D('',#12062,#9613,#9614);
#8267=AXIS2_PLACEMENT_3D('',#12068,#9618,#9619);
#8268=AXIS2_PLACEMENT_3D('',#12070,#9620,#9621);
#8269=AXIS2_PLACEMENT_3D('',#12072,#9623,#9624);
#8270=AXIS2_PLACEMENT_3D('',#12076,#9627,#9628);
#8271=AXIS2_PLACEMENT_3D('',#12078,#9629,#9630);
#8272=AXIS2_PLACEMENT_3D('',#12080,#9632,#9633);
#8273=AXIS2_PLACEMENT_3D('',#12084,#9636,#9637);
#8274=AXIS2_PLACEMENT_3D('',#12086,#9638,#9639);
#8275=AXIS2_PLACEMENT_3D('',#12088,#9641,#9642);
#8276=AXIS2_PLACEMENT_3D('',#12092,#9645,#9646);
#8277=AXIS2_PLACEMENT_3D('',#12093,#9647,#9648);
#8278=AXIS2_PLACEMENT_3D('',#12094,#9649,#9650);
#8279=AXIS2_PLACEMENT_3D('',#12100,#9654,#9655);
#8280=AXIS2_PLACEMENT_3D('',#12102,#9656,#9657);
#8281=AXIS2_PLACEMENT_3D('',#12104,#9659,#9660);
#8282=AXIS2_PLACEMENT_3D('',#12108,#9663,#9664);
#8283=AXIS2_PLACEMENT_3D('',#12110,#9665,#9666);
#8284=AXIS2_PLACEMENT_3D('',#12112,#9668,#9669);
#8285=AXIS2_PLACEMENT_3D('',#12116,#9672,#9673);
#8286=AXIS2_PLACEMENT_3D('',#12118,#9674,#9675);
#8287=AXIS2_PLACEMENT_3D('',#12120,#9677,#9678);
#8288=AXIS2_PLACEMENT_3D('',#12124,#9681,#9682);
#8289=AXIS2_PLACEMENT_3D('',#12125,#9683,#9684);
#8290=AXIS2_PLACEMENT_3D('',#12126,#9685,#9686);
#8291=AXIS2_PLACEMENT_3D('',#12132,#9690,#9691);
#8292=AXIS2_PLACEMENT_3D('',#12134,#9692,#9693);
#8293=AXIS2_PLACEMENT_3D('',#12136,#9695,#9696);
#8294=AXIS2_PLACEMENT_3D('',#12140,#9699,#9700);
#8295=AXIS2_PLACEMENT_3D('',#12142,#9701,#9702);
#8296=AXIS2_PLACEMENT_3D('',#12144,#9704,#9705);
#8297=AXIS2_PLACEMENT_3D('',#12148,#9708,#9709);
#8298=AXIS2_PLACEMENT_3D('',#12150,#9710,#9711);
#8299=AXIS2_PLACEMENT_3D('',#12152,#9713,#9714);
#8300=AXIS2_PLACEMENT_3D('',#12156,#9717,#9718);
#8301=AXIS2_PLACEMENT_3D('',#12157,#9719,#9720);
#8302=AXIS2_PLACEMENT_3D('',#12158,#9721,#9722);
#8303=AXIS2_PLACEMENT_3D('',#12164,#9726,#9727);
#8304=AXIS2_PLACEMENT_3D('',#12166,#9728,#9729);
#8305=AXIS2_PLACEMENT_3D('',#12168,#9731,#9732);
#8306=AXIS2_PLACEMENT_3D('',#12172,#9735,#9736);
#8307=AXIS2_PLACEMENT_3D('',#12174,#9737,#9738);
#8308=AXIS2_PLACEMENT_3D('',#12176,#9740,#9741);
#8309=AXIS2_PLACEMENT_3D('',#12180,#9744,#9745);
#8310=AXIS2_PLACEMENT_3D('',#12182,#9746,#9747);
#8311=AXIS2_PLACEMENT_3D('',#12184,#9749,#9750);
#8312=AXIS2_PLACEMENT_3D('',#12188,#9753,#9754);
#8313=AXIS2_PLACEMENT_3D('',#12189,#9755,#9756);
#8314=AXIS2_PLACEMENT_3D('',#12190,#9757,#9758);
#8315=AXIS2_PLACEMENT_3D('',#12196,#9762,#9763);
#8316=AXIS2_PLACEMENT_3D('',#12198,#9764,#9765);
#8317=AXIS2_PLACEMENT_3D('',#12200,#9767,#9768);
#8318=AXIS2_PLACEMENT_3D('',#12204,#9771,#9772);
#8319=AXIS2_PLACEMENT_3D('',#12206,#9773,#9774);
#8320=AXIS2_PLACEMENT_3D('',#12208,#9776,#9777);
#8321=AXIS2_PLACEMENT_3D('',#12212,#9780,#9781);
#8322=AXIS2_PLACEMENT_3D('',#12214,#9782,#9783);
#8323=AXIS2_PLACEMENT_3D('',#12216,#9785,#9786);
#8324=AXIS2_PLACEMENT_3D('',#12220,#9789,#9790);
#8325=AXIS2_PLACEMENT_3D('',#12221,#9791,#9792);
#8326=AXIS2_PLACEMENT_3D('',#12222,#9793,#9794);
#8327=AXIS2_PLACEMENT_3D('',#12228,#9798,#9799);
#8328=AXIS2_PLACEMENT_3D('',#12230,#9800,#9801);
#8329=AXIS2_PLACEMENT_3D('',#12232,#9803,#9804);
#8330=AXIS2_PLACEMENT_3D('',#12236,#9807,#9808);
#8331=AXIS2_PLACEMENT_3D('',#12238,#9809,#9810);
#8332=AXIS2_PLACEMENT_3D('',#12240,#9812,#9813);
#8333=AXIS2_PLACEMENT_3D('',#12244,#9816,#9817);
#8334=AXIS2_PLACEMENT_3D('',#12246,#9818,#9819);
#8335=AXIS2_PLACEMENT_3D('',#12248,#9821,#9822);
#8336=AXIS2_PLACEMENT_3D('',#12252,#9825,#9826);
#8337=AXIS2_PLACEMENT_3D('',#12253,#9827,#9828);
#8338=AXIS2_PLACEMENT_3D('',#12254,#9829,#9830);
#8339=AXIS2_PLACEMENT_3D('',#12260,#9834,#9835);
#8340=AXIS2_PLACEMENT_3D('',#12262,#9836,#9837);
#8341=AXIS2_PLACEMENT_3D('',#12264,#9839,#9840);
#8342=AXIS2_PLACEMENT_3D('',#12268,#9843,#9844);
#8343=AXIS2_PLACEMENT_3D('',#12270,#9845,#9846);
#8344=AXIS2_PLACEMENT_3D('',#12272,#9848,#9849);
#8345=AXIS2_PLACEMENT_3D('',#12276,#9852,#9853);
#8346=AXIS2_PLACEMENT_3D('',#12278,#9854,#9855);
#8347=AXIS2_PLACEMENT_3D('',#12280,#9857,#9858);
#8348=AXIS2_PLACEMENT_3D('',#12284,#9861,#9862);
#8349=AXIS2_PLACEMENT_3D('',#12285,#9863,#9864);
#8350=AXIS2_PLACEMENT_3D('',#12286,#9865,#9866);
#8351=AXIS2_PLACEMENT_3D('',#12292,#9870,#9871);
#8352=AXIS2_PLACEMENT_3D('',#12294,#9872,#9873);
#8353=AXIS2_PLACEMENT_3D('',#12296,#9875,#9876);
#8354=AXIS2_PLACEMENT_3D('',#12300,#9879,#9880);
#8355=AXIS2_PLACEMENT_3D('',#12302,#9881,#9882);
#8356=AXIS2_PLACEMENT_3D('',#12304,#9884,#9885);
#8357=AXIS2_PLACEMENT_3D('',#12308,#9888,#9889);
#8358=AXIS2_PLACEMENT_3D('',#12310,#9890,#9891);
#8359=AXIS2_PLACEMENT_3D('',#12312,#9893,#9894);
#8360=AXIS2_PLACEMENT_3D('',#12316,#9897,#9898);
#8361=AXIS2_PLACEMENT_3D('',#12317,#9899,#9900);
#8362=AXIS2_PLACEMENT_3D('',#12318,#9901,#9902);
#8363=AXIS2_PLACEMENT_3D('',#12324,#9906,#9907);
#8364=AXIS2_PLACEMENT_3D('',#12326,#9908,#9909);
#8365=AXIS2_PLACEMENT_3D('',#12328,#9911,#9912);
#8366=AXIS2_PLACEMENT_3D('',#12332,#9915,#9916);
#8367=AXIS2_PLACEMENT_3D('',#12334,#9917,#9918);
#8368=AXIS2_PLACEMENT_3D('',#12336,#9920,#9921);
#8369=AXIS2_PLACEMENT_3D('',#12340,#9924,#9925);
#8370=AXIS2_PLACEMENT_3D('',#12342,#9926,#9927);
#8371=AXIS2_PLACEMENT_3D('',#12344,#9929,#9930);
#8372=AXIS2_PLACEMENT_3D('',#12348,#9933,#9934);
#8373=AXIS2_PLACEMENT_3D('',#12349,#9935,#9936);
#8374=AXIS2_PLACEMENT_3D('',#12350,#9937,#9938);
#8375=AXIS2_PLACEMENT_3D('',#12353,#9941,#9942);
#8376=AXIS2_PLACEMENT_3D('',#12355,#9944,#9945);
#8377=AXIS2_PLACEMENT_3D('',#12357,#9947,#9948);
#8378=AXIS2_PLACEMENT_3D('',#12359,#9950,#9951);
#8379=AXIS2_PLACEMENT_3D('',#12361,#9953,#9954);
#8380=AXIS2_PLACEMENT_3D('',#12363,#9956,#9957);
#8381=AXIS2_PLACEMENT_3D('',#12365,#9959,#9960);
#8382=AXIS2_PLACEMENT_3D('',#12366,#9961,#9962);
#8383=AXIS2_PLACEMENT_3D('',#12369,#9965,#9966);
#8384=AXIS2_PLACEMENT_3D('',#12371,#9968,#9969);
#8385=AXIS2_PLACEMENT_3D('',#12373,#9971,#9972);
#8386=AXIS2_PLACEMENT_3D('',#12375,#9974,#9975);
#8387=AXIS2_PLACEMENT_3D('',#12377,#9977,#9978);
#8388=AXIS2_PLACEMENT_3D('',#12379,#9980,#9981);
#8389=AXIS2_PLACEMENT_3D('',#12381,#9983,#9984);
#8390=AXIS2_PLACEMENT_3D('',#12382,#9985,#9986);
#8391=AXIS2_PLACEMENT_3D('',#12385,#9989,#9990);
#8392=AXIS2_PLACEMENT_3D('',#12387,#9992,#9993);
#8393=AXIS2_PLACEMENT_3D('',#12389,#9995,#9996);
#8394=AXIS2_PLACEMENT_3D('',#12391,#9998,#9999);
#8395=AXIS2_PLACEMENT_3D('',#12393,#10001,#10002);
#8396=AXIS2_PLACEMENT_3D('',#12395,#10004,#10005);
#8397=AXIS2_PLACEMENT_3D('',#12397,#10007,#10008);
#8398=AXIS2_PLACEMENT_3D('',#12398,#10009,#10010);
#8399=AXIS2_PLACEMENT_3D('',#12401,#10013,#10014);
#8400=AXIS2_PLACEMENT_3D('',#12403,#10016,#10017);
#8401=AXIS2_PLACEMENT_3D('',#12405,#10019,#10020);
#8402=AXIS2_PLACEMENT_3D('',#12407,#10022,#10023);
#8403=AXIS2_PLACEMENT_3D('',#12409,#10025,#10026);
#8404=AXIS2_PLACEMENT_3D('',#12411,#10028,#10029);
#8405=AXIS2_PLACEMENT_3D('',#12413,#10031,#10032);
#8406=AXIS2_PLACEMENT_3D('',#12414,#10033,#10034);
#8407=AXIS2_PLACEMENT_3D('',#12417,#10037,#10038);
#8408=AXIS2_PLACEMENT_3D('',#12419,#10040,#10041);
#8409=AXIS2_PLACEMENT_3D('',#12421,#10043,#10044);
#8410=AXIS2_PLACEMENT_3D('',#12423,#10046,#10047);
#8411=AXIS2_PLACEMENT_3D('',#12425,#10049,#10050);
#8412=AXIS2_PLACEMENT_3D('',#12427,#10052,#10053);
#8413=AXIS2_PLACEMENT_3D('',#12429,#10055,#10056);
#8414=AXIS2_PLACEMENT_3D('',#12430,#10057,#10058);
#8415=AXIS2_PLACEMENT_3D('',#12433,#10061,#10062);
#8416=AXIS2_PLACEMENT_3D('',#12435,#10064,#10065);
#8417=AXIS2_PLACEMENT_3D('',#12437,#10067,#10068);
#8418=AXIS2_PLACEMENT_3D('',#12439,#10070,#10071);
#8419=AXIS2_PLACEMENT_3D('',#12441,#10073,#10074);
#8420=AXIS2_PLACEMENT_3D('',#12443,#10076,#10077);
#8421=AXIS2_PLACEMENT_3D('',#12445,#10079,#10080);
#8422=AXIS2_PLACEMENT_3D('',#12446,#10081,#10082);
#8423=AXIS2_PLACEMENT_3D('',#12455,#10087,#10088);
#8424=AXIS2_PLACEMENT_3D('',#12457,#10089,#10090);
#8425=AXIS2_PLACEMENT_3D('',#12459,#10091,#10092);
#8426=AXIS2_PLACEMENT_3D('',#12461,#10094,#10095);
#8427=AXIS2_PLACEMENT_3D('',#12467,#10099,#10100);
#8428=AXIS2_PLACEMENT_3D('',#12469,#10101,#10102);
#8429=AXIS2_PLACEMENT_3D('',#12471,#10103,#10104);
#8430=AXIS2_PLACEMENT_3D('',#12473,#10106,#10107);
#8431=AXIS2_PLACEMENT_3D('',#12479,#10111,#10112);
#8432=AXIS2_PLACEMENT_3D('',#12481,#10113,#10114);
#8433=AXIS2_PLACEMENT_3D('',#12483,#10115,#10116);
#8434=AXIS2_PLACEMENT_3D('',#12485,#10118,#10119);
#8435=AXIS2_PLACEMENT_3D('',#12491,#10123,#10124);
#8436=AXIS2_PLACEMENT_3D('',#12492,#10125,#10126);
#8437=AXIS2_PLACEMENT_3D('',#12493,#10127,#10128);
#8438=AXIS2_PLACEMENT_3D('',#12494,#10129,#10130);
#8439=AXIS2_PLACEMENT_3D('',#12503,#10135,#10136);
#8440=AXIS2_PLACEMENT_3D('',#12505,#10137,#10138);
#8441=AXIS2_PLACEMENT_3D('',#12507,#10139,#10140);
#8442=AXIS2_PLACEMENT_3D('',#12509,#10142,#10143);
#8443=AXIS2_PLACEMENT_3D('',#12515,#10147,#10148);
#8444=AXIS2_PLACEMENT_3D('',#12517,#10149,#10150);
#8445=AXIS2_PLACEMENT_3D('',#12519,#10151,#10152);
#8446=AXIS2_PLACEMENT_3D('',#12521,#10154,#10155);
#8447=AXIS2_PLACEMENT_3D('',#12527,#10159,#10160);
#8448=AXIS2_PLACEMENT_3D('',#12529,#10161,#10162);
#8449=AXIS2_PLACEMENT_3D('',#12531,#10163,#10164);
#8450=AXIS2_PLACEMENT_3D('',#12533,#10166,#10167);
#8451=AXIS2_PLACEMENT_3D('',#12539,#10171,#10172);
#8452=AXIS2_PLACEMENT_3D('',#12540,#10173,#10174);
#8453=AXIS2_PLACEMENT_3D('',#12541,#10175,#10176);
#8454=AXIS2_PLACEMENT_3D('',#12542,#10177,#10178);
#8455=AXIS2_PLACEMENT_3D('',#12551,#10183,#10184);
#8456=AXIS2_PLACEMENT_3D('',#12553,#10185,#10186);
#8457=AXIS2_PLACEMENT_3D('',#12555,#10187,#10188);
#8458=AXIS2_PLACEMENT_3D('',#12557,#10190,#10191);
#8459=AXIS2_PLACEMENT_3D('',#12563,#10195,#10196);
#8460=AXIS2_PLACEMENT_3D('',#12565,#10197,#10198);
#8461=AXIS2_PLACEMENT_3D('',#12567,#10199,#10200);
#8462=AXIS2_PLACEMENT_3D('',#12569,#10202,#10203);
#8463=AXIS2_PLACEMENT_3D('',#12575,#10207,#10208);
#8464=AXIS2_PLACEMENT_3D('',#12577,#10209,#10210);
#8465=AXIS2_PLACEMENT_3D('',#12579,#10211,#10212);
#8466=AXIS2_PLACEMENT_3D('',#12581,#10214,#10215);
#8467=AXIS2_PLACEMENT_3D('',#12587,#10219,#10220);
#8468=AXIS2_PLACEMENT_3D('',#12588,#10221,#10222);
#8469=AXIS2_PLACEMENT_3D('',#12589,#10223,#10224);
#8470=AXIS2_PLACEMENT_3D('',#12590,#10225,#10226);
#8471=AXIS2_PLACEMENT_3D('',#12599,#10231,#10232);
#8472=AXIS2_PLACEMENT_3D('',#12601,#10233,#10234);
#8473=AXIS2_PLACEMENT_3D('',#12603,#10235,#10236);
#8474=AXIS2_PLACEMENT_3D('',#12605,#10238,#10239);
#8475=AXIS2_PLACEMENT_3D('',#12611,#10243,#10244);
#8476=AXIS2_PLACEMENT_3D('',#12613,#10245,#10246);
#8477=AXIS2_PLACEMENT_3D('',#12615,#10247,#10248);
#8478=AXIS2_PLACEMENT_3D('',#12617,#10250,#10251);
#8479=AXIS2_PLACEMENT_3D('',#12623,#10255,#10256);
#8480=AXIS2_PLACEMENT_3D('',#12625,#10257,#10258);
#8481=AXIS2_PLACEMENT_3D('',#12627,#10259,#10260);
#8482=AXIS2_PLACEMENT_3D('',#12629,#10262,#10263);
#8483=AXIS2_PLACEMENT_3D('',#12635,#10267,#10268);
#8484=AXIS2_PLACEMENT_3D('',#12636,#10269,#10270);
#8485=AXIS2_PLACEMENT_3D('',#12637,#10271,#10272);
#8486=AXIS2_PLACEMENT_3D('',#12638,#10273,#10274);
#8487=AXIS2_PLACEMENT_3D('',#12647,#10279,#10280);
#8488=AXIS2_PLACEMENT_3D('',#12649,#10281,#10282);
#8489=AXIS2_PLACEMENT_3D('',#12651,#10283,#10284);
#8490=AXIS2_PLACEMENT_3D('',#12653,#10286,#10287);
#8491=AXIS2_PLACEMENT_3D('',#12659,#10291,#10292);
#8492=AXIS2_PLACEMENT_3D('',#12661,#10293,#10294);
#8493=AXIS2_PLACEMENT_3D('',#12663,#10295,#10296);
#8494=AXIS2_PLACEMENT_3D('',#12665,#10298,#10299);
#8495=AXIS2_PLACEMENT_3D('',#12671,#10303,#10304);
#8496=AXIS2_PLACEMENT_3D('',#12673,#10305,#10306);
#8497=AXIS2_PLACEMENT_3D('',#12675,#10307,#10308);
#8498=AXIS2_PLACEMENT_3D('',#12677,#10310,#10311);
#8499=AXIS2_PLACEMENT_3D('',#12683,#10315,#10316);
#8500=AXIS2_PLACEMENT_3D('',#12684,#10317,#10318);
#8501=AXIS2_PLACEMENT_3D('',#12685,#10319,#10320);
#8502=AXIS2_PLACEMENT_3D('',#12686,#10321,#10322);
#8503=AXIS2_PLACEMENT_3D('',#12695,#10327,#10328);
#8504=AXIS2_PLACEMENT_3D('',#12697,#10329,#10330);
#8505=AXIS2_PLACEMENT_3D('',#12699,#10331,#10332);
#8506=AXIS2_PLACEMENT_3D('',#12701,#10334,#10335);
#8507=AXIS2_PLACEMENT_3D('',#12707,#10339,#10340);
#8508=AXIS2_PLACEMENT_3D('',#12709,#10341,#10342);
#8509=AXIS2_PLACEMENT_3D('',#12711,#10343,#10344);
#8510=AXIS2_PLACEMENT_3D('',#12713,#10346,#10347);
#8511=AXIS2_PLACEMENT_3D('',#12719,#10351,#10352);
#8512=AXIS2_PLACEMENT_3D('',#12721,#10353,#10354);
#8513=AXIS2_PLACEMENT_3D('',#12723,#10355,#10356);
#8514=AXIS2_PLACEMENT_3D('',#12725,#10358,#10359);
#8515=AXIS2_PLACEMENT_3D('',#12731,#10363,#10364);
#8516=AXIS2_PLACEMENT_3D('',#12732,#10365,#10366);
#8517=AXIS2_PLACEMENT_3D('',#12733,#10367,#10368);
#8518=AXIS2_PLACEMENT_3D('',#12734,#10369,#10370);
#8519=AXIS2_PLACEMENT_3D('',#12735,#10371,#10372);
#8520=AXIS2_PLACEMENT_3D('',#12736,#10373,#10374);
#8521=AXIS2_PLACEMENT_3D('',#12740,#10376,#10377);
#8522=AXIS2_PLACEMENT_3D('',#12742,#10379,#10380);
#8523=AXIS2_PLACEMENT_3D('',#12744,#10381,#10382);
#8524=AXIS2_PLACEMENT_3D('',#12746,#10384,#10385);
#8525=AXIS2_PLACEMENT_3D('',#12748,#10386,#10387);
#8526=AXIS2_PLACEMENT_3D('',#12750,#10389,#10390);
#8527=AXIS2_PLACEMENT_3D('',#12777,#10391,#10392);
#8528=AXIS2_PLACEMENT_3D('',#12778,#10393,#10394);
#8529=AXIS2_PLACEMENT_3D('',#12782,#10396,#10397);
#8530=AXIS2_PLACEMENT_3D('',#12784,#10399,#10400);
#8531=AXIS2_PLACEMENT_3D('',#12786,#10401,#10402);
#8532=AXIS2_PLACEMENT_3D('',#12787,#10403,#10404);
#8533=AXIS2_PLACEMENT_3D('',#12802,#10405,#10406);
#8534=AXIS2_PLACEMENT_3D('',#12806,#10408,#10409);
#8535=AXIS2_PLACEMENT_3D('',#12808,#10411,#10412);
#8536=AXIS2_PLACEMENT_3D('',#12810,#10413,#10414);
#8537=AXIS2_PLACEMENT_3D('',#12812,#10416,#10417);
#8538=AXIS2_PLACEMENT_3D('',#12813,#10418,#10419);
#8539=AXIS2_PLACEMENT_3D('',#12814,#10420,#10421);
#8540=AXIS2_PLACEMENT_3D('',#12815,#10422,#10423);
#8541=AXIS2_PLACEMENT_3D('',#12817,#10424,#10425);
#8542=AXIS2_PLACEMENT_3D('',#12819,#10427,#10428);
#8543=AXIS2_PLACEMENT_3D('',#12821,#10429,#10430);
#8544=AXIS2_PLACEMENT_3D('',#12823,#10432,#10433);
#8545=AXIS2_PLACEMENT_3D('',#12832,#10438,#10439);
#8546=AXIS2_PLACEMENT_3D('',#12838,#10443,#10444);
#8547=AXIS2_PLACEMENT_3D('',#12844,#10448,#10449);
#8548=AXIS2_PLACEMENT_3D('',#12850,#10453,#10454);
#8549=AXIS2_PLACEMENT_3D('',#12856,#10458,#10459);
#8550=AXIS2_PLACEMENT_3D('',#12859,#10462,#10463);
#8551=AXIS2_PLACEMENT_3D('',#12861,#10465,#10466);
#8552=AXIS2_PLACEMENT_3D('',#12862,#10467,#10468);
#8553=AXIS2_PLACEMENT_3D('',#12864,#10470,#10471);
#8554=AXIS2_PLACEMENT_3D('',#12867,#10474,#10475);
#8555=AXIS2_PLACEMENT_3D('',#12870,#10478,#10479);
#8556=AXIS2_PLACEMENT_3D('',#12872,#10481,#10482);
#8557=AXIS2_PLACEMENT_3D('',#12899,#10497,#10498);
#8558=AXIS2_PLACEMENT_3D('',#12901,#10500,#10501);
#8559=AXIS2_PLACEMENT_3D('',#12910,#10506,#10507);
#8560=AXIS2_PLACEMENT_3D('',#12912,#10508,#10509);
#8561=AXIS2_PLACEMENT_3D('',#12915,#10511,#10512);
#8562=AXIS2_PLACEMENT_3D('',#12916,#10513,#10514);
#8563=AXIS2_PLACEMENT_3D('',#12922,#10518,#10519);
#8564=AXIS2_PLACEMENT_3D('',#12924,#10520,#10521);
#8565=AXIS2_PLACEMENT_3D('',#12927,#10523,#10524);
#8566=AXIS2_PLACEMENT_3D('',#12928,#10525,#10526);
#8567=AXIS2_PLACEMENT_3D('',#12934,#10530,#10531);
#8568=AXIS2_PLACEMENT_3D('',#12936,#10532,#10533);
#8569=AXIS2_PLACEMENT_3D('',#12939,#10535,#10536);
#8570=AXIS2_PLACEMENT_3D('',#12940,#10537,#10538);
#8571=AXIS2_PLACEMENT_3D('',#12946,#10542,#10543);
#8572=AXIS2_PLACEMENT_3D('',#12948,#10544,#10545);
#8573=AXIS2_PLACEMENT_3D('',#12951,#10547,#10548);
#8574=AXIS2_PLACEMENT_3D('',#12952,#10549,#10550);
#8575=AXIS2_PLACEMENT_3D('',#12958,#10554,#10555);
#8576=AXIS2_PLACEMENT_3D('',#12960,#10556,#10557);
#8577=AXIS2_PLACEMENT_3D('',#12963,#10559,#10560);
#8578=AXIS2_PLACEMENT_3D('',#12964,#10561,#10562);
#8579=AXIS2_PLACEMENT_3D('',#12967,#10565,#10566);
#8580=AXIS2_PLACEMENT_3D('',#12970,#10567,#10568);
#8581=AXIS2_PLACEMENT_3D('',#12974,#10570,#10571);
#8582=AXIS2_PLACEMENT_3D('',#12976,#10573,#10574);
#8583=AXIS2_PLACEMENT_3D('',#12982,#10578,#10579);
#8584=AXIS2_PLACEMENT_3D('',#12985,#10582,#10583);
#8585=AXIS2_PLACEMENT_3D('',#12994,#10588,#10589);
#8586=AXIS2_PLACEMENT_3D('',#12996,#10590,#10591);
#8587=AXIS2_PLACEMENT_3D('',#12998,#10592,#10593);
#8588=AXIS2_PLACEMENT_3D('',#13000,#10595,#10596);
#8589=AXIS2_PLACEMENT_3D('',#13006,#10600,#10601);
#8590=AXIS2_PLACEMENT_3D('',#13008,#10602,#10603);
#8591=AXIS2_PLACEMENT_3D('',#13010,#10604,#10605);
#8592=AXIS2_PLACEMENT_3D('',#13012,#10607,#10608);
#8593=AXIS2_PLACEMENT_3D('',#13018,#10612,#10613);
#8594=AXIS2_PLACEMENT_3D('',#13020,#10614,#10615);
#8595=AXIS2_PLACEMENT_3D('',#13022,#10616,#10617);
#8596=AXIS2_PLACEMENT_3D('',#13024,#10619,#10620);
#8597=AXIS2_PLACEMENT_3D('',#13030,#10624,#10625);
#8598=AXIS2_PLACEMENT_3D('',#13032,#10626,#10627);
#8599=AXIS2_PLACEMENT_3D('',#13034,#10628,#10629);
#8600=AXIS2_PLACEMENT_3D('',#13036,#10631,#10632);
#8601=AXIS2_PLACEMENT_3D('',#13042,#10636,#10637);
#8602=AXIS2_PLACEMENT_3D('',#13044,#10638,#10639);
#8603=AXIS2_PLACEMENT_3D('',#13046,#10640,#10641);
#8604=AXIS2_PLACEMENT_3D('',#13048,#10643,#10644);
#8605=AXIS2_PLACEMENT_3D('',#13051,#10647,#10648);
#8606=AXIS2_PLACEMENT_3D('',#13053,#10649,#10650);
#8607=AXIS2_PLACEMENT_3D('',#13057,#10652,#10653);
#8608=AXIS2_PLACEMENT_3D('',#13061,#10655,#10656);
#8609=AXIS2_PLACEMENT_3D('',#13065,#10658,#10659);
#8610=AXIS2_PLACEMENT_3D('',#13068,#10661,#10662);
#8611=AXIS2_PLACEMENT_3D('',#13069,#10663,#10664);
#8612=AXIS2_PLACEMENT_3D('',#13075,#10667,#10668);
#8613=AXIS2_PLACEMENT_3D('',#13081,#10671,#10672);
#8614=AXIS2_PLACEMENT_3D('',#13087,#10675,#10676);
#8615=AXIS2_PLACEMENT_3D('',#13093,#10679,#10680);
#8616=AXIS2_PLACEMENT_3D('',#13100,#10684,#10685);
#8617=AXIS2_PLACEMENT_3D('',#13102,#10687,#10688);
#8618=AXIS2_PLACEMENT_3D('',#13105,#10689,#10690);
#8619=AXIS2_PLACEMENT_3D('',#13109,#10692,#10693);
#8620=AXIS2_PLACEMENT_3D('',#13111,#10695,#10696);
#8621=AXIS2_PLACEMENT_3D('',#13117,#10700,#10701);
#8622=AXIS2_PLACEMENT_3D('',#13119,#10702,#10703);
#8623=AXIS2_PLACEMENT_3D('',#13122,#10705,#10706);
#8624=AXIS2_PLACEMENT_3D('',#13123,#10707,#10708);
#8625=AXIS2_PLACEMENT_3D('',#13129,#10712,#10713);
#8626=AXIS2_PLACEMENT_3D('',#13131,#10714,#10715);
#8627=AXIS2_PLACEMENT_3D('',#13134,#10717,#10718);
#8628=AXIS2_PLACEMENT_3D('',#13135,#10719,#10720);
#8629=AXIS2_PLACEMENT_3D('',#13141,#10724,#10725);
#8630=AXIS2_PLACEMENT_3D('',#13143,#10726,#10727);
#8631=AXIS2_PLACEMENT_3D('',#13146,#10729,#10730);
#8632=AXIS2_PLACEMENT_3D('',#13147,#10731,#10732);
#8633=AXIS2_PLACEMENT_3D('',#13153,#10736,#10737);
#8634=AXIS2_PLACEMENT_3D('',#13155,#10738,#10739);
#8635=AXIS2_PLACEMENT_3D('',#13158,#10741,#10742);
#8636=AXIS2_PLACEMENT_3D('',#13159,#10743,#10744);
#8637=AXIS2_PLACEMENT_3D('',#13165,#10748,#10749);
#8638=AXIS2_PLACEMENT_3D('',#13167,#10750,#10751);
#8639=AXIS2_PLACEMENT_3D('',#13170,#10753,#10754);
#8640=AXIS2_PLACEMENT_3D('',#13171,#10755,#10756);
#8641=AXIS2_PLACEMENT_3D('',#13177,#10760,#10761);
#8642=AXIS2_PLACEMENT_3D('',#13179,#10762,#10763);
#8643=AXIS2_PLACEMENT_3D('',#13182,#10765,#10766);
#8644=AXIS2_PLACEMENT_3D('',#13183,#10767,#10768);
#8645=AXIS2_PLACEMENT_3D('',#13189,#10772,#10773);
#8646=AXIS2_PLACEMENT_3D('',#13191,#10774,#10775);
#8647=AXIS2_PLACEMENT_3D('',#13194,#10777,#10778);
#8648=AXIS2_PLACEMENT_3D('',#13195,#10779,#10780);
#8649=AXIS2_PLACEMENT_3D('',#13201,#10784,#10785);
#8650=AXIS2_PLACEMENT_3D('',#13207,#10789,#10790);
#8651=AXIS2_PLACEMENT_3D('',#13209,#10791,#10792);
#8652=AXIS2_PLACEMENT_3D('',#13211,#10793,#10794);
#8653=AXIS2_PLACEMENT_3D('',#13213,#10796,#10797);
#8654=AXIS2_PLACEMENT_3D('',#13219,#10801,#10802);
#8655=AXIS2_PLACEMENT_3D('',#13221,#10803,#10804);
#8656=AXIS2_PLACEMENT_3D('',#13223,#10805,#10806);
#8657=AXIS2_PLACEMENT_3D('',#13225,#10808,#10809);
#8658=AXIS2_PLACEMENT_3D('',#13231,#10813,#10814);
#8659=AXIS2_PLACEMENT_3D('',#13233,#10815,#10816);
#8660=AXIS2_PLACEMENT_3D('',#13235,#10817,#10818);
#8661=AXIS2_PLACEMENT_3D('',#13237,#10820,#10821);
#8662=AXIS2_PLACEMENT_3D('',#13243,#10825,#10826);
#8663=AXIS2_PLACEMENT_3D('',#13246,#10827,#10828);
#8664=AXIS2_PLACEMENT_3D('',#13250,#10830,#10831);
#8665=AXIS2_PLACEMENT_3D('',#13252,#10833,#10834);
#8666=AXIS2_PLACEMENT_3D('',#13255,#10837,#10838);
#8667=AXIS2_PLACEMENT_3D('',#13261,#10842,#10843);
#8668=AXIS2_PLACEMENT_3D('',#13262,#10844,#10845);
#8669=AXIS2_PLACEMENT_3D('',#13263,#10846,#10847);
#8670=AXIS2_PLACEMENT_3D('',#13264,#10848,#10849);
#8671=AXIS2_PLACEMENT_3D('',#13268,#10851,#10852);
#8672=AXIS2_PLACEMENT_3D('',#13271,#10854,#10855);
#8673=AXIS2_PLACEMENT_3D('',#13272,#10856,#10857);
#8674=AXIS2_PLACEMENT_3D('',#13278,#10861,#10862);
#8675=AXIS2_PLACEMENT_3D('',#13284,#10866,#10867);
#8676=AXIS2_PLACEMENT_3D('',#13285,#10868,#10869);
#8677=AXIS2_PLACEMENT_3D('',#13286,#10870,#10871);
#8678=AXIS2_PLACEMENT_3D('',#13287,#10872,#10873);
#8679=AXIS2_PLACEMENT_3D('',#13288,#10874,#10875);
#8680=AXIS2_PLACEMENT_3D('',#13291,#10878,#10879);
#8681=AXIS2_PLACEMENT_3D('',#13297,#10883,#10884);
#8682=AXIS2_PLACEMENT_3D('',#13299,#10885,#10886);
#8683=AXIS2_PLACEMENT_3D('',#13301,#10887,#10888);
#8684=AXIS2_PLACEMENT_3D('',#13303,#10890,#10891);
#8685=AXIS2_PLACEMENT_3D('',#13306,#10894,#10895);
#8686=AXIS2_PLACEMENT_3D('',#13307,#10896,#10897);
#8687=AXIS2_PLACEMENT_3D('',#13308,#10898,#10899);
#8688=AXIS2_PLACEMENT_3D('',#13311,#10902,#10903);
#8689=AXIS2_PLACEMENT_3D('',#13312,#10904,#10905);
#8690=AXIS2_PLACEMENT_3D('',#13313,#10906,#10907);
#8691=AXIS2_PLACEMENT_3D('',#13314,#10908,#10909);
#8692=AXIS2_PLACEMENT_3D('',#13315,#10910,#10911);
#8693=AXIS2_PLACEMENT_3D('',#13316,#10912,#10913);
#8694=AXIS2_PLACEMENT_3D('',#13317,#10914,#10915);
#8695=AXIS2_PLACEMENT_3D('',#13318,#10916,#10917);
#8696=AXIS2_PLACEMENT_3D('',#13326,#10922,#10923);
#8697=AXIS2_PLACEMENT_3D('',#13330,#10925,#10926);
#8698=AXIS2_PLACEMENT_3D('',#13332,#10928,#10929);
#8699=AXIS2_PLACEMENT_3D('',#13338,#10933,#10934);
#8700=AXIS2_PLACEMENT_3D('',#13342,#10936,#10937);
#8701=AXIS2_PLACEMENT_3D('',#13344,#10939,#10940);
#8702=AXIS2_PLACEMENT_3D('',#13348,#10943,#10944);
#8703=AXIS2_PLACEMENT_3D('',#13352,#10947,#10948);
#8704=AXIS2_PLACEMENT_3D('',#13353,#10949,#10950);
#8705=AXIS2_PLACEMENT_3D('',#13355,#10952,#10953);
#8706=AXIS2_PLACEMENT_3D('',#13356,#10954,#10955);
#8707=AXIS2_PLACEMENT_3D('',#13362,#10959,#10960);
#8708=AXIS2_PLACEMENT_3D('',#13366,#10964,#10965);
#8709=AXIS2_PLACEMENT_3D('',#13367,#10966,#10967);
#8710=AXIS2_PLACEMENT_3D('',#13369,#10969,#10970);
#8711=AXIS2_PLACEMENT_3D('',#13370,#10971,#10972);
#8712=AXIS2_PLACEMENT_3D('',#13373,#10975,#10976);
#8713=AXIS2_PLACEMENT_3D('',#13377,#10979,#10980);
#8714=AXIS2_PLACEMENT_3D('',#13378,#10981,#10982);
#8715=AXIS2_PLACEMENT_3D('',#13379,#10983,#10984);
#8716=AXIS2_PLACEMENT_3D('',#13380,#10985,#10986);
#8717=AXIS2_PLACEMENT_3D('',#13381,#10987,#10988);
#8718=AXIS2_PLACEMENT_3D('',#13382,#10989,#10990);
#8719=AXIS2_PLACEMENT_3D('',#13383,#10991,#10992);
#8720=AXIS2_PLACEMENT_3D('',#13384,#10993,#10994);
#8721=AXIS2_PLACEMENT_3D('',#13390,#10998,#10999);
#8722=AXIS2_PLACEMENT_3D('',#13396,#11003,#11004);
#8723=AXIS2_PLACEMENT_3D('',#13399,#11006,#11007);
#8724=AXIS2_PLACEMENT_3D('',#13400,#11008,#11009);
#8725=AXIS2_PLACEMENT_3D('',#13406,#11013,#11014);
#8726=AXIS2_PLACEMENT_3D('',#13409,#11016,#11017);
#8727=AXIS2_PLACEMENT_3D('',#13411,#11019,#11020);
#8728=AXIS2_PLACEMENT_3D('',#13416,#11024,#11025);
#8729=AXIS2_PLACEMENT_3D('',#13419,#11027,#11028);
#8730=AXIS2_PLACEMENT_3D('',#13420,#11029,#11030);
#8731=AXIS2_PLACEMENT_3D('',#13426,#11034,#11035);
#8732=AXIS2_PLACEMENT_3D('',#13431,#11039,#11040);
#8733=AXIS2_PLACEMENT_3D('',#13434,#11042,#11043);
#8734=AXIS2_PLACEMENT_3D('',#13436,#11045,#11046);
#8735=AXIS2_PLACEMENT_3D('',#13438,#11048,#11049);
#8736=AXIS2_PLACEMENT_3D('',#13439,#11050,#11051);
#8737=AXIS2_PLACEMENT_3D('',#13442,#11054,#11055);
#8738=AXIS2_PLACEMENT_3D('',#13443,#11056,#11057);
#8739=AXIS2_PLACEMENT_3D('',#13447,#11061,#11062);
#8740=AXIS2_PLACEMENT_3D('',#13449,#11064,#11065);
#8741=AXIS2_PLACEMENT_3D('',#13451,#11067,#11068);
#8742=AXIS2_PLACEMENT_3D('',#13455,#11072,#11073);
#8743=AXIS2_PLACEMENT_3D('',#13457,#11075,#11076);
#8744=AXIS2_PLACEMENT_3D('',#13459,#11078,#11079);
#8745=AXIS2_PLACEMENT_3D('',#13463,#11083,#11084);
#8746=AXIS2_PLACEMENT_3D('',#13466,#11086,#11087);
#8747=AXIS2_PLACEMENT_3D('',#13467,#11088,#11089);
#8748=AXIS2_PLACEMENT_3D('',#13469,#11091,#11092);
#8749=AXIS2_PLACEMENT_3D('',#13471,#11094,#11095);
#8750=AXIS2_PLACEMENT_3D('',#13473,#11097,#11098);
#8751=AXIS2_PLACEMENT_3D('',#13475,#11100,#11101);
#8752=AXIS2_PLACEMENT_3D('',#13477,#11103,#11104);
#8753=AXIS2_PLACEMENT_3D('',#13478,#11105,#11106);
#8754=AXIS2_PLACEMENT_3D('',#13480,#11108,#11109);
#8755=AXIS2_PLACEMENT_3D('',#13481,#11110,#11111);
#8756=AXIS2_PLACEMENT_3D('',#13482,#11112,#11113);
#8757=AXIS2_PLACEMENT_3D('',#13483,#11114,#11115);
#8758=AXIS2_PLACEMENT_3D('',#13484,#11116,#11117);
#8759=AXIS2_PLACEMENT_3D('',#13485,#11118,#11119);
#8760=AXIS2_PLACEMENT_3D('',#13486,#11120,#11121);
#8761=AXIS2_PLACEMENT_3D('',#13487,#11122,#11123);
#8762=AXIS2_PLACEMENT_3D('',#13488,#11124,#11125);
#8763=AXIS2_PLACEMENT_3D('',#13489,#11126,#11127);
#8764=AXIS2_PLACEMENT_3D('',#13490,#11128,#11129);
#8765=AXIS2_PLACEMENT_3D('',#13491,#11130,#11131);
#8766=AXIS2_PLACEMENT_3D('',#13492,#11132,#11133);
#8767=AXIS2_PLACEMENT_3D('',#13494,#11134,#11135);
#8768=AXIS2_PLACEMENT_3D('',#13496,#11137,#11138);
#8769=AXIS2_PLACEMENT_3D('',#13498,#11140,#11141);
#8770=AXIS2_PLACEMENT_3D('',#13502,#11144,#11145);
#8771=AXIS2_PLACEMENT_3D('',#13503,#11146,#11147);
#8772=AXIS2_PLACEMENT_3D('',#13504,#11148,#11149);
#8773=AXIS2_PLACEMENT_3D('',#13505,#11150,#11151);
#8774=AXIS2_PLACEMENT_3D('',#13506,#11152,#11153);
#8775=DIRECTION('axis',(0.,0.,1.));
#8776=DIRECTION('refdir',(1.,0.,0.));
#8777=DIRECTION('axis',(0.,0.,1.));
#8778=DIRECTION('refdir',(1.,0.,0.));
#8779=DIRECTION('center_axis',(-3.4662868956039E-31,-1.,2.68319503558206E-18));
#8780=DIRECTION('ref_axis',(1.29189588320019E-13,-2.68319503558206E-18,
-1.));
#8781=DIRECTION('',(-1.29189588320019E-13,2.68319503558206E-18,1.));
#8782=DIRECTION('',(1.,-7.49302955393587E-32,1.01259278739718E-13));
#8783=DIRECTION('',(1.00929365875014E-13,-2.68319503558206E-18,-1.));
#8784=DIRECTION('',(1.,0.,1.2918505176244E-13));
#8785=DIRECTION('center_axis',(-3.4662868956039E-31,-1.,2.68319503558206E-18));
#8786=DIRECTION('ref_axis',(1.29189588320019E-13,-2.68319503558206E-18,
-1.));
#8787=DIRECTION('',(-1.00929365875014E-13,2.68319503558206E-18,1.));
#8788=DIRECTION('',(1.,-7.49302955393587E-32,1.01259278739718E-13));
#8789=DIRECTION('',(1.29189588320019E-13,-2.68319503558206E-18,-1.));
#8790=DIRECTION('',(1.,0.,1.2918505176244E-13));
#8791=DIRECTION('center_axis',(1.,0.,1.2918505176244E-13));
#8792=DIRECTION('ref_axis',(-2.00271297464908E-28,-1.,1.55026680511913E-15));
#8793=DIRECTION('center_axis',(-1.,-1.89478062869581E-15,-1.29189588320019E-13));
#8794=DIRECTION('ref_axis',(-2.00271297464908E-28,-1.,1.55026680511913E-15));
#8795=DIRECTION('center_axis',(1.,1.89478062869581E-15,1.00929365875014E-13));
#8796=DIRECTION('ref_axis',(-2.00271297464908E-28,-1.,1.55026680511913E-15));
#8797=DIRECTION('',(1.,0.,1.2918505176244E-13));
#8798=DIRECTION('center_axis',(1.,0.,1.2918505176244E-13));
#8799=DIRECTION('ref_axis',(-2.00271297464908E-28,-1.,1.55026680511913E-15));
#8800=DIRECTION('center_axis',(-1.,-1.8947806286958E-15,-1.00929365875014E-13));
#8801=DIRECTION('ref_axis',(-2.00271297464908E-28,-1.,1.55026680511913E-15));
#8802=DIRECTION('center_axis',(1.,9.24359370968353E-30,1.29189588320019E-13));
#8803=DIRECTION('ref_axis',(-2.00271297464908E-28,-1.,1.55026680511913E-15));
#8804=DIRECTION('',(1.,0.,1.2918505176244E-13));
#8805=DIRECTION('center_axis',(-2.20995275257959E-30,1.,1.71068767046168E-17));
#8806=DIRECTION('ref_axis',(-1.29189588320019E-13,-1.71068767046168E-17,
1.));
#8807=DIRECTION('',(1.00929365875014E-13,0.,-1.));
#8808=DIRECTION('',(1.00929365875014E-13,0.,-1.));
#8809=DIRECTION('',(-1.,-4.77722755980816E-31,-1.01259278739718E-13));
#8810=DIRECTION('center_axis',(-2.20995275257959E-30,1.,1.71068767046168E-17));
#8811=DIRECTION('ref_axis',(-1.29189588320019E-13,-1.71068767046168E-17,
1.));
#8812=DIRECTION('',(1.00929365875014E-13,0.,-1.));
#8813=DIRECTION('',(-1.29189588320019E-13,0.,1.));
#8814=DIRECTION('',(-1.,-4.77722755980816E-31,-1.01259278739718E-13));
#8815=DIRECTION('center_axis',(-1.,-9.24359370968353E-30,-1.29189588320019E-13));
#8816=DIRECTION('ref_axis',(-3.35119676820811E-29,-1.,3.30952067792442E-16));
#8817=DIRECTION('',(-3.35119676820811E-29,-1.,3.30952067792442E-16));
#8818=DIRECTION('',(1.00929365875014E-13,0.,-1.));
#8819=DIRECTION('',(3.3511967682099E-29,1.,-3.30952067792581E-16));
#8820=DIRECTION('',(-1.29189588320019E-13,0.,1.));
#8821=DIRECTION('center_axis',(1.,9.24359370968353E-30,1.29189588320019E-13));
#8822=DIRECTION('ref_axis',(0.,0.81915204428899,-0.573576436351048));
#8823=DIRECTION('',(2.78926734767575E-28,-1.,-2.08749903583447E-15));
#8824=DIRECTION('center_axis',(1.,9.24359370968353E-30,1.29189588320019E-13));
#8825=DIRECTION('ref_axis',(0.,-2.8906252933815E-15,1.));
#8826=DIRECTION('',(1.05825915373197E-13,-0.573576436351047,-0.819152044288991));
#8827=DIRECTION('center_axis',(1.,9.24359370968353E-30,1.29189588320019E-13));
#8828=DIRECTION('ref_axis',(0.,-0.81915204428899,0.573576436351048));
#8829=DIRECTION('',(1.91034736629848E-28,1.,-1.55026680511913E-15));
#8830=DIRECTION('center_axis',(1.,9.24359370968353E-30,1.29189588320019E-13));
#8831=DIRECTION('ref_axis',(0.,-8.21160495287016E-15,-1.));
#8832=DIRECTION('',(-1.05825915373197E-13,0.573576436351047,0.819152044288991));
#8833=DIRECTION('center_axis',(1.,9.24359370968353E-30,1.29189588320019E-13));
#8834=DIRECTION('ref_axis',(0.,0.819152044288989,-0.573576436351049));
#8835=DIRECTION('',(2.78926734767574E-28,-1.,-2.08749903583446E-15));
#8836=DIRECTION('center_axis',(1.,9.24359370968353E-30,1.29189588320019E-13));
#8837=DIRECTION('ref_axis',(0.,-2.8906252933815E-15,1.));
#8838=DIRECTION('',(1.05825915373197E-13,-0.573576436351046,-0.819152044288992));
#8839=DIRECTION('center_axis',(1.,9.24359370968353E-30,1.29189588320019E-13));
#8840=DIRECTION('ref_axis',(0.,-0.81915204428899,0.573576436351049));
#8841=DIRECTION('',(1.91034736629848E-28,1.,-1.55026680511913E-15));
#8842=DIRECTION('center_axis',(1.,9.24359370968353E-30,1.29189588320019E-13));
#8843=DIRECTION('ref_axis',(0.,-1.04320510021205E-14,-1.));
#8844=DIRECTION('',(-1.05825915373197E-13,0.573576436351047,0.819152044288991));
#8845=DIRECTION('center_axis',(1.,9.24359370968353E-30,1.29189588320019E-13));
#8846=DIRECTION('ref_axis',(0.,0.819152044288989,-0.573576436351049));
#8847=DIRECTION('',(2.78926734767574E-28,-1.,-2.08749903583446E-15));
#8848=DIRECTION('center_axis',(1.,9.24359370968353E-30,1.29189588320019E-13));
#8849=DIRECTION('ref_axis',(0.,-2.8906252933815E-15,1.));
#8850=DIRECTION('',(1.05825915373197E-13,-0.573576436351046,-0.819152044288992));
#8851=DIRECTION('center_axis',(1.,9.24359370968353E-30,1.29189588320019E-13));
#8852=DIRECTION('ref_axis',(0.,-0.81915204428899,0.573576436351049));
#8853=DIRECTION('',(1.91034736629848E-28,1.,-1.55026680511913E-15));
#8854=DIRECTION('center_axis',(1.,9.24359370968353E-30,1.29189588320019E-13));
#8855=DIRECTION('ref_axis',(0.,-1.04320510021205E-14,-1.));
#8856=DIRECTION('',(-1.05825915373197E-13,0.573576436351047,0.819152044288991));
#8857=DIRECTION('center_axis',(1.,9.24359370968353E-30,1.29189588320019E-13));
#8858=DIRECTION('ref_axis',(0.,0.81915204428899,-0.573576436351048));
#8859=DIRECTION('',(2.78926734767575E-28,-1.,-2.08749903583447E-15));
#8860=DIRECTION('center_axis',(1.,9.24359370968353E-30,1.29189588320019E-13));
#8861=DIRECTION('ref_axis',(0.,-2.8906252933815E-15,1.));
#8862=DIRECTION('',(1.05825915373197E-13,-0.573576436351047,-0.819152044288991));
#8863=DIRECTION('center_axis',(1.,9.24359370968353E-30,1.29189588320019E-13));
#8864=DIRECTION('ref_axis',(0.,-0.81915204428899,0.573576436351049));
#8865=DIRECTION('',(1.91034736629848E-28,1.,-1.55026680511913E-15));
#8866=DIRECTION('center_axis',(1.,9.24359370968353E-30,1.29189588320019E-13));
#8867=DIRECTION('ref_axis',(0.,-8.21160495287016E-15,-1.));
#8868=DIRECTION('',(-1.05825915373197E-13,0.573576436351047,0.819152044288991));
#8869=DIRECTION('center_axis',(1.,9.24359370968353E-30,1.29189588320019E-13));
#8870=DIRECTION('ref_axis',(0.,0.819152044288992,-0.573576436351045));
#8871=DIRECTION('',(2.78926734767576E-28,-1.,-2.08749903583448E-15));
#8872=DIRECTION('center_axis',(1.,9.24359370968353E-30,1.29189588320019E-13));
#8873=DIRECTION('ref_axis',(0.,-7.33151739188213E-15,1.));
#8874=DIRECTION('',(1.05825915373197E-13,-0.573576436351047,-0.819152044288991));
#8875=DIRECTION('center_axis',(1.,9.24359370968353E-30,1.29189588320019E-13));
#8876=DIRECTION('ref_axis',(0.,-0.819152044288989,0.573576436351051));
#8877=DIRECTION('',(1.91034736629848E-28,1.,-1.55026680511913E-15));
#8878=DIRECTION('center_axis',(1.,9.24359370968353E-30,1.29189588320019E-13));
#8879=DIRECTION('ref_axis',(0.,-1.04320510021205E-14,-1.));
#8880=DIRECTION('',(-1.05825915373197E-13,0.573576436351048,0.819152044288991));
#8881=DIRECTION('center_axis',(1.,9.24359370968353E-30,1.29189588320019E-13));
#8882=DIRECTION('ref_axis',(0.,0.81915204428899,-0.573576436351048));
#8883=DIRECTION('',(2.78926734767574E-28,-1.,-2.08749903583446E-15));
#8884=DIRECTION('center_axis',(1.,9.24359370968353E-30,1.29189588320019E-13));
#8885=DIRECTION('ref_axis',(0.,-2.8906252933815E-15,1.));
#8886=DIRECTION('',(1.05825915373197E-13,-0.573576436351046,-0.819152044288992));
#8887=DIRECTION('center_axis',(1.,9.24359370968353E-30,1.29189588320019E-13));
#8888=DIRECTION('ref_axis',(0.,-0.81915204428899,0.573576436351049));
#8889=DIRECTION('',(1.91034736629848E-28,1.,-1.55026680511913E-15));
#8890=DIRECTION('center_axis',(1.,9.24359370968353E-30,1.29189588320019E-13));
#8891=DIRECTION('ref_axis',(0.,-1.04320510021205E-14,-1.));
#8892=DIRECTION('',(-1.05825915373197E-13,0.573576436351047,0.819152044288991));
#8893=DIRECTION('center_axis',(1.,1.8947806286958E-15,1.00929365875014E-13));
#8894=DIRECTION('ref_axis',(1.89478062869576E-15,-1.,3.30952067792634E-16));
#8895=DIRECTION('',(1.00929365875014E-13,0.,-1.));
#8896=DIRECTION('',(-1.89478062869576E-15,1.,-3.30952067792634E-16));
#8897=DIRECTION('',(9.39560642327405E-14,0.,-1.));
#8898=DIRECTION('',(1.89478062869576E-15,-1.,3.30952067792634E-16));
#8899=DIRECTION('',(1.0691552136829E-13,0.,-1.));
#8900=DIRECTION('',(1.89478062869576E-15,-1.,3.30952067792634E-16));
#8901=DIRECTION('',(1.0691552136829E-13,0.,-1.));
#8902=DIRECTION('',(1.89478062869576E-15,-1.,3.30952067792634E-16));
#8903=DIRECTION('',(9.39560642327405E-14,0.,-1.));
#8904=DIRECTION('',(-1.89478062869576E-15,1.,-3.30952067792634E-16));
#8905=DIRECTION('',(9.39560642327405E-14,0.,-1.));
#8906=DIRECTION('',(1.89478062869576E-15,-1.,3.30952067792634E-16));
#8907=DIRECTION('',(1.0691552136829E-13,0.,-1.));
#8908=DIRECTION('',(1.89478062869576E-15,-1.,3.30952067792634E-16));
#8909=DIRECTION('',(1.0691552136829E-13,0.,-1.));
#8910=DIRECTION('',(1.89478062869576E-15,-1.,3.30952067792634E-16));
#8911=DIRECTION('',(9.39560642327405E-14,0.,-1.));
#8912=DIRECTION('',(-1.89478062869576E-15,1.,-3.30952067792634E-16));
#8913=DIRECTION('',(1.00929365875014E-13,0.,-1.));
#8914=DIRECTION('',(-1.89478062869576E-15,1.,-3.30952067792634E-16));
#8915=DIRECTION('center_axis',(-1.,-1.8947806286958E-15,-1.00929365875014E-13));
#8916=DIRECTION('ref_axis',(0.,0.81915204428899,-0.573576436351048));
#8917=DIRECTION('',(8.37632979059837E-14,-0.573576436351047,-0.819152044288991));
#8918=DIRECTION('center_axis',(-1.,-1.8947806286958E-15,-1.00929365875014E-13));
#8919=DIRECTION('ref_axis',(0.,-8.21160495287016E-15,-1.));
#8920=DIRECTION('',(1.89478062869564E-15,-1.,1.55026680511913E-15));
#8921=DIRECTION('center_axis',(-1.,-1.8947806286958E-15,-1.00929365875014E-13));
#8922=DIRECTION('ref_axis',(0.,-0.81915204428899,0.573576436351048));
#8923=DIRECTION('',(-8.37632979059837E-14,0.573576436351047,0.819152044288991));
#8924=DIRECTION('center_axis',(-1.,-1.8947806286958E-15,-1.00929365875014E-13));
#8925=DIRECTION('ref_axis',(0.,-2.8906252933815E-15,1.));
#8926=DIRECTION('',(-1.89478062869601E-15,1.,2.08749903583447E-15));
#8927=DIRECTION('center_axis',(-1.,-1.8947806286958E-15,-1.00929365875014E-13));
#8928=DIRECTION('ref_axis',(0.,0.819152044288989,-0.573576436351049));
#8929=DIRECTION('',(8.37632979059837E-14,-0.573576436351047,-0.819152044288991));
#8930=DIRECTION('center_axis',(-1.,-1.8947806286958E-15,-1.00929365875014E-13));
#8931=DIRECTION('ref_axis',(0.,-1.04320510021205E-14,-1.));
#8932=DIRECTION('',(1.89478062869564E-15,-1.,1.55026680511913E-15));
#8933=DIRECTION('center_axis',(-1.,-1.8947806286958E-15,-1.00929365875014E-13));
#8934=DIRECTION('ref_axis',(0.,-0.81915204428899,0.573576436351049));
#8935=DIRECTION('',(-8.37632979059838E-14,0.573576436351046,0.819152044288992));
#8936=DIRECTION('center_axis',(-1.,-1.8947806286958E-15,-1.00929365875014E-13));
#8937=DIRECTION('ref_axis',(0.,-2.8906252933815E-15,1.));
#8938=DIRECTION('',(-1.89478062869601E-15,1.,2.08749903583446E-15));
#8939=DIRECTION('center_axis',(-1.,-1.8947806286958E-15,-1.00929365875014E-13));
#8940=DIRECTION('ref_axis',(0.,0.819152044288989,-0.573576436351049));
#8941=DIRECTION('',(8.37632979059837E-14,-0.573576436351047,-0.819152044288991));
#8942=DIRECTION('center_axis',(-1.,-1.8947806286958E-15,-1.00929365875014E-13));
#8943=DIRECTION('ref_axis',(0.,-1.04320510021205E-14,-1.));
#8944=DIRECTION('',(1.89478062869564E-15,-1.,1.55026680511913E-15));
#8945=DIRECTION('center_axis',(-1.,-1.8947806286958E-15,-1.00929365875014E-13));
#8946=DIRECTION('ref_axis',(0.,-0.81915204428899,0.573576436351049));
#8947=DIRECTION('',(-8.37632979059838E-14,0.573576436351046,0.819152044288992));
#8948=DIRECTION('center_axis',(-1.,-1.8947806286958E-15,-1.00929365875014E-13));
#8949=DIRECTION('ref_axis',(0.,-2.8906252933815E-15,1.));
#8950=DIRECTION('',(-1.89478062869601E-15,1.,2.08749903583446E-15));
#8951=DIRECTION('center_axis',(-1.,-1.8947806286958E-15,-1.00929365875014E-13));
#8952=DIRECTION('ref_axis',(0.,0.81915204428899,-0.573576436351048));
#8953=DIRECTION('',(8.37632979059837E-14,-0.573576436351047,-0.819152044288991));
#8954=DIRECTION('center_axis',(-1.,-1.8947806286958E-15,-1.00929365875014E-13));
#8955=DIRECTION('ref_axis',(0.,-8.21160495287016E-15,-1.));
#8956=DIRECTION('',(1.89478062869564E-15,-1.,1.55026680511913E-15));
#8957=DIRECTION('center_axis',(-1.,-1.8947806286958E-15,-1.00929365875014E-13));
#8958=DIRECTION('ref_axis',(0.,-0.81915204428899,0.573576436351049));
#8959=DIRECTION('',(-8.37632979059837E-14,0.573576436351047,0.819152044288991));
#8960=DIRECTION('center_axis',(-1.,-1.8947806286958E-15,-1.00929365875014E-13));
#8961=DIRECTION('ref_axis',(0.,-2.8906252933815E-15,1.));
#8962=DIRECTION('',(-1.89478062869601E-15,1.,2.08749903583447E-15));
#8963=DIRECTION('center_axis',(-1.,-1.8947806286958E-15,-1.00929365875014E-13));
#8964=DIRECTION('ref_axis',(0.,0.819152044288992,-0.573576436351045));
#8965=DIRECTION('',(8.37632979059837E-14,-0.573576436351048,-0.819152044288991));
#8966=DIRECTION('center_axis',(-1.,-1.8947806286958E-15,-1.00929365875014E-13));
#8967=DIRECTION('ref_axis',(0.,-1.04320510021205E-14,-1.));
#8968=DIRECTION('',(1.89478062869564E-15,-1.,1.55026680511913E-15));
#8969=DIRECTION('center_axis',(-1.,-1.8947806286958E-15,-1.00929365875014E-13));
#8970=DIRECTION('ref_axis',(0.,-0.819152044288989,0.573576436351051));
#8971=DIRECTION('',(-8.37632979059837E-14,0.573576436351047,0.819152044288991));
#8972=DIRECTION('center_axis',(-1.,-1.8947806286958E-15,-1.00929365875014E-13));
#8973=DIRECTION('ref_axis',(0.,-7.33151739188213E-15,1.));
#8974=DIRECTION('',(-1.89478062869601E-15,1.,2.08749903583448E-15));
#8975=DIRECTION('center_axis',(-1.,-1.8947806286958E-15,-1.00929365875014E-13));
#8976=DIRECTION('ref_axis',(0.,0.81915204428899,-0.573576436351048));
#8977=DIRECTION('',(8.37632979059837E-14,-0.573576436351047,-0.819152044288991));
#8978=DIRECTION('center_axis',(-1.,-1.8947806286958E-15,-1.00929365875014E-13));
#8979=DIRECTION('ref_axis',(0.,-1.04320510021205E-14,-1.));
#8980=DIRECTION('',(1.89478062869564E-15,-1.,1.55026680511913E-15));
#8981=DIRECTION('center_axis',(-1.,-1.8947806286958E-15,-1.00929365875014E-13));
#8982=DIRECTION('ref_axis',(0.,-0.81915204428899,0.573576436351049));
#8983=DIRECTION('',(-8.37632979059838E-14,0.573576436351046,0.819152044288992));
#8984=DIRECTION('center_axis',(-1.,-1.8947806286958E-15,-1.00929365875014E-13));
#8985=DIRECTION('ref_axis',(0.,-2.8906252933815E-15,1.));
#8986=DIRECTION('',(-1.89478062869601E-15,1.,2.08749903583446E-15));
#8987=DIRECTION('center_axis',(1.01259278739718E-13,-3.30952067792442E-16,
-1.));
#8988=DIRECTION('ref_axis',(-1.,0.,-1.01259278739718E-13));
#8989=DIRECTION('center_axis',(1.01259278739718E-13,-3.30952067792442E-16,
-1.));
#8990=DIRECTION('ref_axis',(6.31593542897803E-14,1.,6.37465349827282E-27));
#8991=DIRECTION('',(1.,-7.93668449261875E-44,1.01259278739718E-13));
#8992=DIRECTION('',(7.81597009336266E-13,-1.,3.30952067871586E-16));
#8993=DIRECTION('',(-1.,7.93668449261875E-44,-1.01259278739718E-13));
#8994=DIRECTION('center_axis',(-1.01259278739718E-13,3.30952067792442E-16,
1.));
#8995=DIRECTION('ref_axis',(4.37257068160039E-14,1.,4.41322165265063E-27));
#8996=DIRECTION('center_axis',(1.01259278739718E-13,-3.30952067792442E-16,
-1.));
#8997=DIRECTION('ref_axis',(-1.,0.,-1.01259278739718E-13));
#8998=DIRECTION('center_axis',(-1.01259278739718E-13,3.30952067792442E-16,
1.));
#8999=DIRECTION('ref_axis',(-1.,4.37257068160039E-14,-1.00929365875014E-13));
#9000=DIRECTION('',(-1.,7.93668449261875E-44,-1.01259278739718E-13));
#9001=DIRECTION('',(-7.81597009336044E-13,1.,-3.30952067871586E-16));
#9002=DIRECTION('',(1.,-7.93668449261875E-44,1.01259278739718E-13));
#9003=DIRECTION('center_axis',(1.01259278739718E-13,-3.30952067792442E-16,
-1.));
#9004=DIRECTION('ref_axis',(-1.,6.31593542897823E-14,-1.00929365875014E-13));
#9005=DIRECTION('center_axis',(1.01259278739718E-13,-3.30952067792442E-16,
-1.));
#9006=DIRECTION('ref_axis',(-1.,0.,-1.01259278739718E-13));
#9007=DIRECTION('center_axis',(1.01259278739718E-13,-3.30952067792442E-16,
-1.));
#9008=DIRECTION('ref_axis',(-3.15796771448921E-14,-1.,-3.18732674913661E-27));
#9009=DIRECTION('',(-1.,2.7068294695606E-15,-1.01259278739718E-13));
#9010=DIRECTION('center_axis',(1.01259278739718E-13,-3.30952067792442E-16,
-1.));
#9011=DIRECTION('ref_axis',(1.,-6.31593542897823E-14,1.00929365875014E-13));
#9012=DIRECTION('',(1.89478062869578E-15,-1.,3.30952067792634E-16));
#9013=DIRECTION('',(-1.89478062869577E-15,1.,-3.30952067792634E-16));
#9014=DIRECTION('center_axis',(-1.01259278739718E-13,3.30952067792442E-16,
1.));
#9015=DIRECTION('ref_axis',(1.,-4.37257068160039E-14,1.00929365875014E-13));
#9016=DIRECTION('',(1.,-2.7068294695606E-15,1.01259278739718E-13));
#9017=DIRECTION('center_axis',(-1.01259278739718E-13,3.30952067792442E-16,
1.));
#9018=DIRECTION('ref_axis',(-2.18628534080029E-14,-1.,-2.20661082632541E-27));
#9019=DIRECTION('center_axis',(0.,1.,-1.11022302462516E-15));
#9020=DIRECTION('ref_axis',(0.707106781186548,-7.85046229341887E-16,-0.707106781186548));
#9021=DIRECTION('center_axis',(-2.7068294695606E-15,-1.,-3.49694184825029E-28));
#9022=DIRECTION('ref_axis',(0.707106781186548,-7.85046229341887E-16,-0.707106781186548));
#9023=DIRECTION('',(0.,1.,-1.11022302462516E-15));
#9024=DIRECTION('center_axis',(2.7068294695606E-15,1.,2.73198581894552E-28));
#9025=DIRECTION('ref_axis',(0.707106781186548,-7.85046229341887E-16,-0.707106781186548));
#9026=DIRECTION('',(0.,-1.,1.11022302462516E-15));
#9027=DIRECTION('center_axis',(1.,0.,0.));
#9028=DIRECTION('ref_axis',(0.,0.,-1.));
#9029=DIRECTION('',(0.,3.49694184825029E-28,-1.));
#9030=DIRECTION('',(0.,-1.,1.11022302462516E-15));
#9031=DIRECTION('',(0.,-2.73198581894552E-28,1.));
#9032=DIRECTION('center_axis',(-6.16297582203915E-31,-1.,1.11022302462516E-15));
#9033=DIRECTION('ref_axis',(-0.707106781186548,-7.85046229341887E-16,-0.707106781186548));
#9034=DIRECTION('center_axis',(2.7068294695606E-15,1.,2.73198581894552E-28));
#9035=DIRECTION('ref_axis',(-0.707106781186548,-7.85046229341887E-16,-0.707106781186548));
#9036=DIRECTION('',(-6.16297582203915E-31,-1.,1.11022302462516E-15));
#9037=DIRECTION('center_axis',(-2.7068294695606E-15,-1.,-3.49694184825029E-28));
#9038=DIRECTION('ref_axis',(-0.707106781186548,-7.85046229341887E-16,-0.707106781186548));
#9039=DIRECTION('',(6.16297582203915E-31,1.,-1.11022302462516E-15));
#9040=DIRECTION('center_axis',(-1.,0.,-5.55111512312578E-16));
#9041=DIRECTION('ref_axis',(-5.55111512312578E-16,0.,1.));
#9042=DIRECTION('',(5.55111512312578E-16,2.71695989694132E-28,-1.));
#9043=DIRECTION('',(6.16297582203915E-31,1.,-1.11022302462516E-15));
#9044=DIRECTION('',(-5.55111512312578E-16,-3.48191592624609E-28,1.));
#9045=DIRECTION('center_axis',(6.16297582203915E-31,1.,-1.11022302462516E-15));
#9046=DIRECTION('ref_axis',(-0.707106781186548,7.85046229341888E-16,0.707106781186547));
#9047=DIRECTION('center_axis',(-2.7068294695606E-15,-1.,-3.49694184825029E-28));
#9048=DIRECTION('ref_axis',(-0.707106781186548,7.85046229341888E-16,0.707106781186547));
#9049=DIRECTION('center_axis',(2.7068294695606E-15,1.,2.73198581894552E-28));
#9050=DIRECTION('ref_axis',(-0.707106781186548,7.85046229341888E-16,0.707106781186547));
#9051=DIRECTION('',(-6.16297582203915E-31,-1.,1.11022302462516E-15));
#9052=DIRECTION('center_axis',(0.,-1.,1.11022302462516E-15));
#9053=DIRECTION('ref_axis',(0.707106781186548,7.85046229341887E-16,0.707106781186547));
#9054=DIRECTION('center_axis',(2.7068294695606E-15,1.,2.73198581894552E-28));
#9055=DIRECTION('ref_axis',(0.707106781186548,7.85046229341887E-16,0.707106781186547));
#9056=DIRECTION('center_axis',(-2.7068294695606E-15,-1.,-3.49694184825029E-28));
#9057=DIRECTION('ref_axis',(0.707106781186548,7.85046229341887E-16,0.707106781186547));
#9058=DIRECTION('',(0.,1.,-1.11022302462516E-15));
#9059=DIRECTION('center_axis',(-2.7068294695606E-15,-1.,-3.49694184825029E-28));
#9060=DIRECTION('ref_axis',(1.,-2.7068294695606E-15,1.01259278739718E-13));
#9061=DIRECTION('',(-1.,2.7068294695606E-15,-1.01259278739718E-13));
#9062=DIRECTION('',(1.00929365875014E-13,0.,-1.));
#9063=DIRECTION('',(1.00929365875014E-13,0.,-1.));
#9064=DIRECTION('',(-1.,2.7068294695606E-15,-5.55111512312582E-16));
#9065=DIRECTION('',(1.,-2.7068294695606E-15,5.55111512312582E-16));
#9066=DIRECTION('',(-0.573576436351044,1.55257360096084E-15,-0.819152044288993));
#9067=DIRECTION('center_axis',(2.7068294695606E-15,1.,3.49694184825029E-28));
#9068=DIRECTION('ref_axis',(3.88578058618809E-16,-1.38050658450413E-30,
-1.));
#9069=DIRECTION('',(-1.,2.7068294695606E-15,-3.88578058618809E-16));
#9070=DIRECTION('center_axis',(2.7068294695606E-15,1.,3.49694184825029E-28));
#9071=DIRECTION('ref_axis',(-0.819152044288993,2.9102126727629E-15,0.573576436351045));
#9072=DIRECTION('',(0.573576436351044,-1.55257360096084E-15,0.819152044288993));
#9073=DIRECTION('center_axis',(2.7068294695606E-15,1.,3.49694184825029E-28));
#9074=DIRECTION('ref_axis',(-3.88578058618809E-16,1.38050658450411E-30,
1.));
#9075=DIRECTION('',(1.,-2.7068294695606E-15,4.02634389957244E-15));
#9076=DIRECTION('center_axis',(2.7068294695606E-15,1.,3.49694184825029E-28));
#9077=DIRECTION('ref_axis',(0.819152044288991,-2.91021267276289E-15,-0.573576436351048));
#9078=DIRECTION('',(-0.573576436351044,1.55257360096084E-15,-0.819152044288993));
#9079=DIRECTION('center_axis',(2.7068294695606E-15,1.,3.49694184825029E-28));
#9080=DIRECTION('ref_axis',(3.88578058618809E-16,-1.03537993883727E-30,
-1.));
#9081=DIRECTION('',(-1.,2.7068294695606E-15,-3.88578058618809E-16));
#9082=DIRECTION('center_axis',(2.7068294695606E-15,1.,3.49694184825029E-28));
#9083=DIRECTION('ref_axis',(-0.819152044288993,2.18265950457217E-15,0.573576436351045));
#9084=DIRECTION('',(0.573576436351044,-1.55257360096084E-15,0.819152044288993));
#9085=DIRECTION('center_axis',(2.7068294695606E-15,1.,3.49694184825029E-28));
#9086=DIRECTION('ref_axis',(-3.88578058618809E-16,1.03537993883726E-30,
1.));
#9087=DIRECTION('',(1.,-2.7068294695606E-15,4.02634389957244E-15));
#9088=DIRECTION('center_axis',(2.7068294695606E-15,1.,3.49694184825029E-28));
#9089=DIRECTION('ref_axis',(0.819152044288991,-2.18265950457217E-15,-0.573576436351048));
#9090=DIRECTION('',(-0.573576436351044,1.55257360096084E-15,-0.819152044288993));
#9091=DIRECTION('center_axis',(2.7068294695606E-15,1.,3.49694184825029E-28));
#9092=DIRECTION('ref_axis',(3.88578058618809E-16,-1.03537993883727E-30,
-1.));
#9093=DIRECTION('',(-1.,2.7068294695606E-15,-3.88578058618809E-16));
#9094=DIRECTION('center_axis',(2.7068294695606E-15,1.,3.49694184825029E-28));
#9095=DIRECTION('ref_axis',(-0.819152044288993,2.18265950457217E-15,0.573576436351045));
#9096=DIRECTION('',(0.573576436351044,-1.55257360096084E-15,0.819152044288993));
#9097=DIRECTION('center_axis',(2.7068294695606E-15,1.,3.49694184825029E-28));
#9098=DIRECTION('ref_axis',(-3.88578058618809E-16,1.03537993883726E-30,
1.));
#9099=DIRECTION('',(1.,-2.7068294695606E-15,4.02634389957244E-15));
#9100=DIRECTION('center_axis',(2.7068294695606E-15,1.,3.49694184825029E-28));
#9101=DIRECTION('ref_axis',(0.819152044288991,-2.18265950457217E-15,-0.573576436351048));
#9102=DIRECTION('',(-0.573576436351044,1.55257360096084E-15,-0.819152044288993));
#9103=DIRECTION('center_axis',(2.7068294695606E-15,1.,3.49694184825029E-28));
#9104=DIRECTION('ref_axis',(3.88578058618809E-16,-1.03537993883727E-30,
-1.));
#9105=DIRECTION('',(-1.,2.7068294695606E-15,-3.88578058618809E-16));
#9106=DIRECTION('center_axis',(2.7068294695606E-15,1.,3.49694184825029E-28));
#9107=DIRECTION('ref_axis',(-0.819152044288993,2.18265950457217E-15,0.573576436351045));
#9108=DIRECTION('',(0.573576436351044,-1.55257360096084E-15,0.819152044288993));
#9109=DIRECTION('center_axis',(2.7068294695606E-15,1.,3.49694184825029E-28));
#9110=DIRECTION('ref_axis',(-3.88578058618809E-16,1.03537993883726E-30,
1.));
#9111=DIRECTION('',(1.,-2.7068294695606E-15,4.02634389957244E-15));
#9112=DIRECTION('center_axis',(2.7068294695606E-15,1.,3.49694184825029E-28));
#9113=DIRECTION('ref_axis',(0.819152044288991,-2.18265950457217E-15,-0.573576436351048));
#9114=DIRECTION('',(-0.573576436351044,1.55257360096084E-15,-0.819152044288993));
#9115=DIRECTION('center_axis',(2.7068294695606E-15,1.,3.49694184825029E-28));
#9116=DIRECTION('ref_axis',(3.88578058618809E-16,-1.03537993883727E-30,
-1.));
#9117=DIRECTION('',(-1.,2.7068294695606E-15,-3.88578058618809E-16));
#9118=DIRECTION('center_axis',(2.7068294695606E-15,1.,3.49694184825029E-28));
#9119=DIRECTION('ref_axis',(-0.819152044288993,2.18265950457217E-15,0.573576436351045));
#9120=DIRECTION('',(0.573576436351044,-1.55257360096084E-15,0.819152044288993));
#9121=DIRECTION('center_axis',(2.7068294695606E-15,1.,3.49694184825029E-28));
#9122=DIRECTION('ref_axis',(-3.88578058618809E-16,1.03537993883726E-30,
1.));
#9123=DIRECTION('',(1.,-2.7068294695606E-15,4.02634389957244E-15));
#9124=DIRECTION('center_axis',(2.7068294695606E-15,1.,3.49694184825029E-28));
#9125=DIRECTION('ref_axis',(0.819152044288991,-2.18265950457217E-15,-0.573576436351048));
#9126=DIRECTION('',(-0.573576436351044,1.55257360096084E-15,-0.819152044288993));
#9127=DIRECTION('center_axis',(2.7068294695606E-15,1.,3.49694184825029E-28));
#9128=DIRECTION('ref_axis',(3.88578058618809E-16,-1.38050658450413E-30,
-1.));
#9129=DIRECTION('',(-1.,2.7068294695606E-15,-3.88578058618809E-16));
#9130=DIRECTION('center_axis',(2.7068294695606E-15,1.,3.49694184825029E-28));
#9131=DIRECTION('ref_axis',(-0.819152044288993,2.9102126727629E-15,0.573576436351045));
#9132=DIRECTION('',(0.573576436351044,-1.55257360096084E-15,0.819152044288993));
#9133=DIRECTION('center_axis',(2.7068294695606E-15,1.,3.49694184825029E-28));
#9134=DIRECTION('ref_axis',(-3.88578058618809E-16,1.38050658450411E-30,
1.));
#9135=DIRECTION('',(1.,-2.7068294695606E-15,4.02634389957244E-15));
#9136=DIRECTION('center_axis',(2.7068294695606E-15,1.,3.49694184825029E-28));
#9137=DIRECTION('ref_axis',(0.819152044288991,-2.91021267276289E-15,-0.573576436351048));
#9138=DIRECTION('',(-0.573576436351044,1.55257360096084E-15,-0.819152044288993));
#9139=DIRECTION('center_axis',(2.7068294695606E-15,1.,3.49694184825029E-28));
#9140=DIRECTION('ref_axis',(3.88578058618809E-16,-1.03537993883727E-30,
-1.));
#9141=DIRECTION('',(-1.,2.7068294695606E-15,-3.88578058618809E-16));
#9142=DIRECTION('center_axis',(2.7068294695606E-15,1.,3.49694184825029E-28));
#9143=DIRECTION('ref_axis',(-0.819152044288993,2.18265950457217E-15,0.573576436351045));
#9144=DIRECTION('',(0.573576436351044,-1.55257360096084E-15,0.819152044288993));
#9145=DIRECTION('center_axis',(2.7068294695606E-15,1.,3.49694184825029E-28));
#9146=DIRECTION('ref_axis',(-3.88578058618809E-16,1.03537993883726E-30,
1.));
#9147=DIRECTION('',(1.,-2.7068294695606E-15,4.02634389957244E-15));
#9148=DIRECTION('center_axis',(2.7068294695606E-15,1.,3.49694184825029E-28));
#9149=DIRECTION('ref_axis',(0.819152044288991,-2.18265950457217E-15,-0.573576436351048));
#9150=DIRECTION('',(-0.573576436351044,1.55257360096084E-15,-0.819152044288993));
#9151=DIRECTION('center_axis',(2.7068294695606E-15,1.,3.49694184825029E-28));
#9152=DIRECTION('ref_axis',(3.88578058618809E-16,-1.05695035384707E-30,
-1.));
#9153=DIRECTION('',(-1.,2.7068294695606E-15,-3.88578058618809E-16));
#9154=DIRECTION('center_axis',(2.7068294695606E-15,1.,3.49694184825029E-28));
#9155=DIRECTION('ref_axis',(-0.819152044288993,2.22813157758409E-15,0.573576436351045));
#9156=DIRECTION('',(0.573576436351044,-1.55257360096084E-15,0.819152044288993));
#9157=DIRECTION('center_axis',(2.7068294695606E-15,1.,3.49694184825029E-28));
#9158=DIRECTION('ref_axis',(-3.88578058618809E-16,1.05695035384706E-30,
1.));
#9159=DIRECTION('',(1.,-2.7068294695606E-15,4.02634389957244E-15));
#9160=DIRECTION('center_axis',(2.7068294695606E-15,1.,3.49694184825029E-28));
#9161=DIRECTION('ref_axis',(0.819152044288991,-2.22813157758409E-15,-0.573576436351048));
#9162=DIRECTION('',(-0.573576436351044,1.55257360096084E-15,-0.819152044288993));
#9163=DIRECTION('center_axis',(2.7068294695606E-15,1.,3.49694184825029E-28));
#9164=DIRECTION('ref_axis',(3.88578058618809E-16,-1.03537993883727E-30,
-1.));
#9165=DIRECTION('',(-1.,2.7068294695606E-15,-3.88578058618809E-16));
#9166=DIRECTION('center_axis',(2.7068294695606E-15,1.,3.49694184825029E-28));
#9167=DIRECTION('ref_axis',(-0.819152044288993,2.18265950457217E-15,0.573576436351045));
#9168=DIRECTION('',(0.573576436351044,-1.55257360096084E-15,0.819152044288993));
#9169=DIRECTION('center_axis',(2.7068294695606E-15,1.,3.49694184825029E-28));
#9170=DIRECTION('ref_axis',(-3.88578058618809E-16,1.03537993883726E-30,
1.));
#9171=DIRECTION('',(1.,-2.7068294695606E-15,4.02634389957244E-15));
#9172=DIRECTION('center_axis',(2.7068294695606E-15,1.,3.49694184825029E-28));
#9173=DIRECTION('ref_axis',(0.819152044288991,-2.18265950457217E-15,-0.573576436351048));
#9174=DIRECTION('',(-0.573576436351044,1.55257360096084E-15,-0.819152044288993));
#9175=DIRECTION('center_axis',(2.7068294695606E-15,1.,3.49694184825029E-28));
#9176=DIRECTION('ref_axis',(3.88578058618809E-16,-1.03537993883727E-30,
-1.));
#9177=DIRECTION('',(-1.,2.7068294695606E-15,-3.88578058618809E-16));
#9178=DIRECTION('center_axis',(2.7068294695606E-15,1.,3.49694184825029E-28));
#9179=DIRECTION('ref_axis',(-0.819152044288993,2.18265950457217E-15,0.573576436351045));
#9180=DIRECTION('',(0.573576436351044,-1.55257360096084E-15,0.819152044288993));
#9181=DIRECTION('center_axis',(2.7068294695606E-15,1.,3.49694184825029E-28));
#9182=DIRECTION('ref_axis',(-3.88578058618809E-16,1.03537993883726E-30,
1.));
#9183=DIRECTION('',(1.,-2.7068294695606E-15,4.02634389957244E-15));
#9184=DIRECTION('center_axis',(2.7068294695606E-15,1.,3.49694184825029E-28));
#9185=DIRECTION('ref_axis',(0.819152044288991,-2.18265950457217E-15,-0.573576436351048));
#9186=DIRECTION('',(-0.573576436351044,1.55257360096084E-15,-0.819152044288993));
#9187=DIRECTION('center_axis',(2.7068294695606E-15,1.,3.49694184825029E-28));
#9188=DIRECTION('ref_axis',(3.88578058618809E-16,-1.03537993883727E-30,
-1.));
#9189=DIRECTION('',(-1.,2.7068294695606E-15,-3.88578058618809E-16));
#9190=DIRECTION('center_axis',(2.7068294695606E-15,1.,3.49694184825029E-28));
#9191=DIRECTION('ref_axis',(-0.819152044288993,2.18265950457217E-15,0.573576436351045));
#9192=DIRECTION('',(0.573576436351044,-1.55257360096084E-15,0.819152044288993));
#9193=DIRECTION('center_axis',(2.7068294695606E-15,1.,3.49694184825029E-28));
#9194=DIRECTION('ref_axis',(-3.88578058618809E-16,1.03537993883726E-30,
1.));
#9195=DIRECTION('',(1.,-2.7068294695606E-15,4.02634389957244E-15));
#9196=DIRECTION('center_axis',(2.7068294695606E-15,1.,3.49694184825029E-28));
#9197=DIRECTION('ref_axis',(0.819152044288991,-2.18265950457217E-15,-0.573576436351048));
#9198=DIRECTION('',(-0.573576436351044,1.55257360096084E-15,-0.819152044288993));
#9199=DIRECTION('center_axis',(2.7068294695606E-15,1.,3.49694184825029E-28));
#9200=DIRECTION('ref_axis',(3.88578058618809E-16,-1.38050658450413E-30,
-1.));
#9201=DIRECTION('',(-1.,2.7068294695606E-15,-3.88578058618809E-16));
#9202=DIRECTION('center_axis',(2.7068294695606E-15,1.,3.49694184825029E-28));
#9203=DIRECTION('ref_axis',(-0.819152044288993,2.9102126727629E-15,0.573576436351045));
#9204=DIRECTION('',(0.573576436351044,-1.55257360096084E-15,0.819152044288993));
#9205=DIRECTION('center_axis',(2.7068294695606E-15,1.,3.49694184825029E-28));
#9206=DIRECTION('ref_axis',(-3.88578058618809E-16,1.38050658450411E-30,
1.));
#9207=DIRECTION('',(1.,-2.7068294695606E-15,4.02634389957244E-15));
#9208=DIRECTION('center_axis',(2.7068294695606E-15,1.,3.49694184825029E-28));
#9209=DIRECTION('ref_axis',(0.819152044288991,-2.91021267276289E-15,-0.573576436351048));
#9210=DIRECTION('center_axis',(0.,-1.11022302462516E-15,-1.));
#9211=DIRECTION('ref_axis',(-1.,0.,0.));
#9212=DIRECTION('',(1.,-2.7068294695606E-15,5.55111512312582E-16));
#9213=DIRECTION('center_axis',(0.,1.11022302462516E-15,1.));
#9214=DIRECTION('ref_axis',(1.,0.,0.));
#9215=DIRECTION('',(-1.,2.7068294695606E-15,-5.55111512312582E-16));
#9216=DIRECTION('center_axis',(-1.01259278739718E-13,3.30952067792442E-16,
1.));
#9217=DIRECTION('ref_axis',(1.,0.,1.01252339845814E-13));
#9218=DIRECTION('center_axis',(-1.01259278739718E-13,3.30952067792442E-16,
1.));
#9219=DIRECTION('ref_axis',(1.,1.46708526559784E-17,1.01238462058006E-13));
#9220=DIRECTION('center_axis',(1.58603289232132E-16,-1.,3.30952067792458E-16));
#9221=DIRECTION('ref_axis',(-1.,-1.58603289232165E-16,-1.01268200174737E-13));
#9222=DIRECTION('center_axis',(1.01259278739718E-13,-3.30952067792442E-16,
-1.));
#9223=DIRECTION('ref_axis',(1.,1.46708526559784E-17,1.01259278739718E-13));
#9224=DIRECTION('center_axis',(1.01259278739718E-13,-3.30952067792442E-16,
-1.));
#9225=DIRECTION('ref_axis',(1.,-7.93668449261875E-44,1.01259278739718E-13));
#9226=DIRECTION('center_axis',(1.01259278739718E-13,-3.30952067792442E-16,
-1.));
#9227=DIRECTION('ref_axis',(0.988276032893058,0.152677708946523,1.00021589283019E-13));
#9228=DIRECTION('center_axis',(-1.01259278739718E-13,3.30952067792442E-16,
1.));
#9229=DIRECTION('ref_axis',(1.37862085383937E-7,0.99999999999999,1.29529789495731E-20));
#9230=DIRECTION('',(-1.,4.57111874694118E-43,-1.01259278739718E-13));
#9231=DIRECTION('center_axis',(1.01259278739718E-13,-3.30952067792442E-16,
-1.));
#9232=DIRECTION('ref_axis',(-1.,6.31593542897823E-14,-1.00929365875014E-13));
#9233=DIRECTION('',(1.,-7.93668449261875E-44,1.01259278739718E-13));
#9234=DIRECTION('center_axis',(1.01259278739718E-13,-3.30952067792442E-16,
-1.));
#9235=DIRECTION('ref_axis',(6.31593542897803E-14,1.,6.37465349827282E-27));
#9236=DIRECTION('',(1.89478062869578E-15,-1.,3.30952067792634E-16));
#9237=DIRECTION('',(-0.999999999999991,-1.37861999257554E-7,-1.01259278694091E-13));
#9238=DIRECTION('center_axis',(-1.01259278739718E-13,3.30952067792442E-16,
1.));
#9239=DIRECTION('ref_axis',(1.37862033708102E-7,-0.99999999999999,1.29529740943135E-20));
#9240=DIRECTION('',(0.999999999999991,1.3786208538394E-7,1.01259278694091E-13));
#9241=DIRECTION('',(1.89478062869578E-15,-1.,3.30952067792634E-16));
#9242=DIRECTION('',(-1.,7.93668449261874E-44,-1.01259278739718E-13));
#9243=DIRECTION('center_axis',(-1.01259278739718E-13,3.30952067792442E-16,
1.));
#9244=DIRECTION('ref_axis',(-2.41701394261608E-30,-1.,0.));
#9245=DIRECTION('',(1.,4.05853463431867E-43,1.01259278739718E-13));
#9246=DIRECTION('',(1.89478062869578E-15,-1.,3.30952067792634E-16));
#9247=DIRECTION('center_axis',(1.01259278739718E-13,-3.30952067792442E-16,
-1.));
#9248=DIRECTION('ref_axis',(1.,-6.31593542897823E-14,1.00929365875014E-13));
#9249=DIRECTION('',(-1.,2.7068294695606E-15,-1.01259278739718E-13));
#9250=DIRECTION('center_axis',(1.01259278739718E-13,-3.30952067792442E-16,
-1.));
#9251=DIRECTION('ref_axis',(-3.15796771448921E-14,-1.,-3.18732674913661E-27));
#9252=DIRECTION('',(1.,8.61263922133496E-14,1.01259278739718E-13));
#9253=DIRECTION('center_axis',(-1.01259278739718E-13,3.30952067792442E-16,
1.));
#9254=DIRECTION('ref_axis',(2.58379176640031E-14,1.,2.42762979253293E-27));
#9255=DIRECTION('center_axis',(1.01259278739718E-13,-3.30952067792442E-16,
-1.));
#9256=DIRECTION('ref_axis',(0.597158606068776,0.80212318205996,6.02023854180127E-14));
#9257=DIRECTION('center_axis',(1.01259278739718E-13,-3.30952067792442E-16,
-1.));
#9258=DIRECTION('ref_axis',(0.597158606068776,0.80212318205996,6.02023854180127E-14));
#9259=DIRECTION('center_axis',(-1.01259278739718E-13,3.30952067792442E-16,
1.));
#9260=DIRECTION('ref_axis',(2.58379176640031E-14,1.,2.42762979253293E-27));
#9261=DIRECTION('',(-1.,-8.61263922133422E-14,-1.01259278739718E-13));
#9262=DIRECTION('',(0.999999999999991,-1.37861999257548E-7,1.01259278785343E-13));
#9263=DIRECTION('center_axis',(-1.01259278739718E-13,3.30952067792442E-16,
1.));
#9264=DIRECTION('ref_axis',(1.37862085383937E-7,0.99999999999999,1.29529789495731E-20));
#9265=DIRECTION('center_axis',(1.01259278739718E-13,-3.30952067792442E-16,
-1.));
#9266=DIRECTION('ref_axis',(-0.857492925713861,0.514495755425332,-8.69993886163246E-14));
#9267=DIRECTION('center_axis',(1.01259278739718E-13,-3.30952067792442E-16,
-1.));
#9268=DIRECTION('ref_axis',(0.973044863102673,-0.230615902291016,9.86061438288935E-14));
#9269=DIRECTION('center_axis',(1.01259278739718E-13,-3.30952067792442E-16,
-1.));
#9270=DIRECTION('ref_axis',(-0.980580675692205,0.19611613513176,-9.93577970071474E-14));
#9271=DIRECTION('center_axis',(1.01259278739718E-13,-3.30952067792442E-16,
-1.));
#9272=DIRECTION('ref_axis',(0.766044511223017,-0.642787528523298,7.77818465506785E-14));
#9273=DIRECTION('center_axis',(1.01259278739718E-13,-3.30952067792442E-16,
-1.));
#9274=DIRECTION('ref_axis',(1.,-1.24107025422166E-16,1.01259278739718E-13));
#9275=DIRECTION('center_axis',(1.02140518265514E-13,-2.77555756156289E-16,
-1.));
#9276=DIRECTION('ref_axis',(1.,1.57231816117485E-28,1.02140518265514E-13));
#9277=DIRECTION('center_axis',(1.01259278739718E-13,-3.30952067792442E-16,
-1.));
#9278=DIRECTION('ref_axis',(1.,1.56895653799919E-28,1.00929365875014E-13));
#9279=DIRECTION('',(-1.02140518265514E-13,2.77555756156289E-16,1.));
#9280=DIRECTION('center_axis',(-9.39560642327405E-14,0.,1.));
#9281=DIRECTION('ref_axis',(-0.279542454815828,-0.960133332384383,-2.6217545170602E-14));
#9282=DIRECTION('center_axis',(-9.95291594802712E-14,-1.19101500984933E-15,
1.));
#9283=DIRECTION('ref_axis',(-0.709185698126424,-0.705021734113876,-7.14243479175519E-14));
#9284=DIRECTION('',(9.39560642327405E-14,0.,-1.));
#9285=DIRECTION('center_axis',(1.01259278739718E-13,-3.30952067792442E-16,
-1.));
#9286=DIRECTION('ref_axis',(-0.279542454815828,-0.960133332384383,-2.6217545170602E-14));
#9287=DIRECTION('',(-1.01030295240889E-13,2.77555756156289E-16,1.));
#9288=DIRECTION('center_axis',(-1.01259278739718E-13,3.30952067792442E-16,
1.));
#9289=DIRECTION('ref_axis',(-0.980580675692205,0.196116135131759,-9.94125416907211E-14));
#9290=DIRECTION('center_axis',(0.705021734113872,-0.709185698126427,7.2530024266412E-14));
#9291=DIRECTION('ref_axis',(-1.03620815631681E-13,-7.40148683083438E-16,
1.));
#9292=DIRECTION('center_axis',(-1.01259278739718E-13,3.30952067792442E-16,
1.));
#9293=DIRECTION('ref_axis',(-0.980580675692205,0.19611613513176,-9.93649607039514E-14));
#9294=DIRECTION('center_axis',(0.923553023071792,0.38347074670039,9.13140928389269E-14));
#9295=DIRECTION('ref_axis',(-0.383470746700389,0.923553023071792,-3.92278802034222E-14));
#9296=DIRECTION('center_axis',(-0.970095911397148,0.208586904361715,-0.124118596589446));
#9297=DIRECTION('ref_axis',(-0.242721904018853,-0.833667253518953,0.496069539197509));
#9298=DIRECTION('center_axis',(0.975523406528476,0.21989561913571,9.87080216289348E-14));
#9299=DIRECTION('ref_axis',(0.21989561913571,-0.975523406528476,2.25375158254988E-14));
#9300=DIRECTION('center_axis',(9.39560642327405E-14,0.,-1.));
#9301=DIRECTION('ref_axis',(0.111242861843283,0.993793250977745,1.05715907945976E-14));
#9302=DIRECTION('center_axis',(-9.63617361672237E-14,2.0636594682466E-15,
1.));
#9303=DIRECTION('ref_axis',(0.578181881702455,0.815907906366281,5.40308538650908E-14));
#9304=DIRECTION('',(1.01030295240889E-13,-2.77555756156289E-16,-1.));
#9305=DIRECTION('center_axis',(1.01259278739718E-13,-3.30952067792442E-16,
-1.));
#9306=DIRECTION('ref_axis',(0.111242861843283,0.993793250977745,1.05715907945976E-14));
#9307=DIRECTION('',(-9.39560642327405E-14,0.,1.));
#9308=DIRECTION('center_axis',(-0.995324229128529,0.0837386608048819,0.0481405815949915));
#9309=DIRECTION('ref_axis',(0.09659026301703,0.862893581718264,0.496069539197608));
#9310=DIRECTION('center_axis',(0.815907906366282,-0.578181881702454,8.28095966059926E-14));
#9311=DIRECTION('ref_axis',(0.578181881702454,0.815907906366282,5.82866788590486E-14));
#9312=DIRECTION('center_axis',(-1.01259278739718E-13,3.30952067792442E-16,
1.));
#9313=DIRECTION('ref_axis',(1.,0.,1.01252299846395E-13));
#9314=DIRECTION('center_axis',(-1.01259278739718E-13,3.30952067792442E-16,
1.));
#9315=DIRECTION('ref_axis',(0.766044511223017,-0.642787528523298,7.77948562935015E-14));
#9316=DIRECTION('center_axis',(-1.01259278739718E-13,3.30952067792442E-16,
1.));
#9317=DIRECTION('ref_axis',(1.,0.,1.01252339845814E-13));
#9318=DIRECTION('center_axis',(-1.01259278739718E-13,3.30952067792442E-16,
1.));
#9319=DIRECTION('ref_axis',(1.,-1.24107025422166E-16,1.01238462058006E-13));
#9320=DIRECTION('center_axis',(-3.35149202494483E-29,-1.,3.30952067792442E-16));
#9321=DIRECTION('ref_axis',(-1.,0.,-1.01268200174737E-13));
#9322=DIRECTION('center_axis',(1.02140518265514E-13,0.,-1.));
#9323=DIRECTION('ref_axis',(1.,1.56978898540491E-28,1.02140518265514E-13));
#9324=DIRECTION('center_axis',(1.01259278739718E-13,-3.30952067792442E-16,
-1.));
#9325=DIRECTION('ref_axis',(1.,1.56978898540491E-28,1.00929365875014E-13));
#9326=DIRECTION('',(-1.02140518265514E-13,0.,1.));
#9327=DIRECTION('center_axis',(-9.39560642327405E-14,0.,1.));
#9328=DIRECTION('ref_axis',(-0.574401671257201,-0.818573588663191,-5.37837106309432E-14));
#9329=DIRECTION('center_axis',(-1.01407746235453E-13,2.96100758367612E-16,
1.));
#9330=DIRECTION('ref_axis',(-0.931650201465546,-0.363356439476731,-9.43689570931396E-14));
#9331=DIRECTION('',(9.39560642327405E-14,0.,-1.));
#9332=DIRECTION('center_axis',(1.01259278739718E-13,-3.30952067792442E-16,
-1.));
#9333=DIRECTION('ref_axis',(-0.574401671257201,-0.818573588663191,-5.37837106309432E-14));
#9334=DIRECTION('',(-1.01030295240889E-13,0.,1.));
#9335=DIRECTION('center_axis',(-1.01259278739718E-13,3.30952067792442E-16,
1.));
#9336=DIRECTION('ref_axis',(-0.857492925713861,0.514495755425331,-8.69780438149194E-14));
#9337=DIRECTION('center_axis',(0.363356439476732,-0.931650201465546,3.54997883022537E-14));
#9338=DIRECTION('ref_axis',(-9.76996261670133E-14,0.,1.));
#9339=DIRECTION('center_axis',(-1.01259278739718E-13,3.30952067792442E-16,
1.));
#9340=DIRECTION('ref_axis',(-0.857492925713861,0.514495755425332,-8.70137295549966E-14));
#9341=DIRECTION('center_axis',(0.993035561046282,0.117815001156461,9.99591789358257E-14));
#9342=DIRECTION('ref_axis',(-0.117815001156461,0.993035561046281,-1.22124532708767E-14));
#9343=DIRECTION('center_axis',(-0.870353936219124,0.397035435093637,-0.291284893167983));
#9344=DIRECTION('ref_axis',(-0.49242667038644,-0.701751904463326,0.514840012891597));
#9345=DIRECTION('center_axis',(0.999692054990517,-0.0248152209104841,1.01236309098839E-13));
#9346=DIRECTION('ref_axis',(-0.0248152209104841,-0.999692054990517,-2.22044598610808E-15));
#9347=DIRECTION('center_axis',(9.39560642327405E-14,0.,-1.));
#9348=DIRECTION('ref_axis',(0.451964144694859,0.89203610460017,4.22268802474348E-14));
#9349=DIRECTION('center_axis',(-9.43759160863145E-14,7.28554237999493E-16,
1.));
#9350=DIRECTION('ref_axis',(0.870403473972413,0.492339103156305,8.17864294807197E-14));
#9351=DIRECTION('',(1.01030295240889E-13,0.,-1.));
#9352=DIRECTION('center_axis',(1.01259278739718E-13,-3.30952067792442E-16,
-1.));
#9353=DIRECTION('ref_axis',(0.451964144694859,0.89203610460017,4.22268802474348E-14));
#9354=DIRECTION('',(-9.39560642327405E-14,0.,1.));
#9355=DIRECTION('center_axis',(-0.921885398433337,0.321411360197762,0.216384032893445));
#9356=DIRECTION('ref_axis',(0.387462659046529,0.764730311266803,0.514840012891745));
#9357=DIRECTION('center_axis',(0.492339103156305,-0.870403473972413,5.0141964310492E-14));
#9358=DIRECTION('ref_axis',(0.870403473972413,0.492339103156305,8.79296610498801E-14));
#9359=DIRECTION('center_axis',(-1.01259278739718E-13,3.30952067792442E-16,
1.));
#9360=DIRECTION('ref_axis',(1.,0.,1.01252337630979E-13));
#9361=DIRECTION('center_axis',(-1.01259278739718E-13,3.30952067792442E-16,
1.));
#9362=DIRECTION('ref_axis',(0.973044863102674,-0.230615902291016,9.85719402534131E-14));
#9363=DIRECTION('center_axis',(1.02140518265514E-13,0.,-1.));
#9364=DIRECTION('ref_axis',(1.,1.56978898540491E-28,1.02140518265514E-13));
#9365=DIRECTION('center_axis',(-1.01259278739718E-13,3.30952067792442E-16,
1.));
#9366=DIRECTION('ref_axis',(1.,1.56978898540491E-28,1.00929365875014E-13));
#9367=DIRECTION('',(-1.02140518265514E-13,0.,1.));
#9368=DIRECTION('center_axis',(1.01259278739718E-13,-3.30952067792581E-16,
-1.));
#9369=DIRECTION('ref_axis',(1.,1.56978898540491E-28,1.01855323360106E-13));
#9370=DIRECTION('center_axis',(1.01259278739718E-13,-3.30952067792442E-16,
-1.));
#9371=DIRECTION('ref_axis',(-1.,0.,-1.01259278739718E-13));
#9372=DIRECTION('center_axis',(1.01259278739718E-13,-3.30952067792442E-16,
-1.));
#9373=DIRECTION('ref_axis',(-1.,0.,-1.01259278739718E-13));
#9374=DIRECTION('center_axis',(1.01259278739718E-13,-3.30952067792442E-16,
-1.));
#9375=DIRECTION('ref_axis',(1.,-7.93668449261875E-44,9.39560642327405E-14));
#9376=DIRECTION('center_axis',(1.01259278739718E-13,-3.30952067792442E-16,
-1.));
#9377=DIRECTION('ref_axis',(1.,1.56978898540491E-28,1.00929365875014E-13));
#9378=DIRECTION('center_axis',(1.01259278739718E-13,-3.30952067792442E-16,
-1.));
#9379=DIRECTION('ref_axis',(1.,-7.93668449261875E-44,9.39560642327405E-14));
#9380=DIRECTION('center_axis',(-1.01259278739718E-13,3.30952067792442E-16,
1.));
#9381=DIRECTION('ref_axis',(1.,1.56978898540491E-28,1.00929365875014E-13));
#9382=DIRECTION('center_axis',(1.01030295240889E-13,0.,-1.));
#9383=DIRECTION('ref_axis',(1.,1.56978898540491E-28,1.01030295240889E-13));
#9384=DIRECTION('',(-1.01030295240889E-13,0.,1.));
#9385=DIRECTION('center_axis',(1.01259278739718E-13,-3.30952067792581E-16,
-1.));
#9386=DIRECTION('ref_axis',(1.,1.56978898540491E-28,1.01265797094598E-13));
#9387=DIRECTION('center_axis',(1.01030295240889E-13,0.,-1.));
#9388=DIRECTION('ref_axis',(-0.857492925713862,0.514495755425331,-8.66327634518454E-14));
#9389=DIRECTION('center_axis',(1.02140518265514E-13,-2.77555756156289E-16,
-1.));
#9390=DIRECTION('ref_axis',(1.,1.57231816117485E-28,1.02140518265514E-13));
#9391=DIRECTION('center_axis',(-1.01259278739718E-13,3.30952067792442E-16,
1.));
#9392=DIRECTION('ref_axis',(1.,1.56895653799919E-28,1.00929365875014E-13));
#9393=DIRECTION('',(-1.02140518265514E-13,2.77555756156289E-16,1.));
#9394=DIRECTION('center_axis',(1.01259278739718E-13,-3.30952067792581E-16,
-1.));
#9395=DIRECTION('ref_axis',(1.,1.57151125508288E-28,1.01855323360106E-13));
#9396=DIRECTION('center_axis',(1.01259278739718E-13,-3.30952067792442E-16,
-1.));
#9397=DIRECTION('ref_axis',(-1.,0.,-1.01259278739718E-13));
#9398=DIRECTION('center_axis',(1.01259278739718E-13,-3.30952067792442E-16,
-1.));
#9399=DIRECTION('ref_axis',(-1.,0.,-1.01259278739718E-13));
#9400=DIRECTION('center_axis',(1.01259278739718E-13,-3.30952067792442E-16,
-1.));
#9401=DIRECTION('ref_axis',(1.,-7.93668449261875E-44,9.39560642327405E-14));
#9402=DIRECTION('center_axis',(1.01259278739718E-13,-3.30952067792442E-16,
-1.));
#9403=DIRECTION('ref_axis',(1.,1.56895653799919E-28,1.00929365875014E-13));
#9404=DIRECTION('center_axis',(1.01259278739718E-13,-3.30952067792442E-16,
-1.));
#9405=DIRECTION('ref_axis',(1.,-7.93668449261875E-44,9.39560642327405E-14));
#9406=DIRECTION('center_axis',(-1.01259278739718E-13,3.30952067792442E-16,
1.));
#9407=DIRECTION('ref_axis',(1.,1.56895653799919E-28,1.00929365875014E-13));
#9408=DIRECTION('center_axis',(1.01259278739718E-13,-3.30952067792442E-16,
-1.));
#9409=DIRECTION('ref_axis',(-1.,0.,-1.01259278739718E-13));
#9410=DIRECTION('center_axis',(-1.01259278739718E-13,3.30952067792442E-16,
1.));
#9411=DIRECTION('ref_axis',(-1.,-1.57031112641205E-28,-1.01400369582431E-13));
#9412=DIRECTION('center_axis',(1.01259278739718E-13,-3.30952067792442E-16,
-1.));
#9413=DIRECTION('ref_axis',(1.,1.56895653799919E-28,1.00929365875014E-13));
#9414=DIRECTION('center_axis',(1.01030295240889E-13,-2.77555756156289E-16,
-1.));
#9415=DIRECTION('ref_axis',(-0.980580675692205,0.19611613513176,-9.91227883348751E-14));
#9416=DIRECTION('center_axis',(1.01030295240889E-13,-2.77555756156289E-16,
-1.));
#9417=DIRECTION('ref_axis',(1.,1.56923667326383E-28,1.01030295240889E-13));
#9418=DIRECTION('',(-1.01030295240889E-13,2.77555756156289E-16,1.));
#9419=DIRECTION('center_axis',(1.01259278739718E-13,-3.30952067792581E-16,
-1.));
#9420=DIRECTION('ref_axis',(1.,1.56981091518573E-28,1.01265797094598E-13));
#9421=DIRECTION('center_axis',(1.01030295240889E-13,-2.77555756156289E-16,
-1.));
#9422=DIRECTION('ref_axis',(1.,1.56923667326383E-28,1.01030295240889E-13));
#9423=DIRECTION('',(-1.01030295240889E-13,2.77555756156289E-16,1.));
#9424=DIRECTION('',(1.01030295240889E-13,-2.77555756156289E-16,-1.));
#9425=DIRECTION('center_axis',(-1.01259278739718E-13,3.30952082655125E-16,
1.));
#9426=DIRECTION('ref_axis',(1.,1.56923667326383E-28,1.01030295240889E-13));
#9427=DIRECTION('center_axis',(1.01259278739718E-13,-3.30952082655125E-16,
-1.));
#9428=DIRECTION('ref_axis',(-1.,-1.5697889854049E-28,-1.01259278739718E-13));
#9429=DIRECTION('center_axis',(-1.01259278739718E-13,3.30952082655125E-16,
1.));
#9430=DIRECTION('ref_axis',(-1.,-1.5697889854049E-28,-1.01259278739718E-13));
#9431=DIRECTION('center_axis',(-1.01259278739718E-13,3.30952082655125E-16,
1.));
#9432=DIRECTION('ref_axis',(-1.,-1.5697889854049E-28,-1.01259278739718E-13));
#9433=DIRECTION('center_axis',(-1.01347004630354E-13,0.,1.));
#9434=DIRECTION('ref_axis',(-1.,-1.56978897035506E-28,-1.01347004630354E-13));
#9435=DIRECTION('center_axis',(1.01259278739718E-13,-3.30952067792442E-16,
-1.));
#9436=DIRECTION('ref_axis',(-1.,-1.56978897035506E-28,-1.01347004630354E-13));
#9437=DIRECTION('',(1.01347004630354E-13,0.,-1.));
#9438=DIRECTION('center_axis',(-1.01259278739718E-13,3.30952067792442E-16,
1.));
#9439=DIRECTION('ref_axis',(-1.,-1.56978897035506E-28,-1.01259278739718E-13));
#9440=DIRECTION('center_axis',(-1.01347004630354E-13,0.,1.));
#9441=DIRECTION('ref_axis',(-1.,-1.56978897035506E-28,-1.01347004630354E-13));
#9442=DIRECTION('center_axis',(1.01259278739718E-13,-3.30952067792442E-16,
-1.));
#9443=DIRECTION('ref_axis',(-1.,-1.56978897035506E-28,-1.01347004630354E-13));
#9444=DIRECTION('',(1.01347004630354E-13,0.,-1.));
#9445=DIRECTION('center_axis',(-1.01259278739718E-13,3.30952067792442E-16,
1.));
#9446=DIRECTION('ref_axis',(-1.,-1.56978897035506E-28,-1.01259278739718E-13));
#9447=DIRECTION('center_axis',(-1.01347004630354E-13,3.30630681314685E-16,
1.));
#9448=DIRECTION('ref_axis',(-1.,-1.57007901906496E-28,-1.01347004630354E-13));
#9449=DIRECTION('center_axis',(1.01259278739718E-13,-3.30952067792442E-16,
-1.));
#9450=DIRECTION('ref_axis',(-1.,-1.57007901906496E-28,-1.01347004630354E-13));
#9451=DIRECTION('',(1.01347004630354E-13,-3.30630681314685E-16,-1.));
#9452=DIRECTION('center_axis',(-1.01259278739718E-13,3.30952067792442E-16,
1.));
#9453=DIRECTION('ref_axis',(-1.,-1.56978897035506E-28,-1.01259278739718E-13));
#9454=DIRECTION('center_axis',(-1.01347004630354E-13,3.30630681314685E-16,
1.));
#9455=DIRECTION('ref_axis',(-1.,-1.57007901906496E-28,-1.01347004630354E-13));
#9456=DIRECTION('center_axis',(1.01259278739718E-13,-3.30952067792442E-16,
-1.));
#9457=DIRECTION('ref_axis',(-1.,-1.57007901906496E-28,-1.01347004630354E-13));
#9458=DIRECTION('',(1.01347004630354E-13,-3.30630681314685E-16,-1.));
#9459=DIRECTION('center_axis',(-1.01259278739718E-13,3.30952067792442E-16,
1.));
#9460=DIRECTION('ref_axis',(-1.,-1.56978897035506E-28,-1.01259278739718E-13));
#9461=DIRECTION('center_axis',(-1.01347004630354E-13,3.30630681314685E-16,
1.));
#9462=DIRECTION('ref_axis',(-1.,-1.57007901906496E-28,-1.01347004630354E-13));
#9463=DIRECTION('center_axis',(-1.01259278739718E-13,3.30952067792442E-16,
1.));
#9464=DIRECTION('ref_axis',(-1.,-1.57007901906496E-28,-1.01347004630354E-13));
#9465=DIRECTION('',(-1.01347004630354E-13,3.30630681314685E-16,1.));
#9466=DIRECTION('center_axis',(1.01259278739718E-13,-3.30952067792442E-16,
-1.));
#9467=DIRECTION('ref_axis',(-1.,-1.56978897035506E-28,-1.01259278739718E-13));
#9468=DIRECTION('',(1.01347004630354E-13,-3.30630681314685E-16,-1.));
#9469=DIRECTION('center_axis',(1.01259278739718E-13,-3.30952067792442E-16,
-1.));
#9470=DIRECTION('ref_axis',(1.,-7.93668449261875E-44,1.01259278739718E-13));
#9471=DIRECTION('center_axis',(1.01259278739718E-13,-3.30952067792442E-16,
-1.));
#9472=DIRECTION('ref_axis',(1.,-7.93668449261875E-44,9.39560642327405E-14));
#9473=DIRECTION('center_axis',(-1.01400369582431E-13,0.,1.));
#9474=DIRECTION('ref_axis',(-1.,-1.5697889854049E-28,-1.01400369582431E-13));
#9475=DIRECTION('center_axis',(-1.01259278739718E-13,3.30952067792442E-16,
1.));
#9476=DIRECTION('ref_axis',(-1.,-1.5697889854049E-28,-1.01400369582431E-13));
#9477=DIRECTION('',(-1.01400369582431E-13,0.,1.));
#9478=DIRECTION('center_axis',(-1.01259278739718E-13,3.30952082655125E-16,
1.));
#9479=DIRECTION('ref_axis',(-1.,-1.5697889854049E-28,-1.01259278739718E-13));
#9480=DIRECTION('center_axis',(1.01259278739718E-13,-3.30952082655125E-16,
-1.));
#9481=DIRECTION('ref_axis',(-1.,-1.5697889854049E-28,-1.01259278739718E-13));
#9482=DIRECTION('center_axis',(-1.01400369582431E-13,3.70074341541719E-16,
1.));
#9483=DIRECTION('ref_axis',(-1.,-1.57031112641205E-28,-1.01400369582431E-13));
#9484=DIRECTION('center_axis',(-1.01259278739718E-13,3.30952067792442E-16,
1.));
#9485=DIRECTION('ref_axis',(-1.,-1.57031112641205E-28,-1.01400369582431E-13));
#9486=DIRECTION('',(-1.01400369582431E-13,3.70074341541719E-16,1.));
#9487=DIRECTION('center_axis',(-1.00660220899348E-13,0.,1.));
#9488=DIRECTION('ref_axis',(-1.,-1.5697889854049E-28,-1.00660220899348E-13));
#9489=DIRECTION('center_axis',(-1.01259278739718E-13,3.30952067792442E-16,
1.));
#9490=DIRECTION('ref_axis',(-1.,-1.5697889854049E-28,-1.00660220899348E-13));
#9491=DIRECTION('',(-1.00660220899348E-13,0.,1.));
#9492=DIRECTION('center_axis',(-1.01259278739718E-13,3.30952082655125E-16,
1.));
#9493=DIRECTION('ref_axis',(-1.,-1.5697889854049E-28,-1.01259278739718E-13));
#9494=DIRECTION('center_axis',(1.01259278739718E-13,-3.30952082655125E-16,
-1.));
#9495=DIRECTION('ref_axis',(-1.,-1.5697889854049E-28,-1.01259278739718E-13));
#9496=DIRECTION('center_axis',(-1.00660220899348E-13,3.70074341541719E-16,
1.));
#9497=DIRECTION('ref_axis',(-1.,-1.5675720260467E-28,-1.00660220899348E-13));
#9498=DIRECTION('center_axis',(-1.01259278739718E-13,3.30952067792442E-16,
1.));
#9499=DIRECTION('ref_axis',(-1.,-1.5675720260467E-28,-1.00660220899348E-13));
#9500=DIRECTION('',(-1.00660220899348E-13,3.70074341541719E-16,1.));
#9501=DIRECTION('center_axis',(-1.01259278739718E-13,3.30952082655125E-16,
1.));
#9502=DIRECTION('ref_axis',(-1.,-1.5697889854049E-28,-1.01259278739718E-13));
#9503=DIRECTION('center_axis',(1.01259278739718E-13,-3.30952082655125E-16,
-1.));
#9504=DIRECTION('ref_axis',(-1.,-1.5697889854049E-28,-1.01259278739718E-13));
#9505=DIRECTION('center_axis',(-0.819152044288993,2.9102126727629E-15,0.573576436351044));
#9506=DIRECTION('ref_axis',(-0.573576436351044,1.55257358878605E-15,-0.819152044288993));
#9507=DIRECTION('',(-0.573576436351044,1.55257360096078E-15,-0.819152044288993));
#9508=DIRECTION('',(-3.5527136788005E-15,-1.,0.));
#9509=DIRECTION('',(-3.5527136788005E-15,-1.,0.));
#9510=DIRECTION('center_axis',(-3.5527136788005E-15,-1.,0.));
#9511=DIRECTION('ref_axis',(-0.819152044288993,2.9102126727629E-15,0.573576436351045));
#9512=DIRECTION('center_axis',(-2.7068294695606E-15,-1.,-2.73198581894552E-28));
#9513=DIRECTION('ref_axis',(-0.819152044288993,2.9102126727629E-15,0.573576436351045));
#9514=DIRECTION('',(-3.5527136788005E-15,-1.,0.));
#9515=DIRECTION('center_axis',(3.88578058618809E-16,-1.38050658413679E-30,
-1.));
#9516=DIRECTION('ref_axis',(1.,-2.7068294695606E-15,3.88578058618809E-16));
#9517=DIRECTION('',(1.,-2.7068294695606E-15,3.88578058618809E-16));
#9518=DIRECTION('',(-3.5527136788005E-15,-1.,0.));
#9519=DIRECTION('center_axis',(-3.5527136788005E-15,-1.,0.));
#9520=DIRECTION('ref_axis',(3.88578058618809E-16,-1.38050658450413E-30,
-1.));
#9521=DIRECTION('center_axis',(-2.7068294695606E-15,-1.,-2.73198581894552E-28));
#9522=DIRECTION('ref_axis',(3.88578058618809E-16,-1.38050658450413E-30,
-1.));
#9523=DIRECTION('',(-3.5527136788005E-15,-1.,0.));
#9524=DIRECTION('center_axis',(0.819152044288993,-2.9102126727629E-15,-0.573576436351044));
#9525=DIRECTION('ref_axis',(0.573576436351044,-1.55257358878605E-15,0.819152044288993));
#9526=DIRECTION('',(0.573576436351044,-1.55257360096078E-15,0.819152044288993));
#9527=DIRECTION('',(3.5527136788005E-15,1.,0.));
#9528=DIRECTION('center_axis',(-3.5527136788005E-15,-1.,0.));
#9529=DIRECTION('ref_axis',(-3.88578058618809E-16,1.38050658450411E-30,
1.));
#9530=DIRECTION('center_axis',(-2.7068294695606E-15,-1.,-2.73198581894552E-28));
#9531=DIRECTION('ref_axis',(-3.88578058618809E-16,1.38050658450411E-30,
1.));
#9532=DIRECTION('',(-3.5527136788005E-15,-1.,0.));
#9533=DIRECTION('center_axis',(-4.02634389957244E-15,1.4304447047566E-29,
1.));
#9534=DIRECTION('ref_axis',(-1.,2.7068294695606E-15,-4.02634389957244E-15));
#9535=DIRECTION('',(-1.,2.7068294695606E-15,-4.02634389957244E-15));
#9536=DIRECTION('',(-3.5527136788005E-15,-1.,0.));
#9537=DIRECTION('center_axis',(-3.5527136788005E-15,-1.,0.));
#9538=DIRECTION('ref_axis',(0.819152044288991,-2.91021267276289E-15,-0.573576436351048));
#9539=DIRECTION('center_axis',(-2.7068294695606E-15,-1.,-2.73198581894552E-28));
#9540=DIRECTION('ref_axis',(0.819152044288991,-2.91021267276289E-15,-0.573576436351048));
#9541=DIRECTION('center_axis',(-0.819152044288993,2.18265950457218E-15,
0.573576436351044));
#9542=DIRECTION('ref_axis',(-0.573576436351044,1.55257358878605E-15,-0.819152044288993));
#9543=DIRECTION('',(-0.573576436351044,1.55257360096078E-15,-0.819152044288993));
#9544=DIRECTION('',(-2.66453525910038E-15,-1.,0.));
#9545=DIRECTION('',(-2.66453525910038E-15,-1.,0.));
#9546=DIRECTION('center_axis',(-2.66453525910038E-15,-1.,0.));
#9547=DIRECTION('ref_axis',(-0.819152044288993,2.18265950457217E-15,0.573576436351045));
#9548=DIRECTION('center_axis',(-2.7068294695606E-15,-1.,-2.73198581894552E-28));
#9549=DIRECTION('ref_axis',(-0.819152044288993,2.18265950457217E-15,0.573576436351045));
#9550=DIRECTION('',(-2.66453525910038E-15,-1.,0.));
#9551=DIRECTION('center_axis',(3.88578058618809E-16,-1.03537993810259E-30,
-1.));
#9552=DIRECTION('ref_axis',(1.,-2.7068294695606E-15,3.88578058618809E-16));
#9553=DIRECTION('',(1.,-2.7068294695606E-15,3.88578058618809E-16));
#9554=DIRECTION('',(-2.66453525910038E-15,-1.,0.));
#9555=DIRECTION('center_axis',(-2.66453525910038E-15,-1.,0.));
#9556=DIRECTION('ref_axis',(3.88578058618809E-16,-1.03537993883727E-30,
-1.));
#9557=DIRECTION('center_axis',(-2.7068294695606E-15,-1.,-2.73198581894552E-28));
#9558=DIRECTION('ref_axis',(3.88578058618809E-16,-1.03537993883727E-30,
-1.));
#9559=DIRECTION('',(-2.66453525910038E-15,-1.,0.));
#9560=DIRECTION('center_axis',(0.819152044288993,-2.18265950457218E-15,
-0.573576436351044));
#9561=DIRECTION('ref_axis',(0.573576436351044,-1.55257358878605E-15,0.819152044288993));
#9562=DIRECTION('',(0.573576436351044,-1.55257360096078E-15,0.819152044288993));
#9563=DIRECTION('',(2.66453525910038E-15,1.,0.));
#9564=DIRECTION('center_axis',(-2.66453525910038E-15,-1.,0.));
#9565=DIRECTION('ref_axis',(-3.88578058618809E-16,1.03537993883726E-30,
1.));
#9566=DIRECTION('center_axis',(-2.7068294695606E-15,-1.,-2.73198581894552E-28));
#9567=DIRECTION('ref_axis',(-3.88578058618809E-16,1.03537993883726E-30,
1.));
#9568=DIRECTION('',(-2.66453525910038E-15,-1.,0.));
#9569=DIRECTION('center_axis',(-4.02634389957244E-15,1.07283352856745E-29,
1.));
#9570=DIRECTION('ref_axis',(-1.,2.7068294695606E-15,-4.02634389957244E-15));
#9571=DIRECTION('',(-1.,2.7068294695606E-15,-4.02634389957244E-15));
#9572=DIRECTION('',(-2.66453525910038E-15,-1.,0.));
#9573=DIRECTION('center_axis',(-2.66453525910038E-15,-1.,0.));
#9574=DIRECTION('ref_axis',(0.819152044288991,-2.18265950457217E-15,-0.573576436351048));
#9575=DIRECTION('center_axis',(-2.7068294695606E-15,-1.,-2.73198581894552E-28));
#9576=DIRECTION('ref_axis',(0.819152044288991,-2.18265950457217E-15,-0.573576436351048));
#9577=DIRECTION('center_axis',(-0.819152044288993,2.18265950457218E-15,
0.573576436351044));
#9578=DIRECTION('ref_axis',(-0.573576436351044,1.55257358878605E-15,-0.819152044288993));
#9579=DIRECTION('',(-0.573576436351044,1.55257360096078E-15,-0.819152044288993));
#9580=DIRECTION('',(-2.66453525910038E-15,-1.,0.));
#9581=DIRECTION('',(-2.66453525910038E-15,-1.,0.));
#9582=DIRECTION('center_axis',(-2.66453525910038E-15,-1.,0.));
#9583=DIRECTION('ref_axis',(-0.819152044288993,2.18265950457217E-15,0.573576436351045));
#9584=DIRECTION('center_axis',(-2.7068294695606E-15,-1.,-2.73198581894552E-28));
#9585=DIRECTION('ref_axis',(-0.819152044288993,2.18265950457217E-15,0.573576436351045));
#9586=DIRECTION('',(-2.66453525910038E-15,-1.,0.));
#9587=DIRECTION('center_axis',(3.88578058618809E-16,-1.03537993810259E-30,
-1.));
#9588=DIRECTION('ref_axis',(1.,-2.7068294695606E-15,3.88578058618809E-16));
#9589=DIRECTION('',(1.,-2.7068294695606E-15,3.88578058618809E-16));
#9590=DIRECTION('',(-2.66453525910038E-15,-1.,0.));
#9591=DIRECTION('center_axis',(-2.66453525910038E-15,-1.,0.));
#9592=DIRECTION('ref_axis',(3.88578058618809E-16,-1.03537993883727E-30,
-1.));
#9593=DIRECTION('center_axis',(-2.7068294695606E-15,-1.,-2.73198581894552E-28));
#9594=DIRECTION('ref_axis',(3.88578058618809E-16,-1.03537993883727E-30,
-1.));
#9595=DIRECTION('',(-2.66453525910038E-15,-1.,0.));
#9596=DIRECTION('center_axis',(0.819152044288993,-2.18265950457218E-15,
-0.573576436351044));
#9597=DIRECTION('ref_axis',(0.573576436351044,-1.55257358878605E-15,0.819152044288993));
#9598=DIRECTION('',(0.573576436351044,-1.55257360096078E-15,0.819152044288993));
#9599=DIRECTION('',(2.66453525910038E-15,1.,0.));
#9600=DIRECTION('center_axis',(-2.66453525910038E-15,-1.,0.));
#9601=DIRECTION('ref_axis',(-3.88578058618809E-16,1.03537993883726E-30,
1.));
#9602=DIRECTION('center_axis',(-2.7068294695606E-15,-1.,-2.73198581894552E-28));
#9603=DIRECTION('ref_axis',(-3.88578058618809E-16,1.03537993883726E-30,
1.));
#9604=DIRECTION('',(-2.66453525910038E-15,-1.,0.));
#9605=DIRECTION('center_axis',(-4.02634389957244E-15,1.07283352856745E-29,
1.));
#9606=DIRECTION('ref_axis',(-1.,2.7068294695606E-15,-4.02634389957244E-15));
#9607=DIRECTION('',(-1.,2.7068294695606E-15,-4.02634389957244E-15));
#9608=DIRECTION('',(-2.66453525910038E-15,-1.,0.));
#9609=DIRECTION('center_axis',(-2.66453525910038E-15,-1.,0.));
#9610=DIRECTION('ref_axis',(0.819152044288991,-2.18265950457217E-15,-0.573576436351048));
#9611=DIRECTION('center_axis',(-2.7068294695606E-15,-1.,-2.73198581894552E-28));
#9612=DIRECTION('ref_axis',(0.819152044288991,-2.18265950457217E-15,-0.573576436351048));
#9613=DIRECTION('center_axis',(-0.819152044288993,2.18265950457218E-15,
0.573576436351044));
#9614=DIRECTION('ref_axis',(-0.573576436351044,1.55257358878605E-15,-0.819152044288993));
#9615=DIRECTION('',(-0.573576436351044,1.55257360096078E-15,-0.819152044288993));
#9616=DIRECTION('',(-2.66453525910038E-15,-1.,0.));
#9617=DIRECTION('',(-2.66453525910038E-15,-1.,0.));
#9618=DIRECTION('center_axis',(-2.66453525910038E-15,-1.,0.));
#9619=DIRECTION('ref_axis',(-0.819152044288993,2.18265950457217E-15,0.573576436351045));
#9620=DIRECTION('center_axis',(-2.7068294695606E-15,-1.,-2.73198581894552E-28));
#9621=DIRECTION('ref_axis',(-0.819152044288993,2.18265950457217E-15,0.573576436351045));
#9622=DIRECTION('',(-2.66453525910038E-15,-1.,0.));
#9623=DIRECTION('center_axis',(3.88578058618809E-16,-1.03537993810259E-30,
-1.));
#9624=DIRECTION('ref_axis',(1.,-2.7068294695606E-15,3.88578058618809E-16));
#9625=DIRECTION('',(1.,-2.7068294695606E-15,3.88578058618809E-16));
#9626=DIRECTION('',(-2.66453525910038E-15,-1.,0.));
#9627=DIRECTION('center_axis',(-2.66453525910038E-15,-1.,0.));
#9628=DIRECTION('ref_axis',(3.88578058618809E-16,-1.03537993883727E-30,
-1.));
#9629=DIRECTION('center_axis',(-2.7068294695606E-15,-1.,-2.73198581894552E-28));
#9630=DIRECTION('ref_axis',(3.88578058618809E-16,-1.03537993883727E-30,
-1.));
#9631=DIRECTION('',(-2.66453525910038E-15,-1.,0.));
#9632=DIRECTION('center_axis',(0.819152044288993,-2.18265950457218E-15,
-0.573576436351044));
#9633=DIRECTION('ref_axis',(0.573576436351044,-1.55257358878605E-15,0.819152044288993));
#9634=DIRECTION('',(0.573576436351044,-1.55257360096078E-15,0.819152044288993));
#9635=DIRECTION('',(2.66453525910038E-15,1.,0.));
#9636=DIRECTION('center_axis',(-2.66453525910038E-15,-1.,0.));
#9637=DIRECTION('ref_axis',(-3.88578058618809E-16,1.03537993883726E-30,
1.));
#9638=DIRECTION('center_axis',(-2.7068294695606E-15,-1.,-2.73198581894552E-28));
#9639=DIRECTION('ref_axis',(-3.88578058618809E-16,1.03537993883726E-30,
1.));
#9640=DIRECTION('',(-2.66453525910038E-15,-1.,0.));
#9641=DIRECTION('center_axis',(-4.02634389957244E-15,1.07283352856745E-29,
1.));
#9642=DIRECTION('ref_axis',(-1.,2.7068294695606E-15,-4.02634389957244E-15));
#9643=DIRECTION('',(-1.,2.7068294695606E-15,-4.02634389957244E-15));
#9644=DIRECTION('',(-2.66453525910038E-15,-1.,0.));
#9645=DIRECTION('center_axis',(-2.66453525910038E-15,-1.,0.));
#9646=DIRECTION('ref_axis',(0.819152044288991,-2.18265950457217E-15,-0.573576436351048));
#9647=DIRECTION('center_axis',(-2.7068294695606E-15,-1.,-2.73198581894552E-28));
#9648=DIRECTION('ref_axis',(0.819152044288991,-2.18265950457217E-15,-0.573576436351048));
#9649=DIRECTION('center_axis',(-0.819152044288993,2.18265950457218E-15,
0.573576436351044));
#9650=DIRECTION('ref_axis',(-0.573576436351044,1.55257358878605E-15,-0.819152044288993));
#9651=DIRECTION('',(-0.573576436351044,1.55257360096078E-15,-0.819152044288993));
#9652=DIRECTION('',(-2.66453525910038E-15,-1.,0.));
#9653=DIRECTION('',(-2.66453525910038E-15,-1.,0.));
#9654=DIRECTION('center_axis',(-2.66453525910038E-15,-1.,0.));
#9655=DIRECTION('ref_axis',(-0.819152044288993,2.18265950457217E-15,0.573576436351045));
#9656=DIRECTION('center_axis',(-2.7068294695606E-15,-1.,-2.73198581894552E-28));
#9657=DIRECTION('ref_axis',(-0.819152044288993,2.18265950457217E-15,0.573576436351045));
#9658=DIRECTION('',(-2.66453525910038E-15,-1.,0.));
#9659=DIRECTION('center_axis',(3.88578058618809E-16,-1.03537993810259E-30,
-1.));
#9660=DIRECTION('ref_axis',(1.,-2.7068294695606E-15,3.88578058618809E-16));
#9661=DIRECTION('',(1.,-2.7068294695606E-15,3.88578058618809E-16));
#9662=DIRECTION('',(-2.66453525910038E-15,-1.,0.));
#9663=DIRECTION('center_axis',(-2.66453525910038E-15,-1.,0.));
#9664=DIRECTION('ref_axis',(3.88578058618809E-16,-1.03537993883727E-30,
-1.));
#9665=DIRECTION('center_axis',(-2.7068294695606E-15,-1.,-2.73198581894552E-28));
#9666=DIRECTION('ref_axis',(3.88578058618809E-16,-1.03537993883727E-30,
-1.));
#9667=DIRECTION('',(-2.66453525910038E-15,-1.,0.));
#9668=DIRECTION('center_axis',(0.819152044288993,-2.18265950457218E-15,
-0.573576436351044));
#9669=DIRECTION('ref_axis',(0.573576436351044,-1.55257358878605E-15,0.819152044288993));
#9670=DIRECTION('',(0.573576436351044,-1.55257360096078E-15,0.819152044288993));
#9671=DIRECTION('',(2.66453525910038E-15,1.,0.));
#9672=DIRECTION('center_axis',(-2.66453525910038E-15,-1.,0.));
#9673=DIRECTION('ref_axis',(-3.88578058618809E-16,1.03537993883726E-30,
1.));
#9674=DIRECTION('center_axis',(-2.7068294695606E-15,-1.,-2.73198581894552E-28));
#9675=DIRECTION('ref_axis',(-3.88578058618809E-16,1.03537993883726E-30,
1.));
#9676=DIRECTION('',(-2.66453525910038E-15,-1.,0.));
#9677=DIRECTION('center_axis',(-4.02634389957244E-15,1.07283352856745E-29,
1.));
#9678=DIRECTION('ref_axis',(-1.,2.7068294695606E-15,-4.02634389957244E-15));
#9679=DIRECTION('',(-1.,2.7068294695606E-15,-4.02634389957244E-15));
#9680=DIRECTION('',(-2.66453525910038E-15,-1.,0.));
#9681=DIRECTION('center_axis',(-2.66453525910038E-15,-1.,0.));
#9682=DIRECTION('ref_axis',(0.819152044288991,-2.18265950457217E-15,-0.573576436351048));
#9683=DIRECTION('center_axis',(-2.7068294695606E-15,-1.,-2.73198581894552E-28));
#9684=DIRECTION('ref_axis',(0.819152044288991,-2.18265950457217E-15,-0.573576436351048));
#9685=DIRECTION('center_axis',(-0.819152044288993,2.9102126727629E-15,0.573576436351044));
#9686=DIRECTION('ref_axis',(-0.573576436351044,1.55257358878605E-15,-0.819152044288993));
#9687=DIRECTION('',(-0.573576436351044,1.55257360096078E-15,-0.819152044288993));
#9688=DIRECTION('',(-3.5527136788005E-15,-1.,0.));
#9689=DIRECTION('',(-3.5527136788005E-15,-1.,0.));
#9690=DIRECTION('center_axis',(-3.5527136788005E-15,-1.,0.));
#9691=DIRECTION('ref_axis',(-0.819152044288993,2.9102126727629E-15,0.573576436351045));
#9692=DIRECTION('center_axis',(-2.7068294695606E-15,-1.,-2.73198581894552E-28));
#9693=DIRECTION('ref_axis',(-0.819152044288993,2.9102126727629E-15,0.573576436351045));
#9694=DIRECTION('',(-3.5527136788005E-15,-1.,0.));
#9695=DIRECTION('center_axis',(3.88578058618809E-16,-1.38050658413679E-30,
-1.));
#9696=DIRECTION('ref_axis',(1.,-2.7068294695606E-15,3.88578058618809E-16));
#9697=DIRECTION('',(1.,-2.7068294695606E-15,3.88578058618809E-16));
#9698=DIRECTION('',(-3.5527136788005E-15,-1.,0.));
#9699=DIRECTION('center_axis',(-3.5527136788005E-15,-1.,0.));
#9700=DIRECTION('ref_axis',(3.88578058618809E-16,-1.38050658450413E-30,
-1.));
#9701=DIRECTION('center_axis',(-2.7068294695606E-15,-1.,-2.73198581894552E-28));
#9702=DIRECTION('ref_axis',(3.88578058618809E-16,-1.38050658450413E-30,
-1.));
#9703=DIRECTION('',(-3.5527136788005E-15,-1.,0.));
#9704=DIRECTION('center_axis',(0.819152044288993,-2.9102126727629E-15,-0.573576436351044));
#9705=DIRECTION('ref_axis',(0.573576436351044,-1.55257358878605E-15,0.819152044288993));
#9706=DIRECTION('',(0.573576436351044,-1.55257360096078E-15,0.819152044288993));
#9707=DIRECTION('',(3.5527136788005E-15,1.,0.));
#9708=DIRECTION('center_axis',(-3.5527136788005E-15,-1.,0.));
#9709=DIRECTION('ref_axis',(-3.88578058618809E-16,1.38050658450411E-30,
1.));
#9710=DIRECTION('center_axis',(-2.7068294695606E-15,-1.,-2.73198581894552E-28));
#9711=DIRECTION('ref_axis',(-3.88578058618809E-16,1.38050658450411E-30,
1.));
#9712=DIRECTION('',(-3.5527136788005E-15,-1.,0.));
#9713=DIRECTION('center_axis',(-4.02634389957244E-15,1.4304447047566E-29,
1.));
#9714=DIRECTION('ref_axis',(-1.,2.7068294695606E-15,-4.02634389957244E-15));
#9715=DIRECTION('',(-1.,2.7068294695606E-15,-4.02634389957244E-15));
#9716=DIRECTION('',(-3.5527136788005E-15,-1.,0.));
#9717=DIRECTION('center_axis',(-3.5527136788005E-15,-1.,0.));
#9718=DIRECTION('ref_axis',(0.819152044288991,-2.91021267276289E-15,-0.573576436351048));
#9719=DIRECTION('center_axis',(-2.7068294695606E-15,-1.,-2.73198581894552E-28));
#9720=DIRECTION('ref_axis',(0.819152044288991,-2.91021267276289E-15,-0.573576436351048));
#9721=DIRECTION('center_axis',(-0.819152044288993,2.18265950457218E-15,
0.573576436351044));
#9722=DIRECTION('ref_axis',(-0.573576436351044,1.55257358878605E-15,-0.819152044288993));
#9723=DIRECTION('',(-0.573576436351044,1.55257360096078E-15,-0.819152044288993));
#9724=DIRECTION('',(-2.66453525910038E-15,-1.,0.));
#9725=DIRECTION('',(-2.66453525910038E-15,-1.,0.));
#9726=DIRECTION('center_axis',(-2.66453525910038E-15,-1.,0.));
#9727=DIRECTION('ref_axis',(-0.819152044288993,2.18265950457217E-15,0.573576436351045));
#9728=DIRECTION('center_axis',(-2.7068294695606E-15,-1.,-2.73198581894552E-28));
#9729=DIRECTION('ref_axis',(-0.819152044288993,2.18265950457217E-15,0.573576436351045));
#9730=DIRECTION('',(-2.66453525910038E-15,-1.,0.));
#9731=DIRECTION('center_axis',(3.88578058618809E-16,-1.03537993810259E-30,
-1.));
#9732=DIRECTION('ref_axis',(1.,-2.7068294695606E-15,3.88578058618809E-16));
#9733=DIRECTION('',(1.,-2.7068294695606E-15,3.88578058618809E-16));
#9734=DIRECTION('',(-2.66453525910038E-15,-1.,0.));
#9735=DIRECTION('center_axis',(-2.66453525910038E-15,-1.,0.));
#9736=DIRECTION('ref_axis',(3.88578058618809E-16,-1.03537993883727E-30,
-1.));
#9737=DIRECTION('center_axis',(-2.7068294695606E-15,-1.,-2.73198581894552E-28));
#9738=DIRECTION('ref_axis',(3.88578058618809E-16,-1.03537993883727E-30,
-1.));
#9739=DIRECTION('',(-2.66453525910038E-15,-1.,0.));
#9740=DIRECTION('center_axis',(0.819152044288993,-2.18265950457218E-15,
-0.573576436351044));
#9741=DIRECTION('ref_axis',(0.573576436351044,-1.55257358878605E-15,0.819152044288993));
#9742=DIRECTION('',(0.573576436351044,-1.55257360096078E-15,0.819152044288993));
#9743=DIRECTION('',(2.66453525910038E-15,1.,0.));
#9744=DIRECTION('center_axis',(-2.66453525910038E-15,-1.,0.));
#9745=DIRECTION('ref_axis',(-3.88578058618809E-16,1.03537993883726E-30,
1.));
#9746=DIRECTION('center_axis',(-2.7068294695606E-15,-1.,-2.73198581894552E-28));
#9747=DIRECTION('ref_axis',(-3.88578058618809E-16,1.03537993883726E-30,
1.));
#9748=DIRECTION('',(-2.66453525910038E-15,-1.,0.));
#9749=DIRECTION('center_axis',(-4.02634389957244E-15,1.07283352856745E-29,
1.));
#9750=DIRECTION('ref_axis',(-1.,2.7068294695606E-15,-4.02634389957244E-15));
#9751=DIRECTION('',(-1.,2.7068294695606E-15,-4.02634389957244E-15));
#9752=DIRECTION('',(-2.66453525910038E-15,-1.,0.));
#9753=DIRECTION('center_axis',(-2.66453525910038E-15,-1.,0.));
#9754=DIRECTION('ref_axis',(0.819152044288991,-2.18265950457217E-15,-0.573576436351048));
#9755=DIRECTION('center_axis',(-2.7068294695606E-15,-1.,-2.73198581894552E-28));
#9756=DIRECTION('ref_axis',(0.819152044288991,-2.18265950457217E-15,-0.573576436351048));
#9757=DIRECTION('center_axis',(-0.819152044288993,2.2281315775841E-15,0.573576436351044));
#9758=DIRECTION('ref_axis',(-0.573576436351044,1.55257358878605E-15,-0.819152044288993));
#9759=DIRECTION('',(-0.573576436351044,1.55257360096078E-15,-0.819152044288993));
#9760=DIRECTION('',(-2.72004641033163E-15,-1.,0.));
#9761=DIRECTION('',(-2.72004641033163E-15,-1.,0.));
#9762=DIRECTION('center_axis',(-2.72004641033163E-15,-1.,0.));
#9763=DIRECTION('ref_axis',(-0.819152044288993,2.22813157758409E-15,0.573576436351045));
#9764=DIRECTION('center_axis',(-2.7068294695606E-15,-1.,-2.73198581894552E-28));
#9765=DIRECTION('ref_axis',(-0.819152044288993,2.22813157758409E-15,0.573576436351045));
#9766=DIRECTION('',(-2.72004641033163E-15,-1.,0.));
#9767=DIRECTION('center_axis',(3.88578058618809E-16,-1.05695035347973E-30,
-1.));
#9768=DIRECTION('ref_axis',(1.,-2.7068294695606E-15,3.88578058618809E-16));
#9769=DIRECTION('',(1.,-2.7068294695606E-15,3.88578058618809E-16));
#9770=DIRECTION('',(-2.72004641033163E-15,-1.,0.));
#9771=DIRECTION('center_axis',(-2.72004641033163E-15,-1.,0.));
#9772=DIRECTION('ref_axis',(3.88578058618809E-16,-1.05695035384707E-30,
-1.));
#9773=DIRECTION('center_axis',(-2.7068294695606E-15,-1.,-2.73198581894552E-28));
#9774=DIRECTION('ref_axis',(3.88578058618809E-16,-1.05695035384707E-30,
-1.));
#9775=DIRECTION('',(-2.72004641033163E-15,-1.,0.));
#9776=DIRECTION('center_axis',(0.819152044288993,-2.2281315775841E-15,-0.573576436351044));
#9777=DIRECTION('ref_axis',(0.573576436351044,-1.55257358878605E-15,0.819152044288993));
#9778=DIRECTION('',(0.573576436351044,-1.55257360096078E-15,0.819152044288993));
#9779=DIRECTION('',(2.72004641033163E-15,1.,0.));
#9780=DIRECTION('center_axis',(-2.72004641033163E-15,-1.,0.));
#9781=DIRECTION('ref_axis',(-3.88578058618809E-16,1.05695035384706E-30,
1.));
#9782=DIRECTION('center_axis',(-2.7068294695606E-15,-1.,-2.73198581894552E-28));
#9783=DIRECTION('ref_axis',(-3.88578058618809E-16,1.05695035384706E-30,
1.));
#9784=DIRECTION('',(-2.72004641033163E-15,-1.,0.));
#9785=DIRECTION('center_axis',(-4.02634389957244E-15,1.09518422707927E-29,
1.));
#9786=DIRECTION('ref_axis',(-1.,2.7068294695606E-15,-4.02634389957244E-15));
#9787=DIRECTION('',(-1.,2.7068294695606E-15,-4.02634389957244E-15));
#9788=DIRECTION('',(-2.72004641033163E-15,-1.,0.));
#9789=DIRECTION('center_axis',(-2.72004641033163E-15,-1.,0.));
#9790=DIRECTION('ref_axis',(0.819152044288991,-2.22813157758409E-15,-0.573576436351048));
#9791=DIRECTION('center_axis',(-2.7068294695606E-15,-1.,-2.73198581894552E-28));
#9792=DIRECTION('ref_axis',(0.819152044288991,-2.22813157758409E-15,-0.573576436351048));
#9793=DIRECTION('center_axis',(-0.819152044288993,2.18265950457218E-15,
0.573576436351044));
#9794=DIRECTION('ref_axis',(-0.573576436351044,1.55257358878605E-15,-0.819152044288993));
#9795=DIRECTION('',(-0.573576436351044,1.55257360096078E-15,-0.819152044288993));
#9796=DIRECTION('',(-2.66453525910038E-15,-1.,0.));
#9797=DIRECTION('',(-2.66453525910038E-15,-1.,0.));
#9798=DIRECTION('center_axis',(-2.66453525910038E-15,-1.,0.));
#9799=DIRECTION('ref_axis',(-0.819152044288993,2.18265950457217E-15,0.573576436351045));
#9800=DIRECTION('center_axis',(-2.7068294695606E-15,-1.,-2.73198581894552E-28));
#9801=DIRECTION('ref_axis',(-0.819152044288993,2.18265950457217E-15,0.573576436351045));
#9802=DIRECTION('',(-2.66453525910038E-15,-1.,0.));
#9803=DIRECTION('center_axis',(3.88578058618809E-16,-1.03537993810259E-30,
-1.));
#9804=DIRECTION('ref_axis',(1.,-2.7068294695606E-15,3.88578058618809E-16));
#9805=DIRECTION('',(1.,-2.7068294695606E-15,3.88578058618809E-16));
#9806=DIRECTION('',(-2.66453525910038E-15,-1.,0.));
#9807=DIRECTION('center_axis',(-2.66453525910038E-15,-1.,0.));
#9808=DIRECTION('ref_axis',(3.88578058618809E-16,-1.03537993883727E-30,
-1.));
#9809=DIRECTION('center_axis',(-2.7068294695606E-15,-1.,-2.73198581894552E-28));
#9810=DIRECTION('ref_axis',(3.88578058618809E-16,-1.03537993883727E-30,
-1.));
#9811=DIRECTION('',(-2.66453525910038E-15,-1.,0.));
#9812=DIRECTION('center_axis',(0.819152044288993,-2.18265950457218E-15,
-0.573576436351044));
#9813=DIRECTION('ref_axis',(0.573576436351044,-1.55257358878605E-15,0.819152044288993));
#9814=DIRECTION('',(0.573576436351044,-1.55257360096078E-15,0.819152044288993));
#9815=DIRECTION('',(2.66453525910038E-15,1.,0.));
#9816=DIRECTION('center_axis',(-2.66453525910038E-15,-1.,0.));
#9817=DIRECTION('ref_axis',(-3.88578058618809E-16,1.03537993883726E-30,
1.));
#9818=DIRECTION('center_axis',(-2.7068294695606E-15,-1.,-2.73198581894552E-28));
#9819=DIRECTION('ref_axis',(-3.88578058618809E-16,1.03537993883726E-30,
1.));
#9820=DIRECTION('',(-2.66453525910038E-15,-1.,0.));
#9821=DIRECTION('center_axis',(-4.02634389957244E-15,1.07283352856745E-29,
1.));
#9822=DIRECTION('ref_axis',(-1.,2.7068294695606E-15,-4.02634389957244E-15));
#9823=DIRECTION('',(-1.,2.7068294695606E-15,-4.02634389957244E-15));
#9824=DIRECTION('',(-2.66453525910038E-15,-1.,0.));
#9825=DIRECTION('center_axis',(-2.66453525910038E-15,-1.,0.));
#9826=DIRECTION('ref_axis',(0.819152044288991,-2.18265950457217E-15,-0.573576436351048));
#9827=DIRECTION('center_axis',(-2.7068294695606E-15,-1.,-2.73198581894552E-28));
#9828=DIRECTION('ref_axis',(0.819152044288991,-2.18265950457217E-15,-0.573576436351048));
#9829=DIRECTION('center_axis',(-0.819152044288993,2.18265950457218E-15,
0.573576436351044));
#9830=DIRECTION('ref_axis',(-0.573576436351044,1.55257358878605E-15,-0.819152044288993));
#9831=DIRECTION('',(-0.573576436351044,1.55257360096078E-15,-0.819152044288993));
#9832=DIRECTION('',(-2.66453525910038E-15,-1.,0.));
#9833=DIRECTION('',(-2.66453525910038E-15,-1.,0.));
#9834=DIRECTION('center_axis',(-2.66453525910038E-15,-1.,0.));
#9835=DIRECTION('ref_axis',(-0.819152044288993,2.18265950457217E-15,0.573576436351045));
#9836=DIRECTION('center_axis',(-2.7068294695606E-15,-1.,-2.73198581894552E-28));
#9837=DIRECTION('ref_axis',(-0.819152044288993,2.18265950457217E-15,0.573576436351045));
#9838=DIRECTION('',(-2.66453525910038E-15,-1.,0.));
#9839=DIRECTION('center_axis',(3.88578058618809E-16,-1.03537993810259E-30,
-1.));
#9840=DIRECTION('ref_axis',(1.,-2.7068294695606E-15,3.88578058618809E-16));
#9841=DIRECTION('',(1.,-2.7068294695606E-15,3.88578058618809E-16));
#9842=DIRECTION('',(-2.66453525910038E-15,-1.,0.));
#9843=DIRECTION('center_axis',(-2.66453525910038E-15,-1.,0.));
#9844=DIRECTION('ref_axis',(3.88578058618809E-16,-1.03537993883727E-30,
-1.));
#9845=DIRECTION('center_axis',(-2.7068294695606E-15,-1.,-2.73198581894552E-28));
#9846=DIRECTION('ref_axis',(3.88578058618809E-16,-1.03537993883727E-30,
-1.));
#9847=DIRECTION('',(-2.66453525910038E-15,-1.,0.));
#9848=DIRECTION('center_axis',(0.819152044288993,-2.18265950457218E-15,
-0.573576436351044));
#9849=DIRECTION('ref_axis',(0.573576436351044,-1.55257358878605E-15,0.819152044288993));
#9850=DIRECTION('',(0.573576436351044,-1.55257360096078E-15,0.819152044288993));
#9851=DIRECTION('',(2.66453525910038E-15,1.,0.));
#9852=DIRECTION('center_axis',(-2.66453525910038E-15,-1.,0.));
#9853=DIRECTION('ref_axis',(-3.88578058618809E-16,1.03537993883726E-30,
1.));
#9854=DIRECTION('center_axis',(-2.7068294695606E-15,-1.,-2.73198581894552E-28));
#9855=DIRECTION('ref_axis',(-3.88578058618809E-16,1.03537993883726E-30,
1.));
#9856=DIRECTION('',(-2.66453525910038E-15,-1.,0.));
#9857=DIRECTION('center_axis',(-4.02634389957244E-15,1.07283352856745E-29,
1.));
#9858=DIRECTION('ref_axis',(-1.,2.7068294695606E-15,-4.02634389957244E-15));
#9859=DIRECTION('',(-1.,2.7068294695606E-15,-4.02634389957244E-15));
#9860=DIRECTION('',(-2.66453525910038E-15,-1.,0.));
#9861=DIRECTION('center_axis',(-2.66453525910038E-15,-1.,0.));
#9862=DIRECTION('ref_axis',(0.819152044288991,-2.18265950457217E-15,-0.573576436351048));
#9863=DIRECTION('center_axis',(-2.7068294695606E-15,-1.,-2.73198581894552E-28));
#9864=DIRECTION('ref_axis',(0.819152044288991,-2.18265950457217E-15,-0.573576436351048));
#9865=DIRECTION('center_axis',(-0.819152044288993,2.18265950457218E-15,
0.573576436351044));
#9866=DIRECTION('ref_axis',(-0.573576436351044,1.55257358878605E-15,-0.819152044288993));
#9867=DIRECTION('',(-0.573576436351044,1.55257360096078E-15,-0.819152044288993));
#9868=DIRECTION('',(-2.66453525910038E-15,-1.,0.));
#9869=DIRECTION('',(-2.66453525910038E-15,-1.,0.));
#9870=DIRECTION('center_axis',(-2.66453525910038E-15,-1.,0.));
#9871=DIRECTION('ref_axis',(-0.819152044288993,2.18265950457217E-15,0.573576436351045));
#9872=DIRECTION('center_axis',(-2.7068294695606E-15,-1.,-2.73198581894552E-28));
#9873=DIRECTION('ref_axis',(-0.819152044288993,2.18265950457217E-15,0.573576436351045));
#9874=DIRECTION('',(-2.66453525910038E-15,-1.,0.));
#9875=DIRECTION('center_axis',(3.88578058618809E-16,-1.03537993810259E-30,
-1.));
#9876=DIRECTION('ref_axis',(1.,-2.7068294695606E-15,3.88578058618809E-16));
#9877=DIRECTION('',(1.,-2.7068294695606E-15,3.88578058618809E-16));
#9878=DIRECTION('',(-2.66453525910038E-15,-1.,0.));
#9879=DIRECTION('center_axis',(-2.66453525910038E-15,-1.,0.));
#9880=DIRECTION('ref_axis',(3.88578058618809E-16,-1.03537993883727E-30,
-1.));
#9881=DIRECTION('center_axis',(-2.7068294695606E-15,-1.,-2.73198581894552E-28));
#9882=DIRECTION('ref_axis',(3.88578058618809E-16,-1.03537993883727E-30,
-1.));
#9883=DIRECTION('',(-2.66453525910038E-15,-1.,0.));
#9884=DIRECTION('center_axis',(0.819152044288993,-2.18265950457218E-15,
-0.573576436351044));
#9885=DIRECTION('ref_axis',(0.573576436351044,-1.55257358878605E-15,0.819152044288993));
#9886=DIRECTION('',(0.573576436351044,-1.55257360096078E-15,0.819152044288993));
#9887=DIRECTION('',(2.66453525910038E-15,1.,0.));
#9888=DIRECTION('center_axis',(-2.66453525910038E-15,-1.,0.));
#9889=DIRECTION('ref_axis',(-3.88578058618809E-16,1.03537993883726E-30,
1.));
#9890=DIRECTION('center_axis',(-2.7068294695606E-15,-1.,-2.73198581894552E-28));
#9891=DIRECTION('ref_axis',(-3.88578058618809E-16,1.03537993883726E-30,
1.));
#9892=DIRECTION('',(-2.66453525910038E-15,-1.,0.));
#9893=DIRECTION('center_axis',(-4.02634389957244E-15,1.07283352856745E-29,
1.));
#9894=DIRECTION('ref_axis',(-1.,2.7068294695606E-15,-4.02634389957244E-15));
#9895=DIRECTION('',(-1.,2.7068294695606E-15,-4.02634389957244E-15));
#9896=DIRECTION('',(-2.66453525910038E-15,-1.,0.));
#9897=DIRECTION('center_axis',(-2.66453525910038E-15,-1.,0.));
#9898=DIRECTION('ref_axis',(0.819152044288991,-2.18265950457217E-15,-0.573576436351048));
#9899=DIRECTION('center_axis',(-2.7068294695606E-15,-1.,-2.73198581894552E-28));
#9900=DIRECTION('ref_axis',(0.819152044288991,-2.18265950457217E-15,-0.573576436351048));
#9901=DIRECTION('center_axis',(-0.819152044288993,2.9102126727629E-15,0.573576436351044));
#9902=DIRECTION('ref_axis',(-0.573576436351044,1.55257358878605E-15,-0.819152044288993));
#9903=DIRECTION('',(-0.573576436351044,1.55257360096078E-15,-0.819152044288993));
#9904=DIRECTION('',(-3.5527136788005E-15,-1.,0.));
#9905=DIRECTION('',(-3.5527136788005E-15,-1.,0.));
#9906=DIRECTION('center_axis',(-3.5527136788005E-15,-1.,0.));
#9907=DIRECTION('ref_axis',(-0.819152044288993,2.9102126727629E-15,0.573576436351045));
#9908=DIRECTION('center_axis',(-2.7068294695606E-15,-1.,-2.73198581894552E-28));
#9909=DIRECTION('ref_axis',(-0.819152044288993,2.9102126727629E-15,0.573576436351045));
#9910=DIRECTION('',(-3.5527136788005E-15,-1.,0.));
#9911=DIRECTION('center_axis',(3.88578058618809E-16,-1.38050658413679E-30,
-1.));
#9912=DIRECTION('ref_axis',(1.,-2.7068294695606E-15,3.88578058618809E-16));
#9913=DIRECTION('',(1.,-2.7068294695606E-15,3.88578058618809E-16));
#9914=DIRECTION('',(-3.5527136788005E-15,-1.,0.));
#9915=DIRECTION('center_axis',(-3.5527136788005E-15,-1.,0.));
#9916=DIRECTION('ref_axis',(3.88578058618809E-16,-1.38050658450413E-30,
-1.));
#9917=DIRECTION('center_axis',(-2.7068294695606E-15,-1.,-2.73198581894552E-28));
#9918=DIRECTION('ref_axis',(3.88578058618809E-16,-1.38050658450413E-30,
-1.));
#9919=DIRECTION('',(-3.5527136788005E-15,-1.,0.));
#9920=DIRECTION('center_axis',(0.819152044288993,-2.9102126727629E-15,-0.573576436351044));
#9921=DIRECTION('ref_axis',(0.573576436351044,-1.55257358878605E-15,0.819152044288993));
#9922=DIRECTION('',(0.573576436351044,-1.55257360096078E-15,0.819152044288993));
#9923=DIRECTION('',(3.5527136788005E-15,1.,0.));
#9924=DIRECTION('center_axis',(-3.5527136788005E-15,-1.,0.));
#9925=DIRECTION('ref_axis',(-3.88578058618809E-16,1.38050658450411E-30,
1.));
#9926=DIRECTION('center_axis',(-2.7068294695606E-15,-1.,-2.73198581894552E-28));
#9927=DIRECTION('ref_axis',(-3.88578058618809E-16,1.38050658450411E-30,
1.));
#9928=DIRECTION('',(-3.5527136788005E-15,-1.,0.));
#9929=DIRECTION('center_axis',(-4.02634389957244E-15,1.4304447047566E-29,
1.));
#9930=DIRECTION('ref_axis',(-1.,2.7068294695606E-15,-4.02634389957244E-15));
#9931=DIRECTION('',(-1.,2.7068294695606E-15,-4.02634389957244E-15));
#9932=DIRECTION('',(-3.5527136788005E-15,-1.,0.));
#9933=DIRECTION('center_axis',(-3.5527136788005E-15,-1.,0.));
#9934=DIRECTION('ref_axis',(0.819152044288991,-2.91021267276289E-15,-0.573576436351048));
#9935=DIRECTION('center_axis',(-2.7068294695606E-15,-1.,-2.73198581894552E-28));
#9936=DIRECTION('ref_axis',(0.819152044288991,-2.91021267276289E-15,-0.573576436351048));
#9937=DIRECTION('center_axis',(1.,0.,0.));
#9938=DIRECTION('ref_axis',(0.,-0.81915204428899,0.573576436351049));
#9939=DIRECTION('',(-1.,0.,0.));
#9940=DIRECTION('',(-1.,0.,0.));
#9941=DIRECTION('center_axis',(0.,-0.819152044288992,0.573576436351046));
#9942=DIRECTION('ref_axis',(0.,-0.573576436351046,-0.819152044288992));
#9943=DIRECTION('',(-1.,0.,0.));
#9944=DIRECTION('center_axis',(1.,0.,0.));
#9945=DIRECTION('ref_axis',(0.,-2.8906252933815E-15,1.));
#9946=DIRECTION('',(1.,0.,0.));
#9947=DIRECTION('center_axis',(0.,-2.08749903583446E-15,1.));
#9948=DIRECTION('ref_axis',(0.,-1.,-2.08749903583446E-15));
#9949=DIRECTION('',(-1.,0.,0.));
#9950=DIRECTION('center_axis',(1.,0.,0.));
#9951=DIRECTION('ref_axis',(0.,0.81915204428899,-0.573576436351048));
#9952=DIRECTION('',(-1.,0.,0.));
#9953=DIRECTION('center_axis',(0.,0.819152044288991,-0.573576436351047));
#9954=DIRECTION('ref_axis',(0.,0.573576436351047,0.819152044288991));
#9955=DIRECTION('',(-1.,0.,0.));
#9956=DIRECTION('center_axis',(1.,0.,0.));
#9957=DIRECTION('ref_axis',(0.,-1.04320510021205E-14,-1.));
#9958=DIRECTION('',(-1.,0.,0.));
#9959=DIRECTION('center_axis',(0.,-1.55026680511913E-15,-1.));
#9960=DIRECTION('ref_axis',(0.,1.,-1.55026680511913E-15));
#9961=DIRECTION('center_axis',(1.,0.,0.));
#9962=DIRECTION('ref_axis',(0.,-0.819152044288989,0.573576436351051));
#9963=DIRECTION('',(-1.,0.,0.));
#9964=DIRECTION('',(-1.,0.,0.));
#9965=DIRECTION('center_axis',(0.,-0.819152044288991,0.573576436351047));
#9966=DIRECTION('ref_axis',(0.,-0.573576436351047,-0.819152044288991));
#9967=DIRECTION('',(-1.,0.,0.));
#9968=DIRECTION('center_axis',(1.,0.,0.));
#9969=DIRECTION('ref_axis',(0.,-7.33151739188213E-15,1.));
#9970=DIRECTION('',(1.,0.,0.));
#9971=DIRECTION('center_axis',(0.,-2.08749903583448E-15,1.));
#9972=DIRECTION('ref_axis',(0.,-1.,-2.08749903583448E-15));
#9973=DIRECTION('',(-1.,0.,0.));
#9974=DIRECTION('center_axis',(1.,0.,0.));
#9975=DIRECTION('ref_axis',(0.,0.819152044288992,-0.573576436351045));
#9976=DIRECTION('',(-1.,0.,0.));
#9977=DIRECTION('center_axis',(0.,0.819152044288991,-0.573576436351048));
#9978=DIRECTION('ref_axis',(0.,0.573576436351048,0.819152044288991));
#9979=DIRECTION('',(-1.,0.,0.));
#9980=DIRECTION('center_axis',(1.,0.,0.));
#9981=DIRECTION('ref_axis',(0.,-1.04320510021205E-14,-1.));
#9982=DIRECTION('',(-1.,0.,0.));
#9983=DIRECTION('center_axis',(0.,-1.55026680511913E-15,-1.));
#9984=DIRECTION('ref_axis',(0.,1.,-1.55026680511913E-15));
#9985=DIRECTION('center_axis',(1.,0.,0.));
#9986=DIRECTION('ref_axis',(0.,-0.81915204428899,0.573576436351049));
#9987=DIRECTION('',(-1.,0.,0.));
#9988=DIRECTION('',(-1.,0.,0.));
#9989=DIRECTION('center_axis',(0.,-0.819152044288991,0.573576436351047));
#9990=DIRECTION('ref_axis',(0.,-0.573576436351047,-0.819152044288991));
#9991=DIRECTION('',(-1.,0.,0.));
#9992=DIRECTION('center_axis',(1.,0.,0.));
#9993=DIRECTION('ref_axis',(0.,-2.8906252933815E-15,1.));
#9994=DIRECTION('',(1.,0.,0.));
#9995=DIRECTION('center_axis',(0.,-2.08749903583447E-15,1.));
#9996=DIRECTION('ref_axis',(0.,-1.,-2.08749903583447E-15));
#9997=DIRECTION('',(-1.,0.,0.));
#9998=DIRECTION('center_axis',(1.,0.,0.));
#9999=DIRECTION('ref_axis',(0.,0.81915204428899,-0.573576436351048));
#10000=DIRECTION('',(-1.,0.,0.));
#10001=DIRECTION('center_axis',(0.,0.819152044288991,-0.573576436351047));
#10002=DIRECTION('ref_axis',(0.,0.573576436351047,0.819152044288991));
#10003=DIRECTION('',(-1.,0.,0.));
#10004=DIRECTION('center_axis',(1.,0.,0.));
#10005=DIRECTION('ref_axis',(0.,-8.21160495287016E-15,-1.));
#10006=DIRECTION('',(-1.,0.,0.));
#10007=DIRECTION('center_axis',(0.,-1.55026680511913E-15,-1.));
#10008=DIRECTION('ref_axis',(0.,1.,-1.55026680511913E-15));
#10009=DIRECTION('center_axis',(1.,0.,0.));
#10010=DIRECTION('ref_axis',(0.,-0.81915204428899,0.573576436351049));
#10011=DIRECTION('',(-1.,0.,0.));
#10012=DIRECTION('',(-1.,0.,0.));
#10013=DIRECTION('center_axis',(0.,-0.819152044288992,0.573576436351046));
#10014=DIRECTION('ref_axis',(0.,-0.573576436351046,-0.819152044288992));
#10015=DIRECTION('',(-1.,0.,0.));
#10016=DIRECTION('center_axis',(1.,0.,0.));
#10017=DIRECTION('ref_axis',(0.,-2.8906252933815E-15,1.));
#10018=DIRECTION('',(1.,0.,0.));
#10019=DIRECTION('center_axis',(0.,-2.08749903583446E-15,1.));
#10020=DIRECTION('ref_axis',(0.,-1.,-2.08749903583446E-15));
#10021=DIRECTION('',(-1.,0.,0.));
#10022=DIRECTION('center_axis',(1.,0.,0.));
#10023=DIRECTION('ref_axis',(0.,0.819152044288989,-0.573576436351049));
#10024=DIRECTION('',(-1.,0.,0.));
#10025=DIRECTION('center_axis',(0.,0.819152044288991,-0.573576436351047));
#10026=DIRECTION('ref_axis',(0.,0.573576436351047,0.819152044288991));
#10027=DIRECTION('',(-1.,0.,0.));
#10028=DIRECTION('center_axis',(1.,0.,0.));
#10029=DIRECTION('ref_axis',(0.,-1.04320510021205E-14,-1.));
#10030=DIRECTION('',(-1.,0.,0.));
#10031=DIRECTION('center_axis',(0.,-1.55026680511913E-15,-1.));
#10032=DIRECTION('ref_axis',(0.,1.,-1.55026680511913E-15));
#10033=DIRECTION('center_axis',(1.,0.,0.));
#10034=DIRECTION('ref_axis',(0.,-0.81915204428899,0.573576436351049));
#10035=DIRECTION('',(-1.,0.,0.));
#10036=DIRECTION('',(-1.,0.,0.));
#10037=DIRECTION('center_axis',(0.,-0.819152044288992,0.573576436351046));
#10038=DIRECTION('ref_axis',(0.,-0.573576436351046,-0.819152044288992));
#10039=DIRECTION('',(-1.,0.,0.));
#10040=DIRECTION('center_axis',(1.,0.,0.));
#10041=DIRECTION('ref_axis',(0.,-2.8906252933815E-15,1.));
#10042=DIRECTION('',(1.,0.,0.));
#10043=DIRECTION('center_axis',(0.,-2.08749903583446E-15,1.));
#10044=DIRECTION('ref_axis',(0.,-1.,-2.08749903583446E-15));
#10045=DIRECTION('',(-1.,0.,0.));
#10046=DIRECTION('center_axis',(1.,0.,0.));
#10047=DIRECTION('ref_axis',(0.,0.819152044288989,-0.573576436351049));
#10048=DIRECTION('',(-1.,0.,0.));
#10049=DIRECTION('center_axis',(0.,0.819152044288991,-0.573576436351047));
#10050=DIRECTION('ref_axis',(0.,0.573576436351047,0.819152044288991));
#10051=DIRECTION('',(-1.,0.,0.));
#10052=DIRECTION('center_axis',(1.,0.,0.));
#10053=DIRECTION('ref_axis',(0.,-1.04320510021205E-14,-1.));
#10054=DIRECTION('',(-1.,0.,0.));
#10055=DIRECTION('center_axis',(0.,-1.55026680511913E-15,-1.));
#10056=DIRECTION('ref_axis',(0.,1.,-1.55026680511913E-15));
#10057=DIRECTION('center_axis',(1.,0.,0.));
#10058=DIRECTION('ref_axis',(0.,-0.81915204428899,0.573576436351048));
#10059=DIRECTION('',(-1.,0.,0.));
#10060=DIRECTION('',(-1.,0.,0.));
#10061=DIRECTION('center_axis',(0.,-0.819152044288991,0.573576436351047));
#10062=DIRECTION('ref_axis',(0.,-0.573576436351047,-0.819152044288991));
#10063=DIRECTION('',(-1.,0.,0.));
#10064=DIRECTION('center_axis',(1.,0.,0.));
#10065=DIRECTION('ref_axis',(0.,-2.8906252933815E-15,1.));
#10066=DIRECTION('',(1.,0.,0.));
#10067=DIRECTION('center_axis',(0.,-2.08749903583447E-15,1.));
#10068=DIRECTION('ref_axis',(0.,-1.,-2.08749903583447E-15));
#10069=DIRECTION('',(-1.,0.,0.));
#10070=DIRECTION('center_axis',(1.,0.,0.));
#10071=DIRECTION('ref_axis',(0.,0.81915204428899,-0.573576436351048));
#10072=DIRECTION('',(-1.,0.,0.));
#10073=DIRECTION('center_axis',(0.,0.819152044288991,-0.573576436351047));
#10074=DIRECTION('ref_axis',(0.,0.573576436351047,0.819152044288991));
#10075=DIRECTION('',(-1.,0.,0.));
#10076=DIRECTION('center_axis',(1.,0.,0.));
#10077=DIRECTION('ref_axis',(0.,-8.21160495287016E-15,-1.));
#10078=DIRECTION('',(-1.,0.,0.));
#10079=DIRECTION('center_axis',(0.,-1.55026680511913E-15,-1.));
#10080=DIRECTION('ref_axis',(0.,1.,-1.55026680511913E-15));
#10081=DIRECTION('center_axis',(0.,-1.55026680511913E-15,-1.));
#10082=DIRECTION('ref_axis',(2.18952950303797E-47,-1.,1.55026680511913E-15));
#10083=DIRECTION('',(-1.89478062869566E-15,1.,-1.55026680511913E-15));
#10084=DIRECTION('',(1.,0.,0.));
#10085=DIRECTION('',(1.89478062869561E-15,-1.,1.55026680511913E-15));
#10086=DIRECTION('',(1.,0.,0.));
#10087=DIRECTION('center_axis',(-1.,0.,0.));
#10088=DIRECTION('ref_axis',(0.,-1.04320510021205E-14,-1.));
#10089=DIRECTION('center_axis',(1.,1.89478062869581E-15,1.00929365875014E-13));
#10090=DIRECTION('ref_axis',(0.,-1.04320510021205E-14,-1.));
#10091=DIRECTION('center_axis',(-1.,-1.89478062869581E-15,-1.29189588320019E-13));
#10092=DIRECTION('ref_axis',(0.,-1.04320510021205E-14,-1.));
#10093=DIRECTION('',(1.,0.,0.));
#10094=DIRECTION('center_axis',(0.,0.819152044288991,-0.573576436351047));
#10095=DIRECTION('ref_axis',(1.97215226305253E-31,-0.573576436351047,-0.819152044288991));
#10096=DIRECTION('',(-8.37632979059837E-14,0.573576436351047,0.819152044288991));
#10097=DIRECTION('',(1.06912716893871E-13,-0.573576436351047,-0.819152044288991));
#10098=DIRECTION('',(-1.,0.,0.));
#10099=DIRECTION('center_axis',(-1.,0.,0.));
#10100=DIRECTION('ref_axis',(0.,0.819152044288989,-0.573576436351049));
#10101=DIRECTION('center_axis',(1.,1.89478062869581E-15,1.00929365875014E-13));
#10102=DIRECTION('ref_axis',(0.,0.819152044288989,-0.573576436351049));
#10103=DIRECTION('center_axis',(-1.,-1.89478062869581E-15,-1.29189588320019E-13));
#10104=DIRECTION('ref_axis',(0.,0.819152044288989,-0.573576436351049));
#10105=DIRECTION('',(1.,0.,0.));
#10106=DIRECTION('center_axis',(0.,-2.08749903583446E-15,1.));
#10107=DIRECTION('ref_axis',(-1.05097384824361E-45,1.,2.08749903583446E-15));
#10108=DIRECTION('',(1.89478062869602E-15,-1.,-2.08749903583446E-15));
#10109=DIRECTION('',(-1.89478062869608E-15,1.,2.08749903583446E-15));
#10110=DIRECTION('',(1.,0.,0.));
#10111=DIRECTION('center_axis',(-1.,0.,0.));
#10112=DIRECTION('ref_axis',(0.,-2.8906252933815E-15,1.));
#10113=DIRECTION('center_axis',(1.,1.89478062869581E-15,1.00929365875014E-13));
#10114=DIRECTION('ref_axis',(0.,-2.8906252933815E-15,1.));
#10115=DIRECTION('center_axis',(-1.,-1.89478062869581E-15,-1.29189588320019E-13));
#10116=DIRECTION('ref_axis',(0.,-2.8906252933815E-15,1.));
#10117=DIRECTION('',(1.,0.,0.));
#10118=DIRECTION('center_axis',(0.,-0.819152044288992,0.573576436351046));
#10119=DIRECTION('ref_axis',(-1.97215226305253E-31,0.573576436351046,0.819152044288992));
#10120=DIRECTION('',(8.37632979059838E-14,-0.573576436351046,-0.819152044288992));
#10121=DIRECTION('',(-1.06912716893871E-13,0.573576436351046,0.819152044288992));
#10122=DIRECTION('',(1.,0.,0.));
#10123=DIRECTION('center_axis',(-1.,0.,0.));
#10124=DIRECTION('ref_axis',(0.,-0.81915204428899,0.573576436351049));
#10125=DIRECTION('center_axis',(1.,1.89478062869581E-15,1.00929365875014E-13));
#10126=DIRECTION('ref_axis',(0.,-0.81915204428899,0.573576436351049));
#10127=DIRECTION('center_axis',(-1.,-1.89478062869581E-15,-1.29189588320019E-13));
#10128=DIRECTION('ref_axis',(0.,-0.81915204428899,0.573576436351049));
#10129=DIRECTION('center_axis',(0.,-1.55026680511913E-15,-1.));
#10130=DIRECTION('ref_axis',(2.18952950303797E-47,-1.,1.55026680511913E-15));
#10131=DIRECTION('',(-1.89478062869566E-15,1.,-1.55026680511913E-15));
#10132=DIRECTION('',(1.,0.,0.));
#10133=DIRECTION('',(1.89478062869561E-15,-1.,1.55026680511913E-15));
#10134=DIRECTION('',(1.,0.,0.));
#10135=DIRECTION('center_axis',(-1.,0.,0.));
#10136=DIRECTION('ref_axis',(0.,-8.21160495287016E-15,-1.));
#10137=DIRECTION('center_axis',(1.,1.89478062869581E-15,1.00929365875014E-13));
#10138=DIRECTION('ref_axis',(0.,-8.21160495287016E-15,-1.));
#10139=DIRECTION('center_axis',(-1.,-1.89478062869581E-15,-1.29189588320019E-13));
#10140=DIRECTION('ref_axis',(0.,-8.21160495287016E-15,-1.));
#10141=DIRECTION('',(1.,0.,0.));
#10142=DIRECTION('center_axis',(0.,0.819152044288991,-0.573576436351047));
#10143=DIRECTION('ref_axis',(2.46519032881566E-31,-0.573576436351047,-0.819152044288991));
#10144=DIRECTION('',(-8.37632979059837E-14,0.573576436351047,0.819152044288991));
#10145=DIRECTION('',(1.06912716893871E-13,-0.573576436351047,-0.819152044288991));
#10146=DIRECTION('',(-1.,0.,0.));
#10147=DIRECTION('center_axis',(-1.,0.,0.));
#10148=DIRECTION('ref_axis',(0.,0.81915204428899,-0.573576436351048));
#10149=DIRECTION('center_axis',(1.,1.89478062869581E-15,1.00929365875014E-13));
#10150=DIRECTION('ref_axis',(0.,0.81915204428899,-0.573576436351048));
#10151=DIRECTION('center_axis',(-1.,-1.89478062869581E-15,-1.29189588320019E-13));
#10152=DIRECTION('ref_axis',(0.,0.81915204428899,-0.573576436351048));
#10153=DIRECTION('',(1.,0.,0.));
#10154=DIRECTION('center_axis',(0.,-2.08749903583447E-15,1.));
#10155=DIRECTION('ref_axis',(-1.05097384824361E-45,1.,2.08749903583447E-15));
#10156=DIRECTION('',(1.89478062869602E-15,-1.,-2.08749903583447E-15));
#10157=DIRECTION('',(-1.89478062869608E-15,1.,2.08749903583447E-15));
#10158=DIRECTION('',(1.,0.,0.));
#10159=DIRECTION('center_axis',(-1.,0.,0.));
#10160=DIRECTION('ref_axis',(0.,-2.8906252933815E-15,1.));
#10161=DIRECTION('center_axis',(1.,1.89478062869581E-15,1.00929365875014E-13));
#10162=DIRECTION('ref_axis',(0.,-2.8906252933815E-15,1.));
#10163=DIRECTION('center_axis',(-1.,-1.89478062869581E-15,-1.29189588320019E-13));
#10164=DIRECTION('ref_axis',(0.,-2.8906252933815E-15,1.));
#10165=DIRECTION('',(1.,0.,0.));
#10166=DIRECTION('center_axis',(0.,-0.819152044288991,0.573576436351047));
#10167=DIRECTION('ref_axis',(-1.97215226305253E-31,0.573576436351047,0.819152044288991));
#10168=DIRECTION('',(8.37632979059837E-14,-0.573576436351047,-0.819152044288991));
#10169=DIRECTION('',(-1.06912716893871E-13,0.573576436351047,0.819152044288991));
#10170=DIRECTION('',(1.,0.,0.));
#10171=DIRECTION('center_axis',(-1.,0.,0.));
#10172=DIRECTION('ref_axis',(0.,-0.81915204428899,0.573576436351048));
#10173=DIRECTION('center_axis',(1.,1.89478062869581E-15,1.00929365875014E-13));
#10174=DIRECTION('ref_axis',(0.,-0.81915204428899,0.573576436351048));
#10175=DIRECTION('center_axis',(-1.,-1.89478062869581E-15,-1.29189588320019E-13));
#10176=DIRECTION('ref_axis',(0.,-0.81915204428899,0.573576436351048));
#10177=DIRECTION('center_axis',(0.,-1.55026680511913E-15,-1.));
#10178=DIRECTION('ref_axis',(2.18952950303797E-47,-1.,1.55026680511913E-15));
#10179=DIRECTION('',(-1.89478062869566E-15,1.,-1.55026680511913E-15));
#10180=DIRECTION('',(1.,0.,0.));
#10181=DIRECTION('',(1.89478062869561E-15,-1.,1.55026680511913E-15));
#10182=DIRECTION('',(1.,0.,0.));
#10183=DIRECTION('center_axis',(-1.,0.,0.));
#10184=DIRECTION('ref_axis',(0.,-1.04320510021205E-14,-1.));
#10185=DIRECTION('center_axis',(1.,1.89478062869581E-15,1.00929365875014E-13));
#10186=DIRECTION('ref_axis',(0.,-1.04320510021205E-14,-1.));
#10187=DIRECTION('center_axis',(-1.,-1.89478062869581E-15,-1.29189588320019E-13));
#10188=DIRECTION('ref_axis',(0.,-1.04320510021205E-14,-1.));
#10189=DIRECTION('',(1.,0.,0.));
#10190=DIRECTION('center_axis',(0.,0.819152044288991,-0.573576436351047));
#10191=DIRECTION('ref_axis',(1.97215226305253E-31,-0.573576436351047,-0.819152044288991));
#10192=DIRECTION('',(-8.37632979059837E-14,0.573576436351047,0.819152044288991));
#10193=DIRECTION('',(1.06912716893871E-13,-0.573576436351047,-0.819152044288991));
#10194=DIRECTION('',(-1.,0.,0.));
#10195=DIRECTION('center_axis',(-1.,0.,0.));
#10196=DIRECTION('ref_axis',(0.,0.819152044288989,-0.573576436351049));
#10197=DIRECTION('center_axis',(1.,1.89478062869581E-15,1.00929365875014E-13));
#10198=DIRECTION('ref_axis',(0.,0.819152044288989,-0.573576436351049));
#10199=DIRECTION('center_axis',(-1.,-1.89478062869581E-15,-1.29189588320019E-13));
#10200=DIRECTION('ref_axis',(0.,0.819152044288989,-0.573576436351049));
#10201=DIRECTION('',(1.,0.,0.));
#10202=DIRECTION('center_axis',(0.,-2.08749903583446E-15,1.));
#10203=DIRECTION('ref_axis',(-1.05097384824361E-45,1.,2.08749903583446E-15));
#10204=DIRECTION('',(1.89478062869602E-15,-1.,-2.08749903583446E-15));
#10205=DIRECTION('',(-1.89478062869608E-15,1.,2.08749903583446E-15));
#10206=DIRECTION('',(1.,0.,0.));
#10207=DIRECTION('center_axis',(-1.,0.,0.));
#10208=DIRECTION('ref_axis',(0.,-2.8906252933815E-15,1.));
#10209=DIRECTION('center_axis',(1.,1.89478062869581E-15,1.00929365875014E-13));
#10210=DIRECTION('ref_axis',(0.,-2.8906252933815E-15,1.));
#10211=DIRECTION('center_axis',(-1.,-1.89478062869581E-15,-1.29189588320019E-13));
#10212=DIRECTION('ref_axis',(0.,-2.8906252933815E-15,1.));
#10213=DIRECTION('',(1.,0.,0.));
#10214=DIRECTION('center_axis',(0.,-0.819152044288992,0.573576436351046));
#10215=DIRECTION('ref_axis',(-1.97215226305253E-31,0.573576436351046,0.819152044288992));
#10216=DIRECTION('',(8.37632979059838E-14,-0.573576436351046,-0.819152044288992));
#10217=DIRECTION('',(-1.06912716893871E-13,0.573576436351046,0.819152044288992));
#10218=DIRECTION('',(1.,0.,0.));
#10219=DIRECTION('center_axis',(-1.,0.,0.));
#10220=DIRECTION('ref_axis',(0.,-0.81915204428899,0.573576436351049));
#10221=DIRECTION('center_axis',(1.,1.89478062869581E-15,1.00929365875014E-13));
#10222=DIRECTION('ref_axis',(0.,-0.81915204428899,0.573576436351049));
#10223=DIRECTION('center_axis',(-1.,-1.89478062869581E-15,-1.29189588320019E-13));
#10224=DIRECTION('ref_axis',(0.,-0.81915204428899,0.573576436351049));
#10225=DIRECTION('center_axis',(0.,-1.55026680511913E-15,-1.));
#10226=DIRECTION('ref_axis',(2.18952950303797E-47,-1.,1.55026680511913E-15));
#10227=DIRECTION('',(-1.89478062869566E-15,1.,-1.55026680511913E-15));
#10228=DIRECTION('',(1.,0.,0.));
#10229=DIRECTION('',(1.89478062869561E-15,-1.,1.55026680511913E-15));
#10230=DIRECTION('',(1.,0.,0.));
#10231=DIRECTION('center_axis',(-1.,0.,0.));
#10232=DIRECTION('ref_axis',(0.,-1.04320510021205E-14,-1.));
#10233=DIRECTION('center_axis',(1.,1.89478062869581E-15,1.00929365875014E-13));
#10234=DIRECTION('ref_axis',(0.,-1.04320510021205E-14,-1.));
#10235=DIRECTION('center_axis',(-1.,-1.89478062869581E-15,-1.29189588320019E-13));
#10236=DIRECTION('ref_axis',(0.,-1.04320510021205E-14,-1.));
#10237=DIRECTION('',(1.,0.,0.));
#10238=DIRECTION('center_axis',(0.,0.819152044288991,-0.573576436351047));
#10239=DIRECTION('ref_axis',(1.97215226305253E-31,-0.573576436351047,-0.819152044288991));
#10240=DIRECTION('',(-8.37632979059837E-14,0.573576436351047,0.819152044288991));
#10241=DIRECTION('',(1.06912716893871E-13,-0.573576436351047,-0.819152044288991));
#10242=DIRECTION('',(-1.,0.,0.));
#10243=DIRECTION('center_axis',(-1.,0.,0.));
#10244=DIRECTION('ref_axis',(0.,0.81915204428899,-0.573576436351048));
#10245=DIRECTION('center_axis',(1.,1.89478062869581E-15,1.00929365875014E-13));
#10246=DIRECTION('ref_axis',(0.,0.81915204428899,-0.573576436351048));
#10247=DIRECTION('center_axis',(-1.,-1.89478062869581E-15,-1.29189588320019E-13));
#10248=DIRECTION('ref_axis',(0.,0.81915204428899,-0.573576436351048));
#10249=DIRECTION('',(1.,0.,0.));
#10250=DIRECTION('center_axis',(0.,-2.08749903583446E-15,1.));
#10251=DIRECTION('ref_axis',(-1.05097384824361E-45,1.,2.08749903583446E-15));
#10252=DIRECTION('',(1.89478062869602E-15,-1.,-2.08749903583446E-15));
#10253=DIRECTION('',(-1.89478062869608E-15,1.,2.08749903583446E-15));
#10254=DIRECTION('',(1.,0.,0.));
#10255=DIRECTION('center_axis',(-1.,0.,0.));
#10256=DIRECTION('ref_axis',(0.,-2.8906252933815E-15,1.));
#10257=DIRECTION('center_axis',(1.,1.89478062869581E-15,1.00929365875014E-13));
#10258=DIRECTION('ref_axis',(0.,-2.8906252933815E-15,1.));
#10259=DIRECTION('center_axis',(-1.,-1.89478062869581E-15,-1.29189588320019E-13));
#10260=DIRECTION('ref_axis',(0.,-2.8906252933815E-15,1.));
#10261=DIRECTION('',(1.,0.,0.));
#10262=DIRECTION('center_axis',(0.,-0.819152044288992,0.573576436351046));
#10263=DIRECTION('ref_axis',(-1.97215226305253E-31,0.573576436351046,0.819152044288992));
#10264=DIRECTION('',(8.37632979059838E-14,-0.573576436351046,-0.819152044288992));
#10265=DIRECTION('',(-1.06912716893871E-13,0.573576436351046,0.819152044288992));
#10266=DIRECTION('',(1.,0.,0.));
#10267=DIRECTION('center_axis',(-1.,0.,0.));
#10268=DIRECTION('ref_axis',(0.,-0.81915204428899,0.573576436351049));
#10269=DIRECTION('center_axis',(1.,1.89478062869581E-15,1.00929365875014E-13));
#10270=DIRECTION('ref_axis',(0.,-0.81915204428899,0.573576436351049));
#10271=DIRECTION('center_axis',(-1.,-1.89478062869581E-15,-1.29189588320019E-13));
#10272=DIRECTION('ref_axis',(0.,-0.81915204428899,0.573576436351049));
#10273=DIRECTION('center_axis',(0.,-1.55026680511913E-15,-1.));
#10274=DIRECTION('ref_axis',(2.18952950303797E-47,-1.,1.55026680511913E-15));
#10275=DIRECTION('',(-1.89478062869566E-15,1.,-1.55026680511913E-15));
#10276=DIRECTION('',(1.,0.,0.));
#10277=DIRECTION('',(1.89478062869561E-15,-1.,1.55026680511913E-15));
#10278=DIRECTION('',(1.,0.,0.));
#10279=DIRECTION('center_axis',(-1.,0.,0.));
#10280=DIRECTION('ref_axis',(0.,-8.21160495287016E-15,-1.));
#10281=DIRECTION('center_axis',(1.,1.89478062869581E-15,1.00929365875014E-13));
#10282=DIRECTION('ref_axis',(0.,-8.21160495287016E-15,-1.));
#10283=DIRECTION('center_axis',(-1.,-1.89478062869581E-15,-1.29189588320019E-13));
#10284=DIRECTION('ref_axis',(0.,-8.21160495287016E-15,-1.));
#10285=DIRECTION('',(1.,0.,0.));
#10286=DIRECTION('center_axis',(0.,0.819152044288991,-0.573576436351047));
#10287=DIRECTION('ref_axis',(1.97215226305253E-31,-0.573576436351047,-0.819152044288991));
#10288=DIRECTION('',(-8.37632979059837E-14,0.573576436351047,0.819152044288991));
#10289=DIRECTION('',(1.06912716893871E-13,-0.573576436351047,-0.819152044288991));
#10290=DIRECTION('',(-1.,0.,0.));
#10291=DIRECTION('center_axis',(-1.,0.,0.));
#10292=DIRECTION('ref_axis',(0.,0.81915204428899,-0.573576436351048));
#10293=DIRECTION('center_axis',(1.,1.89478062869581E-15,1.00929365875014E-13));
#10294=DIRECTION('ref_axis',(0.,0.81915204428899,-0.573576436351048));
#10295=DIRECTION('center_axis',(-1.,-1.89478062869581E-15,-1.29189588320019E-13));
#10296=DIRECTION('ref_axis',(0.,0.81915204428899,-0.573576436351048));
#10297=DIRECTION('',(1.,0.,0.));
#10298=DIRECTION('center_axis',(0.,-2.08749903583447E-15,1.));
#10299=DIRECTION('ref_axis',(-7.00649232162409E-46,1.,2.08749903583447E-15));
#10300=DIRECTION('',(1.89478062869602E-15,-1.,-2.08749903583447E-15));
#10301=DIRECTION('',(-1.89478062869608E-15,1.,2.08749903583447E-15));
#10302=DIRECTION('',(1.,0.,0.));
#10303=DIRECTION('center_axis',(-1.,0.,0.));
#10304=DIRECTION('ref_axis',(0.,-2.8906252933815E-15,1.));
#10305=DIRECTION('center_axis',(1.,1.89478062869581E-15,1.00929365875014E-13));
#10306=DIRECTION('ref_axis',(0.,-2.8906252933815E-15,1.));
#10307=DIRECTION('center_axis',(-1.,-1.89478062869581E-15,-1.29189588320019E-13));
#10308=DIRECTION('ref_axis',(0.,-2.8906252933815E-15,1.));
#10309=DIRECTION('',(1.,0.,0.));
#10310=DIRECTION('center_axis',(0.,-0.819152044288991,0.573576436351047));
#10311=DIRECTION('ref_axis',(-1.97215226305253E-31,0.573576436351047,0.819152044288991));
#10312=DIRECTION('',(8.37632979059837E-14,-0.573576436351047,-0.819152044288991));
#10313=DIRECTION('',(-1.06912716893871E-13,0.573576436351047,0.819152044288991));
#10314=DIRECTION('',(1.,0.,0.));
#10315=DIRECTION('center_axis',(-1.,0.,0.));
#10316=DIRECTION('ref_axis',(0.,-0.81915204428899,0.573576436351049));
#10317=DIRECTION('center_axis',(1.,1.89478062869581E-15,1.00929365875014E-13));
#10318=DIRECTION('ref_axis',(0.,-0.81915204428899,0.573576436351049));
#10319=DIRECTION('center_axis',(-1.,-1.89478062869581E-15,-1.29189588320019E-13));
#10320=DIRECTION('ref_axis',(0.,-0.81915204428899,0.573576436351049));
#10321=DIRECTION('center_axis',(0.,-1.55026680511913E-15,-1.));
#10322=DIRECTION('ref_axis',(2.18952950303797E-47,-1.,1.55026680511913E-15));
#10323=DIRECTION('',(-1.89478062869566E-15,1.,-1.55026680511913E-15));
#10324=DIRECTION('',(1.,0.,0.));
#10325=DIRECTION('',(1.89478062869561E-15,-1.,1.55026680511913E-15));
#10326=DIRECTION('',(1.,0.,0.));
#10327=DIRECTION('center_axis',(-1.,0.,0.));
#10328=DIRECTION('ref_axis',(0.,-1.04320510021205E-14,-1.));
#10329=DIRECTION('center_axis',(1.,1.89478062869581E-15,1.00929365875014E-13));
#10330=DIRECTION('ref_axis',(0.,-1.04320510021205E-14,-1.));
#10331=DIRECTION('center_axis',(-1.,-1.89478062869581E-15,-1.29189588320019E-13));
#10332=DIRECTION('ref_axis',(0.,-1.04320510021205E-14,-1.));
#10333=DIRECTION('',(1.,0.,0.));
#10334=DIRECTION('center_axis',(0.,0.819152044288991,-0.573576436351048));
#10335=DIRECTION('ref_axis',(1.97215226305253E-31,-0.573576436351048,-0.819152044288991));
#10336=DIRECTION('',(-8.37632979059837E-14,0.573576436351048,0.819152044288991));
#10337=DIRECTION('',(1.06912716893871E-13,-0.573576436351048,-0.819152044288991));
#10338=DIRECTION('',(-1.,0.,0.));
#10339=DIRECTION('center_axis',(-1.,0.,0.));
#10340=DIRECTION('ref_axis',(0.,0.819152044288992,-0.573576436351045));
#10341=DIRECTION('center_axis',(1.,1.89478062869581E-15,1.00929365875014E-13));
#10342=DIRECTION('ref_axis',(0.,0.819152044288992,-0.573576436351045));
#10343=DIRECTION('center_axis',(-1.,-1.89478062869581E-15,-1.29189588320019E-13));
#10344=DIRECTION('ref_axis',(0.,0.819152044288992,-0.573576436351045));
#10345=DIRECTION('',(1.,0.,0.));
#10346=DIRECTION('center_axis',(0.,-2.08749903583448E-15,1.));
#10347=DIRECTION('ref_axis',(-7.00649232162409E-46,1.,2.08749903583448E-15));
#10348=DIRECTION('',(1.89478062869602E-15,-1.,-2.08749903583448E-15));
#10349=DIRECTION('',(-1.89478062869608E-15,1.,2.08749903583448E-15));
#10350=DIRECTION('',(1.,0.,0.));
#10351=DIRECTION('center_axis',(-1.,0.,0.));
#10352=DIRECTION('ref_axis',(0.,-7.33151739188213E-15,1.));
#10353=DIRECTION('center_axis',(1.,1.89478062869581E-15,1.00929365875014E-13));
#10354=DIRECTION('ref_axis',(0.,-7.33151739188213E-15,1.));
#10355=DIRECTION('center_axis',(-1.,-1.89478062869581E-15,-1.29189588320019E-13));
#10356=DIRECTION('ref_axis',(0.,-7.33151739188213E-15,1.));
#10357=DIRECTION('',(1.,0.,0.));
#10358=DIRECTION('center_axis',(0.,-0.819152044288991,0.573576436351047));
#10359=DIRECTION('ref_axis',(-2.46519032881566E-31,0.573576436351047,0.819152044288991));
#10360=DIRECTION('',(8.37632979059837E-14,-0.573576436351047,-0.819152044288991));
#10361=DIRECTION('',(-1.06912716893871E-13,0.573576436351047,0.819152044288991));
#10362=DIRECTION('',(1.,0.,0.));
#10363=DIRECTION('center_axis',(-1.,0.,0.));
#10364=DIRECTION('ref_axis',(0.,-0.819152044288989,0.573576436351051));
#10365=DIRECTION('center_axis',(1.,1.89478062869581E-15,1.00929365875014E-13));
#10366=DIRECTION('ref_axis',(0.,-0.819152044288989,0.573576436351051));
#10367=DIRECTION('center_axis',(-1.,-1.89478062869581E-15,-1.29189588320019E-13));
#10368=DIRECTION('ref_axis',(0.,-0.819152044288989,0.573576436351051));
#10369=DIRECTION('center_axis',(1.00929365875014E-13,0.,-1.));
#10370=DIRECTION('ref_axis',(-2.18628534080029E-14,-1.,-2.20661082632541E-27));
#10371=DIRECTION('center_axis',(1.01259278739718E-13,-3.30952067792581E-16,
-1.));
#10372=DIRECTION('ref_axis',(-2.18628534080029E-14,-1.,-2.82446337473673E-27));
#10373=DIRECTION('center_axis',(1.00929365875014E-13,0.,-1.));
#10374=DIRECTION('ref_axis',(4.37257068160039E-14,1.,4.41322165265063E-27));
#10375=DIRECTION('',(1.00929365875014E-13,0.,-1.));
#10376=DIRECTION('center_axis',(1.01259278739718E-13,-3.30952067792581E-16,
-1.));
#10377=DIRECTION('ref_axis',(4.37257068160039E-14,1.,5.64888882346815E-27));
#10378=DIRECTION('',(1.00929365875014E-13,0.,-1.));
#10379=DIRECTION('center_axis',(9.39560642327405E-14,0.,-1.));
#10380=DIRECTION('ref_axis',(1.,-7.93668449261875E-44,9.39560642327405E-14));
#10381=DIRECTION('center_axis',(-1.01259278739718E-13,3.30952067792442E-16,
1.));
#10382=DIRECTION('ref_axis',(1.,-7.93668449261875E-44,9.39560642327405E-14));
#10383=DIRECTION('',(-9.39560642327405E-14,0.,1.));
#10384=DIRECTION('center_axis',(9.39560642327405E-14,0.,-1.));
#10385=DIRECTION('ref_axis',(1.,-7.93668449261875E-44,9.39560642327405E-14));
#10386=DIRECTION('center_axis',(-1.01259278739718E-13,3.30952067792442E-16,
1.));
#10387=DIRECTION('ref_axis',(1.,-7.93668449261875E-44,9.39560642327405E-14));
#10388=DIRECTION('',(-9.39560642327405E-14,0.,1.));
#10389=DIRECTION('center_axis',(-1.01259278739718E-13,3.30952067792442E-16,
1.));
#10390=DIRECTION('ref_axis',(1.,0.,1.01252349810784E-13));
#10391=DIRECTION('center_axis',(-1.01259278739718E-13,3.30952067792442E-16,
1.));
#10392=DIRECTION('ref_axis',(0.988276032893058,0.152677708946523,9.99993921382429E-14));
#10393=DIRECTION('center_axis',(9.39560642327405E-14,0.,-1.));
#10394=DIRECTION('ref_axis',(1.37862085383937E-7,0.99999999999999,1.29529789495731E-20));
#10395=DIRECTION('',(9.39560642327405E-14,0.,-1.));
#10396=DIRECTION('center_axis',(-1.01259278739718E-13,3.30952067792442E-16,
1.));
#10397=DIRECTION('ref_axis',(1.37862085383937E-7,0.99999999999999,1.29529789495731E-20));
#10398=DIRECTION('',(-9.39560642327405E-14,0.,1.));
#10399=DIRECTION('center_axis',(-1.01259278739718E-13,3.30952067792442E-16,
1.));
#10400=DIRECTION('ref_axis',(1.,0.,1.01252293667267E-13));
#10401=DIRECTION('center_axis',(-1.01259278739718E-13,3.30952067792442E-16,
1.));
#10402=DIRECTION('ref_axis',(0.597158606068776,0.80212318205996,6.01898972830793E-14));
#10403=DIRECTION('center_axis',(8.54017321754613E-17,-1.,3.30952067792451E-16));
#10404=DIRECTION('ref_axis',(-1.,-8.54017321754948E-17,-1.01286454360137E-13));
#10405=DIRECTION('center_axis',(9.39560642327405E-14,0.,-1.));
#10406=DIRECTION('ref_axis',(2.58379176640031E-14,1.,2.42762979253293E-27));
#10407=DIRECTION('',(9.39560642327405E-14,0.,-1.));
#10408=DIRECTION('center_axis',(-1.01259278739718E-13,3.30952067792442E-16,
1.));
#10409=DIRECTION('ref_axis',(2.58379176640031E-14,1.,2.42762979253293E-27));
#10410=DIRECTION('',(9.39560642327405E-14,0.,-1.));
#10411=DIRECTION('center_axis',(9.39560642327405E-14,0.,-1.));
#10412=DIRECTION('ref_axis',(1.,-7.93668449261875E-44,9.39560642327405E-14));
#10413=DIRECTION('center_axis',(-1.01259278739718E-13,3.30952067792442E-16,
1.));
#10414=DIRECTION('ref_axis',(1.,-7.93668449261875E-44,9.39560642327405E-14));
#10415=DIRECTION('',(-9.39560642327404E-14,0.,1.));
#10416=DIRECTION('center_axis',(1.01259278739718E-13,-3.30952067792442E-16,
-1.));
#10417=DIRECTION('ref_axis',(-1.,0.,-1.01259278739718E-13));
#10418=DIRECTION('center_axis',(1.01259278739718E-13,-3.30952067792442E-16,
-1.));
#10419=DIRECTION('ref_axis',(-1.,0.,-1.01259278739718E-13));
#10420=DIRECTION('center_axis',(1.01259278739718E-13,-3.30952067792442E-16,
-1.));
#10421=DIRECTION('ref_axis',(-1.,0.,-1.01259278739718E-13));
#10422=DIRECTION('center_axis',(9.39560642327405E-14,0.,-1.));
#10423=DIRECTION('ref_axis',(1.,-7.93668449261875E-44,9.39560642327404E-14));
#10424=DIRECTION('center_axis',(-1.01259278739718E-13,3.30952067792442E-16,
1.));
#10425=DIRECTION('ref_axis',(1.,-7.93668449261875E-44,9.39560642327404E-14));
#10426=DIRECTION('',(9.39560642327405E-14,0.,-1.));
#10427=DIRECTION('center_axis',(9.39560642327405E-14,0.,-1.));
#10428=DIRECTION('ref_axis',(1.37862085383937E-7,0.99999999999999,1.29529789495731E-20));
#10429=DIRECTION('center_axis',(-1.01259278739718E-13,3.30952067792442E-16,
1.));
#10430=DIRECTION('ref_axis',(1.37862085383937E-7,0.99999999999999,1.29529789495731E-20));
#10431=DIRECTION('',(9.39560642327405E-14,0.,-1.));
#10432=DIRECTION('center_axis',(1.01259278739718E-13,-3.30952067792581E-16,
-1.));
#10433=DIRECTION('ref_axis',(-1.,0.,-1.01259278739718E-13));
#10434=DIRECTION('',(1.,-7.93668449261875E-44,1.01259278739718E-13));
#10435=DIRECTION('',(7.81597009336044E-13,-1.,3.30952067871725E-16));
#10436=DIRECTION('',(-1.,7.93668449261875E-44,-1.01259278739718E-13));
#10437=DIRECTION('',(-8.52651282912169E-13,1.,-3.3095206787892E-16));
#10438=DIRECTION('center_axis',(-1.,-8.52651282912169E-13,-1.06915521368291E-13));
#10439=DIRECTION('ref_axis',(-8.52651282912169E-13,1.,-3.30952067866858E-16));
#10440=DIRECTION('',(1.06915521368291E-13,0.,-1.));
#10441=DIRECTION('',(8.52651282912169E-13,-1.,3.30952067878781E-16));
#10442=DIRECTION('',(1.06915521368291E-13,0.,-1.));
#10443=DIRECTION('center_axis',(1.,7.81597009336044E-13,1.06915521368291E-13));
#10444=DIRECTION('ref_axis',(7.81597009336044E-13,-1.,3.30952067859663E-16));
#10445=DIRECTION('',(1.06915521368291E-13,0.,-1.));
#10446=DIRECTION('',(-7.81597009336044E-13,1.,-3.30952067871586E-16));
#10447=DIRECTION('',(1.06915521368291E-13,0.,-1.));
#10448=DIRECTION('center_axis',(1.01259278739718E-13,-3.30952067792442E-16,
-1.));
#10449=DIRECTION('ref_axis',(-1.,0.,-1.01259278739718E-13));
#10450=DIRECTION('',(1.,-7.93668449261875E-44,1.01259278739718E-13));
#10451=DIRECTION('',(-7.81597009336044E-13,1.,-3.30952067871586E-16));
#10452=DIRECTION('',(-1.,7.93668449261875E-44,-1.01259278739718E-13));
#10453=DIRECTION('center_axis',(1.01259278739718E-13,-3.30952067792442E-16,
-1.));
#10454=DIRECTION('ref_axis',(-1.,0.,-1.01259278739718E-13));
#10455=DIRECTION('',(1.,-7.93668449261875E-44,1.01259278739718E-13));
#10456=DIRECTION('',(-1.,7.93668449261875E-44,-1.01259278739718E-13));
#10457=DIRECTION('',(7.81597009336266E-13,-1.,3.30952067871586E-16));
#10458=DIRECTION('center_axis',(1.00929365875014E-13,0.,-1.));
#10459=DIRECTION('ref_axis',(1.,-6.31593542897823E-14,1.00929365875014E-13));
#10460=DIRECTION('',(1.00929365875014E-13,0.,-1.));
#10461=DIRECTION('',(1.00929365875014E-13,0.,-1.));
#10462=DIRECTION('center_axis',(2.7068294695606E-15,1.,2.73198581894552E-28));
#10463=DIRECTION('ref_axis',(1.,-2.7068294695606E-15,1.01259278739718E-13));
#10464=DIRECTION('',(1.00929365875014E-13,0.,-1.));
#10465=DIRECTION('center_axis',(1.00929365875014E-13,0.,-1.));
#10466=DIRECTION('ref_axis',(-3.15796771448921E-14,-1.,-3.18732674913661E-27));
#10467=DIRECTION('center_axis',(1.00929365875014E-13,0.,-1.));
#10468=DIRECTION('ref_axis',(-1.,6.31593542897823E-14,-1.00929365875014E-13));
#10469=DIRECTION('',(1.00929365875014E-13,0.,-1.));
#10470=DIRECTION('center_axis',(1.,7.81597009336044E-13,1.00929365875014E-13));
#10471=DIRECTION('ref_axis',(7.81597009336044E-13,-1.,3.30952067871522E-16));
#10472=DIRECTION('',(1.00929365875014E-13,0.,-1.));
#10473=DIRECTION('',(-1.00929365875014E-13,-2.24292469237226E-57,1.));
#10474=DIRECTION('center_axis',(-7.93668449261875E-44,-1.,-8.01044532990069E-57));
#10475=DIRECTION('ref_axis',(-1.,7.93668449261875E-44,-1.01259278739718E-13));
#10476=DIRECTION('',(1.00929365875014E-13,0.,-1.));
#10477=DIRECTION('',(-1.00929365875014E-13,0.,1.));
#10478=DIRECTION('center_axis',(1.00929365875014E-13,0.,-1.));
#10479=DIRECTION('ref_axis',(6.31593542897803E-14,1.,6.37465349827282E-27));
#10480=DIRECTION('',(1.00929365875014E-13,0.,-1.));
#10481=DIRECTION('center_axis',(-1.,-1.89478062869581E-15,-1.00929365875014E-13));
#10482=DIRECTION('ref_axis',(-1.89478062869578E-15,1.,-3.30952067792634E-16));
#10483=DIRECTION('',(9.39560642327405E-14,0.,-1.));
#10484=DIRECTION('',(3.35119676820852E-29,1.,-3.30952067792442E-16));
#10485=DIRECTION('',(1.0691552136829E-13,0.,-1.));
#10486=DIRECTION('',(-7.30843956781829E-13,1.,-3.30952067866447E-16));
#10487=DIRECTION('',(1.0691552136829E-13,0.,-1.));
#10488=DIRECTION('',(3.35119676820852E-29,1.,-3.30952067792442E-16));
#10489=DIRECTION('',(9.39560642327405E-14,0.,-1.));
#10490=DIRECTION('',(9.39560642327405E-14,0.,-1.));
#10491=DIRECTION('',(-1.89478062869578E-15,1.,-3.30952067792634E-16));
#10492=DIRECTION('',(1.0691552136829E-13,0.,-1.));
#10493=DIRECTION('',(-1.89478062869578E-15,1.,-3.30952067792634E-16));
#10494=DIRECTION('',(1.0691552136829E-13,0.,-1.));
#10495=DIRECTION('',(-1.89478062869578E-15,1.,-3.30952067792634E-16));
#10496=DIRECTION('',(9.39560642327405E-14,0.,-1.));
#10497=DIRECTION('center_axis',(-1.,-7.81597009336266E-13,-1.00929365875014E-13));
#10498=DIRECTION('ref_axis',(-7.81597009336266E-13,1.,-3.30952067871522E-16));
#10499=DIRECTION('',(1.00929365875014E-13,2.24292469237226E-57,-1.));
#10500=DIRECTION('center_axis',(-0.84672378344214,0.53203273823462,-9.05279147616475E-14));
#10501=DIRECTION('ref_axis',(0.53203273823462,0.84672378344214,5.35930263525757E-14));
#10502=DIRECTION('',(-0.53203273823462,-0.84672378344214,-5.35930263525757E-14));
#10503=DIRECTION('',(1.0691552136829E-13,0.,-1.));
#10504=DIRECTION('',(-0.53203273823462,-0.84672378344214,-5.35930263525757E-14));
#10505=DIRECTION('',(1.0691552136829E-13,0.,-1.));
#10506=DIRECTION('center_axis',(1.0691552136829E-13,0.,-1.));
#10507=DIRECTION('ref_axis',(-0.99999999999999,-1.37862181353345E-7,-1.06915521368289E-13));
#10508=DIRECTION('center_axis',(-1.01259278739718E-13,3.30952067792442E-16,
1.));
#10509=DIRECTION('ref_axis',(-0.99999999999999,-1.37862181353345E-7,-1.06915521368289E-13));
#10510=DIRECTION('',(1.0691552136829E-13,0.,-1.));
#10511=DIRECTION('center_axis',(-1.01259278739718E-13,3.30952067792442E-16,
1.));
#10512=DIRECTION('ref_axis',(-0.99999999999999,-1.37862181353345E-7,-1.06915521368289E-13));
#10513=DIRECTION('center_axis',(-0.707107085388876,0.707106476984089,-7.56007226975636E-14));
#10514=DIRECTION('ref_axis',(0.707106476984089,0.707107085388876,7.13670732995318E-14));
#10515=DIRECTION('',(-0.707106476984089,-0.707107085388876,-7.13670732995317E-14));
#10516=DIRECTION('',(1.0691552136829E-13,0.,-1.));
#10517=DIRECTION('',(-0.707106476984089,-0.707107085388876,-7.13670732995317E-14));
#10518=DIRECTION('center_axis',(1.0691552136829E-13,0.,-1.));
#10519=DIRECTION('ref_axis',(-0.99999999999999,-1.37862181353345E-7,-1.06915521368289E-13));
#10520=DIRECTION('center_axis',(-1.01259278739718E-13,3.30952067792442E-16,
1.));
#10521=DIRECTION('ref_axis',(-0.99999999999999,-1.37862181353345E-7,-1.06915521368289E-13));
#10522=DIRECTION('',(1.0691552136829E-13,0.,-1.));
#10523=DIRECTION('center_axis',(-1.01259278739718E-13,3.30952067792442E-16,
1.));
#10524=DIRECTION('ref_axis',(-0.99999999999999,-1.37862181353345E-7,-1.06915521368289E-13));
#10525=DIRECTION('center_axis',(-0.532032802380398,0.846723743136603,-5.68825644515327E-14));
#10526=DIRECTION('ref_axis',(0.846723743136603,0.532032802380398,8.55625581657256E-14));
#10527=DIRECTION('',(-0.846723743136603,-0.532032802380398,-8.55625581657255E-14));
#10528=DIRECTION('',(1.0691552136829E-13,0.,-1.));
#10529=DIRECTION('',(-0.846723743136603,-0.532032802380398,-8.55625581657255E-14));
#10530=DIRECTION('center_axis',(1.0691552136829E-13,0.,-1.));
#10531=DIRECTION('ref_axis',(-0.99999999999999,-1.37862181353345E-7,-1.06915521368289E-13));
#10532=DIRECTION('center_axis',(-1.01259278739718E-13,3.30952067792442E-16,
1.));
#10533=DIRECTION('ref_axis',(-0.99999999999999,-1.37862181353345E-7,-1.06915521368289E-13));
#10534=DIRECTION('',(1.0691552136829E-13,0.,-1.));
#10535=DIRECTION('center_axis',(-1.01259278739718E-13,3.30952067792442E-16,
1.));
#10536=DIRECTION('ref_axis',(-0.99999999999999,-1.37862181353345E-7,-1.06915521368289E-13));
#10537=DIRECTION('center_axis',(-0.330278160549288,0.943883645723443,-3.5311861731687E-14));
#10538=DIRECTION('ref_axis',(0.943883645723443,0.330278160549288,9.5467670939991E-14));
#10539=DIRECTION('',(-0.943883645723443,-0.330278160549288,-9.5467670939991E-14));
#10540=DIRECTION('',(1.0691552136829E-13,0.,-1.));
#10541=DIRECTION('',(-0.943883645723443,-0.330278160549288,-9.5467670939991E-14));
#10542=DIRECTION('center_axis',(1.0691552136829E-13,0.,-1.));
#10543=DIRECTION('ref_axis',(-0.99999999999999,-1.37862181353345E-7,-1.06915521368289E-13));
#10544=DIRECTION('center_axis',(-1.01259278739718E-13,3.30952067792442E-16,
1.));
#10545=DIRECTION('ref_axis',(-0.99999999999999,-1.37862181353345E-7,-1.06915521368289E-13));
#10546=DIRECTION('',(1.0691552136829E-13,0.,-1.));
#10547=DIRECTION('center_axis',(-1.01259278739718E-13,3.30952067792442E-16,
1.));
#10548=DIRECTION('ref_axis',(-0.99999999999999,-1.37862181353345E-7,-1.06915521368289E-13));
#10549=DIRECTION('center_axis',(-0.1119645048565,0.993712206653536,-1.19707434114751E-14));
#10550=DIRECTION('ref_axis',(0.993712206653536,0.1119645048565,1.00585526436189E-13));
#10551=DIRECTION('',(-0.993712206653536,-0.1119645048565,-1.00585526436189E-13));
#10552=DIRECTION('',(1.0691552136829E-13,0.,-1.));
#10553=DIRECTION('',(-0.993712206653536,-0.1119645048565,-1.00585526436189E-13));
#10554=DIRECTION('center_axis',(1.0691552136829E-13,0.,-1.));
#10555=DIRECTION('ref_axis',(-0.99999999999999,-1.37862181353345E-7,-1.06915521368289E-13));
#10556=DIRECTION('center_axis',(-1.01259278739718E-13,3.30952067792442E-16,
1.));
#10557=DIRECTION('ref_axis',(-0.99999999999999,-1.37862181353345E-7,-1.06915521368289E-13));
#10558=DIRECTION('',(1.0691552136829E-13,0.,-1.));
#10559=DIRECTION('center_axis',(-1.01259278739718E-13,3.30952067792442E-16,
1.));
#10560=DIRECTION('ref_axis',(-0.99999999999999,-1.37862181353345E-7,-1.06915521368289E-13));
#10561=DIRECTION('center_axis',(-1.37861906506068E-7,0.999999999999991,
-1.47395776109227E-20));
#10562=DIRECTION('ref_axis',(0.999999999999991,1.37861906506068E-7,1.01259278694094E-13));
#10563=DIRECTION('',(-0.999999999999991,-1.37861906506068E-7,-1.01259278694091E-13));
#10564=DIRECTION('',(-0.999999999999991,-1.37861906506068E-7,-1.01259278694091E-13));
#10565=DIRECTION('center_axis',(1.0691552136829E-13,0.,-1.));
#10566=DIRECTION('ref_axis',(1.,-7.93668449261875E-44,1.0691552136829E-13));
#10567=DIRECTION('center_axis',(1.01259278739718E-13,-3.30952067792442E-16,
-1.));
#10568=DIRECTION('ref_axis',(1.,-7.93668449261875E-44,1.0691552136829E-13));
#10569=DIRECTION('',(1.0691552136829E-13,0.,-1.));
#10570=DIRECTION('center_axis',(1.01259278739718E-13,-3.30952067792442E-16,
-1.));
#10571=DIRECTION('ref_axis',(1.,-7.93668449261875E-44,1.0691552136829E-13));
#10572=DIRECTION('',(1.0691552136829E-13,0.,-1.));
#10573=DIRECTION('center_axis',(0.889025529555072,0.457857628307451,9.50506280021007E-14));
#10574=DIRECTION('ref_axis',(0.457857628307451,-0.889025529555072,4.66565580452171E-14));
#10575=DIRECTION('',(-0.457857628307451,0.889025529555072,-4.6656558045217E-14));
#10576=DIRECTION('',(1.0691552136829E-13,0.,-1.));
#10577=DIRECTION('',(-0.457857628307451,0.889025529555072,-4.6656558045217E-14));
#10578=DIRECTION('center_axis',(-1.,-7.99360863603863E-13,-1.0691552136829E-13));
#10579=DIRECTION('ref_axis',(-7.99360863603863E-13,1.,-3.30952067873633E-16));
#10580=DIRECTION('',(7.99360863603863E-13,-1.,3.30952067873385E-16));
#10581=DIRECTION('',(7.99360863603863E-13,-1.,3.30952067873385E-16));
#10582=DIRECTION('center_axis',(-0.846724472296403,-0.532031641929668,-9.05279884108602E-14));
#10583=DIRECTION('ref_axis',(-0.532031641929667,0.846724472296403,-5.41533655434631E-14));
#10584=DIRECTION('',(0.532031641929667,-0.846724472296403,5.4153365543463E-14));
#10585=DIRECTION('',(1.0691552136829E-13,0.,-1.));
#10586=DIRECTION('',(0.532031641929667,-0.846724472296403,5.4153365543463E-14));
#10587=DIRECTION('',(1.0691552136829E-13,0.,-1.));
#10588=DIRECTION('center_axis',(1.0691552136829E-13,0.,-1.));
#10589=DIRECTION('ref_axis',(1.37862018943582E-7,-0.99999999999999,1.47395896322697E-20));
#10590=DIRECTION('center_axis',(-1.01259278739718E-13,3.30952067792442E-16,
1.));
#10591=DIRECTION('ref_axis',(1.37862018943582E-7,-0.99999999999999,1.47395896322697E-20));
#10592=DIRECTION('center_axis',(-1.01259278739718E-13,3.30952067792442E-16,
1.));
#10593=DIRECTION('ref_axis',(1.37862018943582E-7,-0.99999999999999,1.47395896322697E-20));
#10594=DIRECTION('',(1.0691552136829E-13,0.,-1.));
#10595=DIRECTION('center_axis',(-0.707106476984099,-0.707107085388865,-7.56006576496497E-14));
#10596=DIRECTION('ref_axis',(-0.707107085388865,0.707106476984099,-7.18351718089282E-14));
#10597=DIRECTION('',(0.707107085388865,-0.707106476984099,7.18351718089281E-14));
#10598=DIRECTION('',(0.707107085388865,-0.707106476984099,7.18351718089281E-14));
#10599=DIRECTION('',(1.0691552136829E-13,0.,-1.));
#10600=DIRECTION('center_axis',(1.0691552136829E-13,0.,-1.));
#10601=DIRECTION('ref_axis',(1.37862018943582E-7,-0.99999999999999,1.47395896322697E-20));
#10602=DIRECTION('center_axis',(-1.01259278739718E-13,3.30952067792442E-16,
1.));
#10603=DIRECTION('ref_axis',(1.37862018943582E-7,-0.99999999999999,1.47395896322697E-20));
#10604=DIRECTION('center_axis',(-1.01259278739718E-13,3.30952067792442E-16,
1.));
#10605=DIRECTION('ref_axis',(1.37862018943582E-7,-0.99999999999999,1.47395896322697E-20));
#10606=DIRECTION('',(1.0691552136829E-13,0.,-1.));
#10607=DIRECTION('center_axis',(-0.532031929999424,-0.846724291290316,-5.68824711804661E-14));
#10608=DIRECTION('ref_axis',(-0.846724291290316,0.532031929999424,-8.59147680948215E-14));
#10609=DIRECTION('',(0.846724291290316,-0.532031929999424,8.59147680948212E-14));
#10610=DIRECTION('',(0.846724291290316,-0.532031929999424,8.59147680948212E-14));
#10611=DIRECTION('',(1.0691552136829E-13,0.,-1.));
#10612=DIRECTION('center_axis',(1.0691552136829E-13,0.,-1.));
#10613=DIRECTION('ref_axis',(1.37862018943582E-7,-0.99999999999999,1.47395896322697E-20));
#10614=DIRECTION('center_axis',(-1.01259278739718E-13,3.30952067792442E-16,
1.));
#10615=DIRECTION('ref_axis',(1.37862018943582E-7,-0.99999999999999,1.47395896322697E-20));
#10616=DIRECTION('center_axis',(-1.01259278739718E-13,3.30952067792442E-16,
1.));
#10617=DIRECTION('ref_axis',(1.37862018943582E-7,-0.99999999999999,1.47395896322697E-20));
#10618=DIRECTION('',(1.0691552136829E-13,0.,-1.));
#10619=DIRECTION('center_axis',(-0.330280328693486,-0.943882887056505,-3.53120935399542E-14));
#10620=DIRECTION('ref_axis',(-0.943882887056505,0.330280328693486,-9.56862073158367E-14));
#10621=DIRECTION('',(0.943882887056505,-0.330280328693486,9.56862073158368E-14));
#10622=DIRECTION('',(0.943882887056505,-0.330280328693486,9.56862073158368E-14));
#10623=DIRECTION('',(1.0691552136829E-13,0.,-1.));
#10624=DIRECTION('center_axis',(1.0691552136829E-13,0.,-1.));
#10625=DIRECTION('ref_axis',(1.37862018943582E-7,-0.99999999999999,1.47395896322697E-20));
#10626=DIRECTION('center_axis',(-1.01259278739718E-13,3.30952067792442E-16,
1.));
#10627=DIRECTION('ref_axis',(1.37862018943582E-7,-0.99999999999999,1.47395896322697E-20));
#10628=DIRECTION('center_axis',(-1.01259278739718E-13,3.30952067792442E-16,
1.));
#10629=DIRECTION('ref_axis',(1.37862018943582E-7,-0.99999999999999,1.47395896322697E-20));
#10630=DIRECTION('',(1.0691552136829E-13,0.,-1.));
#10631=DIRECTION('center_axis',(-0.111963303301733,-0.993712342035543,-1.19706149466208E-14));
#10632=DIRECTION('ref_axis',(-0.993712342035543,0.111963303301733,-1.00659649516018E-13));
#10633=DIRECTION('',(0.993712342035543,-0.111963303301733,1.0065964951602E-13));
#10634=DIRECTION('',(0.993712342035543,-0.111963303301733,1.0065964951602E-13));
#10635=DIRECTION('',(1.0691552136829E-13,0.,-1.));
#10636=DIRECTION('center_axis',(1.0691552136829E-13,0.,-1.));
#10637=DIRECTION('ref_axis',(1.37862018943582E-7,-0.99999999999999,1.47395896322697E-20));
#10638=DIRECTION('center_axis',(-1.01259278739718E-13,3.30952067792442E-16,
1.));
#10639=DIRECTION('ref_axis',(1.37862018943582E-7,-0.99999999999999,1.47395896322697E-20));
#10640=DIRECTION('center_axis',(-1.01259278739718E-13,3.30952067792442E-16,
1.));
#10641=DIRECTION('ref_axis',(1.37862018943582E-7,-0.99999999999999,1.47395896322697E-20));
#10642=DIRECTION('',(1.0691552136829E-13,0.,-1.));
#10643=DIRECTION('center_axis',(1.37858364724255E-7,-0.999999999999991,
1.47391989394736E-20));
#10644=DIRECTION('ref_axis',(-0.999999999999991,-1.37858364724255E-7,-1.01259278694095E-13));
#10645=DIRECTION('',(0.999999999999991,1.37858364724255E-7,1.01259278694093E-13));
#10646=DIRECTION('',(0.999999999999991,1.37858364724255E-7,1.01259278694093E-13));
#10647=DIRECTION('center_axis',(1.01259278739718E-13,-3.30952067792442E-16,
-1.));
#10648=DIRECTION('ref_axis',(-1.,0.,-1.01259278739718E-13));
#10649=DIRECTION('center_axis',(-1.01259278739718E-13,3.30952067792442E-16,
1.));
#10650=DIRECTION('ref_axis',(1.37862018943582E-7,-0.99999999999999,1.47395896322697E-20));
#10651=DIRECTION('',(0.330279427491131,-0.943883202401722,3.37562367079084E-14));
#10652=DIRECTION('center_axis',(-1.01259278739718E-13,3.30952067792442E-16,
1.));
#10653=DIRECTION('ref_axis',(1.37862018943582E-7,-0.99999999999999,1.47395896322697E-20));
#10654=DIRECTION('',(0.111964380842438,-0.99371222062656,1.16663035628513E-14));
#10655=DIRECTION('center_axis',(-1.01259278739718E-13,3.30952067792442E-16,
1.));
#10656=DIRECTION('ref_axis',(1.37862018943582E-7,-0.99999999999999,1.47395896322697E-20));
#10657=DIRECTION('',(-0.111964651606302,-0.993712190118789,-1.10085887618876E-14));
#10658=DIRECTION('center_axis',(-1.01259278739718E-13,3.30952067792442E-16,
1.));
#10659=DIRECTION('ref_axis',(-0.99999999999999,-1.37862181353345E-7,-1.06915521368289E-13));
#10660=DIRECTION('',(-0.330278668822881,-0.943883467871212,-3.31313996026721E-14));
#10661=DIRECTION('center_axis',(-1.01259278739718E-13,3.30952067792442E-16,
1.));
#10662=DIRECTION('ref_axis',(-0.99999999999999,-1.37862181353345E-7,-1.06915521368289E-13));
#10663=DIRECTION('center_axis',(1.01259278739718E-13,-3.30952067792442E-16,
-1.));
#10664=DIRECTION('ref_axis',(-1.,0.,-1.01259278739718E-13));
#10665=DIRECTION('',(0.53203273823462,0.84672378344214,5.35930263525757E-14));
#10666=DIRECTION('',(0.330278668822881,0.943883467871212,3.31313996026721E-14));
#10667=DIRECTION('center_axis',(1.01259278739718E-13,-3.30952067792442E-16,
-1.));
#10668=DIRECTION('ref_axis',(-0.99999999999999,-1.37862181353345E-7,-9.39560642327396E-14));
#10669=DIRECTION('',(0.330278668822881,0.943883467871212,3.31313996026721E-14));
#10670=DIRECTION('',(0.111964651606302,0.993712190118789,1.10085887618876E-14));
#10671=DIRECTION('center_axis',(1.01259278739718E-13,-3.30952067792442E-16,
-1.));
#10672=DIRECTION('ref_axis',(-0.99999999999999,-1.37862181353345E-7,-9.39560642327396E-14));
#10673=DIRECTION('',(0.111964651606302,0.993712190118789,1.10085887618876E-14));
#10674=DIRECTION('',(-0.111964380842438,0.99371222062656,-1.16663035628513E-14));
#10675=DIRECTION('center_axis',(1.01259278739718E-13,-3.30952067792442E-16,
-1.));
#10676=DIRECTION('ref_axis',(1.37862018943582E-7,-0.99999999999999,1.29529727070842E-20));
#10677=DIRECTION('',(-0.111964380842438,0.99371222062656,-1.16663035628513E-14));
#10678=DIRECTION('',(-0.330279427491131,0.943883202401722,-3.37562367079084E-14));
#10679=DIRECTION('center_axis',(1.01259278739718E-13,-3.30952067792442E-16,
-1.));
#10680=DIRECTION('ref_axis',(1.37862018943582E-7,-0.99999999999999,1.29529727070842E-20));
#10681=DIRECTION('',(-0.330279427491131,0.943883202401722,-3.37562367079084E-14));
#10682=DIRECTION('',(-0.532031641929667,0.846724472296403,-5.4153365543463E-14));
#10683=DIRECTION('',(0.999999999999991,1.3786208538394E-7,1.01259278694091E-13));
#10684=DIRECTION('center_axis',(-1.01259278739718E-13,3.30952067792442E-16,
1.));
#10685=DIRECTION('ref_axis',(1.37862033708102E-7,-0.99999999999999,1.29529740943135E-20));
#10686=DIRECTION('',(-0.999999999999991,-1.37861999257554E-7,-1.01259278694091E-13));
#10687=DIRECTION('center_axis',(1.0691552136829E-13,0.,-1.));
#10688=DIRECTION('ref_axis',(1.87194519386158E-30,-1.,0.));
#10689=DIRECTION('center_axis',(-1.01259278739718E-13,3.30952067792442E-16,
1.));
#10690=DIRECTION('ref_axis',(1.87194519386158E-30,-1.,0.));
#10691=DIRECTION('',(1.0691552136829E-13,0.,-1.));
#10692=DIRECTION('center_axis',(-1.01259278739718E-13,3.30952067792442E-16,
1.));
#10693=DIRECTION('ref_axis',(1.87194519386158E-30,-1.,0.));
#10694=DIRECTION('',(1.0691552136829E-13,0.,-1.));
#10695=DIRECTION('center_axis',(-0.99371222062656,-0.111964380842438,-1.0624326015833E-13));
#10696=DIRECTION('ref_axis',(-0.111964380842438,0.99371222062656,-1.16663035628515E-14));
#10697=DIRECTION('',(0.111964380842438,-0.99371222062656,1.16663035628513E-14));
#10698=DIRECTION('',(1.0691552136829E-13,0.,-1.));
#10699=DIRECTION('',(0.111964380842438,-0.99371222062656,1.16663035628513E-14));
#10700=DIRECTION('center_axis',(1.0691552136829E-13,0.,-1.));
#10701=DIRECTION('ref_axis',(1.87194519386158E-30,-1.,0.));
#10702=DIRECTION('center_axis',(-1.01259278739718E-13,3.30952067792442E-16,
1.));
#10703=DIRECTION('ref_axis',(1.87194519386158E-30,-1.,0.));
#10704=DIRECTION('',(1.0691552136829E-13,0.,-1.));
#10705=DIRECTION('center_axis',(-1.01259278739718E-13,3.30952067792442E-16,
1.));
#10706=DIRECTION('ref_axis',(1.87194519386158E-30,-1.,0.));
#10707=DIRECTION('center_axis',(-0.993712098593673,0.1119654639099,-1.0624324711112E-13));
#10708=DIRECTION('ref_axis',(0.1119654639099,0.993712098593673,1.10086710454544E-14));
#10709=DIRECTION('',(-0.1119654639099,-0.993712098593673,-1.10086710454545E-14));
#10710=DIRECTION('',(1.0691552136829E-13,0.,-1.));
#10711=DIRECTION('',(-0.1119654639099,-0.993712098593673,-1.10086710454545E-14));
#10712=DIRECTION('center_axis',(1.0691552136829E-13,0.,-1.));
#10713=DIRECTION('ref_axis',(-1.,2.27373675443227E-12,-1.0691552136829E-13));
#10714=DIRECTION('center_axis',(-1.01259278739718E-13,3.30952067792442E-16,
1.));
#10715=DIRECTION('ref_axis',(-1.,2.27373675443227E-12,-1.0691552136829E-13));
#10716=DIRECTION('',(1.0691552136829E-13,0.,-1.));
#10717=DIRECTION('center_axis',(-1.01259278739718E-13,3.30952067792442E-16,
1.));
#10718=DIRECTION('ref_axis',(-1.,2.27373675443227E-12,-1.0691552136829E-13));
#10719=DIRECTION('center_axis',(-0.943884264267078,0.330276392842416,-1.00915878225439E-13));
#10720=DIRECTION('ref_axis',(0.330276392842416,0.943884264267077,3.31311688749628E-14));
#10721=DIRECTION('',(-0.330276392842416,-0.943884264267077,-3.31311688749629E-14));
#10722=DIRECTION('',(1.0691552136829E-13,0.,-1.));
#10723=DIRECTION('',(-0.330276392842416,-0.943884264267077,-3.31311688749629E-14));
#10724=DIRECTION('center_axis',(1.0691552136829E-13,0.,-1.));
#10725=DIRECTION('ref_axis',(-1.,2.27373675443227E-12,-1.0691552136829E-13));
#10726=DIRECTION('center_axis',(-1.01259278739718E-13,3.30952067792442E-16,
1.));
#10727=DIRECTION('ref_axis',(-1.,2.27373675443227E-12,-1.0691552136829E-13));
#10728=DIRECTION('',(1.0691552136829E-13,0.,-1.));
#10729=DIRECTION('center_axis',(-1.01259278739718E-13,3.30952067792442E-16,
1.));
#10730=DIRECTION('ref_axis',(-1.,2.27373675443227E-12,-1.0691552136829E-13));
#10731=DIRECTION('center_axis',(-0.846723783442324,0.532032738234327,-9.05279147616672E-14));
#10732=DIRECTION('ref_axis',(0.532032738234327,0.846723783442324,5.35930263525459E-14));
#10733=DIRECTION('',(-0.532032738234327,-0.846723783442324,-5.35930263525459E-14));
#10734=DIRECTION('',(1.0691552136829E-13,0.,-1.));
#10735=DIRECTION('',(-0.532032738234327,-0.846723783442324,-5.35930263525459E-14));
#10736=DIRECTION('center_axis',(1.0691552136829E-13,0.,-1.));
#10737=DIRECTION('ref_axis',(-1.,2.27373675443227E-12,-1.0691552136829E-13));
#10738=DIRECTION('center_axis',(-1.01259278739718E-13,3.30952067792442E-16,
1.));
#10739=DIRECTION('ref_axis',(-1.,2.27373675443227E-12,-1.0691552136829E-13));
#10740=DIRECTION('',(1.0691552136829E-13,0.,-1.));
#10741=DIRECTION('center_axis',(-1.01259278739718E-13,3.30952067792442E-16,
1.));
#10742=DIRECTION('ref_axis',(-1.,2.27373675443227E-12,-1.0691552136829E-13));
#10743=DIRECTION('center_axis',(-0.707104043354818,0.707109519007677,-7.56003974569063E-14));
#10744=DIRECTION('ref_axis',(0.707109519007677,0.707104043354818,7.13673823394136E-14));
#10745=DIRECTION('',(-0.707109519007677,-0.707104043354818,-7.13673823394136E-14));
#10746=DIRECTION('',(1.0691552136829E-13,0.,-1.));
#10747=DIRECTION('',(-0.707109519007677,-0.707104043354818,-7.13673823394136E-14));
#10748=DIRECTION('center_axis',(1.0691552136829E-13,0.,-1.));
#10749=DIRECTION('ref_axis',(-1.,2.27373675443227E-12,-1.0691552136829E-13));
#10750=DIRECTION('center_axis',(-1.01259278739718E-13,3.30952067792442E-16,
1.));
#10751=DIRECTION('ref_axis',(-1.,2.27373675443227E-12,-1.0691552136829E-13));
#10752=DIRECTION('',(1.0691552136829E-13,0.,-1.));
#10753=DIRECTION('center_axis',(-1.01259278739718E-13,3.30952067792442E-16,
1.));
#10754=DIRECTION('ref_axis',(-1.,2.27373675443227E-12,-1.0691552136829E-13));
#10755=DIRECTION('center_axis',(-0.532035419508535,0.846722098677233,-5.6882844263152E-14));
#10756=DIRECTION('ref_axis',(0.846722098677233,0.532035419508535,8.55623907828118E-14));
#10757=DIRECTION('',(-0.846722098677233,-0.532035419508535,-8.55623907828118E-14));
#10758=DIRECTION('',(1.0691552136829E-13,0.,-1.));
#10759=DIRECTION('',(-0.846722098677233,-0.532035419508535,-8.55623907828118E-14));
#10760=DIRECTION('center_axis',(1.0691552136829E-13,0.,-1.));
#10761=DIRECTION('ref_axis',(-1.,2.27373675443227E-12,-1.0691552136829E-13));
#10762=DIRECTION('center_axis',(-1.01259278739718E-13,3.30952067792442E-16,
1.));
#10763=DIRECTION('ref_axis',(-1.,2.27373675443227E-12,-1.0691552136829E-13));
#10764=DIRECTION('',(1.0691552136829E-13,0.,-1.));
#10765=DIRECTION('center_axis',(-1.01259278739718E-13,3.30952067792442E-16,
1.));
#10766=DIRECTION('ref_axis',(-1.,2.27373675443227E-12,-1.0691552136829E-13));
#10767=DIRECTION('center_axis',(-0.330280328694568,0.943882887056126,-3.53120935400699E-14));
#10768=DIRECTION('ref_axis',(0.943882887056126,0.330280328694568,9.54675934003335E-14));
#10769=DIRECTION('',(-0.943882887056126,-0.330280328694568,-9.54675934003335E-14));
#10770=DIRECTION('',(1.0691552136829E-13,0.,-1.));
#10771=DIRECTION('',(-0.943882887056126,-0.330280328694568,-9.54675934003335E-14));
#10772=DIRECTION('center_axis',(1.0691552136829E-13,0.,-1.));
#10773=DIRECTION('ref_axis',(-1.,2.27373675443227E-12,-1.0691552136829E-13));
#10774=DIRECTION('center_axis',(-1.01259278739718E-13,3.30952067792442E-16,
1.));
#10775=DIRECTION('ref_axis',(-1.,2.27373675443227E-12,-1.0691552136829E-13));
#10776=DIRECTION('',(1.0691552136829E-13,0.,-1.));
#10777=DIRECTION('center_axis',(-1.01259278739718E-13,3.30952067792442E-16,
1.));
#10778=DIRECTION('ref_axis',(-1.,2.27373675443227E-12,-1.0691552136829E-13));
#10779=DIRECTION('center_axis',(-0.111965706409681,0.993712071270235,-1.19708718761599E-14));
#10780=DIRECTION('ref_axis',(0.993712071270235,0.111965706409681,1.00585512329717E-13));
#10781=DIRECTION('',(-0.993712071270235,-0.111965706409681,-1.00585512329717E-13));
#10782=DIRECTION('',(1.0691552136829E-13,0.,-1.));
#10783=DIRECTION('',(-0.993712071270235,-0.111965706409681,-1.00585512329717E-13));
#10784=DIRECTION('center_axis',(-0.943883202401722,-0.330279427491131,-1.00915764695551E-13));
#10785=DIRECTION('ref_axis',(-0.330279427491131,0.943883202401722,-3.37562367079085E-14));
#10786=DIRECTION('',(0.330279427491131,-0.943883202401722,3.37562367079084E-14));
#10787=DIRECTION('',(0.330279427491131,-0.943883202401722,3.37562367079084E-14));
#10788=DIRECTION('',(1.0691552136829E-13,0.,-1.));
#10789=DIRECTION('center_axis',(1.0691552136829E-13,0.,-1.));
#10790=DIRECTION('ref_axis',(1.87194519386158E-30,-1.,0.));
#10791=DIRECTION('center_axis',(-1.01259278739718E-13,3.30952067792442E-16,
1.));
#10792=DIRECTION('ref_axis',(1.87194519386158E-30,-1.,0.));
#10793=DIRECTION('center_axis',(-1.01259278739718E-13,3.30952067792442E-16,
1.));
#10794=DIRECTION('ref_axis',(1.87194519386158E-30,-1.,0.));
#10795=DIRECTION('',(1.0691552136829E-13,0.,-1.));
#10796=DIRECTION('center_axis',(-0.84672653883542,-0.532028353033736,-9.05282093559566E-14));
#10797=DIRECTION('ref_axis',(-0.532028353033736,0.84672653883542,-5.41530331961586E-14));
#10798=DIRECTION('',(0.532028353033736,-0.84672653883542,5.41530331961585E-14));
#10799=DIRECTION('',(0.532028353033736,-0.84672653883542,5.41530331961585E-14));
#10800=DIRECTION('',(1.0691552136829E-13,0.,-1.));
#10801=DIRECTION('center_axis',(1.0691552136829E-13,0.,-1.));
#10802=DIRECTION('ref_axis',(1.87194519386158E-30,-1.,0.));
#10803=DIRECTION('center_axis',(-1.01259278739718E-13,3.30952067792442E-16,
1.));
#10804=DIRECTION('ref_axis',(1.87194519386158E-30,-1.,0.));
#10805=DIRECTION('center_axis',(-1.01259278739718E-13,3.30952067792442E-16,
1.));
#10806=DIRECTION('ref_axis',(1.87194519386158E-30,-1.,0.));
#10807=DIRECTION('',(1.0691552136829E-13,0.,-1.));
#10808=DIRECTION('center_axis',(-0.707104043354002,-0.707109519008493,-7.56003974568191E-14));
#10809=DIRECTION('ref_axis',(-0.707109519008492,0.707104043354002,-7.18354174300814E-14));
#10810=DIRECTION('',(0.707109519008492,-0.707104043354002,7.18354174300813E-14));
#10811=DIRECTION('',(0.707109519008492,-0.707104043354002,7.18354174300813E-14));
#10812=DIRECTION('',(1.0691552136829E-13,0.,-1.));
#10813=DIRECTION('center_axis',(1.0691552136829E-13,0.,-1.));
#10814=DIRECTION('ref_axis',(1.87194519386158E-30,-1.,0.));
#10815=DIRECTION('center_axis',(-1.01259278739718E-13,3.30952067792442E-16,
1.));
#10816=DIRECTION('ref_axis',(1.87194519386158E-30,-1.,0.));
#10817=DIRECTION('center_axis',(-1.01259278739718E-13,3.30952067792442E-16,
1.));
#10818=DIRECTION('ref_axis',(1.87194519386158E-30,-1.,0.));
#10819=DIRECTION('',(1.0691552136829E-13,0.,-1.));
#10820=DIRECTION('center_axis',(-0.532035419507168,-0.846722098678091,-5.68828442630058E-14));
#10821=DIRECTION('ref_axis',(-0.846722098678091,0.532035419507168,-8.59145472273487E-14));
#10822=DIRECTION('',(0.846722098678091,-0.532035419507168,8.59145472273486E-14));
#10823=DIRECTION('',(0.846722098678091,-0.532035419507168,8.59145472273486E-14));
#10824=DIRECTION('',(1.0691552136829E-13,0.,-1.));
#10825=DIRECTION('center_axis',(1.0691552136829E-13,0.,-1.));
#10826=DIRECTION('ref_axis',(1.87194519386158E-30,-1.,0.));
#10827=DIRECTION('center_axis',(-1.01259278739718E-13,3.30952067792442E-16,
1.));
#10828=DIRECTION('ref_axis',(1.87194519386158E-30,-1.,0.));
#10829=DIRECTION('',(1.0691552136829E-13,0.,-1.));
#10830=DIRECTION('center_axis',(-1.01259278739718E-13,3.30952067792442E-16,
1.));
#10831=DIRECTION('ref_axis',(1.87194519386158E-30,-1.,0.));
#10832=DIRECTION('',(1.0691552136829E-13,0.,-1.));
#10833=DIRECTION('center_axis',(1.42108547152129E-13,-1.,1.51936094096601E-26));
#10834=DIRECTION('ref_axis',(-1.,-1.42108547152129E-13,-1.01259278739718E-13));
#10835=DIRECTION('',(1.,1.42108547152129E-13,1.01259278739718E-13));
#10836=DIRECTION('',(1.,1.42108547152129E-13,1.01259278739718E-13));
#10837=DIRECTION('center_axis',(-2.18628534080038E-13,1.,-2.33747837071523E-26));
#10838=DIRECTION('ref_axis',(1.,2.18628534080038E-13,1.01259278739718E-13));
#10839=DIRECTION('',(-1.,-2.18628534080038E-13,-1.01259278739718E-13));
#10840=DIRECTION('',(-1.,-2.18628534080038E-13,-1.01259278739718E-13));
#10841=DIRECTION('',(1.0691552136829E-13,0.,-1.));
#10842=DIRECTION('center_axis',(1.0691552136829E-13,0.,-1.));
#10843=DIRECTION('ref_axis',(-1.,2.27373675443227E-12,-1.0691552136829E-13));
#10844=DIRECTION('center_axis',(-1.01259278739718E-13,3.30952067792442E-16,
1.));
#10845=DIRECTION('ref_axis',(-1.,2.27373675443227E-12,-1.0691552136829E-13));
#10846=DIRECTION('center_axis',(-1.01259278739718E-13,3.30952067792442E-16,
1.));
#10847=DIRECTION('ref_axis',(-1.,2.27373675443227E-12,-1.0691552136829E-13));
#10848=DIRECTION('center_axis',(1.01259278739718E-13,-3.30952067792442E-16,
-1.));
#10849=DIRECTION('ref_axis',(-1.,0.,-1.01259278739718E-13));
#10850=DIRECTION('',(0.993713154296913,-0.111956093971158,1.00659729379077E-13));
#10851=DIRECTION('center_axis',(-1.01259278739718E-13,3.30952067792442E-16,
1.));
#10852=DIRECTION('ref_axis',(1.87194519386158E-30,-1.,0.));
#10853=DIRECTION('',(0.943882887056618,-0.330280328693162,9.56862073158481E-14));
#10854=DIRECTION('center_axis',(-1.01259278739718E-13,3.30952067792442E-16,
1.));
#10855=DIRECTION('ref_axis',(1.87194519386158E-30,-1.,0.));
#10856=DIRECTION('center_axis',(-1.37861906506053E-7,-0.999999999999991,
-1.47395776109211E-20));
#10857=DIRECTION('ref_axis',(-0.999999999999991,1.37861906506053E-7,-1.01259278785343E-13));
#10858=DIRECTION('',(0.999999999999991,-1.37861906506053E-7,1.01259278785343E-13));
#10859=DIRECTION('',(0.999999999999991,-1.37861906506053E-7,1.01259278785343E-13));
#10860=DIRECTION('',(1.0691552136829E-13,0.,-1.));
#10861=DIRECTION('center_axis',(1.37861917437581E-7,0.999999999999991,1.47395787796711E-20));
#10862=DIRECTION('ref_axis',(0.999999999999991,-1.37861917437581E-7,1.01259278785342E-13));
#10863=DIRECTION('',(-0.999999999999991,1.37861917437581E-7,-1.01259278785343E-13));
#10864=DIRECTION('',(1.0691552136829E-13,0.,-1.));
#10865=DIRECTION('',(-0.999999999999991,1.37861917437581E-7,-1.01259278785343E-13));
#10866=DIRECTION('center_axis',(1.0691552136829E-13,0.,-1.));
#10867=DIRECTION('ref_axis',(1.37862100148455E-7,0.99999999999999,1.47395983143166E-20));
#10868=DIRECTION('center_axis',(-1.01259278739718E-13,3.30952067792442E-16,
1.));
#10869=DIRECTION('ref_axis',(1.37862100148455E-7,0.99999999999999,1.47395983143166E-20));
#10870=DIRECTION('center_axis',(-1.01259278739718E-13,3.30952067792442E-16,
1.));
#10871=DIRECTION('ref_axis',(1.37862100148455E-7,0.99999999999999,1.47395983143166E-20));
#10872=DIRECTION('center_axis',(1.01259278739718E-13,-3.30952067792442E-16,
-1.));
#10873=DIRECTION('ref_axis',(-1.,0.,-1.01259278739718E-13));
#10874=DIRECTION('center_axis',(1.01259278739718E-13,-3.30952067792442E-16,
-1.));
#10875=DIRECTION('ref_axis',(-1.,0.,-1.01259278739718E-13));
#10876=DIRECTION('',(0.999999999999991,-1.37861999257548E-7,1.01259278785343E-13));
#10877=DIRECTION('',(-1.,4.57111874694118E-43,-1.01259278739718E-13));
#10878=DIRECTION('center_axis',(-1.02126509056232E-42,-1.,-1.09189089612704E-55));
#10879=DIRECTION('ref_axis',(-1.,1.02126509056232E-42,-1.01259278739715E-13));
#10880=DIRECTION('',(1.,-1.02126509056232E-42,1.01259278739718E-13));
#10881=DIRECTION('',(1.,-1.02126509056232E-42,1.01259278739718E-13));
#10882=DIRECTION('',(1.0691552136829E-13,0.,-1.));
#10883=DIRECTION('center_axis',(1.0691552136829E-13,0.,-1.));
#10884=DIRECTION('ref_axis',(4.0602442043435E-14,1.,4.34105930102566E-27));
#10885=DIRECTION('center_axis',(-1.01259278739718E-13,3.30952067792442E-16,
1.));
#10886=DIRECTION('ref_axis',(4.0602442043435E-14,1.,4.34105930102566E-27));
#10887=DIRECTION('center_axis',(-1.01259278739718E-13,3.30952067792442E-16,
1.));
#10888=DIRECTION('ref_axis',(4.0602442043435E-14,1.,4.34105930102566E-27));
#10889=DIRECTION('',(1.0691552136829E-13,0.,-1.));
#10890=DIRECTION('center_axis',(3.55271367881231E-12,1.,3.79840235242474E-25));
#10891=DIRECTION('ref_axis',(1.,-3.55271367881231E-12,1.01259278739717E-13));
#10892=DIRECTION('',(-1.,3.55271367881231E-12,-1.01259278739719E-13));
#10893=DIRECTION('',(-1.,3.55271367881231E-12,-1.01259278739719E-13));
#10894=DIRECTION('center_axis',(1.01259278739718E-13,-3.30952067792442E-16,
-1.));
#10895=DIRECTION('ref_axis',(-1.,0.,-1.01259278739718E-13));
#10896=DIRECTION('center_axis',(1.01259278739718E-13,-3.30952067792442E-16,
-1.));
#10897=DIRECTION('ref_axis',(1.,-7.93668449261875E-44,1.0691552136829E-13));
#10898=DIRECTION('center_axis',(1.01259278739718E-13,-3.30952067792442E-16,
-1.));
#10899=DIRECTION('ref_axis',(-1.,0.,-1.01259278739718E-13));
#10900=DIRECTION('',(-1.,-8.61263922133422E-14,-1.01259278739718E-13));
#10901=DIRECTION('',(1.,8.61263922133496E-14,1.01259278739718E-13));
#10902=DIRECTION('center_axis',(4.57111874694118E-43,1.,4.2948432660309E-56));
#10903=DIRECTION('ref_axis',(1.,-4.57111874694118E-43,1.01259278739717E-13));
#10904=DIRECTION('center_axis',(-1.37861999257548E-7,-0.999999999999991,
-1.29529708574962E-20));
#10905=DIRECTION('ref_axis',(-0.999999999999991,1.37861999257548E-7,-1.01259278785343E-13));
#10906=DIRECTION('center_axis',(1.01259278739718E-13,-3.30952067792442E-16,
-1.));
#10907=DIRECTION('ref_axis',(1.,-7.93668449261875E-44,1.01259278739718E-13));
#10908=DIRECTION('center_axis',(-8.61263922133422E-14,1.,-8.09209683893098E-27));
#10909=DIRECTION('ref_axis',(1.,8.61263922133422E-14,1.01259278739718E-13));
#10910=DIRECTION('center_axis',(9.39560642327405E-14,0.,-1.));
#10911=DIRECTION('ref_axis',(-0.233919562278215,0.972255953123234,-2.19781614187065E-14));
#10912=DIRECTION('center_axis',(8.61263922133496E-14,-1.,8.09209683893168E-27));
#10913=DIRECTION('ref_axis',(-1.,-8.61263922133496E-14,-1.01259278739717E-13));
#10914=DIRECTION('center_axis',(1.01259278739718E-13,-3.30952067792442E-16,
-1.));
#10915=DIRECTION('ref_axis',(1.,-7.93668449261875E-44,1.01259278739718E-13));
#10916=DIRECTION('center_axis',(0.532035419507168,0.846722098678091,4.99879540493085E-14));
#10917=DIRECTION('ref_axis',(0.846722098678091,-0.532035419507168,8.59145472273487E-14));
#10918=DIRECTION('',(-0.846722098678091,0.532035419507168,-8.59145472273486E-14));
#10919=DIRECTION('',(9.39560642327405E-14,0.,-1.));
#10920=DIRECTION('',(-0.846722098678091,0.532035419507168,-8.59145472273486E-14));
#10921=DIRECTION('',(9.39560642327405E-14,0.,-1.));
#10922=DIRECTION('center_axis',(9.39560642327405E-14,0.,-1.));
#10923=DIRECTION('ref_axis',(-2.41701394261608E-30,-1.,0.));
#10924=DIRECTION('',(9.39560642327405E-14,0.,-1.));
#10925=DIRECTION('center_axis',(-1.01259278739718E-13,3.30952067792442E-16,
1.));
#10926=DIRECTION('ref_axis',(-2.41701394261608E-30,-1.,0.));
#10927=DIRECTION('',(1.0691552136829E-13,0.,-1.));
#10928=DIRECTION('center_axis',(-0.330280328693162,-0.943882887056618,-3.10318397775054E-14));
#10929=DIRECTION('ref_axis',(-0.943882887056618,0.330280328693162,-9.56862073158482E-14));
#10930=DIRECTION('',(9.39560642327405E-14,0.,-1.));
#10931=DIRECTION('',(0.943882887056618,-0.330280328693162,9.56862073158481E-14));
#10932=DIRECTION('',(1.0691552136829E-13,0.,-1.));
#10933=DIRECTION('center_axis',(9.39560642327405E-14,0.,-1.));
#10934=DIRECTION('ref_axis',(-2.41701394261608E-30,-1.,0.));
#10935=DIRECTION('',(9.39560642327405E-14,0.,-1.));
#10936=DIRECTION('center_axis',(-1.01259278739718E-13,3.30952067792442E-16,
1.));
#10937=DIRECTION('ref_axis',(-2.41701394261608E-30,-1.,0.));
#10938=DIRECTION('',(1.0691552136829E-13,0.,-1.));
#10939=DIRECTION('center_axis',(-0.111956093971158,-0.993713154296913,-1.05189539564009E-14));
#10940=DIRECTION('ref_axis',(-0.993713154296913,0.111956093971158,-1.00659729379077E-13));
#10941=DIRECTION('',(9.39560642327405E-14,0.,-1.));
#10942=DIRECTION('',(0.993713154296913,-0.111956093971158,1.00659729379077E-13));
#10943=DIRECTION('center_axis',(4.05853463431867E-43,-1.,3.81323940792846E-56));
#10944=DIRECTION('ref_axis',(-1.,-4.05853463431867E-43,-1.0125927873972E-13));
#10945=DIRECTION('',(1.,4.05853463431867E-43,1.01259278739718E-13));
#10946=DIRECTION('',(9.39560642327405E-14,0.,-1.));
#10947=DIRECTION('center_axis',(9.39560642327405E-14,0.,-1.));
#10948=DIRECTION('ref_axis',(-2.41701394261608E-30,-1.,0.));
#10949=DIRECTION('center_axis',(1.01259278739718E-13,-3.30952067792442E-16,
-1.));
#10950=DIRECTION('ref_axis',(-2.41701394261608E-30,-1.,0.));
#10951=DIRECTION('',(9.39560642327405E-14,0.,-1.));
#10952=DIRECTION('center_axis',(1.01259278739718E-13,-3.30952067792442E-16,
-1.));
#10953=DIRECTION('ref_axis',(-2.41701394261608E-30,-1.,0.));
#10954=DIRECTION('center_axis',(0.111956093971158,0.993713154296913,1.05189539564009E-14));
#10955=DIRECTION('ref_axis',(0.993713154296913,-0.111956093971158,1.00659729379077E-13));
#10956=DIRECTION('',(-0.993713154296913,0.111956093971158,-1.00659729379077E-13));
#10957=DIRECTION('',(9.39560642327405E-14,0.,-1.));
#10958=DIRECTION('',(-0.993713154296913,0.111956093971158,-1.00659729379077E-13));
#10959=DIRECTION('center_axis',(0.330280328693162,0.943882887056618,3.10318397775054E-14));
#10960=DIRECTION('ref_axis',(0.943882887056618,-0.330280328693162,9.56862073158482E-14));
#10961=DIRECTION('',(-0.943882887056618,0.330280328693162,-9.56862073158481E-14));
#10962=DIRECTION('',(9.39560642327405E-14,0.,-1.));
#10963=DIRECTION('',(-0.943882887056618,0.330280328693162,-9.56862073158481E-14));
#10964=DIRECTION('center_axis',(9.39560642327405E-14,0.,-1.));
#10965=DIRECTION('ref_axis',(-2.41701394261608E-30,-1.,0.));
#10966=DIRECTION('center_axis',(1.01259278739718E-13,-3.30952067792442E-16,
-1.));
#10967=DIRECTION('ref_axis',(-2.41701394261608E-30,-1.,0.));
#10968=DIRECTION('',(9.39560642327405E-14,0.,-1.));
#10969=DIRECTION('center_axis',(1.01259278739718E-13,-3.30952067792442E-16,
-1.));
#10970=DIRECTION('ref_axis',(-2.41701394261608E-30,-1.,0.));
#10971=DIRECTION('center_axis',(0.330280328693162,0.943882887056618,3.10318397775054E-14));
#10972=DIRECTION('ref_axis',(0.943882887056618,-0.330280328693162,9.56862073158482E-14));
#10973=DIRECTION('',(-0.943882887056618,0.330280328693162,-9.56862073158481E-14));
#10974=DIRECTION('',(-0.943882887056618,0.330280328693162,-9.56862073158481E-14));
#10975=DIRECTION('center_axis',(7.93668449261874E-44,1.,7.45699637983482E-57));
#10976=DIRECTION('ref_axis',(1.,-7.93668449261874E-44,1.01259278739718E-13));
#10977=DIRECTION('',(-1.,7.93668449261874E-44,-1.01259278739718E-13));
#10978=DIRECTION('',(9.39560642327405E-14,0.,-1.));
#10979=DIRECTION('center_axis',(9.39560642327405E-14,0.,-1.));
#10980=DIRECTION('ref_axis',(-2.41701394261608E-30,-1.,0.));
#10981=DIRECTION('center_axis',(-1.01259278739718E-13,3.30952067792442E-16,
1.));
#10982=DIRECTION('ref_axis',(-2.41701394261608E-30,-1.,0.));
#10983=DIRECTION('center_axis',(1.01259278739718E-13,-3.30952067792442E-16,
-1.));
#10984=DIRECTION('ref_axis',(-1.,0.,-1.01259278739718E-13));
#10985=DIRECTION('center_axis',(1.01259278739718E-13,-3.30952067792442E-16,
-1.));
#10986=DIRECTION('ref_axis',(1.,-7.93668449261875E-44,1.01259278739718E-13));
#10987=DIRECTION('center_axis',(1.01259278739718E-13,-3.30952067792442E-16,
-1.));
#10988=DIRECTION('ref_axis',(1.,-7.93668449261875E-44,1.01259278739718E-13));
#10989=DIRECTION('center_axis',(1.01259278739718E-13,-3.30952067792442E-16,
-1.));
#10990=DIRECTION('ref_axis',(1.,-7.93668449261875E-44,1.01259278739718E-13));
#10991=DIRECTION('center_axis',(1.01259278739718E-13,-3.30952067792442E-16,
-1.));
#10992=DIRECTION('ref_axis',(1.,-7.93668449261875E-44,1.01259278739718E-13));
#10993=DIRECTION('center_axis',(0.943883202401722,0.330279427491131,8.8683550793061E-14));
#10994=DIRECTION('ref_axis',(0.330279427491131,-0.943883202401722,3.37562367079084E-14));
#10995=DIRECTION('',(9.39560642327405E-14,0.,-1.));
#10996=DIRECTION('',(-0.330279427491131,0.943883202401722,-3.37562367079084E-14));
#10997=DIRECTION('',(9.39560642327405E-14,0.,-1.));
#10998=DIRECTION('center_axis',(0.84672378344214,-0.53203273823462,7.95548341844787E-14));
#10999=DIRECTION('ref_axis',(-0.53203273823462,-0.84672378344214,-5.35930263525757E-14));
#11000=DIRECTION('',(9.39560642327405E-14,0.,-1.));
#11001=DIRECTION('',(0.53203273823462,0.84672378344214,5.35930263525757E-14));
#11002=DIRECTION('',(9.39560642327405E-14,0.,-1.));
#11003=DIRECTION('center_axis',(9.39560642327405E-14,0.,-1.));
#11004=DIRECTION('ref_axis',(1.37862018943582E-7,-0.99999999999999,1.29529727070842E-20));
#11005=DIRECTION('',(9.39560642327405E-14,0.,-1.));
#11006=DIRECTION('center_axis',(1.01259278739718E-13,-3.30952067792442E-16,
-1.));
#11007=DIRECTION('ref_axis',(1.37862018943582E-7,-0.99999999999999,1.29529727070842E-20));
#11008=DIRECTION('center_axis',(0.99371222062656,0.111964380842438,9.33652892300483E-14));
#11009=DIRECTION('ref_axis',(0.111964380842438,-0.99371222062656,1.16663035628513E-14));
#11010=DIRECTION('',(9.39560642327405E-14,0.,-1.));
#11011=DIRECTION('',(-0.111964380842438,0.99371222062656,-1.16663035628513E-14));
#11012=DIRECTION('',(9.39560642327405E-14,0.,-1.));
#11013=DIRECTION('center_axis',(9.39560642327405E-14,0.,-1.));
#11014=DIRECTION('ref_axis',(-0.99999999999999,-1.37862181353345E-7,-9.39560642327396E-14));
#11015=DIRECTION('',(9.39560642327405E-14,0.,-1.));
#11016=DIRECTION('center_axis',(-1.01259278739718E-13,3.30952067792442E-16,
1.));
#11017=DIRECTION('ref_axis',(-0.99999999999999,-1.37862181353345E-7,-9.39560642327396E-14));
#11018=DIRECTION('',(1.0691552136829E-13,0.,-1.));
#11019=DIRECTION('center_axis',(-0.943883467871212,0.330278668822881,-8.86835757355294E-14));
#11020=DIRECTION('ref_axis',(0.330278668822881,0.943883467871212,3.31313996026722E-14));
#11021=DIRECTION('',(9.39560642327405E-14,0.,-1.));
#11022=DIRECTION('',(-0.330278668822881,-0.943883467871212,-3.31313996026721E-14));
#11023=DIRECTION('',(1.0691552136829E-13,0.,-1.));
#11024=DIRECTION('center_axis',(9.39560642327405E-14,0.,-1.));
#11025=DIRECTION('ref_axis',(1.37862018943582E-7,-0.99999999999999,1.29529727070842E-20));
#11026=DIRECTION('',(9.39560642327405E-14,0.,-1.));
#11027=DIRECTION('center_axis',(1.01259278739718E-13,-3.30952067792442E-16,
-1.));
#11028=DIRECTION('ref_axis',(1.37862018943582E-7,-0.99999999999999,1.29529727070842E-20));
#11029=DIRECTION('center_axis',(0.993712190118789,-0.111964651606302,9.33652863636581E-14));
#11030=DIRECTION('ref_axis',(-0.111964651606302,-0.993712190118789,-1.10085887618876E-14));
#11031=DIRECTION('',(9.39560642327405E-14,0.,-1.));
#11032=DIRECTION('',(0.111964651606302,0.993712190118789,1.10085887618876E-14));
#11033=DIRECTION('',(9.39560642327405E-14,0.,-1.));
#11034=DIRECTION('center_axis',(0.943883467871212,-0.330278668822881,8.86835757355294E-14));
#11035=DIRECTION('ref_axis',(-0.330278668822881,-0.943883467871212,-3.31313996026722E-14));
#11036=DIRECTION('',(9.39560642327405E-14,0.,-1.));
#11037=DIRECTION('',(0.330278668822881,0.943883467871212,3.31313996026721E-14));
#11038=DIRECTION('',(9.39560642327405E-14,0.,-1.));
#11039=DIRECTION('center_axis',(9.39560642327405E-14,0.,-1.));
#11040=DIRECTION('ref_axis',(-0.99999999999999,-1.37862181353345E-7,-9.39560642327396E-14));
#11041=DIRECTION('',(9.39560642327405E-14,0.,-1.));
#11042=DIRECTION('center_axis',(-1.01259278739718E-13,3.30952067792442E-16,
1.));
#11043=DIRECTION('ref_axis',(-0.99999999999999,-1.37862181353345E-7,-9.39560642327396E-14));
#11044=DIRECTION('',(1.0691552136829E-13,0.,-1.));
#11045=DIRECTION('center_axis',(9.39560642327405E-14,0.,-1.));
#11046=DIRECTION('ref_axis',(-0.99999999999999,-1.37862181353345E-7,-9.39560642327396E-14));
#11047=DIRECTION('',(9.39560642327405E-14,0.,-1.));
#11048=DIRECTION('center_axis',(1.01259278739718E-13,-3.30952067792442E-16,
-1.));
#11049=DIRECTION('ref_axis',(-0.99999999999999,-1.37862181353345E-7,-9.39560642327396E-14));
#11050=DIRECTION('center_axis',(9.39560642327405E-14,0.,-1.));
#11051=DIRECTION('ref_axis',(1.37862033708102E-7,-0.99999999999999,1.29529740943135E-20));
#11052=DIRECTION('',(9.39560642327405E-14,0.,-1.));
#11053=DIRECTION('',(9.39560642327405E-14,0.,-1.));
#11054=DIRECTION('center_axis',(1.3786208538394E-7,-0.999999999999991,1.29529789495931E-20));
#11055=DIRECTION('ref_axis',(-0.999999999999991,-1.3786208538394E-7,-1.01259278694091E-13));
#11056=DIRECTION('center_axis',(-0.993712190118789,0.111964651606302,-9.33652863636581E-14));
#11057=DIRECTION('ref_axis',(0.111964651606302,0.993712190118789,1.10085887618876E-14));
#11058=DIRECTION('',(9.39560642327405E-14,0.,-1.));
#11059=DIRECTION('',(-0.111964651606302,-0.993712190118789,-1.10085887618876E-14));
#11060=DIRECTION('',(1.0691552136829E-13,0.,-1.));
#11061=DIRECTION('center_axis',(9.39560642327405E-14,0.,-1.));
#11062=DIRECTION('ref_axis',(1.37862018943582E-7,-0.99999999999999,1.29529727070842E-20));
#11063=DIRECTION('',(9.39560642327405E-14,0.,-1.));
#11064=DIRECTION('center_axis',(-1.01259278739718E-13,3.30952067792442E-16,
1.));
#11065=DIRECTION('ref_axis',(1.37862018943582E-7,-0.99999999999999,1.29529727070842E-20));
#11066=DIRECTION('',(1.0691552136829E-13,0.,-1.));
#11067=DIRECTION('center_axis',(-0.99371222062656,-0.111964380842438,-9.33652892300483E-14));
#11068=DIRECTION('ref_axis',(-0.111964380842438,0.99371222062656,-1.16663035628513E-14));
#11069=DIRECTION('',(9.39560642327405E-14,0.,-1.));
#11070=DIRECTION('',(0.111964380842438,-0.99371222062656,1.16663035628513E-14));
#11071=DIRECTION('',(1.0691552136829E-13,0.,-1.));
#11072=DIRECTION('center_axis',(9.39560642327405E-14,0.,-1.));
#11073=DIRECTION('ref_axis',(1.37862018943582E-7,-0.99999999999999,1.29529727070842E-20));
#11074=DIRECTION('',(9.39560642327405E-14,0.,-1.));
#11075=DIRECTION('center_axis',(-1.01259278739718E-13,3.30952067792442E-16,
1.));
#11076=DIRECTION('ref_axis',(1.37862018943582E-7,-0.99999999999999,1.29529727070842E-20));
#11077=DIRECTION('',(1.0691552136829E-13,0.,-1.));
#11078=DIRECTION('center_axis',(-0.943883202401722,-0.330279427491131,-8.8683550793061E-14));
#11079=DIRECTION('ref_axis',(-0.330279427491131,0.943883202401722,-3.37562367079084E-14));
#11080=DIRECTION('',(9.39560642327405E-14,0.,-1.));
#11081=DIRECTION('',(0.330279427491131,-0.943883202401722,3.37562367079084E-14));
#11082=DIRECTION('',(1.0691552136829E-13,0.,-1.));
#11083=DIRECTION('center_axis',(9.39560642327405E-14,0.,-1.));
#11084=DIRECTION('ref_axis',(1.37862018943582E-7,-0.99999999999999,1.29529727070842E-20));
#11085=DIRECTION('',(9.39560642327405E-14,0.,-1.));
#11086=DIRECTION('center_axis',(-1.01259278739718E-13,3.30952067792442E-16,
1.));
#11087=DIRECTION('ref_axis',(1.37862018943582E-7,-0.99999999999999,1.29529727070842E-20));
#11088=DIRECTION('center_axis',(0.846724472296403,0.532031641929668,7.95548989065141E-14));
#11089=DIRECTION('ref_axis',(0.532031641929667,-0.846724472296403,5.41533655434631E-14));
#11090=DIRECTION('',(-0.532031641929667,0.846724472296403,-5.4153365543463E-14));
#11091=DIRECTION('center_axis',(0.943883202401722,0.330279427491131,8.8683550793061E-14));
#11092=DIRECTION('ref_axis',(0.330279427491131,-0.943883202401722,3.37562367079084E-14));
#11093=DIRECTION('',(-0.330279427491131,0.943883202401722,-3.37562367079084E-14));
#11094=DIRECTION('center_axis',(0.99371222062656,0.111964380842438,9.33652892300483E-14));
#11095=DIRECTION('ref_axis',(0.111964380842438,-0.99371222062656,1.16663035628513E-14));
#11096=DIRECTION('',(-0.111964380842438,0.99371222062656,-1.16663035628513E-14));
#11097=DIRECTION('center_axis',(0.993712190118789,-0.111964651606302,9.33652863636581E-14));
#11098=DIRECTION('ref_axis',(-0.111964651606302,-0.993712190118789,-1.10085887618876E-14));
#11099=DIRECTION('',(0.111964651606302,0.993712190118789,1.10085887618876E-14));
#11100=DIRECTION('center_axis',(9.39560642327405E-14,0.,-1.));
#11101=DIRECTION('ref_axis',(-0.99999999999999,-1.37862181353345E-7,-9.39560642327396E-14));
#11102=DIRECTION('',(9.39560642327405E-14,0.,-1.));
#11103=DIRECTION('center_axis',(1.01259278739718E-13,-3.30952067792442E-16,
-1.));
#11104=DIRECTION('ref_axis',(-0.99999999999999,-1.37862181353345E-7,-9.39560642327396E-14));
#11105=DIRECTION('center_axis',(0.943883467871212,-0.330278668822881,8.86835757355294E-14));
#11106=DIRECTION('ref_axis',(-0.330278668822881,-0.943883467871212,-3.31313996026722E-14));
#11107=DIRECTION('',(0.330278668822881,0.943883467871212,3.31313996026721E-14));
#11108=DIRECTION('center_axis',(-1.37861999257554E-7,0.999999999999991,
-1.29529708574968E-20));
#11109=DIRECTION('ref_axis',(0.999999999999991,1.37861999257554E-7,1.01259278694093E-13));
#11110=DIRECTION('center_axis',(1.01259278739718E-13,-3.30952067792442E-16,
-1.));
#11111=DIRECTION('ref_axis',(-1.,0.,-1.01259278739718E-13));
#11112=DIRECTION('center_axis',(1.01259278739718E-13,-3.30952067792442E-16,
-1.));
#11113=DIRECTION('ref_axis',(1.,-7.93668449261875E-44,1.01259278739718E-13));
#11114=DIRECTION('center_axis',(1.01259278739718E-13,-3.30952067792442E-16,
-1.));
#11115=DIRECTION('ref_axis',(1.,-7.93668449261875E-44,1.01259278739718E-13));
#11116=DIRECTION('center_axis',(1.01259278739718E-13,-3.30952067792442E-16,
-1.));
#11117=DIRECTION('ref_axis',(1.,-7.93668449261875E-44,1.01259278739718E-13));
#11118=DIRECTION('center_axis',(1.01259278739718E-13,-3.30952067792442E-16,
-1.));
#11119=DIRECTION('ref_axis',(1.,-7.93668449261875E-44,1.01259278739718E-13));
#11120=DIRECTION('center_axis',(1.01259278739718E-13,-3.30952067792442E-16,
-1.));
#11121=DIRECTION('ref_axis',(1.,-7.93668449261875E-44,1.01259278739718E-13));
#11122=DIRECTION('center_axis',(1.01259278739718E-13,-3.30952067792442E-16,
-1.));
#11123=DIRECTION('ref_axis',(1.,-7.93668449261875E-44,1.01259278739718E-13));
#11124=DIRECTION('center_axis',(1.01259278739718E-13,-3.30952067792442E-16,
-1.));
#11125=DIRECTION('ref_axis',(1.,-7.93668449261875E-44,1.01259278739718E-13));
#11126=DIRECTION('center_axis',(1.01259278739718E-13,-3.30952067792442E-16,
-1.));
#11127=DIRECTION('ref_axis',(1.,-7.93668449261875E-44,1.01259278739718E-13));
#11128=DIRECTION('center_axis',(1.01259278739718E-13,-3.30952067792442E-16,
-1.));
#11129=DIRECTION('ref_axis',(1.,-7.93668449261875E-44,1.01259278739718E-13));
#11130=DIRECTION('center_axis',(1.01259278739718E-13,-3.30952067792442E-16,
-1.));
#11131=DIRECTION('ref_axis',(1.,-7.93668449261875E-44,1.01259278739718E-13));
#11132=DIRECTION('center_axis',(-1.29189588320019E-13,0.,1.));
#11133=DIRECTION('ref_axis',(-1.,4.37257068160039E-14,-1.29189588320019E-13));
#11134=DIRECTION('center_axis',(1.01259278739718E-13,-3.30952067792581E-16,
-1.));
#11135=DIRECTION('ref_axis',(-1.,4.37257068160039E-14,-1.29189588320019E-13));
#11136=DIRECTION('',(1.00929365875014E-13,0.,-1.));
#11137=DIRECTION('center_axis',(7.93668449261875E-44,1.,1.02533700222729E-56));
#11138=DIRECTION('ref_axis',(-1.,7.93668449261875E-44,-1.01259278739718E-13));
#11139=DIRECTION('',(1.,-7.93668449261875E-44,1.01259278739718E-13));
#11140=DIRECTION('center_axis',(1.,1.89478062869581E-15,1.29189588320019E-13));
#11141=DIRECTION('ref_axis',(-1.89478062869577E-15,1.,-3.30952067792634E-16));
#11142=DIRECTION('',(1.89478062869577E-15,-1.,3.30952067792773E-16));
#11143=DIRECTION('',(1.00929365875014E-13,0.,-1.));
#11144=DIRECTION('center_axis',(-1.29189588320019E-13,0.,1.));
#11145=DIRECTION('ref_axis',(1.,-4.37257068160039E-14,1.29189588320019E-13));
#11146=DIRECTION('center_axis',(1.01259278739718E-13,-3.30952067792581E-16,
-1.));
#11147=DIRECTION('ref_axis',(1.,-4.37257068160039E-14,1.29189588320019E-13));
#11148=DIRECTION('center_axis',(1.01259278739718E-13,-3.30952067792442E-16,
-1.));
#11149=DIRECTION('ref_axis',(1.,-7.93668449261875E-44,1.01259278739718E-13));
#11150=DIRECTION('center_axis',(-1.01259278739718E-13,3.30952067792581E-16,
1.));
#11151=DIRECTION('ref_axis',(1.,0.,1.01259278739718E-13));
#11152=DIRECTION('',(-3.88578058618805E-16,1.55026679025645E-15,1.));
#11153=DIRECTION('',(-1.,0.,-3.88578058618804E-16));
#11154=CARTESIAN_POINT('',(0.,0.,0.));
#11155=CARTESIAN_POINT('',(0.,0.,0.));
#11156=CARTESIAN_POINT('Origin',(-76.172501390031,54.9604099274512,-19.7574891338256));
#11157=CARTESIAN_POINT('',(41.8274986100355,54.9604099274512,-27.3623604133447));
#11158=CARTESIAN_POINT('',(41.8274986100345,54.9604099274512,-19.7574891338104));
#11159=CARTESIAN_POINT('',(41.8274986100329,54.9604099274512,-7.55992477357914));
#11160=CARTESIAN_POINT('',(39.8274986100345,54.9604099274512,-27.3623604133449));
#11161=CARTESIAN_POINT('',(-46.6725013900141,54.9604099274512,-27.3623604133569));
#11162=CARTESIAN_POINT('',(39.8274986100338,54.9604099274512,-19.7574891338107));
#11163=CARTESIAN_POINT('',(39.8274986100325,54.9604099274512,-7.55992477358102));
#11164=CARTESIAN_POINT('',(-76.172501390031,54.9604099274512,-19.7574891338256));
#11165=CARTESIAN_POINT('Origin',(-76.172501390031,54.9604099274512,-19.7574891338256));
#11166=CARTESIAN_POINT('',(-74.1725013900309,54.9604099274512,-27.3623604133597));
#11167=CARTESIAN_POINT('',(-74.1725013900317,54.9604099274512,-19.7574891338254));
#11168=CARTESIAN_POINT('',(-74.1725013900329,54.9604099274512,-7.55992477359256));
#11169=CARTESIAN_POINT('',(-76.17250139003,54.9604099274512,-27.3623604133599));
#11170=CARTESIAN_POINT('',(-46.6725013900141,54.9604099274512,-27.3623604133569));
#11171=CARTESIAN_POINT('',(-76.172501390031,54.9604099274512,-19.7574891338256));
#11172=CARTESIAN_POINT('',(-76.1725013900326,54.9604099274512,-7.55992477359277));
#11173=CARTESIAN_POINT('',(-76.172501390031,54.9604099274512,-19.7574891338256));
#11174=CARTESIAN_POINT('Origin',(-76.172501390031,59.5652811564277,-19.7574891843835));
#11175=CARTESIAN_POINT('',(41.8274986100338,64.1701523854042,-19.7574891843682));
#11176=CARTESIAN_POINT('Origin',(41.8274986100346,59.5652811564277,-19.7574891843682));
#11177=CARTESIAN_POINT('',(39.8274986100339,64.1701523854042,-19.7574891843685));
#11178=CARTESIAN_POINT('Origin',(39.8274986100346,59.5652811564277,-19.7574891843685));
#11179=CARTESIAN_POINT('',(-76.172501390031,64.1701523854042,-19.7574891843835));
#11180=CARTESIAN_POINT('Origin',(-76.172501390031,59.5652811564277,-19.7574891843835));
#11181=CARTESIAN_POINT('',(-74.1725013900317,64.1701523854042,-19.7574891843832));
#11182=CARTESIAN_POINT('Origin',(-74.172501390031,59.5652811564277,-19.7574891843832));
#11183=CARTESIAN_POINT('',(-76.172501390031,64.1701523854042,-19.7574891843835));
#11184=CARTESIAN_POINT('Origin',(-76.172501390031,59.5652811564277,-19.7574891843835));
#11185=CARTESIAN_POINT('',(-76.172501390031,64.1701523854042,-19.7574891843835));
#11186=CARTESIAN_POINT('Origin',(-76.17250139003,64.1701523854042,-27.3623604133599));
#11187=CARTESIAN_POINT('',(41.8274986100346,64.1701523854042,-27.362360413348));
#11188=CARTESIAN_POINT('',(41.8274986100313,64.1701523854042,4.63763958665208));
#11189=CARTESIAN_POINT('',(39.8274986100346,64.1701523854039,-27.3623604133482));
#11190=CARTESIAN_POINT('',(39.8274986100313,64.1701523854039,4.63763958665186));
#11191=CARTESIAN_POINT('',(-46.672501390014,64.1701523854042,-27.3623604133569));
#11192=CARTESIAN_POINT('Origin',(-76.17250139003,64.1701523854042,-27.3623604133599));
#11193=CARTESIAN_POINT('',(-74.1725013900309,64.1701523854042,-27.3623604133597));
#11194=CARTESIAN_POINT('',(-74.1725013900341,64.1701523854042,4.63763958664032));
#11195=CARTESIAN_POINT('',(-76.1725013900309,64.1701523854042,-27.3623604133599));
#11196=CARTESIAN_POINT('',(-76.1725013900342,64.1701523854042,4.63763958664011));
#11197=CARTESIAN_POINT('',(-46.672501390014,64.1701523854042,-27.3623604133569));
#11198=CARTESIAN_POINT('Origin',(-76.1725013900342,64.1701523854042,4.63763958664011));
#11199=CARTESIAN_POINT('',(-76.1725013900308,-10.8298476145086,-27.3623604133599));
#11200=CARTESIAN_POINT('',(-76.172501390031,7.92015238546952,-27.3623604133599));
#11201=CARTESIAN_POINT('',(-76.1725013900343,-10.8298476145086,6.63763958664013));
#11202=CARTESIAN_POINT('',(-76.172501390034,-10.8298476145086,4.63763958664014));
#11203=CARTESIAN_POINT('',(-76.1725013900345,64.1701523854042,6.6376395866401));
#11204=CARTESIAN_POINT('',(-76.1725013900345,45.420152385426,6.63763958664013));
#11205=CARTESIAN_POINT('',(-76.1725013900342,64.1701523854042,4.63763958664011));
#11206=CARTESIAN_POINT('',(-76.1725013900307,50.2056991024415,-22.2442685458066));
#11207=CARTESIAN_POINT('',(-76.1725013900309,49.3865470581525,-20.6706921094555));
#11208=CARTESIAN_POINT('Origin',(-76.1725013900342,49.3865470581525,-21.6706921094555));
#11209=CARTESIAN_POINT('',(-76.1725013900309,48.165772469391,-20.6706921094555));
#11210=CARTESIAN_POINT('',(-76.1725013900309,56.7783497217783,-20.6706921094555));
#11211=CARTESIAN_POINT('',(-76.1725013900308,47.346620425102,-21.0971156731045));
#11212=CARTESIAN_POINT('Origin',(-76.1725013900342,48.165772469391,-21.6706921094555));
#11213=CARTESIAN_POINT('',(-76.1725013900305,45.2459978104729,-24.0971156731045));
#11214=CARTESIAN_POINT('',(-76.1725013900325,56.1596966159292,-8.51073847790831));
#11215=CARTESIAN_POINT('',(-76.1725013900302,46.0651498547619,-25.6706921094555));
#11216=CARTESIAN_POINT('Origin',(-76.1725013900342,46.0651498547619,-24.6706921094555));
#11217=CARTESIAN_POINT('',(-76.1725013900302,47.2859244435233,-25.6706921094555));
#11218=CARTESIAN_POINT('',(-76.1725013900302,55.117651120083,-25.6706921094555));
#11219=CARTESIAN_POINT('',(-76.1725013900303,48.1050764878123,-25.2442685458066));
#11220=CARTESIAN_POINT('Origin',(-76.1725013900342,47.2859244435233,-24.6706921094555));
#11221=CARTESIAN_POINT('',(-76.1725013900321,57.7676527137178,-11.4446795687859));
#11222=CARTESIAN_POINT('',(-76.1725013900307,18.77712767387,-22.2442685458065));
#11223=CARTESIAN_POINT('',(-76.1725013900309,17.957975629581,-20.6706921094555));
#11224=CARTESIAN_POINT('Origin',(-76.1725013900342,17.957975629581,-21.6706921094555));
#11225=CARTESIAN_POINT('',(-76.1725013900309,16.7372010408196,-20.6706921094555));
#11226=CARTESIAN_POINT('',(-76.1725013900309,41.0640640074926,-20.6706921094554));
#11227=CARTESIAN_POINT('',(-76.1725013900308,15.9180489965306,-21.0971156731044));
#11228=CARTESIAN_POINT('Origin',(-76.1725013900342,16.7372010408196,-21.6706921094555));
#11229=CARTESIAN_POINT('',(-76.1725013900305,13.8174263819015,-24.0971156731044));
#11230=CARTESIAN_POINT('',(-76.1725013900334,29.9009669183703,-1.12743931459042));
#11231=CARTESIAN_POINT('',(-76.1725013900302,14.6365784261904,-25.6706921094555));
#11232=CARTESIAN_POINT('Origin',(-76.1725013900342,14.6365784261904,-24.6706921094555));
#11233=CARTESIAN_POINT('',(-76.1725013900302,15.8573530149519,-25.6706921094555));
#11234=CARTESIAN_POINT('',(-76.1725013900302,39.4033654057973,-25.6706921094555));
#11235=CARTESIAN_POINT('',(-76.1725013900303,16.6765050592409,-25.2442685458065));
#11236=CARTESIAN_POINT('Origin',(-76.1725013900342,15.8573530149519,-24.6706921094555));
#11237=CARTESIAN_POINT('',(-76.172501390033,31.508923016159,-4.06138040546804));
#11238=CARTESIAN_POINT('',(-76.1725013900307,26.6342705310129,-22.2442685458065));
#11239=CARTESIAN_POINT('',(-76.1725013900309,25.8151184867239,-20.6706921094555));
#11240=CARTESIAN_POINT('Origin',(-76.1725013900342,25.8151184867239,-21.6706921094555));
#11241=CARTESIAN_POINT('',(-76.1725013900309,24.5943438979624,-20.6706921094555));
#11242=CARTESIAN_POINT('',(-76.1725013900309,44.992635436064,-20.6706921094555));
#11243=CARTESIAN_POINT('',(-76.1725013900308,23.7751918536734,-21.0971156731044));
#11244=CARTESIAN_POINT('Origin',(-76.1725013900342,24.5943438979624,-21.6706921094555));
#11245=CARTESIAN_POINT('',(-76.1725013900305,21.6745692390443,-24.0971156731045));
#11246=CARTESIAN_POINT('',(-76.1725013900332,36.46564934276,-2.97326410541989));
#11247=CARTESIAN_POINT('',(-76.1725013900302,22.4937212833333,-25.6706921094555));
#11248=CARTESIAN_POINT('Origin',(-76.1725013900342,22.4937212833333,-24.6706921094555));
#11249=CARTESIAN_POINT('',(-76.1725013900302,23.7144958720948,-25.6706921094555));
#11250=CARTESIAN_POINT('',(-76.1725013900302,43.3319368343687,-25.6706921094555));
#11251=CARTESIAN_POINT('',(-76.1725013900303,24.5336479163837,-25.2442685458065));
#11252=CARTESIAN_POINT('Origin',(-76.1725013900342,23.7144958720948,-24.6706921094555));
#11253=CARTESIAN_POINT('',(-76.1725013900328,38.0736054405487,-5.90720519629752));
#11254=CARTESIAN_POINT('',(-76.1725013900307,42.3485562452986,-22.2442685458066));
#11255=CARTESIAN_POINT('',(-76.1725013900309,41.5294042010096,-20.6706921094555));
#11256=CARTESIAN_POINT('Origin',(-76.1725013900342,41.5294042010096,-21.6706921094555));
#11257=CARTESIAN_POINT('',(-76.1725013900309,40.3086296122481,-20.6706921094555));
#11258=CARTESIAN_POINT('',(-76.1725013900309,52.8497782932069,-20.6706921094555));
#11259=CARTESIAN_POINT('',(-76.1725013900308,39.4894775679592,-21.0971156731045));
#11260=CARTESIAN_POINT('Origin',(-76.1725013900342,40.3086296122482,-21.6706921094555));
#11261=CARTESIAN_POINT('',(-76.1725013900305,37.38885495333,-24.0971156731045));
#11262=CARTESIAN_POINT('',(-76.1725013900327,49.5950141915395,-6.66491368707884));
#11263=CARTESIAN_POINT('',(-76.1725013900302,38.208006997619,-25.6706921094555));
#11264=CARTESIAN_POINT('Origin',(-76.1725013900342,38.208006997619,-24.6706921094555));
#11265=CARTESIAN_POINT('',(-76.1725013900302,39.4287815863805,-25.6706921094555));
#11266=CARTESIAN_POINT('',(-76.1725013900302,51.1890796915116,-25.6706921094555));
#11267=CARTESIAN_POINT('',(-76.1725013900303,40.2479336306695,-25.2442685458066));
#11268=CARTESIAN_POINT('Origin',(-76.1725013900342,39.4287815863805,-24.6706921094555));
#11269=CARTESIAN_POINT('',(-76.1725013900323,51.2029702893281,-9.59885477795646));
#11270=CARTESIAN_POINT('',(-76.1725013900307,10.9199848167272,-22.2442685458065));
#11271=CARTESIAN_POINT('',(-76.1725013900309,10.1008327724382,-20.6706921094555));
#11272=CARTESIAN_POINT('Origin',(-76.1725013900342,10.1008327724382,-21.6706921094555));
#11273=CARTESIAN_POINT('',(-76.1725013900309,8.88005818367672,-20.6706921094555));
#11274=CARTESIAN_POINT('',(-76.1725013900309,37.1354925789212,-20.6706921094554));
#11275=CARTESIAN_POINT('',(-76.1725013900308,8.06090613938773,-21.0971156731044));
#11276=CARTESIAN_POINT('Origin',(-76.1725013900342,8.88005818367672,-21.6706921094555));
#11277=CARTESIAN_POINT('',(-76.1725013900305,5.9602835247586,-24.0971156731044));
#11278=CARTESIAN_POINT('',(-76.1725013900337,23.3362844939806,0.718385476239052));
#11279=CARTESIAN_POINT('',(-76.1725013900302,6.77943556904759,-25.6706921094555));
#11280=CARTESIAN_POINT('Origin',(-76.1725013900342,6.77943556904758,-24.6706921094555));
#11281=CARTESIAN_POINT('',(-76.1725013900302,8.00021015780905,-25.6706921094555));
#11282=CARTESIAN_POINT('',(-76.1725013900302,35.4747939772258,-25.6706921094555));
#11283=CARTESIAN_POINT('',(-76.1725013900303,8.81936220209803,-25.2442685458065));
#11284=CARTESIAN_POINT('Origin',(-76.1725013900342,8.00021015780906,-24.6706921094555));
#11285=CARTESIAN_POINT('',(-76.1725013900333,24.9442405917693,-2.21555561463857));
#11286=CARTESIAN_POINT('',(-76.1725013900307,34.4914133881557,-22.2442685458066));
#11287=CARTESIAN_POINT('',(-76.1725013900309,33.6722613438668,-20.6706921094555));
#11288=CARTESIAN_POINT('Origin',(-76.1725013900342,33.6722613438668,-21.6706921094555));
#11289=CARTESIAN_POINT('',(-76.1725013900309,32.4514867551053,-20.6706921094555));
#11290=CARTESIAN_POINT('',(-76.1725013900309,48.9212068646355,-20.6706921094555));
#11291=CARTESIAN_POINT('',(-76.1725013900308,31.6323347108163,-21.0971156731045));
#11292=CARTESIAN_POINT('Origin',(-76.1725013900342,32.4514867551053,-21.6706921094555));
#11293=CARTESIAN_POINT('',(-76.1725013900305,29.5317120961872,-24.0971156731045));
#11294=CARTESIAN_POINT('',(-76.1725013900329,43.0303317671498,-4.81908889624936));
#11295=CARTESIAN_POINT('',(-76.1725013900302,30.3508641404762,-25.6706921094555));
#11296=CARTESIAN_POINT('Origin',(-76.1725013900342,30.3508641404762,-24.6706921094555));
#11297=CARTESIAN_POINT('',(-76.1725013900302,31.5716387292376,-25.6706921094555));
#11298=CARTESIAN_POINT('',(-76.1725013900302,47.2605082629401,-25.6706921094555));
#11299=CARTESIAN_POINT('',(-76.1725013900303,32.3907907735266,-25.2442685458066));
#11300=CARTESIAN_POINT('Origin',(-76.1725013900342,31.5716387292376,-24.6706921094555));
#11301=CARTESIAN_POINT('',(-76.1725013900326,44.6382878649384,-7.75302998712699));
#11302=CARTESIAN_POINT('Origin',(-74.1725013900341,64.1701523854042,4.63763958664032));
#11303=CARTESIAN_POINT('',(-74.1725013900341,64.1701523854042,4.63763958664032));
#11304=CARTESIAN_POINT('',(-74.1725013900341,64.1701523854042,4.63763958664032));
#11305=CARTESIAN_POINT('',(-74.1725013900341,57.9805886347489,4.63763958664032));
#11306=CARTESIAN_POINT('',(-74.1725013900341,45.4201523854255,4.63763958664032));
#11307=CARTESIAN_POINT('',(-74.1725013900336,57.9805886347489,-0.862360413359688));
#11308=CARTESIAN_POINT('',(-74.1725013900341,57.9805886347489,4.63763958664032));
#11309=CARTESIAN_POINT('',(-74.1725013900336,55.9805890896934,-0.862360413359688));
#11310=CARTESIAN_POINT('',(-74.1725013900336,36.8253754403,-0.862360413359688));
#11311=CARTESIAN_POINT('',(-74.1724973492772,55.9805890896934,-2.61236041335973));
#11312=CARTESIAN_POINT('',(-74.1724973492779,55.9805890896934,4.63763958664032));
#11313=CARTESIAN_POINT('',(-74.1724983143067,48.9805890896935,-2.61236041335973));
#11314=CARTESIAN_POINT('',(-74.1725013900334,37.8253726523266,-2.61236041335973));
#11315=CARTESIAN_POINT('',(-74.1725013900336,48.9805890896935,-0.862360413359688));
#11316=CARTESIAN_POINT('',(-74.1724983143074,48.9805890896935,4.63763958664032));
#11317=CARTESIAN_POINT('',(-74.1724985900376,46.980589089701,-0.862360413359688));
#11318=CARTESIAN_POINT('',(-74.1725013900336,36.8253754403,-0.862360413359688));
#11319=CARTESIAN_POINT('',(-74.1724985900382,46.980589089701,4.63763958664032));
#11320=CARTESIAN_POINT('',(-74.1724985900382,46.980589089701,4.63763958664032));
#11321=CARTESIAN_POINT('',(-74.1725013900765,6.35971995139982,4.63763958664032));
#11322=CARTESIAN_POINT('',(-74.1725013900341,45.4201523854255,4.63763958664032));
#11323=CARTESIAN_POINT('',(-74.1725013900759,6.35971995139982,-0.862360413359653));
#11324=CARTESIAN_POINT('',(-74.1725013900765,6.35971995139982,4.63763958664032));
#11325=CARTESIAN_POINT('',(-74.1725013900336,4.35971995140733,-0.862360413359653));
#11326=CARTESIAN_POINT('',(-74.1725013900336,11.0149408711533,-0.862360413359653));
#11327=CARTESIAN_POINT('',(-74.172501390069,4.35971995140733,-2.6123604133597));
#11328=CARTESIAN_POINT('',(-74.1725013900697,4.35971995140733,4.63763958664032));
#11329=CARTESIAN_POINT('',(-74.1725013900741,-2.64028004859256,-2.6123604133597));
#11330=CARTESIAN_POINT('',(-74.1725013900331,12.0149380831836,-2.6123604133597));
#11331=CARTESIAN_POINT('',(-74.1725013900742,-2.64028004859256,-0.862360413359653));
#11332=CARTESIAN_POINT('',(-74.1725013900748,-2.64028004859256,4.63763958664035));
#11333=CARTESIAN_POINT('',(-74.1725013900758,-4.64028004859273,-0.862360413359653));
#11334=CARTESIAN_POINT('',(-74.1725013900336,11.0149408711533,-0.862360413359653));
#11335=CARTESIAN_POINT('',(-74.1725013900763,-4.64028004859273,4.63763958664035));
#11336=CARTESIAN_POINT('',(-74.1725013900763,-4.64028004859273,4.63763958664035));
#11337=CARTESIAN_POINT('',(-74.172501390034,-10.8298476145089,4.63763958664035));
#11338=CARTESIAN_POINT('',(-74.1725013900341,45.4201523854255,4.63763958664032));
#11339=CARTESIAN_POINT('',(-74.1725013900307,-10.8298476145089,-27.3623604133597));
#11340=CARTESIAN_POINT('',(-74.172501390034,-10.8298476145089,4.63763958664035));
#11341=CARTESIAN_POINT('',(-74.1725013900309,45.420152385426,-27.3623604133597));
#11342=CARTESIAN_POINT('',(-74.1725013900316,49.3865470581525,-20.6706921094555));
#11343=CARTESIAN_POINT('',(-74.1725013900314,50.2056991024415,-22.2442685458066));
#11344=CARTESIAN_POINT('Origin',(-74.1725013900341,49.3865470581525,-21.6706921094555));
#11345=CARTESIAN_POINT('',(-74.1725013900311,48.1050764878123,-25.2442685458066));
#11346=CARTESIAN_POINT('',(-74.1725013900325,57.7676527137179,-11.4446795687858));
#11347=CARTESIAN_POINT('',(-74.172501390031,47.2859244435233,-25.6706921094555));
#11348=CARTESIAN_POINT('Origin',(-74.1725013900341,47.2859244435233,-24.6706921094555));
#11349=CARTESIAN_POINT('',(-74.172501390031,46.0651498547619,-25.6706921094555));
#11350=CARTESIAN_POINT('',(-74.1725013900311,55.117651120083,-25.6706921094555));
#11351=CARTESIAN_POINT('',(-74.1725013900312,45.2459978104729,-24.0971156731045));
#11352=CARTESIAN_POINT('Origin',(-74.1725013900341,46.0651498547619,-24.6706921094555));
#11353=CARTESIAN_POINT('',(-74.1725013900315,47.346620425102,-21.0971156731045));
#11354=CARTESIAN_POINT('',(-74.1725013900328,56.1596966159293,-8.51073847790814));
#11355=CARTESIAN_POINT('',(-74.1725013900316,48.165772469391,-20.6706921094555));
#11356=CARTESIAN_POINT('Origin',(-74.1725013900341,48.165772469391,-21.6706921094555));
#11357=CARTESIAN_POINT('',(-74.1725013900316,56.7783497217783,-20.6706921094555));
#11358=CARTESIAN_POINT('',(-74.1725013900315,17.957975629581,-20.6706921094555));
#11359=CARTESIAN_POINT('',(-74.1725013900313,18.77712767387,-22.2442685458065));
#11360=CARTESIAN_POINT('Origin',(-74.1725013900341,17.957975629581,-21.6706921094555));
#11361=CARTESIAN_POINT('',(-74.172501390031,16.6765050592409,-25.2442685458065));
#11362=CARTESIAN_POINT('',(-74.1725013900332,31.5089230161591,-4.06138040546787));
#11363=CARTESIAN_POINT('',(-74.172501390031,15.8573530149519,-25.6706921094555));
#11364=CARTESIAN_POINT('Origin',(-74.1725013900341,15.8573530149519,-24.6706921094555));
#11365=CARTESIAN_POINT('',(-74.172501390031,14.6365784261904,-25.6706921094555));
#11366=CARTESIAN_POINT('',(-74.172501390031,39.4033654057973,-25.6706921094555));
#11367=CARTESIAN_POINT('',(-74.1725013900311,13.8174263819015,-24.0971156731044));
#11368=CARTESIAN_POINT('Origin',(-74.1725013900341,14.6365784261904,-24.6706921094555));
#11369=CARTESIAN_POINT('',(-74.1725013900315,15.9180489965306,-21.0971156731044));
#11370=CARTESIAN_POINT('',(-74.1725013900335,29.9009669183705,-1.12743931459025));
#11371=CARTESIAN_POINT('',(-74.1725013900315,16.7372010408196,-20.6706921094555));
#11372=CARTESIAN_POINT('Origin',(-74.1725013900341,16.7372010408196,-21.6706921094555));
#11373=CARTESIAN_POINT('',(-74.1725013900315,41.0640640074926,-20.6706921094554));
#11374=CARTESIAN_POINT('',(-74.1725013900315,25.8151184867239,-20.6706921094555));
#11375=CARTESIAN_POINT('',(-74.1725013900314,26.6342705310129,-22.2442685458065));
#11376=CARTESIAN_POINT('Origin',(-74.1725013900341,25.8151184867239,-21.6706921094555));
#11377=CARTESIAN_POINT('',(-74.172501390031,24.5336479163837,-25.2442685458065));
#11378=CARTESIAN_POINT('',(-74.172501390033,38.0736054405488,-5.90720519629735));
#11379=CARTESIAN_POINT('',(-74.172501390031,23.7144958720948,-25.6706921094555));
#11380=CARTESIAN_POINT('Origin',(-74.1725013900341,23.7144958720948,-24.6706921094555));
#11381=CARTESIAN_POINT('',(-74.172501390031,22.4937212833333,-25.6706921094555));
#11382=CARTESIAN_POINT('',(-74.172501390031,43.3319368343687,-25.6706921094555));
#11383=CARTESIAN_POINT('',(-74.1725013900312,21.6745692390443,-24.0971156731045));
#11384=CARTESIAN_POINT('Origin',(-74.1725013900341,22.4937212833333,-24.6706921094555));
#11385=CARTESIAN_POINT('',(-74.1725013900315,23.7751918536734,-21.0971156731044));
#11386=CARTESIAN_POINT('',(-74.1725013900333,36.4656493427602,-2.97326410541972));
#11387=CARTESIAN_POINT('',(-74.1725013900315,24.5943438979624,-20.6706921094555));
#11388=CARTESIAN_POINT('Origin',(-74.1725013900341,24.5943438979624,-21.6706921094555));
#11389=CARTESIAN_POINT('',(-74.1725013900316,44.992635436064,-20.6706921094555));
#11390=CARTESIAN_POINT('',(-74.1725013900316,41.5294042010096,-20.6706921094555));
#11391=CARTESIAN_POINT('',(-74.1725013900314,42.3485562452986,-22.2442685458066));
#11392=CARTESIAN_POINT('Origin',(-74.1725013900341,41.5294042010096,-21.6706921094555));
#11393=CARTESIAN_POINT('',(-74.1725013900311,40.2479336306695,-25.2442685458066));
#11394=CARTESIAN_POINT('',(-74.1725013900327,51.2029702893282,-9.59885477795629));
#11395=CARTESIAN_POINT('',(-74.172501390031,39.4287815863805,-25.6706921094555));
#11396=CARTESIAN_POINT('Origin',(-74.1725013900341,39.4287815863805,-24.6706921094555));
#11397=CARTESIAN_POINT('',(-74.172501390031,38.208006997619,-25.6706921094555));
#11398=CARTESIAN_POINT('',(-74.1725013900311,51.1890796915116,-25.6706921094555));
#11399=CARTESIAN_POINT('',(-74.1725013900312,37.38885495333,-24.0971156731045));
#11400=CARTESIAN_POINT('Origin',(-74.1725013900341,38.208006997619,-24.6706921094555));
#11401=CARTESIAN_POINT('',(-74.1725013900315,39.4894775679592,-21.0971156731045));
#11402=CARTESIAN_POINT('',(-74.172501390033,49.5950141915396,-6.66491368707867));
#11403=CARTESIAN_POINT('',(-74.1725013900315,40.3086296122481,-20.6706921094555));
#11404=CARTESIAN_POINT('Origin',(-74.1725013900341,40.3086296122482,-21.6706921094555));
#11405=CARTESIAN_POINT('',(-74.1725013900316,52.8497782932069,-20.6706921094555));
#11406=CARTESIAN_POINT('',(-74.1725013900315,10.1008327724382,-20.6706921094555));
#11407=CARTESIAN_POINT('',(-74.1725013900313,10.9199848167272,-22.2442685458065));
#11408=CARTESIAN_POINT('Origin',(-74.1725013900341,10.1008327724382,-21.6706921094555));
#11409=CARTESIAN_POINT('',(-74.172501390031,8.81936220209803,-25.2442685458065));
#11410=CARTESIAN_POINT('',(-74.1725013900334,24.9442405917694,-2.21555561463841));
#11411=CARTESIAN_POINT('',(-74.172501390031,8.00021015780905,-25.6706921094555));
#11412=CARTESIAN_POINT('Origin',(-74.1725013900341,8.00021015780906,-24.6706921094555));
#11413=CARTESIAN_POINT('',(-74.172501390031,6.77943556904759,-25.6706921094555));
#11414=CARTESIAN_POINT('',(-74.172501390031,35.4747939772258,-25.6706921094555));
#11415=CARTESIAN_POINT('',(-74.1725013900311,5.9602835247586,-24.0971156731044));
#11416=CARTESIAN_POINT('Origin',(-74.1725013900341,6.77943556904758,-24.6706921094555));
#11417=CARTESIAN_POINT('',(-74.1725013900314,8.06090613938773,-21.0971156731044));
#11418=CARTESIAN_POINT('',(-74.1725013900337,23.3362844939808,0.718385476239219));
#11419=CARTESIAN_POINT('',(-74.1725013900315,8.88005818367672,-20.6706921094555));
#11420=CARTESIAN_POINT('Origin',(-74.1725013900341,8.88005818367672,-21.6706921094555));
#11421=CARTESIAN_POINT('',(-74.1725013900315,37.1354925789212,-20.6706921094554));
#11422=CARTESIAN_POINT('',(-74.1725013900315,33.6722613438668,-20.6706921094555));
#11423=CARTESIAN_POINT('',(-74.1725013900314,34.4914133881557,-22.2442685458066));
#11424=CARTESIAN_POINT('Origin',(-74.1725013900341,33.6722613438668,-21.6706921094555));
#11425=CARTESIAN_POINT('',(-74.1725013900311,32.3907907735266,-25.2442685458066));
#11426=CARTESIAN_POINT('',(-74.1725013900328,44.6382878649385,-7.75302998712682));
#11427=CARTESIAN_POINT('',(-74.172501390031,31.5716387292376,-25.6706921094555));
#11428=CARTESIAN_POINT('Origin',(-74.1725013900341,31.5716387292376,-24.6706921094555));
#11429=CARTESIAN_POINT('',(-74.172501390031,30.3508641404762,-25.6706921094555));
#11430=CARTESIAN_POINT('',(-74.172501390031,47.2605082629401,-25.6706921094555));
#11431=CARTESIAN_POINT('',(-74.1725013900312,29.5317120961872,-24.0971156731045));
#11432=CARTESIAN_POINT('Origin',(-74.1725013900341,30.3508641404762,-24.6706921094555));
#11433=CARTESIAN_POINT('',(-74.1725013900315,31.6323347108163,-21.0971156731045));
#11434=CARTESIAN_POINT('',(-74.1725013900331,43.0303317671499,-4.81908889624919));
#11435=CARTESIAN_POINT('',(-74.1725013900315,32.4514867551053,-20.6706921094555));
#11436=CARTESIAN_POINT('Origin',(-74.1725013900341,32.4514867551053,-21.6706921094555));
#11437=CARTESIAN_POINT('',(-74.1725013900316,48.9212068646355,-20.6706921094555));
#11438=CARTESIAN_POINT('Origin',(-17.172501389998,26.6701523854476,-27.3623604133539));
#11439=CARTESIAN_POINT('',(35.3274986100345,68.6701523854043,-27.3623604133486));
#11440=CARTESIAN_POINT('Origin',(35.3274986100342,64.1701523854039,-27.3623604133486));
#11441=CARTESIAN_POINT('',(35.0274986099704,68.6701523854043,-27.3623604133487));
#11442=CARTESIAN_POINT('',(9.07749861001818,68.6701523854043,-27.3623604133513));
#11443=CARTESIAN_POINT('',(35.0274986099689,70.6701523854042,-27.3623604133486));
#11444=CARTESIAN_POINT('',(35.0274986099868,47.6701523854877,-27.3623604133486));
#11445=CARTESIAN_POINT('',(35.3274986100345,70.6701523854042,-27.3623604133486));
#11446=CARTESIAN_POINT('',(8.82749860998544,70.6701523854042,-27.3623604133513));
#11447=CARTESIAN_POINT('Origin',(35.3274986100342,64.1701523854039,-27.3623604133486));
#11448=CARTESIAN_POINT('Origin',(-17.172501389998,26.6701523854476,-27.3623604133539));
#11449=CARTESIAN_POINT('',(-69.6725013900308,70.6701523854042,-27.3623604133592));
#11450=CARTESIAN_POINT('Origin',(-69.6725013900306,64.1701523854039,-27.3623604133592));
#11451=CARTESIAN_POINT('',(-69.3725013900313,70.6701523854042,-27.3623604133592));
#11452=CARTESIAN_POINT('',(-43.4225013900145,70.6701523854042,-27.3623604133566));
#11453=CARTESIAN_POINT('',(-69.3725013900297,68.6701523854043,-27.3623604133592));
#11454=CARTESIAN_POINT('',(-69.3725013900141,48.6701523854055,-27.3623604133592));
#11455=CARTESIAN_POINT('',(-69.6725013900308,68.6701523854043,-27.3623604133592));
#11456=CARTESIAN_POINT('',(-43.1725013900139,68.6701523854043,-27.3623604133566));
#11457=CARTESIAN_POINT('Origin',(-69.6725013900306,64.1701523854039,-27.3623604133592));
#11458=CARTESIAN_POINT('Origin',(-17.172501389998,26.6701523854476,-27.3623604133539));
#11459=CARTESIAN_POINT('',(-69.6725013900308,-15.3298476145085,-27.3623604133592));
#11460=CARTESIAN_POINT('Origin',(-69.6725013900307,-10.8298476145083,-27.3623604133592));
#11461=CARTESIAN_POINT('',(35.3274986100345,-15.3298476145085,-27.3623604133486));
#11462=CARTESIAN_POINT('',(-43.4225013900145,-15.3298476145085,-27.3623604133565));
#11463=CARTESIAN_POINT('',(39.8274986100347,-10.8298476145086,-27.3623604133481));
#11464=CARTESIAN_POINT('Origin',(35.3274986100344,-10.8298476145083,-27.3623604133486));
#11465=CARTESIAN_POINT('',(39.8274986100346,7.92015238546952,-27.3623604133481));
#11466=CARTESIAN_POINT('',(41.8274986100347,-10.8298476145086,-27.3623604133479));
#11467=CARTESIAN_POINT('',(41.8274986100346,45.420152385426,-27.362360413348));
#11468=CARTESIAN_POINT('',(35.3274986100345,-17.3298476145087,-27.3623604133486));
#11469=CARTESIAN_POINT('Origin',(35.3274986100344,-10.8298476145083,-27.3623604133486));
#11470=CARTESIAN_POINT('',(-69.6725013900308,-17.3298476145084,-27.3623604133592));
#11471=CARTESIAN_POINT('',(9.07749861001818,-17.3298476145087,-27.3623604133513));
#11472=CARTESIAN_POINT('Origin',(-69.6725013900307,-10.8298476145083,-27.3623604133592));
#11473=CARTESIAN_POINT('Origin',(-17.1515013899779,-7.79384761452276,-9.55736041335082));
#11474=CARTESIAN_POINT('',(-17.1515013899779,-17.3298476145085,-11.5573604133508));
#11475=CARTESIAN_POINT('',(-15.1515013899779,-17.3298476145085,-9.55736041335081));
#11476=CARTESIAN_POINT('Origin',(-17.1515013899779,-17.3298476145084,-9.55736041335081));
#11477=CARTESIAN_POINT('',(-15.1515013899779,-15.3298476145086,-9.55736041335081));
#11478=CARTESIAN_POINT('',(-15.1515013899779,-7.79384761452276,-9.55736041335082));
#11479=CARTESIAN_POINT('',(-17.1515013899779,-15.3298476145086,-11.5573604133508));
#11480=CARTESIAN_POINT('Origin',(-17.1515013899779,-15.3298476145085,-9.55736041335081));
#11481=CARTESIAN_POINT('',(-17.1515013899779,-7.79384761452276,-11.5573604133508));
#11482=CARTESIAN_POINT('Origin',(-15.1515013899779,-7.79384761452276,-9.55736041335082));
#11483=CARTESIAN_POINT('',(-15.1515013899779,-17.3298476145085,-7.27736041335037));
#11484=CARTESIAN_POINT('',(-15.1515013899779,-17.3298476145085,-2.459860413355));
#11485=CARTESIAN_POINT('',(-15.1515013899779,-15.3298476145086,-7.27736041335037));
#11486=CARTESIAN_POINT('',(-15.1515013899779,-7.79384761452275,-7.27736041335038));
#11487=CARTESIAN_POINT('',(-15.1515013899779,-15.3298476145086,-2.459860413355));
#11488=CARTESIAN_POINT('Origin',(-30.6715013899779,-7.79384761452276,-9.55736041335082));
#11489=CARTESIAN_POINT('',(-30.6715013899779,-15.3298476145086,-11.5573604133508));
#11490=CARTESIAN_POINT('',(-32.6715013899779,-15.3298476145086,-9.55736041335081));
#11491=CARTESIAN_POINT('Origin',(-30.6715013899779,-15.3298476145085,-9.55736041335081));
#11492=CARTESIAN_POINT('',(-32.6715013899779,-17.3298476145085,-9.55736041335081));
#11493=CARTESIAN_POINT('',(-32.6715013899779,-7.79384761452276,-9.55736041335082));
#11494=CARTESIAN_POINT('',(-30.6715013899779,-17.3298476145085,-11.5573604133508));
#11495=CARTESIAN_POINT('Origin',(-30.6715013899779,-17.3298476145084,-9.55736041335081));
#11496=CARTESIAN_POINT('',(-30.6715013899779,-7.79384761452276,-11.5573604133508));
#11497=CARTESIAN_POINT('Origin',(-32.6715013899779,-7.79384761452275,-7.27736041335039));
#11498=CARTESIAN_POINT('',(-32.6715013899779,-15.3298476145086,-7.27736041335037));
#11499=CARTESIAN_POINT('',(-32.6715013899779,-15.3298476145086,-1.31986041335478));
#11500=CARTESIAN_POINT('',(-32.6715013899779,-17.3298476145085,-7.27736041335037));
#11501=CARTESIAN_POINT('',(-32.6715013899779,-7.79384761452275,-7.27736041335038));
#11502=CARTESIAN_POINT('',(-32.6715013899779,-17.3298476145085,-1.31986041335478));
#11503=CARTESIAN_POINT('Origin',(-30.6715013899779,-7.79384761452275,-7.27736041335038));
#11504=CARTESIAN_POINT('',(-30.6715013899779,-17.3298476145085,-5.27736041335037));
#11505=CARTESIAN_POINT('Origin',(-30.6715013899779,-17.3298476145084,-7.27736041335037));
#11506=CARTESIAN_POINT('',(-30.6715013899779,-15.3298476145086,-5.27736041335038));
#11507=CARTESIAN_POINT('Origin',(-30.6715013899779,-15.3298476145085,-7.27736041335037));
#11508=CARTESIAN_POINT('',(-30.6715013899779,-7.79384761452275,-5.27736041335038));
#11509=CARTESIAN_POINT('Origin',(-17.1515013899779,-7.79384761452275,-7.27736041335038));
#11510=CARTESIAN_POINT('',(-17.1515013899779,-15.3298476145086,-5.27736041335037));
#11511=CARTESIAN_POINT('Origin',(-17.1515013899779,-15.3298476145085,-7.27736041335037));
#11512=CARTESIAN_POINT('',(-17.1515013899779,-17.3298476145085,-5.27736041335037));
#11513=CARTESIAN_POINT('Origin',(-17.1515013899779,-17.3298476145084,-7.27736041335037));
#11514=CARTESIAN_POINT('',(-17.1515013899779,-7.79384761452275,-5.27736041335038));
#11515=CARTESIAN_POINT('Origin',(-69.6725013900341,-17.3298476145084,4.63763958664082));
#11516=CARTESIAN_POINT('',(35.327498610031,-17.3298476145087,6.63763958665143));
#11517=CARTESIAN_POINT('',(-69.6725013900344,-17.3298476145084,6.63763958664081));
#11518=CARTESIAN_POINT('',(-43.4225013900179,-17.3298476145084,6.63763958664347));
#11519=CARTESIAN_POINT('',(-69.6725013900341,-17.3298476145084,4.63763958664078));
#11520=CARTESIAN_POINT('',(35.3274986100313,-17.3298476145087,4.63763958665144));
#11521=CARTESIAN_POINT('',(-50.172001390006,-17.3298476145084,-11.5573604133508));
#11522=CARTESIAN_POINT('',(-50.172001390006,-17.3298476145084,-5.27736041335038));
#11523=CARTESIAN_POINT('',(-42.4894459994967,-17.3298476145084,-21.9876065134996));
#11524=CARTESIAN_POINT('',(-44.5900686141258,-17.3298476145084,-24.9876065134996));
#11525=CARTESIAN_POINT('',(-41.7563462075426,-17.3298476145084,-20.9406315068773));
#11526=CARTESIAN_POINT('',(-45.4092206584148,-17.3298476145084,-25.4140300771485));
#11527=CARTESIAN_POINT('Origin',(-45.4092206584148,-17.3298476145085,-24.4140300771485));
#11528=CARTESIAN_POINT('',(-46.6299952471763,-17.3298476145084,-25.4140300771485));
#11529=CARTESIAN_POINT('',(-58.1512483186052,-17.3298476145084,-25.4140300771485));
#11530=CARTESIAN_POINT('',(-47.4491472914652,-17.3298476145084,-23.8404536407975));
#11531=CARTESIAN_POINT('Origin',(-46.6299952471763,-17.3298476145084,-24.4140300771485));
#11532=CARTESIAN_POINT('',(-45.3485246768361,-17.3298476145084,-20.8404536407975));
#11533=CARTESIAN_POINT('',(-43.3643023053312,-17.3298476145084,-18.0066904159997));
#11534=CARTESIAN_POINT('',(-44.5293726325471,-17.3298476145084,-20.4140300771485));
#11535=CARTESIAN_POINT('Origin',(-44.5293726325471,-17.3298476145085,-21.4140300771485));
#11536=CARTESIAN_POINT('',(-43.3085980437857,-17.3298476145084,-20.4140300771485));
#11537=CARTESIAN_POINT('',(-56.4905497169098,-17.3298476145084,-20.4140300771486));
#11538=CARTESIAN_POINT('Origin',(-43.3085980437857,-17.3298476145085,-21.4140300771485));
#11539=CARTESIAN_POINT('',(-9.76217327222393,-17.3298476145085,-21.9876065134996));
#11540=CARTESIAN_POINT('',(-11.8627958868531,-17.3298476145085,-24.9876065134996));
#11541=CARTESIAN_POINT('',(-14.412545034878,-17.3298476145085,-28.6290256769438));
#11542=CARTESIAN_POINT('',(-12.681947931142,-17.3298476145085,-25.4140300771485));
#11543=CARTESIAN_POINT('Origin',(-12.681947931142,-17.3298476145085,-24.4140300771485));
#11544=CARTESIAN_POINT('',(-13.9027225199035,-17.3298476145085,-25.4140300771485));
#11545=CARTESIAN_POINT('',(-41.7876119549688,-17.3298476145084,-25.4140300771485));
#11546=CARTESIAN_POINT('',(-14.7218745641925,-17.3298476145085,-23.8404536407975));
#11547=CARTESIAN_POINT('Origin',(-13.9027225199035,-17.3298476145085,-24.4140300771485));
#11548=CARTESIAN_POINT('',(-12.6212519495634,-17.3298476145085,-20.8404536407975));
#11549=CARTESIAN_POINT('',(-16.0205011326666,-17.3298476145085,-25.6950845860662));
#11550=CARTESIAN_POINT('',(-11.8020999052744,-17.3298476145085,-20.4140300771485));
#11551=CARTESIAN_POINT('Origin',(-11.8020999052744,-17.3298476145085,-21.4140300771485));
#11552=CARTESIAN_POINT('',(-10.5813253165129,-17.3298476145085,-20.4140300771485));
#11553=CARTESIAN_POINT('',(-40.1269133532735,-17.3298476145084,-20.4140300771486));
#11554=CARTESIAN_POINT('Origin',(-10.5813253165129,-17.3298476145085,-21.4140300771485));
#11555=CARTESIAN_POINT('',(22.9650994550488,-17.3298476145086,-21.9876065134995));
#11556=CARTESIAN_POINT('',(20.8644768404197,-17.3298476145086,-24.9876065134995));
#11557=CARTESIAN_POINT('',(12.9312561377866,-17.3298476145086,-36.3174198470103));
#11558=CARTESIAN_POINT('',(20.0453247961307,-17.3298476145086,-25.4140300771485));
#11559=CARTESIAN_POINT('Origin',(20.0453247961307,-17.3298476145086,-24.4140300771485));
#11560=CARTESIAN_POINT('',(18.8245502073692,-17.3298476145086,-25.4140300771485));
#11561=CARTESIAN_POINT('',(-25.4239755913324,-17.3298476145085,-25.4140300771485));
#11562=CARTESIAN_POINT('',(18.0053981630802,-17.3298476145086,-23.8404536407975));
#11563=CARTESIAN_POINT('Origin',(18.8245502073692,-17.3298476145086,-24.4140300771485));
#11564=CARTESIAN_POINT('',(20.1060207777093,-17.3298476145086,-20.8404536407974));
#11565=CARTESIAN_POINT('',(11.323300039998,-17.3298476145086,-33.3834787561327));
#11566=CARTESIAN_POINT('',(20.9251728219983,-17.3298476145086,-20.4140300771485));
#11567=CARTESIAN_POINT('Origin',(20.9251728219983,-17.3298476145086,-21.4140300771485));
#11568=CARTESIAN_POINT('',(22.1459474107598,-17.3298476145086,-20.4140300771485));
#11569=CARTESIAN_POINT('',(-23.7632769896371,-17.3298476145085,-20.4140300771487));
#11570=CARTESIAN_POINT('Origin',(22.1459474107598,-17.3298476145086,-21.4140300771485));
#11571=CARTESIAN_POINT('',(14.7832812732306,-17.3298476145086,-21.9876065134995));
#11572=CARTESIAN_POINT('',(12.6826586586015,-17.3298476145086,-24.9876065134995));
#11573=CARTESIAN_POINT('',(6.09530584462048,-17.3298476145086,-34.3953213044937));
#11574=CARTESIAN_POINT('',(11.8635066143125,-17.3298476145086,-25.4140300771485));
#11575=CARTESIAN_POINT('Origin',(11.8635066143125,-17.3298476145086,-24.4140300771485));
#11576=CARTESIAN_POINT('',(10.642732025551,-17.3298476145086,-25.4140300771485));
#11577=CARTESIAN_POINT('',(-29.5148846822415,-17.3298476145085,-25.4140300771485));
#11578=CARTESIAN_POINT('',(9.82357998126203,-17.3298476145086,-23.8404536407975));
#11579=CARTESIAN_POINT('Origin',(10.642732025551,-17.3298476145086,-24.4140300771485));
#11580=CARTESIAN_POINT('',(11.9242025958912,-17.3298476145086,-20.8404536407975));
#11581=CARTESIAN_POINT('',(4.48734974683182,-17.3298476145086,-31.4613802136161));
#11582=CARTESIAN_POINT('',(12.7433546401801,-17.3298476145086,-20.4140300771485));
#11583=CARTESIAN_POINT('Origin',(12.7433546401801,-17.3298476145086,-21.4140300771485));
#11584=CARTESIAN_POINT('',(13.9641292289416,-17.3298476145086,-20.4140300771485));
#11585=CARTESIAN_POINT('',(-27.8541860805462,-17.3298476145085,-20.4140300771487));
#11586=CARTESIAN_POINT('Origin',(13.9641292289416,-17.3298476145086,-21.4140300771485));
#11587=CARTESIAN_POINT('',(-17.9439914540421,-17.3298476145085,-21.9876065134996));
#11588=CARTESIAN_POINT('',(-20.0446140686713,-17.3298476145085,-24.9876065134996));
#11589=CARTESIAN_POINT('',(-21.2484953280441,-17.3298476145085,-26.7069271344272));
#11590=CARTESIAN_POINT('',(-20.8637661129602,-17.3298476145085,-25.4140300771485));
#11591=CARTESIAN_POINT('Origin',(-20.8637661129602,-17.3298476145085,-24.4140300771485));
#11592=CARTESIAN_POINT('',(-22.0845407017217,-17.3298476145085,-25.4140300771485));
#11593=CARTESIAN_POINT('',(-45.8785210458779,-17.3298476145084,-25.4140300771485));
#11594=CARTESIAN_POINT('',(-22.9036927460107,-17.3298476145085,-23.8404536407975));
#11595=CARTESIAN_POINT('Origin',(-22.0845407017217,-17.3298476145085,-24.4140300771485));
#11596=CARTESIAN_POINT('',(-20.8030701313816,-17.3298476145085,-20.8404536407975));
#11597=CARTESIAN_POINT('',(-22.8564514258328,-17.3298476145085,-23.7729860435495));
#11598=CARTESIAN_POINT('',(-19.9839180870926,-17.3298476145085,-20.4140300771485));
#11599=CARTESIAN_POINT('Origin',(-19.9839180870926,-17.3298476145085,-21.4140300771485));
#11600=CARTESIAN_POINT('',(-18.7631434983311,-17.3298476145085,-20.4140300771485));
#11601=CARTESIAN_POINT('',(-44.2178224441826,-17.3298476145084,-20.4140300771486));
#11602=CARTESIAN_POINT('Origin',(-18.7631434983311,-17.3298476145085,-21.4140300771485));
#11603=CARTESIAN_POINT('',(-50.6712641813148,-17.3298476145084,-21.9876065134996));
#11604=CARTESIAN_POINT('',(-52.771886795944,-17.3298476145084,-24.9876065134996));
#11605=CARTESIAN_POINT('',(-48.5922965007087,-17.3298476145084,-19.0185329643607));
#11606=CARTESIAN_POINT('',(-53.591038840233,-17.3298476145084,-25.4140300771485));
#11607=CARTESIAN_POINT('Origin',(-53.591038840233,-17.3298476145084,-24.4140300771485));
#11608=CARTESIAN_POINT('',(-54.8118134289944,-17.3298476145084,-25.4140300771485));
#11609=CARTESIAN_POINT('',(-62.2421574095143,-17.3298476145084,-25.4140300771485));
#11610=CARTESIAN_POINT('',(-55.6309654732834,-17.3298476145084,-23.8404536407975));
#11611=CARTESIAN_POINT('Origin',(-54.8118134289944,-17.3298476145084,-24.4140300771485));
#11612=CARTESIAN_POINT('',(-53.5303428586543,-17.3298476145084,-20.8404536407975));
#11613=CARTESIAN_POINT('',(-50.2002525984974,-17.3298476145084,-16.084591873483));
#11614=CARTESIAN_POINT('',(-52.7111908143653,-17.3298476145084,-20.4140300771485));
#11615=CARTESIAN_POINT('Origin',(-52.7111908143653,-17.3298476145084,-21.4140300771485));
#11616=CARTESIAN_POINT('',(-51.4904162256039,-17.3298476145084,-20.4140300771485));
#11617=CARTESIAN_POINT('',(-60.5814588078189,-17.3298476145084,-20.4140300771486));
#11618=CARTESIAN_POINT('Origin',(-51.4904162256038,-17.3298476145084,-21.4140300771485));
#11619=CARTESIAN_POINT('',(-34.3076278176785,-17.3298476145085,-21.9876065134996));
#11620=CARTESIAN_POINT('',(-36.4082504323076,-17.3298476145085,-24.9876065134996));
#11621=CARTESIAN_POINT('',(-34.9203959143764,-17.3298476145085,-22.8627300493939));
#11622=CARTESIAN_POINT('',(-37.2274024765966,-17.3298476145085,-25.4140300771485));
#11623=CARTESIAN_POINT('Origin',(-37.2274024765966,-17.3298476145085,-24.4140300771485));
#11624=CARTESIAN_POINT('',(-38.4481770653581,-17.3298476145085,-25.4140300771485));
#11625=CARTESIAN_POINT('',(-54.0603392276961,-17.3298476145084,-25.4140300771485));
#11626=CARTESIAN_POINT('',(-39.2673291096471,-17.3298476145084,-23.8404536407975));
#11627=CARTESIAN_POINT('Origin',(-38.4481770653581,-17.3298476145084,-24.4140300771485));
#11628=CARTESIAN_POINT('',(-37.1667064950179,-17.3298476145085,-20.8404536407975));
#11629=CARTESIAN_POINT('',(-36.5283520121651,-17.3298476145085,-19.9287889585163));
#11630=CARTESIAN_POINT('',(-36.3475544507289,-17.3298476145085,-20.4140300771485));
#11631=CARTESIAN_POINT('Origin',(-36.3475544507289,-17.3298476145085,-21.4140300771485));
#11632=CARTESIAN_POINT('',(-35.1267798619675,-17.3298476145085,-20.4140300771485));
#11633=CARTESIAN_POINT('',(-52.3996406260007,-17.3298476145084,-20.4140300771486));
#11634=CARTESIAN_POINT('Origin',(-35.1267798619675,-17.3298476145085,-21.4140300771485));
#11635=CARTESIAN_POINT('',(-1.58035509040576,-17.3298476145086,-21.9876065134995));
#11636=CARTESIAN_POINT('',(-3.68097770503489,-17.3298476145085,-24.9876065134996));
#11637=CARTESIAN_POINT('',(-7.57659474171183,-17.3298476145085,-30.5511242194604));
#11638=CARTESIAN_POINT('',(-4.50012974932387,-17.3298476145085,-25.4140300771485));
#11639=CARTESIAN_POINT('Origin',(-4.50012974932387,-17.3298476145085,-24.4140300771485));
#11640=CARTESIAN_POINT('',(-5.72090433808534,-17.3298476145085,-25.4140300771485));
#11641=CARTESIAN_POINT('',(-37.6967028640597,-17.3298476145085,-25.4140300771485));
#11642=CARTESIAN_POINT('',(-6.54005638237433,-17.3298476145085,-23.8404536407975));
#11643=CARTESIAN_POINT('Origin',(-5.72090433808534,-17.3298476145085,-24.4140300771485));
#11644=CARTESIAN_POINT('',(-4.43943376774521,-17.3298476145085,-20.8404536407975));
#11645=CARTESIAN_POINT('',(-9.18455083950049,-17.3298476145085,-27.6171831285828));
#11646=CARTESIAN_POINT('',(-3.62028172345622,-17.3298476145085,-20.4140300771485));
#11647=CARTESIAN_POINT('Origin',(-3.62028172345622,-17.3298476145085,-21.4140300771485));
#11648=CARTESIAN_POINT('',(-2.39950713469477,-17.3298476145085,-20.4140300771485));
#11649=CARTESIAN_POINT('',(-36.0360042623644,-17.3298476145085,-20.4140300771486));
#11650=CARTESIAN_POINT('Origin',(-2.39950713469475,-17.3298476145085,-21.4140300771485));
#11651=CARTESIAN_POINT('',(31.146917636867,-17.3298476145086,-21.9876065134995));
#11652=CARTESIAN_POINT('',(29.0462950222379,-17.3298476145086,-24.9876065134995));
#11653=CARTESIAN_POINT('',(19.7672064309528,-17.3298476145086,-38.2395183895269));
#11654=CARTESIAN_POINT('',(28.2271429779489,-17.3298476145086,-25.4140300771485));
#11655=CARTESIAN_POINT('Origin',(28.2271429779489,-17.3298476145086,-24.4140300771485));
#11656=CARTESIAN_POINT('',(27.0063683891874,-17.3298476145086,-25.4140300771485));
#11657=CARTESIAN_POINT('',(-21.3330665004234,-17.3298476145085,-25.4140300771485));
#11658=CARTESIAN_POINT('',(26.1872163448984,-17.3298476145086,-23.8404536407975));
#11659=CARTESIAN_POINT('Origin',(27.0063683891874,-17.3298476145086,-24.4140300771485));
#11660=CARTESIAN_POINT('',(28.2878389595275,-17.3298476145086,-20.8404536407974));
#11661=CARTESIAN_POINT('',(18.1592503331641,-17.3298476145086,-35.3055772986493));
#11662=CARTESIAN_POINT('',(29.1069910038165,-17.3298476145086,-20.4140300771485));
#11663=CARTESIAN_POINT('Origin',(29.1069910038165,-17.3298476145086,-21.4140300771485));
#11664=CARTESIAN_POINT('',(30.327765592578,-17.3298476145086,-20.4140300771485));
#11665=CARTESIAN_POINT('',(-19.672367898728,-17.3298476145085,-20.4140300771487));
#11666=CARTESIAN_POINT('Origin',(30.327765592578,-17.3298476145086,-21.4140300771485));
#11667=CARTESIAN_POINT('',(6.60146309141243,-17.3298476145086,-21.9876065134995));
#11668=CARTESIAN_POINT('',(4.50084047678329,-17.3298476145086,-24.9876065134995));
#11669=CARTESIAN_POINT('',(-0.740644448545678,-17.3298476145086,-32.473222761977));
#11670=CARTESIAN_POINT('',(3.68168843249431,-17.3298476145086,-25.4140300771485));
#11671=CARTESIAN_POINT('Origin',(3.68168843249431,-17.3298476145086,-24.4140300771485));
#11672=CARTESIAN_POINT('',(2.46091384373284,-17.3298476145086,-25.4140300771485));
#11673=CARTESIAN_POINT('',(-33.6057937731506,-17.3298476145085,-25.4140300771485));
#11674=CARTESIAN_POINT('',(1.64176179944385,-17.3298476145086,-23.8404536407975));
#11675=CARTESIAN_POINT('Origin',(2.46091384373284,-17.3298476145086,-24.4140300771485));
#11676=CARTESIAN_POINT('',(3.74238441407297,-17.3298476145086,-20.8404536407975));
#11677=CARTESIAN_POINT('',(-2.34860054633434,-17.3298476145085,-29.5392816710994));
#11678=CARTESIAN_POINT('',(4.56153645836197,-17.3298476145086,-20.4140300771485));
#11679=CARTESIAN_POINT('Origin',(4.56153645836197,-17.3298476145086,-21.4140300771485));
#11680=CARTESIAN_POINT('',(5.78231104712342,-17.3298476145086,-20.4140300771485));
#11681=CARTESIAN_POINT('',(-31.9450951714553,-17.3298476145085,-20.4140300771486));
#11682=CARTESIAN_POINT('Origin',(5.78231104712343,-17.3298476145086,-21.4140300771485));
#11683=CARTESIAN_POINT('',(-26.1258096358603,-17.3298476145085,-21.9876065134996));
#11684=CARTESIAN_POINT('',(-28.2264322504894,-17.3298476145085,-24.9876065134996));
#11685=CARTESIAN_POINT('',(-28.0844456212103,-17.3298476145085,-24.7848285919105));
#11686=CARTESIAN_POINT('',(-29.0455842947784,-17.3298476145085,-25.4140300771485));
#11687=CARTESIAN_POINT('Origin',(-29.0455842947784,-17.3298476145085,-24.4140300771485));
#11688=CARTESIAN_POINT('',(-30.2663588835399,-17.3298476145085,-25.4140300771485));
#11689=CARTESIAN_POINT('',(-49.969430136787,-17.3298476145084,-25.4140300771485));
#11690=CARTESIAN_POINT('',(-31.0855109278289,-17.3298476145085,-23.8404536407975));
#11691=CARTESIAN_POINT('Origin',(-30.2663588835399,-17.3298476145085,-24.4140300771485));
#11692=CARTESIAN_POINT('',(-28.9848883131998,-17.3298476145085,-20.8404536407975));
#11693=CARTESIAN_POINT('',(-29.6924017189989,-17.3298476145085,-21.8508875010329));
#11694=CARTESIAN_POINT('',(-28.1657362689108,-17.3298476145085,-20.4140300771485));
#11695=CARTESIAN_POINT('Origin',(-28.1657362689108,-17.3298476145085,-21.4140300771485));
#11696=CARTESIAN_POINT('',(-26.9449616801493,-17.3298476145085,-20.4140300771485));
#11697=CARTESIAN_POINT('',(-48.3087315350917,-17.3298476145084,-20.4140300771486));
#11698=CARTESIAN_POINT('Origin',(-26.9449616801493,-17.3298476145085,-21.4140300771485));
#11699=CARTESIAN_POINT('',(-58.853082363133,-17.3298476145084,-21.9876065134996));
#11700=CARTESIAN_POINT('',(-60.9537049777622,-17.3298476145084,-24.9876065134996));
#11701=CARTESIAN_POINT('',(-55.4282467938749,-17.3298476145084,-17.096434421844));
#11702=CARTESIAN_POINT('',(-61.7728570220511,-17.3298476145084,-25.4140300771485));
#11703=CARTESIAN_POINT('Origin',(-61.7728570220511,-17.3298476145084,-24.4140300771485));
#11704=CARTESIAN_POINT('',(-62.9936316108126,-17.3298476145084,-25.4140300771485));
#11705=CARTESIAN_POINT('',(-66.3330665004233,-17.3298476145084,-25.4140300771485));
#11706=CARTESIAN_POINT('',(-63.8127836551016,-17.3298476145084,-23.8404536407975));
#11707=CARTESIAN_POINT('Origin',(-62.9936316108126,-17.3298476145084,-24.4140300771485));
#11708=CARTESIAN_POINT('',(-61.7121610404725,-17.3298476145084,-20.8404536407975));
#11709=CARTESIAN_POINT('',(-57.0362028916635,-17.3298476145084,-14.1624933309664));
#11710=CARTESIAN_POINT('',(-60.8930089961835,-17.3298476145084,-20.4140300771485));
#11711=CARTESIAN_POINT('Origin',(-60.8930089961835,-17.3298476145084,-21.4140300771485));
#11712=CARTESIAN_POINT('',(-59.672234407422,-17.3298476145084,-20.4140300771485));
#11713=CARTESIAN_POINT('',(-64.672367898728,-17.3298476145084,-20.4140300771485));
#11714=CARTESIAN_POINT('Origin',(-59.672234407422,-17.3298476145084,-21.4140300771485));
#11715=CARTESIAN_POINT('Origin',(-30.6715013899779,-7.79384761452276,-11.5573604133508));
#11716=CARTESIAN_POINT('',(-50.172001390006,-15.3298476145085,-11.5573604133508));
#11717=CARTESIAN_POINT('Origin',(-17.1515013899779,-7.79384761452275,-5.27736041335038));
#11718=CARTESIAN_POINT('',(-50.172001390006,-15.3298476145085,-5.27736041335039));
#11719=CARTESIAN_POINT('Origin',(-52.1725013900014,-3.3298476145522,3.13763958664254));
#11720=CARTESIAN_POINT('',(-56.1725013900014,-3.3298476145522,3.13763958664214));
#11721=CARTESIAN_POINT('Origin',(-52.1725013900014,-3.3298476145522,3.13763958664254));
#11722=CARTESIAN_POINT('',(-57.6725013900015,-3.32984761455219,4.63763958664202));
#11723=CARTESIAN_POINT('Origin',(-57.6725013900014,-3.3298476145522,3.13763958664199));
#11724=CARTESIAN_POINT('Origin',(-52.1725013900015,-3.3298476145522,4.63763958664258));
#11725=CARTESIAN_POINT('Origin',(-17.1725013900013,26.6701523854471,4.63763958664611));
#11726=CARTESIAN_POINT('',(-67.2257645322868,56.5977886835981,4.63763958664142));
#11727=CARTESIAN_POINT('',(-66.1533088995627,49.6558309775543,4.63763958664156));
#11728=CARTESIAN_POINT('Origin',(-63.1725013900217,53.6701528622501,4.63763958664146));
#11729=CARTESIAN_POINT('',(-70.8724970735555,57.9805886347489,4.63763958664064));
#11730=CARTESIAN_POINT('Origin',(-70.872497831797,52.4805886347488,4.63763958664106));
#11731=CARTESIAN_POINT('',(-45.6725013900177,57.9805886347486,4.6376395866432));
#11732=CARTESIAN_POINT('',(-69.6725013900341,68.6701523854043,4.63763958664078));
#11733=CARTESIAN_POINT('Origin',(-69.6725013900338,64.1701523854039,4.63763958664082));
#11734=CARTESIAN_POINT('',(35.3274986100313,68.6701523854043,4.6376395866514));
#11735=CARTESIAN_POINT('',(-43.1725013900171,68.6701523854043,4.63763958664348));
#11736=CARTESIAN_POINT('',(39.8274986100313,64.1701523854039,4.63763958665186));
#11737=CARTESIAN_POINT('Origin',(35.327498610031,64.1701523854039,4.6376395866514));
#11738=CARTESIAN_POINT('',(39.8274942935005,57.9805890896938,4.63763958665186));
#11739=CARTESIAN_POINT('',(39.8274986100314,7.92015238546924,4.6376395866519));
#11740=CARTESIAN_POINT('',(36.5274942935007,57.9805886347492,4.63763958665151));
#11741=CARTESIAN_POINT('',(9.67749429349041,57.9805849331547,4.63763958664881));
#11742=CARTESIAN_POINT('',(36.5274958099833,46.9805886347567,4.63763958665155));
#11743=CARTESIAN_POINT('Origin',(36.5274950517421,52.4805886347568,4.63763958665115));
#11744=CARTESIAN_POINT('',(39.8274958099833,46.9805890897015,4.63763958665186));
#11745=CARTESIAN_POINT('',(11.327495809972,46.9805851606321,4.63763958664899));
#11746=CARTESIAN_POINT('',(39.8274986100219,6.35971995140039,4.63763958665186));
#11747=CARTESIAN_POINT('',(39.8274986100314,7.92015238546924,4.6376395866519));
#11748=CARTESIAN_POINT('',(36.5274986100219,6.35971995140039,4.63763958665155));
#11749=CARTESIAN_POINT('',(9.67749861001039,6.35971995140039,4.63763958664885));
#11750=CARTESIAN_POINT('',(36.5274986100221,-4.64028004859216,4.63763958665155));
#11751=CARTESIAN_POINT('Origin',(36.5274986100221,0.859719951407953,4.63763958665115));
#11752=CARTESIAN_POINT('',(39.8274986100219,-4.64028004859216,4.63763958665186));
#11753=CARTESIAN_POINT('',(11.3274986100103,-4.64028004859244,4.63763958664902));
#11754=CARTESIAN_POINT('',(39.8274986100314,-10.8298476145086,4.6376395866519));
#11755=CARTESIAN_POINT('',(39.8274986100314,7.92015238546924,4.6376395866519));
#11756=CARTESIAN_POINT('',(35.3274986100313,-15.3298476145085,4.63763958665144));
#11757=CARTESIAN_POINT('Origin',(35.3274986100311,-10.8298476145083,4.6376395866514));
#11758=CARTESIAN_POINT('',(-69.6725013900341,-15.3298476145085,4.63763958664078));
#11759=CARTESIAN_POINT('',(-43.4225013900178,-15.3298476145085,4.63763958664348));
#11760=CARTESIAN_POINT('Origin',(-69.672501390034,-10.8298476145083,4.63763958664082));
#11761=CARTESIAN_POINT('',(-70.8725013900765,-4.64028004859216,4.63763958664067));
#11762=CARTESIAN_POINT('',(-44.0225013900375,-4.64028004859017,4.63763958664341));
#11763=CARTESIAN_POINT('',(-68.1558867552791,-3.92253944411635,4.63763958664131));
#11764=CARTESIAN_POINT('Origin',(-70.8725013900765,0.859719951399995,4.63763958664106));
#11765=CARTESIAN_POINT('',(-68.1725043544601,-4.32984761458698,4.63763958664095));
#11766=CARTESIAN_POINT('Origin',(-63.1725013899785,-4.32984761458698,4.63763958664146));
#11767=CARTESIAN_POINT('',(-65.4202687019166,0.13642283806206,4.6376395866416));
#11768=CARTESIAN_POINT('Origin',(-63.1725013899785,-4.32984761458698,4.63763958664146));
#11769=CARTESIAN_POINT('',(-70.8725013900764,6.35971995140011,4.63763958664067));
#11770=CARTESIAN_POINT('Origin',(-70.8725013900765,0.859719951399995,4.63763958664106));
#11771=CARTESIAN_POINT('',(-45.672501390038,6.35971995140238,4.63763958664323));
#11772=CARTESIAN_POINT('',(-70.8724985900382,46.9805886347564,4.63763958664064));
#11773=CARTESIAN_POINT('',(-44.0224985900016,46.9805849331618,4.63763958664337));
#11774=CARTESIAN_POINT('Origin',(-70.872497831797,52.4805886347488,4.63763958664106));
#11775=CARTESIAN_POINT('',(18.475481116359,51.2084567996933,4.63763958664972));
#11776=CARTESIAN_POINT('',(22.951574718059,58.6686128025698,4.63763958665017));
#11777=CARTESIAN_POINT('Origin',(17.8274986099985,56.6701523854478,4.63763958664964));
#11778=CARTESIAN_POINT('Origin',(22.8274986099782,53.6701523854774,4.63763958665016));
#11779=CARTESIAN_POINT('',(19.9365877168506,-8.40938924144705,4.63763958664987));
#11780=CARTESIAN_POINT('',(21.7280199496938,0.547771923074108,4.63763958665005));
#11781=CARTESIAN_POINT('Origin',(17.8274986099985,-3.3298476145522,4.63763958664966));
#11782=CARTESIAN_POINT('Origin',(22.8274986100216,-4.32984761452275,4.63763958665016));
#11783=CARTESIAN_POINT('',(-57.6725013900015,56.6701523854478,4.637639586642));
#11784=CARTESIAN_POINT('Origin',(-52.1725013900015,56.6701523854478,4.63763958664256));
#11785=CARTESIAN_POINT('Origin',(-52.1725013900015,-3.3298476145522,4.63763958664258));
#11786=CARTESIAN_POINT('',(-56.1725013900011,-3.3298476145522,0.637639586642181));
#11787=CARTESIAN_POINT('Origin',(-52.1725013900011,-3.3298476145522,0.637639586642584));
#11788=CARTESIAN_POINT('',(-56.1725013900015,-3.32984761455219,4.63763958664218));
#11789=CARTESIAN_POINT('Origin',(21.7280199496938,0.54777192307411,4.63763958665006));
#11790=CARTESIAN_POINT('',(20.6642414025043,-0.509760678096701,3.13763958664967));
#11791=CARTESIAN_POINT('',(22.0578633783975,-0.915513186718607,3.13763958664981));
#11792=CARTESIAN_POINT('Origin',(21.728019949694,0.54777192307411,3.13763958664978));
#11793=CARTESIAN_POINT('',(22.0578633783978,-0.915513186718606,0.637639586650091));
#11794=CARTESIAN_POINT('',(22.0578633783974,-0.915513186718606,4.63763958665009));
#11795=CARTESIAN_POINT('',(20.6642414025046,-0.509760678096701,0.637639586649936));
#11796=CARTESIAN_POINT('Origin',(21.7280199496942,0.54777192307411,0.637639586649764));
#11797=CARTESIAN_POINT('',(20.6642414025042,-0.509760678096701,4.63763958664995));
#11798=CARTESIAN_POINT('Origin',(17.8274986099986,-3.3298476145522,3.13763958664965));
#11799=CARTESIAN_POINT('Origin',(21.728019949694,0.547771923074109,3.13763958665005));
#11800=CARTESIAN_POINT('',(19.3613815968002,-7.02405970683937,3.13763958664981));
#11801=CARTESIAN_POINT('Origin',(17.8274986099986,-3.3298476145522,3.13763958664965));
#11802=CARTESIAN_POINT('Origin',(19.9365877168508,-8.40938924144705,3.13763958664987));
#11803=CARTESIAN_POINT('Origin',(21.728019949694,0.547771923074108,3.13763958664978));
#11804=CARTESIAN_POINT('Origin',(21.728019949694,0.547771923074108,3.13763958664978));
#11805=CARTESIAN_POINT('Origin',(19.9365877168506,-8.40938924144705,4.63763958664989));
#11806=CARTESIAN_POINT('',(20.8038605394045,-7.18552738189763,3.13763958664969));
#11807=CARTESIAN_POINT('Origin',(19.9365877168508,-8.40938924144705,3.1376395866496));
#11808=CARTESIAN_POINT('',(19.3613815968005,-7.02405970683937,0.637639586649806));
#11809=CARTESIAN_POINT('',(19.3613815968001,-7.02405970683937,4.63763958664983));
#11810=CARTESIAN_POINT('',(20.8038605394047,-7.18552738189763,0.637639586649966));
#11811=CARTESIAN_POINT('Origin',(19.936587716851,-8.40938924144705,0.637639586649596));
#11812=CARTESIAN_POINT('',(20.8038605394043,-7.18552738189763,4.63763958664997));
#11813=CARTESIAN_POINT('Origin',(19.9365877168508,-8.40938924144705,3.1376395866496));
#11814=CARTESIAN_POINT('Origin',(19.9365877168508,-8.40938924144705,3.1376395866496));
#11815=CARTESIAN_POINT('Origin',(22.8274986100217,-4.32984761452275,3.13763958664989));
#11816=CARTESIAN_POINT('Origin',(22.8274986100217,-4.32984761452275,3.13763958664989));
#11817=CARTESIAN_POINT('Origin',(-52.1725013900014,56.6701523854478,3.13763958664253));
#11818=CARTESIAN_POINT('',(-56.1725013900014,56.6701523854478,3.13763958664213));
#11819=CARTESIAN_POINT('Origin',(-52.1725013900014,56.6701523854478,3.13763958664253));
#11820=CARTESIAN_POINT('Origin',(-57.6725013900014,56.6701523854478,3.13763958664198));
#11821=CARTESIAN_POINT('Origin',(-52.1725013900015,56.6701523854478,4.63763958664258));
#11822=CARTESIAN_POINT('',(-56.1725013900011,56.6701523854478,0.637639586642173));
#11823=CARTESIAN_POINT('Origin',(-52.1725013900011,56.6701523854478,0.637639586642577));
#11824=CARTESIAN_POINT('',(-56.1725013900015,56.6701523854478,4.63763958664217));
#11825=CARTESIAN_POINT('Origin',(22.951574718059,58.6686128025698,4.63763958665014));
#11826=CARTESIAN_POINT('',(21.5540994158608,58.1235781433547,3.13763958664976));
#11827=CARTESIAN_POINT('',(22.9143518866934,57.1690747200841,3.1376395866499));
#11828=CARTESIAN_POINT('Origin',(22.9515747180591,58.6686128025698,3.1376395866499));
#11829=CARTESIAN_POINT('',(22.9143518866936,57.1690747200841,0.637639586650158));
#11830=CARTESIAN_POINT('',(22.9143518866933,57.1690747200841,4.63763958665013));
#11831=CARTESIAN_POINT('',(21.5540994158611,58.1235781433547,0.637639586650019));
#11832=CARTESIAN_POINT('Origin',(22.9515747180594,58.6686128025698,0.637639586649879));
#11833=CARTESIAN_POINT('',(21.5540994158607,58.1235781433547,4.63763958664999));
#11834=CARTESIAN_POINT('Origin',(17.8274986099986,56.6701523854478,3.13763958664965));
#11835=CARTESIAN_POINT('Origin',(22.9515747180591,58.6686128025698,3.13763958665016));
#11836=CARTESIAN_POINT('',(18.2987586146245,52.6980101412627,3.13763958664969));
#11837=CARTESIAN_POINT('Origin',(17.8274986099986,56.6701523854478,3.13763958664965));
#11838=CARTESIAN_POINT('Origin',(18.4754811163592,51.2084567996933,3.13763958664971));
#11839=CARTESIAN_POINT('Origin',(22.9515747180591,58.6686128025698,3.1376395866499));
#11840=CARTESIAN_POINT('Origin',(22.9515747180591,58.6686128025698,3.1376395866499));
#11841=CARTESIAN_POINT('Origin',(18.475481116359,51.2084567996933,4.63763958664971));
#11842=CARTESIAN_POINT('',(19.7810863273178,51.9469654544277,3.13763958664958));
#11843=CARTESIAN_POINT('Origin',(18.4754811163592,51.2084567996933,3.13763958664946));
#11844=CARTESIAN_POINT('',(18.2987586146247,52.6980101412627,0.637639586649691));
#11845=CARTESIAN_POINT('',(18.2987586146243,52.6980101412627,4.6376395866497));
#11846=CARTESIAN_POINT('',(19.781086327318,51.9469654544277,0.637639586649843));
#11847=CARTESIAN_POINT('Origin',(18.4754811163594,51.2084567996933,0.637639586649459));
#11848=CARTESIAN_POINT('',(19.7810863273176,51.9469654544277,4.63763958664984));
#11849=CARTESIAN_POINT('Origin',(18.4754811163592,51.2084567996933,3.13763958664945));
#11850=CARTESIAN_POINT('Origin',(18.4754811163592,51.2084567996933,3.13763958664945));
#11851=CARTESIAN_POINT('Origin',(22.8274986099784,53.6701523854774,3.13763958664989));
#11852=CARTESIAN_POINT('Origin',(22.8274986099784,53.6701523854774,3.13763958664989));
#11853=CARTESIAN_POINT('Origin',(-52.1725013900015,56.6701523854478,4.63763958664258));
#11854=CARTESIAN_POINT('',(-53.6725013900011,56.6701523854478,0.637639586642425));
#11855=CARTESIAN_POINT('Origin',(-52.1725013900011,56.6701523854478,0.637639586642577));
#11856=CARTESIAN_POINT('',(-53.6725013900017,56.6701523854478,6.63763958664238));
#11857=CARTESIAN_POINT('',(-53.6725013900015,56.6701523854478,4.63763958664242));
#11858=CARTESIAN_POINT('Origin',(-52.1725013900017,56.6701523854478,6.63763958664254));
#11859=CARTESIAN_POINT('Origin',(-17.1725013900011,26.6701523854478,0.637639586646109));
#11860=CARTESIAN_POINT('Origin',(-17.1725013900011,26.6701523854478,0.637639586646109));
#11861=CARTESIAN_POINT('',(19.327498467795,53.6701523854774,0.637639586649513));
#11862=CARTESIAN_POINT('Origin',(22.8274986099786,53.6701523854774,0.637639586649867));
#11863=CARTESIAN_POINT('Origin',(17.8274986099989,56.6701523854478,0.637639586649642));
#11864=CARTESIAN_POINT('Origin',(22.8274986099786,53.6701523854774,0.637639586649867));
#11865=CARTESIAN_POINT('',(16.3274986099989,56.6701523854478,0.63763958664949));
#11866=CARTESIAN_POINT('Origin',(17.8274986099989,56.6701523854478,0.637639586649642));
#11867=CARTESIAN_POINT('Origin',(17.8274986099985,56.6701523854478,4.63763958664964));
#11868=CARTESIAN_POINT('',(16.3274986099983,56.6701523854478,6.63763958664948));
#11869=CARTESIAN_POINT('',(16.3274986099985,56.6701523854478,4.63763958664949));
#11870=CARTESIAN_POINT('Origin',(17.8274986099983,56.6701523854478,6.63763958664965));
#11871=CARTESIAN_POINT('Origin',(17.8274986099985,56.6701523854478,4.63763958664964));
#11872=CARTESIAN_POINT('Origin',(-52.1725013900015,-3.3298476145522,4.63763958664258));
#11873=CARTESIAN_POINT('',(-53.6725013900011,-3.3298476145522,0.637639586642433));
#11874=CARTESIAN_POINT('Origin',(-52.1725013900011,-3.3298476145522,0.637639586642584));
#11875=CARTESIAN_POINT('',(-53.6725013900017,-3.32984761455219,6.63763958664239));
#11876=CARTESIAN_POINT('',(-53.6725013900015,-3.3298476145522,4.63763958664243));
#11877=CARTESIAN_POINT('Origin',(-52.1725013900017,-3.32984761455219,6.63763958664255));
#11878=CARTESIAN_POINT('Origin',(-17.1725013900011,26.6701523854478,0.637639586646109));
#11879=CARTESIAN_POINT('Origin',(-17.1725013900011,26.6701523854478,0.637639586646109));
#11880=CARTESIAN_POINT('',(19.3274960422164,-4.32984761452275,0.637639586649513));
#11881=CARTESIAN_POINT('Origin',(22.827498610022,-4.32984761452275,0.637639586649867));
#11882=CARTESIAN_POINT('Origin',(17.8274986099989,-3.3298476145522,0.63763958664965));
#11883=CARTESIAN_POINT('Origin',(22.827498610022,-4.32984761452275,0.637639586649867));
#11884=CARTESIAN_POINT('',(16.3274986099989,-3.3298476145522,0.637639586649498));
#11885=CARTESIAN_POINT('Origin',(17.8274986099989,-3.3298476145522,0.63763958664965));
#11886=CARTESIAN_POINT('Origin',(-17.1725013900011,26.6701523854478,0.637639586646109));
#11887=CARTESIAN_POINT('',(21.8270967757487,-3.38654428579826,0.637639586650055));
#11888=CARTESIAN_POINT('',(21.5412417904206,-4.81581921248786,0.637639586650027));
#11889=CARTESIAN_POINT('Origin',(22.827498610022,-4.32984761452274,0.637639586650177));
#11890=CARTESIAN_POINT('Origin',(17.8274986099989,-3.3298476145522,0.63763958664965));
#11891=CARTESIAN_POINT('Origin',(17.8274986099985,-3.3298476145522,4.63763958664965));
#11892=CARTESIAN_POINT('Origin',(17.8274986099985,-3.3298476145522,4.63763958664965));
#11893=CARTESIAN_POINT('',(16.3274986099983,-3.32984761455219,6.6376395866495));
#11894=CARTESIAN_POINT('',(16.3274986099985,-3.3298476145522,4.6376395866495));
#11895=CARTESIAN_POINT('Origin',(17.8274986099983,-3.32984761455219,6.63763958664966));
#11896=CARTESIAN_POINT('Origin',(17.8274986099985,-3.3298476145522,4.63763958664965));
#11897=CARTESIAN_POINT('',(21.5412417904203,-4.81581921248786,3.08763957472908));
#11898=CARTESIAN_POINT('',(21.5412417904202,-4.81581921248786,4.63763958665003));
#11899=CARTESIAN_POINT('',(21.8270967757485,-3.38654428579826,3.08763957472911));
#11900=CARTESIAN_POINT('',(21.8270967757483,-3.38654428579826,4.63763958665006));
#11901=CARTESIAN_POINT('Origin',(17.8274986099986,-3.3298476145522,3.08763957472871));
#11902=CARTESIAN_POINT('Origin',(22.8274986100218,-4.32984761452274,3.08763957472921));
#11903=CARTESIAN_POINT('',(24.2024986100218,-4.32984761452274,3.08763957472935));
#11904=CARTESIAN_POINT('Origin',(22.8274986100218,-4.32984761452274,3.08763957472921));
#11905=CARTESIAN_POINT('Origin',(22.8274986100218,-4.32984761452274,3.08763957472921));
#11906=CARTESIAN_POINT('Origin',(36.5203918766578,52.480588634267,-2.61236041334882));
#11907=CARTESIAN_POINT('',(38.1203918766571,52.480588634267,4.63763958665171));
#11908=CARTESIAN_POINT('Origin',(36.5203918766571,52.480588634267,4.63763958665155));
#11909=CARTESIAN_POINT('',(38.1203918766578,52.480588634267,-2.61236041334866));
#11910=CARTESIAN_POINT('',(38.1203918766578,52.480588634267,-2.61236041334866));
#11911=CARTESIAN_POINT('Origin',(36.5203918766578,52.480588634267,-2.61236041334882));
#11912=CARTESIAN_POINT('Origin',(-70.8724978317963,52.4805886347488,-2.6123604133597));
#11913=CARTESIAN_POINT('',(-69.272497831797,52.4805886347488,4.63763958664083));
#11914=CARTESIAN_POINT('Origin',(-70.872497831797,52.4805886347488,4.63763958664067));
#11915=CARTESIAN_POINT('',(-69.2724978317963,52.4805886347488,-2.61236041335953));
#11916=CARTESIAN_POINT('',(-69.2724978317963,52.4805886347488,-2.61236041335953));
#11917=CARTESIAN_POINT('Origin',(-70.8724978317963,52.4805886347488,-2.6123604133597));
#11918=CARTESIAN_POINT('Origin',(36.5274986100323,0.859719963123915,-2.6123604133488));
#11919=CARTESIAN_POINT('',(38.1274986100316,0.859719963123917,4.63763958665172));
#11920=CARTESIAN_POINT('Origin',(36.5274986100316,0.859719963123917,4.63763958665156));
#11921=CARTESIAN_POINT('',(38.1274986100323,0.859719963123915,-2.61236041334864));
#11922=CARTESIAN_POINT('',(38.1274986100323,0.859719963123915,-2.61236041334864));
#11923=CARTESIAN_POINT('Origin',(36.5274986100323,0.859719963123915,-2.6123604133488));
#11924=CARTESIAN_POINT('Origin',(-70.8653870274794,0.830150037196873,-2.61236041335968));
#11925=CARTESIAN_POINT('',(-69.2653870274801,0.830150037196875,4.63763958664084));
#11926=CARTESIAN_POINT('Origin',(-70.8653870274801,0.830150037196875,4.63763958664068));
#11927=CARTESIAN_POINT('',(-69.2653870274794,0.830150037196873,-2.61236041335952));
#11928=CARTESIAN_POINT('',(-69.2653870274794,0.830150037196873,-2.61236041335952));
#11929=CARTESIAN_POINT('Origin',(-70.8653870274794,0.830150037196873,-2.61236041335968));
#11930=CARTESIAN_POINT('Origin',(-70.8653870274794,0.830150037196873,-2.61236041335968));
#11931=CARTESIAN_POINT('',(-69.1219300595912,1.60306775052111,4.63763958664086));
#11932=CARTESIAN_POINT('',(-72.7696146449067,0.725454423723913,4.63763958664049));
#11933=CARTESIAN_POINT('Origin',(-70.8653870274801,0.830150037196875,4.63763958664068));
#11934=CARTESIAN_POINT('',(-69.1219300595904,1.60306775052111,-2.6123604133595));
#11935=CARTESIAN_POINT('',(-69.1219300595944,1.60306775053014,-2.61236041335951));
#11936=CARTESIAN_POINT('',(-72.769614644906,0.72545442372391,-2.61236041335987));
#11937=CARTESIAN_POINT('Origin',(-70.8653870274794,0.830150037196873,-2.61236041335968));
#11938=CARTESIAN_POINT('',(-72.7696146449056,0.725454423716627,-2.61236041335988));
#11939=CARTESIAN_POINT('Origin',(-17.1725013900013,26.6701523854471,4.63763958664611));
#11940=CARTESIAN_POINT('Origin',(-70.8725013900765,0.859719951399995,4.63763958664106));
#11941=CARTESIAN_POINT('Origin',(22.827499737658,53.6701536179232,-2.91236042527081));
#11942=CARTESIAN_POINT('',(24.2024997376578,53.6701536179232,-0.862360413349718));
#11943=CARTESIAN_POINT('Origin',(22.8274997376578,53.6701536179232,-0.862360413349857));
#11944=CARTESIAN_POINT('',(24.2024997376574,53.6701536179232,3.08763957472933));
#11945=CARTESIAN_POINT('',(24.202499737658,53.6701536179232,-2.91236042527067));
#11946=CARTESIAN_POINT('Origin',(22.8274997376574,53.6701536179232,3.08763957472919));
#11947=CARTESIAN_POINT('Origin',(22.8274997376574,53.6701536179232,3.08763957472919));
#11948=CARTESIAN_POINT('Origin',(22.8274986100224,-4.32984761452274,-2.91236042527079));
#11949=CARTESIAN_POINT('',(24.2024986100222,-4.32984761452274,-0.862360413349707));
#11950=CARTESIAN_POINT('Origin',(22.8274986100222,-4.32984761452274,-0.862360413349846));
#11951=CARTESIAN_POINT('',(24.2024986100224,-4.32984761452274,-2.91236042527065));
#11952=CARTESIAN_POINT('Origin',(-63.1725025177,53.6701536178589,-2.91236042527952));
#11953=CARTESIAN_POINT('',(-61.7975025177002,53.6701536178589,-0.86236041335839));
#11954=CARTESIAN_POINT('Origin',(-63.1725025177002,53.6701536178589,-0.862360413358528));
#11955=CARTESIAN_POINT('',(-61.7975025177006,53.6701536178589,3.08763957472062));
#11956=CARTESIAN_POINT('',(-61.7975025177,53.6701536178589,-2.91236042527938));
#11957=CARTESIAN_POINT('Origin',(-63.1725025177006,53.6701536178589,3.08763957472048));
#11958=CARTESIAN_POINT('Origin',(-63.1725025177006,53.6701536178589,3.08763957472048));
#11959=CARTESIAN_POINT('Origin',(-63.1725013899777,-4.32984761458698,-2.9123604252795));
#11960=CARTESIAN_POINT('',(-61.7975013899779,-4.32984761458698,-0.862360413358397));
#11961=CARTESIAN_POINT('Origin',(-63.1725013899779,-4.32984761458698,-0.862360413358535));
#11962=CARTESIAN_POINT('',(-61.7975013899783,-4.32984761458698,3.08763957472064));
#11963=CARTESIAN_POINT('',(-61.7975013899777,-4.32984761458698,-2.91236042527936));
#11964=CARTESIAN_POINT('Origin',(-63.1725013899783,-4.32984761458698,3.0876395747205));
#11965=CARTESIAN_POINT('Origin',(-63.1725013899783,-4.32984761458698,3.0876395747205));
#11966=CARTESIAN_POINT('Origin',(-45.3485246768361,-17.3298476145084,-20.8404536407975));
#11967=CARTESIAN_POINT('',(-45.3485246768361,-15.3298476145085,-20.8404536407975));
#11968=CARTESIAN_POINT('',(-47.4491472914652,-15.3298476145085,-23.8404536407975));
#11969=CARTESIAN_POINT('',(-43.3643023053312,-15.3298476145086,-18.0066904159997));
#11970=CARTESIAN_POINT('',(-45.3485246768361,-17.3298476145084,-20.8404536407975));
#11971=CARTESIAN_POINT('',(-47.4491472914652,-17.3298476145084,-23.8404536407975));
#11972=CARTESIAN_POINT('Origin',(-46.6299952471763,-17.3298476145084,-24.4140300771485));
#11973=CARTESIAN_POINT('',(-46.6299952471762,-15.3298476145085,-25.4140300771485));
#11974=CARTESIAN_POINT('Origin',(-46.6299952471762,-15.3298476145086,-24.4140300771485));
#11975=CARTESIAN_POINT('',(-46.6299952471763,-17.3298476145084,-25.4140300771485));
#11976=CARTESIAN_POINT('Origin',(-46.6299952471763,-17.3298476145084,-25.4140300771485));
#11977=CARTESIAN_POINT('',(-45.4092206584148,-15.3298476145085,-25.4140300771485));
#11978=CARTESIAN_POINT('',(-58.1512483186052,-15.3298476145085,-25.4140300771485));
#11979=CARTESIAN_POINT('',(-45.4092206584148,-17.3298476145084,-25.4140300771485));
#11980=CARTESIAN_POINT('Origin',(-45.4092206584148,-17.3298476145084,-24.4140300771485));
#11981=CARTESIAN_POINT('',(-44.5900686141258,-15.3298476145085,-24.9876065134996));
#11982=CARTESIAN_POINT('Origin',(-45.4092206584148,-15.3298476145086,-24.4140300771485));
#11983=CARTESIAN_POINT('',(-44.5900686141258,-17.3298476145084,-24.9876065134996));
#11984=CARTESIAN_POINT('Origin',(-44.5900686141258,-17.3298476145084,-24.9876065134996));
#11985=CARTESIAN_POINT('',(-42.4894459994967,-15.3298476145086,-21.9876065134996));
#11986=CARTESIAN_POINT('',(-41.7563462075426,-15.3298476145086,-20.9406315068773));
#11987=CARTESIAN_POINT('',(-42.4894459994967,-17.3298476145084,-21.9876065134996));
#11988=CARTESIAN_POINT('Origin',(-44.5293726325471,-17.3298476145084,-21.4140300771485));
#11989=CARTESIAN_POINT('',(-44.5293726325471,-15.3298476145085,-20.4140300771485));
#11990=CARTESIAN_POINT('Origin',(-44.5293726325471,-15.3298476145086,-21.4140300771485));
#11991=CARTESIAN_POINT('',(-44.5293726325471,-17.3298476145084,-20.4140300771485));
#11992=CARTESIAN_POINT('Origin',(-43.3085980437857,-17.3298476145084,-20.4140300771485));
#11993=CARTESIAN_POINT('',(-43.3085980437857,-15.3298476145086,-20.4140300771485));
#11994=CARTESIAN_POINT('',(-56.4905497169098,-15.3298476145085,-20.4140300771486));
#11995=CARTESIAN_POINT('',(-43.3085980437857,-17.3298476145084,-20.4140300771485));
#11996=CARTESIAN_POINT('Origin',(-43.3085980437857,-17.3298476145084,-21.4140300771485));
#11997=CARTESIAN_POINT('Origin',(-43.3085980437857,-15.3298476145086,-21.4140300771485));
#11998=CARTESIAN_POINT('Origin',(-12.6212519495634,-17.3298476145085,-20.8404536407975));
#11999=CARTESIAN_POINT('',(-12.6212519495634,-15.3298476145086,-20.8404536407975));
#12000=CARTESIAN_POINT('',(-14.7218745641925,-15.3298476145086,-23.8404536407975));
#12001=CARTESIAN_POINT('',(-16.0205011326666,-15.3298476145086,-25.6950845860662));
#12002=CARTESIAN_POINT('',(-12.6212519495634,-17.3298476145085,-20.8404536407975));
#12003=CARTESIAN_POINT('',(-14.7218745641925,-17.3298476145085,-23.8404536407975));
#12004=CARTESIAN_POINT('Origin',(-13.9027225199035,-17.3298476145085,-24.4140300771485));
#12005=CARTESIAN_POINT('',(-13.9027225199035,-15.3298476145086,-25.4140300771485));
#12006=CARTESIAN_POINT('Origin',(-13.9027225199035,-15.3298476145086,-24.4140300771485));
#12007=CARTESIAN_POINT('',(-13.9027225199035,-17.3298476145085,-25.4140300771485));
#12008=CARTESIAN_POINT('Origin',(-13.9027225199035,-17.3298476145085,-25.4140300771485));
#12009=CARTESIAN_POINT('',(-12.681947931142,-15.3298476145086,-25.4140300771485));
#12010=CARTESIAN_POINT('',(-41.7876119549688,-15.3298476145086,-25.4140300771485));
#12011=CARTESIAN_POINT('',(-12.681947931142,-17.3298476145085,-25.4140300771485));
#12012=CARTESIAN_POINT('Origin',(-12.681947931142,-17.3298476145085,-24.4140300771485));
#12013=CARTESIAN_POINT('',(-11.8627958868531,-15.3298476145086,-24.9876065134996));
#12014=CARTESIAN_POINT('Origin',(-12.681947931142,-15.3298476145086,-24.4140300771485));
#12015=CARTESIAN_POINT('',(-11.8627958868531,-17.3298476145085,-24.9876065134996));
#12016=CARTESIAN_POINT('Origin',(-11.8627958868531,-17.3298476145085,-24.9876065134996));
#12017=CARTESIAN_POINT('',(-9.76217327222393,-15.3298476145086,-21.9876065134996));
#12018=CARTESIAN_POINT('',(-14.412545034878,-15.3298476145086,-28.6290256769438));
#12019=CARTESIAN_POINT('',(-9.76217327222393,-17.3298476145085,-21.9876065134996));
#12020=CARTESIAN_POINT('Origin',(-11.8020999052744,-17.3298476145085,-21.4140300771485));
#12021=CARTESIAN_POINT('',(-11.8020999052744,-15.3298476145086,-20.4140300771485));
#12022=CARTESIAN_POINT('Origin',(-11.8020999052744,-15.3298476145086,-21.4140300771485));
#12023=CARTESIAN_POINT('',(-11.8020999052744,-17.3298476145085,-20.4140300771485));
#12024=CARTESIAN_POINT('Origin',(-10.5813253165129,-17.3298476145085,-20.4140300771485));
#12025=CARTESIAN_POINT('',(-10.5813253165129,-15.3298476145086,-20.4140300771485));
#12026=CARTESIAN_POINT('',(-40.1269133532735,-15.3298476145086,-20.4140300771486));
#12027=CARTESIAN_POINT('',(-10.5813253165129,-17.3298476145085,-20.4140300771485));
#12028=CARTESIAN_POINT('Origin',(-10.5813253165129,-17.3298476145085,-21.4140300771485));
#12029=CARTESIAN_POINT('Origin',(-10.5813253165129,-15.3298476145086,-21.4140300771485));
#12030=CARTESIAN_POINT('Origin',(20.1060207777093,-17.3298476145086,-20.8404536407975));
#12031=CARTESIAN_POINT('',(20.1060207777093,-15.3298476145087,-20.8404536407974));
#12032=CARTESIAN_POINT('',(18.0053981630802,-15.3298476145087,-23.8404536407975));
#12033=CARTESIAN_POINT('',(11.323300039998,-15.3298476145087,-33.3834787561327));
#12034=CARTESIAN_POINT('',(20.1060207777093,-17.3298476145086,-20.8404536407974));
#12035=CARTESIAN_POINT('',(18.0053981630802,-17.3298476145086,-23.8404536407975));
#12036=CARTESIAN_POINT('Origin',(18.8245502073692,-17.3298476145086,-24.4140300771485));
#12037=CARTESIAN_POINT('',(18.8245502073692,-15.3298476145087,-25.4140300771485));
#12038=CARTESIAN_POINT('Origin',(18.8245502073692,-15.3298476145087,-24.4140300771485));
#12039=CARTESIAN_POINT('',(18.8245502073692,-17.3298476145086,-25.4140300771485));
#12040=CARTESIAN_POINT('Origin',(18.8245502073692,-17.3298476145086,-25.4140300771485));
#12041=CARTESIAN_POINT('',(20.0453247961307,-15.3298476145087,-25.4140300771485));
#12042=CARTESIAN_POINT('',(-25.4239755913324,-15.3298476145086,-25.4140300771485));
#12043=CARTESIAN_POINT('',(20.0453247961307,-17.3298476145086,-25.4140300771485));
#12044=CARTESIAN_POINT('Origin',(20.0453247961307,-17.3298476145086,-24.4140300771485));
#12045=CARTESIAN_POINT('',(20.8644768404197,-15.3298476145087,-24.9876065134995));
#12046=CARTESIAN_POINT('Origin',(20.0453247961307,-15.3298476145087,-24.4140300771485));
#12047=CARTESIAN_POINT('',(20.8644768404197,-17.3298476145086,-24.9876065134995));
#12048=CARTESIAN_POINT('Origin',(20.8644768404197,-17.3298476145086,-24.9876065134995));
#12049=CARTESIAN_POINT('',(22.9650994550488,-15.3298476145087,-21.9876065134995));
#12050=CARTESIAN_POINT('',(12.9312561377866,-15.3298476145087,-36.3174198470103));
#12051=CARTESIAN_POINT('',(22.9650994550488,-17.3298476145086,-21.9876065134995));
#12052=CARTESIAN_POINT('Origin',(20.9251728219983,-17.3298476145086,-21.4140300771485));
#12053=CARTESIAN_POINT('',(20.9251728219983,-15.3298476145087,-20.4140300771485));
#12054=CARTESIAN_POINT('Origin',(20.9251728219983,-15.3298476145087,-21.4140300771485));
#12055=CARTESIAN_POINT('',(20.9251728219983,-17.3298476145086,-20.4140300771485));
#12056=CARTESIAN_POINT('Origin',(22.1459474107598,-17.3298476145086,-20.4140300771485));
#12057=CARTESIAN_POINT('',(22.1459474107598,-15.3298476145087,-20.4140300771485));
#12058=CARTESIAN_POINT('',(-23.7632769896371,-15.3298476145086,-20.4140300771487));
#12059=CARTESIAN_POINT('',(22.1459474107598,-17.3298476145086,-20.4140300771485));
#12060=CARTESIAN_POINT('Origin',(22.1459474107598,-17.3298476145086,-21.4140300771485));
#12061=CARTESIAN_POINT('Origin',(22.1459474107598,-15.3298476145087,-21.4140300771485));
#12062=CARTESIAN_POINT('Origin',(11.9242025958912,-17.3298476145086,-20.8404536407975));
#12063=CARTESIAN_POINT('',(11.9242025958912,-15.3298476145087,-20.8404536407975));
#12064=CARTESIAN_POINT('',(9.82357998126204,-15.3298476145087,-23.8404536407975));
#12065=CARTESIAN_POINT('',(4.48734974683182,-15.3298476145087,-31.4613802136161));
#12066=CARTESIAN_POINT('',(11.9242025958912,-17.3298476145086,-20.8404536407975));
#12067=CARTESIAN_POINT('',(9.82357998126203,-17.3298476145086,-23.8404536407975));
#12068=CARTESIAN_POINT('Origin',(10.642732025551,-17.3298476145086,-24.4140300771485));
#12069=CARTESIAN_POINT('',(10.642732025551,-15.3298476145087,-25.4140300771485));
#12070=CARTESIAN_POINT('Origin',(10.642732025551,-15.3298476145087,-24.4140300771485));
#12071=CARTESIAN_POINT('',(10.642732025551,-17.3298476145086,-25.4140300771485));
#12072=CARTESIAN_POINT('Origin',(10.642732025551,-17.3298476145086,-25.4140300771485));
#12073=CARTESIAN_POINT('',(11.8635066143125,-15.3298476145087,-25.4140300771485));
#12074=CARTESIAN_POINT('',(-29.5148846822415,-15.3298476145086,-25.4140300771485));
#12075=CARTESIAN_POINT('',(11.8635066143125,-17.3298476145086,-25.4140300771485));
#12076=CARTESIAN_POINT('Origin',(11.8635066143125,-17.3298476145086,-24.4140300771485));
#12077=CARTESIAN_POINT('',(12.6826586586015,-15.3298476145087,-24.9876065134995));
#12078=CARTESIAN_POINT('Origin',(11.8635066143125,-15.3298476145087,-24.4140300771485));
#12079=CARTESIAN_POINT('',(12.6826586586015,-17.3298476145086,-24.9876065134995));
#12080=CARTESIAN_POINT('Origin',(12.6826586586015,-17.3298476145086,-24.9876065134995));
#12081=CARTESIAN_POINT('',(14.7832812732306,-15.3298476145087,-21.9876065134995));
#12082=CARTESIAN_POINT('',(6.09530584462048,-15.3298476145087,-34.3953213044937));
#12083=CARTESIAN_POINT('',(14.7832812732306,-17.3298476145086,-21.9876065134995));
#12084=CARTESIAN_POINT('Origin',(12.7433546401801,-17.3298476145086,-21.4140300771485));
#12085=CARTESIAN_POINT('',(12.7433546401802,-15.3298476145087,-20.4140300771485));
#12086=CARTESIAN_POINT('Origin',(12.7433546401802,-15.3298476145087,-21.4140300771485));
#12087=CARTESIAN_POINT('',(12.7433546401801,-17.3298476145086,-20.4140300771485));
#12088=CARTESIAN_POINT('Origin',(13.9641292289416,-17.3298476145086,-20.4140300771485));
#12089=CARTESIAN_POINT('',(13.9641292289416,-15.3298476145087,-20.4140300771485));
#12090=CARTESIAN_POINT('',(-27.8541860805462,-15.3298476145086,-20.4140300771487));
#12091=CARTESIAN_POINT('',(13.9641292289416,-17.3298476145086,-20.4140300771485));
#12092=CARTESIAN_POINT('Origin',(13.9641292289416,-17.3298476145086,-21.4140300771485));
#12093=CARTESIAN_POINT('Origin',(13.9641292289416,-15.3298476145087,-21.4140300771485));
#12094=CARTESIAN_POINT('Origin',(-20.8030701313816,-17.3298476145085,-20.8404536407975));
#12095=CARTESIAN_POINT('',(-20.8030701313816,-15.3298476145086,-20.8404536407975));
#12096=CARTESIAN_POINT('',(-22.9036927460107,-15.3298476145086,-23.8404536407975));
#12097=CARTESIAN_POINT('',(-22.8564514258328,-15.3298476145086,-23.7729860435495));
#12098=CARTESIAN_POINT('',(-20.8030701313816,-17.3298476145085,-20.8404536407975));
#12099=CARTESIAN_POINT('',(-22.9036927460107,-17.3298476145085,-23.8404536407975));
#12100=CARTESIAN_POINT('Origin',(-22.0845407017217,-17.3298476145085,-24.4140300771485));
#12101=CARTESIAN_POINT('',(-22.0845407017217,-15.3298476145086,-25.4140300771485));
#12102=CARTESIAN_POINT('Origin',(-22.0845407017217,-15.3298476145086,-24.4140300771485));
#12103=CARTESIAN_POINT('',(-22.0845407017217,-17.3298476145085,-25.4140300771485));
#12104=CARTESIAN_POINT('Origin',(-22.0845407017217,-17.3298476145085,-25.4140300771485));
#12105=CARTESIAN_POINT('',(-20.8637661129602,-15.3298476145086,-25.4140300771485));
#12106=CARTESIAN_POINT('',(-45.8785210458779,-15.3298476145085,-25.4140300771485));
#12107=CARTESIAN_POINT('',(-20.8637661129602,-17.3298476145085,-25.4140300771485));
#12108=CARTESIAN_POINT('Origin',(-20.8637661129602,-17.3298476145085,-24.4140300771485));
#12109=CARTESIAN_POINT('',(-20.0446140686712,-15.3298476145086,-24.9876065134996));
#12110=CARTESIAN_POINT('Origin',(-20.8637661129602,-15.3298476145086,-24.4140300771485));
#12111=CARTESIAN_POINT('',(-20.0446140686713,-17.3298476145085,-24.9876065134996));
#12112=CARTESIAN_POINT('Origin',(-20.0446140686712,-17.3298476145085,-24.9876065134996));
#12113=CARTESIAN_POINT('',(-17.9439914540421,-15.3298476145086,-21.9876065134996));
#12114=CARTESIAN_POINT('',(-21.2484953280441,-15.3298476145086,-26.7069271344272));
#12115=CARTESIAN_POINT('',(-17.9439914540421,-17.3298476145085,-21.9876065134996));
#12116=CARTESIAN_POINT('Origin',(-19.9839180870926,-17.3298476145085,-21.4140300771485));
#12117=CARTESIAN_POINT('',(-19.9839180870926,-15.3298476145086,-20.4140300771485));
#12118=CARTESIAN_POINT('Origin',(-19.9839180870926,-15.3298476145086,-21.4140300771485));
#12119=CARTESIAN_POINT('',(-19.9839180870926,-17.3298476145085,-20.4140300771485));
#12120=CARTESIAN_POINT('Origin',(-18.7631434983311,-17.3298476145085,-20.4140300771485));
#12121=CARTESIAN_POINT('',(-18.7631434983311,-15.3298476145086,-20.4140300771485));
#12122=CARTESIAN_POINT('',(-44.2178224441826,-15.3298476145085,-20.4140300771486));
#12123=CARTESIAN_POINT('',(-18.7631434983311,-17.3298476145085,-20.4140300771485));
#12124=CARTESIAN_POINT('Origin',(-18.7631434983311,-17.3298476145085,-21.4140300771485));
#12125=CARTESIAN_POINT('Origin',(-18.7631434983311,-15.3298476145086,-21.4140300771485));
#12126=CARTESIAN_POINT('Origin',(-53.5303428586543,-17.3298476145084,-20.8404536407975));
#12127=CARTESIAN_POINT('',(-53.5303428586543,-15.3298476145085,-20.8404536407975));
#12128=CARTESIAN_POINT('',(-55.6309654732834,-15.3298476145085,-23.8404536407975));
#12129=CARTESIAN_POINT('',(-50.2002525984974,-15.3298476145085,-16.0845918734831));
#12130=CARTESIAN_POINT('',(-53.5303428586543,-17.3298476145084,-20.8404536407975));
#12131=CARTESIAN_POINT('',(-55.6309654732834,-17.3298476145084,-23.8404536407975));
#12132=CARTESIAN_POINT('Origin',(-54.8118134289944,-17.3298476145084,-24.4140300771485));
#12133=CARTESIAN_POINT('',(-54.8118134289944,-15.3298476145085,-25.4140300771485));
#12134=CARTESIAN_POINT('Origin',(-54.8118134289944,-15.3298476145085,-24.4140300771485));
#12135=CARTESIAN_POINT('',(-54.8118134289944,-17.3298476145084,-25.4140300771485));
#12136=CARTESIAN_POINT('Origin',(-54.8118134289944,-17.3298476145084,-25.4140300771485));
#12137=CARTESIAN_POINT('',(-53.5910388402329,-15.3298476145085,-25.4140300771485));
#12138=CARTESIAN_POINT('',(-62.2421574095143,-15.3298476145085,-25.4140300771485));
#12139=CARTESIAN_POINT('',(-53.591038840233,-17.3298476145084,-25.4140300771485));
#12140=CARTESIAN_POINT('Origin',(-53.591038840233,-17.3298476145084,-24.4140300771485));
#12141=CARTESIAN_POINT('',(-52.771886795944,-15.3298476145085,-24.9876065134996));
#12142=CARTESIAN_POINT('Origin',(-53.5910388402329,-15.3298476145085,-24.4140300771485));
#12143=CARTESIAN_POINT('',(-52.771886795944,-17.3298476145084,-24.9876065134996));
#12144=CARTESIAN_POINT('Origin',(-52.771886795944,-17.3298476145084,-24.9876065134996));
#12145=CARTESIAN_POINT('',(-50.6712641813148,-15.3298476145085,-21.9876065134996));
#12146=CARTESIAN_POINT('',(-48.5922965007087,-15.3298476145085,-19.0185329643607));
#12147=CARTESIAN_POINT('',(-50.6712641813148,-17.3298476145084,-21.9876065134996));
#12148=CARTESIAN_POINT('Origin',(-52.7111908143653,-17.3298476145084,-21.4140300771485));
#12149=CARTESIAN_POINT('',(-52.7111908143653,-15.3298476145085,-20.4140300771485));
#12150=CARTESIAN_POINT('Origin',(-52.7111908143653,-15.3298476145085,-21.4140300771485));
#12151=CARTESIAN_POINT('',(-52.7111908143653,-17.3298476145084,-20.4140300771485));
#12152=CARTESIAN_POINT('Origin',(-51.4904162256039,-17.3298476145084,-20.4140300771485));
#12153=CARTESIAN_POINT('',(-51.4904162256038,-15.3298476145085,-20.4140300771485));
#12154=CARTESIAN_POINT('',(-60.5814588078189,-15.3298476145085,-20.4140300771486));
#12155=CARTESIAN_POINT('',(-51.4904162256039,-17.3298476145084,-20.4140300771485));
#12156=CARTESIAN_POINT('Origin',(-51.4904162256038,-17.3298476145084,-21.4140300771485));
#12157=CARTESIAN_POINT('Origin',(-51.4904162256038,-15.3298476145085,-21.4140300771485));
#12158=CARTESIAN_POINT('Origin',(-37.1667064950179,-17.3298476145084,-20.8404536407975));
#12159=CARTESIAN_POINT('',(-37.1667064950179,-15.3298476145086,-20.8404536407975));
#12160=CARTESIAN_POINT('',(-39.2673291096471,-15.3298476145086,-23.8404536407975));
#12161=CARTESIAN_POINT('',(-36.5283520121651,-15.3298476145086,-19.9287889585163));
#12162=CARTESIAN_POINT('',(-37.1667064950179,-17.3298476145084,-20.8404536407975));
#12163=CARTESIAN_POINT('',(-39.2673291096471,-17.3298476145084,-23.8404536407975));
#12164=CARTESIAN_POINT('Origin',(-38.4481770653581,-17.3298476145084,-24.4140300771485));
#12165=CARTESIAN_POINT('',(-38.4481770653581,-15.3298476145086,-25.4140300771485));
#12166=CARTESIAN_POINT('Origin',(-38.4481770653581,-15.3298476145086,-24.4140300771485));
#12167=CARTESIAN_POINT('',(-38.4481770653581,-17.3298476145084,-25.4140300771485));
#12168=CARTESIAN_POINT('Origin',(-38.4481770653581,-17.3298476145084,-25.4140300771485));
#12169=CARTESIAN_POINT('',(-37.2274024765966,-15.3298476145086,-25.4140300771485));
#12170=CARTESIAN_POINT('',(-54.0603392276961,-15.3298476145085,-25.4140300771485));
#12171=CARTESIAN_POINT('',(-37.2274024765966,-17.3298476145085,-25.4140300771485));
#12172=CARTESIAN_POINT('Origin',(-37.2274024765966,-17.3298476145085,-24.4140300771485));
#12173=CARTESIAN_POINT('',(-36.4082504323076,-15.3298476145086,-24.9876065134996));
#12174=CARTESIAN_POINT('Origin',(-37.2274024765966,-15.3298476145086,-24.4140300771485));
#12175=CARTESIAN_POINT('',(-36.4082504323076,-17.3298476145085,-24.9876065134996));
#12176=CARTESIAN_POINT('Origin',(-36.4082504323076,-17.3298476145085,-24.9876065134996));
#12177=CARTESIAN_POINT('',(-34.3076278176785,-15.3298476145086,-21.9876065134996));
#12178=CARTESIAN_POINT('',(-34.9203959143764,-15.3298476145086,-22.8627300493939));
#12179=CARTESIAN_POINT('',(-34.3076278176785,-17.3298476145085,-21.9876065134996));
#12180=CARTESIAN_POINT('Origin',(-36.3475544507289,-17.3298476145085,-21.4140300771485));
#12181=CARTESIAN_POINT('',(-36.3475544507289,-15.3298476145086,-20.4140300771485));
#12182=CARTESIAN_POINT('Origin',(-36.3475544507289,-15.3298476145086,-21.4140300771485));
#12183=CARTESIAN_POINT('',(-36.3475544507289,-17.3298476145085,-20.4140300771485));
#12184=CARTESIAN_POINT('Origin',(-35.1267798619675,-17.3298476145085,-20.4140300771485));
#12185=CARTESIAN_POINT('',(-35.1267798619675,-15.3298476145086,-20.4140300771485));
#12186=CARTESIAN_POINT('',(-52.3996406260007,-15.3298476145085,-20.4140300771486));
#12187=CARTESIAN_POINT('',(-35.1267798619675,-17.3298476145085,-20.4140300771485));
#12188=CARTESIAN_POINT('Origin',(-35.1267798619675,-17.3298476145085,-21.4140300771485));
#12189=CARTESIAN_POINT('Origin',(-35.1267798619675,-15.3298476145086,-21.4140300771485));
#12190=CARTESIAN_POINT('Origin',(-4.43943376774521,-17.3298476145085,-20.8404536407975));
#12191=CARTESIAN_POINT('',(-4.4394337677452,-15.3298476145087,-20.8404536407975));
#12192=CARTESIAN_POINT('',(-6.54005638237433,-15.3298476145087,-23.8404536407975));
#12193=CARTESIAN_POINT('',(-9.18455083950048,-15.3298476145086,-27.6171831285828));
#12194=CARTESIAN_POINT('',(-4.43943376774521,-17.3298476145085,-20.8404536407975));
#12195=CARTESIAN_POINT('',(-6.54005638237433,-17.3298476145085,-23.8404536407975));
#12196=CARTESIAN_POINT('Origin',(-5.72090433808534,-17.3298476145085,-24.4140300771485));
#12197=CARTESIAN_POINT('',(-5.72090433808534,-15.3298476145087,-25.4140300771485));
#12198=CARTESIAN_POINT('Origin',(-5.72090433808534,-15.3298476145087,-24.4140300771485));
#12199=CARTESIAN_POINT('',(-5.72090433808534,-17.3298476145085,-25.4140300771485));
#12200=CARTESIAN_POINT('Origin',(-5.72090433808534,-17.3298476145085,-25.4140300771485));
#12201=CARTESIAN_POINT('',(-4.50012974932387,-15.3298476145087,-25.4140300771485));
#12202=CARTESIAN_POINT('',(-37.6967028640597,-15.3298476145086,-25.4140300771485));
#12203=CARTESIAN_POINT('',(-4.50012974932387,-17.3298476145085,-25.4140300771485));
#12204=CARTESIAN_POINT('Origin',(-4.50012974932387,-17.3298476145085,-24.4140300771485));
#12205=CARTESIAN_POINT('',(-3.68097770503489,-15.3298476145087,-24.9876065134996));
#12206=CARTESIAN_POINT('Origin',(-4.50012974932387,-15.3298476145087,-24.4140300771485));
#12207=CARTESIAN_POINT('',(-3.68097770503489,-17.3298476145085,-24.9876065134996));
#12208=CARTESIAN_POINT('Origin',(-3.68097770503488,-17.3298476145085,-24.9876065134996));
#12209=CARTESIAN_POINT('',(-1.58035509040575,-15.3298476145087,-21.9876065134995));
#12210=CARTESIAN_POINT('',(-7.57659474171183,-15.3298476145086,-30.5511242194604));
#12211=CARTESIAN_POINT('',(-1.58035509040576,-17.3298476145086,-21.9876065134995));
#12212=CARTESIAN_POINT('Origin',(-3.62028172345622,-17.3298476145086,-21.4140300771485));
#12213=CARTESIAN_POINT('',(-3.62028172345621,-15.3298476145087,-20.4140300771485));
#12214=CARTESIAN_POINT('Origin',(-3.62028172345621,-15.3298476145087,-21.4140300771485));
#12215=CARTESIAN_POINT('',(-3.62028172345622,-17.3298476145085,-20.4140300771485));
#12216=CARTESIAN_POINT('Origin',(-2.39950713469477,-17.3298476145085,-20.4140300771485));
#12217=CARTESIAN_POINT('',(-2.39950713469476,-15.3298476145087,-20.4140300771485));
#12218=CARTESIAN_POINT('',(-36.0360042623644,-15.3298476145086,-20.4140300771486));
#12219=CARTESIAN_POINT('',(-2.39950713469477,-17.3298476145085,-20.4140300771485));
#12220=CARTESIAN_POINT('Origin',(-2.39950713469475,-17.3298476145086,-21.4140300771485));
#12221=CARTESIAN_POINT('Origin',(-2.39950713469474,-15.3298476145087,-21.4140300771485));
#12222=CARTESIAN_POINT('Origin',(28.2878389595275,-17.3298476145086,-20.8404536407974));
#12223=CARTESIAN_POINT('',(28.2878389595275,-15.3298476145087,-20.8404536407974));
#12224=CARTESIAN_POINT('',(26.1872163448984,-15.3298476145087,-23.8404536407975));
#12225=CARTESIAN_POINT('',(18.1592503331641,-15.3298476145087,-35.3055772986493));
#12226=CARTESIAN_POINT('',(28.2878389595275,-17.3298476145086,-20.8404536407974));
#12227=CARTESIAN_POINT('',(26.1872163448984,-17.3298476145086,-23.8404536407975));
#12228=CARTESIAN_POINT('Origin',(27.0063683891874,-17.3298476145086,-24.4140300771485));
#12229=CARTESIAN_POINT('',(27.0063683891874,-15.3298476145087,-25.4140300771485));
#12230=CARTESIAN_POINT('Origin',(27.0063683891874,-15.3298476145087,-24.4140300771485));
#12231=CARTESIAN_POINT('',(27.0063683891874,-17.3298476145086,-25.4140300771485));
#12232=CARTESIAN_POINT('Origin',(27.0063683891874,-17.3298476145086,-25.4140300771485));
#12233=CARTESIAN_POINT('',(28.2271429779489,-15.3298476145087,-25.4140300771485));
#12234=CARTESIAN_POINT('',(-21.3330665004233,-15.3298476145086,-25.4140300771485));
#12235=CARTESIAN_POINT('',(28.2271429779489,-17.3298476145086,-25.4140300771485));
#12236=CARTESIAN_POINT('Origin',(28.2271429779489,-17.3298476145086,-24.4140300771485));
#12237=CARTESIAN_POINT('',(29.0462950222379,-15.3298476145087,-24.9876065134995));
#12238=CARTESIAN_POINT('Origin',(28.2271429779489,-15.3298476145087,-24.4140300771485));
#12239=CARTESIAN_POINT('',(29.0462950222379,-17.3298476145086,-24.9876065134995));
#12240=CARTESIAN_POINT('Origin',(29.0462950222378,-17.3298476145086,-24.9876065134995));
#12241=CARTESIAN_POINT('',(31.146917636867,-15.3298476145088,-21.9876065134995));
#12242=CARTESIAN_POINT('',(19.7672064309528,-15.3298476145087,-38.2395183895269));
#12243=CARTESIAN_POINT('',(31.146917636867,-17.3298476145086,-21.9876065134995));
#12244=CARTESIAN_POINT('Origin',(29.1069910038165,-17.3298476145086,-21.4140300771485));
#12245=CARTESIAN_POINT('',(29.1069910038165,-15.3298476145087,-20.4140300771485));
#12246=CARTESIAN_POINT('Origin',(29.1069910038165,-15.3298476145087,-21.4140300771485));
#12247=CARTESIAN_POINT('',(29.1069910038165,-17.3298476145086,-20.4140300771485));
#12248=CARTESIAN_POINT('Origin',(30.327765592578,-17.3298476145086,-20.4140300771485));
#12249=CARTESIAN_POINT('',(30.327765592578,-15.3298476145088,-20.4140300771485));
#12250=CARTESIAN_POINT('',(-19.672367898728,-15.3298476145086,-20.4140300771487));
#12251=CARTESIAN_POINT('',(30.327765592578,-17.3298476145086,-20.4140300771485));
#12252=CARTESIAN_POINT('Origin',(30.327765592578,-17.3298476145086,-21.4140300771485));
#12253=CARTESIAN_POINT('Origin',(30.327765592578,-15.3298476145087,-21.4140300771485));
#12254=CARTESIAN_POINT('Origin',(3.74238441407297,-17.3298476145086,-20.8404536407975));
#12255=CARTESIAN_POINT('',(3.74238441407298,-15.3298476145087,-20.8404536407975));
#12256=CARTESIAN_POINT('',(1.64176179944386,-15.3298476145087,-23.8404536407975));
#12257=CARTESIAN_POINT('',(-2.34860054633433,-15.3298476145087,-29.5392816710994));
#12258=CARTESIAN_POINT('',(3.74238441407297,-17.3298476145086,-20.8404536407975));
#12259=CARTESIAN_POINT('',(1.64176179944385,-17.3298476145086,-23.8404536407975));
#12260=CARTESIAN_POINT('Origin',(2.46091384373284,-17.3298476145086,-24.4140300771485));
#12261=CARTESIAN_POINT('',(2.46091384373285,-15.3298476145087,-25.4140300771485));
#12262=CARTESIAN_POINT('Origin',(2.46091384373285,-15.3298476145087,-24.4140300771485));
#12263=CARTESIAN_POINT('',(2.46091384373284,-17.3298476145086,-25.4140300771485));
#12264=CARTESIAN_POINT('Origin',(2.46091384373284,-17.3298476145086,-25.4140300771485));
#12265=CARTESIAN_POINT('',(3.68168843249432,-15.3298476145087,-25.4140300771485));
#12266=CARTESIAN_POINT('',(-33.6057937731506,-15.3298476145086,-25.4140300771485));
#12267=CARTESIAN_POINT('',(3.68168843249431,-17.3298476145086,-25.4140300771485));
#12268=CARTESIAN_POINT('Origin',(3.68168843249431,-17.3298476145086,-24.4140300771485));
#12269=CARTESIAN_POINT('',(4.5008404767833,-15.3298476145087,-24.9876065134995));
#12270=CARTESIAN_POINT('Origin',(3.68168843249432,-15.3298476145087,-24.4140300771485));
#12271=CARTESIAN_POINT('',(4.50084047678329,-17.3298476145086,-24.9876065134995));
#12272=CARTESIAN_POINT('Origin',(4.5008404767833,-17.3298476145086,-24.9876065134995));
#12273=CARTESIAN_POINT('',(6.60146309141243,-15.3298476145087,-21.9876065134995));
#12274=CARTESIAN_POINT('',(-0.740644448545675,-15.3298476145087,-32.473222761977));
#12275=CARTESIAN_POINT('',(6.60146309141243,-17.3298476145086,-21.9876065134995));
#12276=CARTESIAN_POINT('Origin',(4.56153645836197,-17.3298476145086,-21.4140300771485));
#12277=CARTESIAN_POINT('',(4.56153645836197,-15.3298476145087,-20.4140300771485));
#12278=CARTESIAN_POINT('Origin',(4.56153645836197,-15.3298476145087,-21.4140300771485));
#12279=CARTESIAN_POINT('',(4.56153645836197,-17.3298476145086,-20.4140300771485));
#12280=CARTESIAN_POINT('Origin',(5.78231104712342,-17.3298476145086,-20.4140300771485));
#12281=CARTESIAN_POINT('',(5.78231104712342,-15.3298476145087,-20.4140300771485));
#12282=CARTESIAN_POINT('',(-31.9450951714553,-15.3298476145086,-20.4140300771486));
#12283=CARTESIAN_POINT('',(5.78231104712342,-17.3298476145086,-20.4140300771485));
#12284=CARTESIAN_POINT('Origin',(5.78231104712343,-17.3298476145086,-21.4140300771485));
#12285=CARTESIAN_POINT('Origin',(5.78231104712344,-15.3298476145087,-21.4140300771485));
#12286=CARTESIAN_POINT('Origin',(-28.9848883131998,-17.3298476145085,-20.8404536407975));
#12287=CARTESIAN_POINT('',(-28.9848883131997,-15.3298476145086,-20.8404536407975));
#12288=CARTESIAN_POINT('',(-31.0855109278289,-15.3298476145086,-23.8404536407975));
#12289=CARTESIAN_POINT('',(-29.6924017189989,-15.3298476145086,-21.8508875010329));
#12290=CARTESIAN_POINT('',(-28.9848883131998,-17.3298476145085,-20.8404536407975));
#12291=CARTESIAN_POINT('',(-31.0855109278289,-17.3298476145085,-23.8404536407975));
#12292=CARTESIAN_POINT('Origin',(-30.2663588835399,-17.3298476145085,-24.4140300771485));
#12293=CARTESIAN_POINT('',(-30.2663588835399,-15.3298476145086,-25.4140300771485));
#12294=CARTESIAN_POINT('Origin',(-30.2663588835399,-15.3298476145086,-24.4140300771485));
#12295=CARTESIAN_POINT('',(-30.2663588835399,-17.3298476145085,-25.4140300771485));
#12296=CARTESIAN_POINT('Origin',(-30.2663588835399,-17.3298476145085,-25.4140300771485));
#12297=CARTESIAN_POINT('',(-29.0455842947784,-15.3298476145086,-25.4140300771485));
#12298=CARTESIAN_POINT('',(-49.969430136787,-15.3298476145085,-25.4140300771485));
#12299=CARTESIAN_POINT('',(-29.0455842947784,-17.3298476145085,-25.4140300771485));
#12300=CARTESIAN_POINT('Origin',(-29.0455842947784,-17.3298476145085,-24.4140300771485));
#12301=CARTESIAN_POINT('',(-28.2264322504894,-15.3298476145086,-24.9876065134996));
#12302=CARTESIAN_POINT('Origin',(-29.0455842947784,-15.3298476145086,-24.4140300771485));
#12303=CARTESIAN_POINT('',(-28.2264322504894,-17.3298476145085,-24.9876065134996));
#12304=CARTESIAN_POINT('Origin',(-28.2264322504894,-17.3298476145085,-24.9876065134996));
#12305=CARTESIAN_POINT('',(-26.1258096358603,-15.3298476145086,-21.9876065134996));
#12306=CARTESIAN_POINT('',(-28.0844456212103,-15.3298476145086,-24.7848285919105));
#12307=CARTESIAN_POINT('',(-26.1258096358603,-17.3298476145085,-21.9876065134996));
#12308=CARTESIAN_POINT('Origin',(-28.1657362689108,-17.3298476145085,-21.4140300771485));
#12309=CARTESIAN_POINT('',(-28.1657362689108,-15.3298476145086,-20.4140300771485));
#12310=CARTESIAN_POINT('Origin',(-28.1657362689108,-15.3298476145086,-21.4140300771485));
#12311=CARTESIAN_POINT('',(-28.1657362689108,-17.3298476145085,-20.4140300771485));
#12312=CARTESIAN_POINT('Origin',(-26.9449616801493,-17.3298476145085,-20.4140300771485));
#12313=CARTESIAN_POINT('',(-26.9449616801493,-15.3298476145086,-20.4140300771485));
#12314=CARTESIAN_POINT('',(-48.3087315350917,-15.3298476145085,-20.4140300771486));
#12315=CARTESIAN_POINT('',(-26.9449616801493,-17.3298476145085,-20.4140300771485));
#12316=CARTESIAN_POINT('Origin',(-26.9449616801493,-17.3298476145085,-21.4140300771485));
#12317=CARTESIAN_POINT('Origin',(-26.9449616801493,-15.3298476145086,-21.4140300771485));
#12318=CARTESIAN_POINT('Origin',(-61.7121610404725,-17.3298476145084,-20.8404536407975));
#12319=CARTESIAN_POINT('',(-61.7121610404725,-15.3298476145085,-20.8404536407975));
#12320=CARTESIAN_POINT('',(-63.8127836551016,-15.3298476145085,-23.8404536407975));
#12321=CARTESIAN_POINT('',(-57.0362028916635,-15.3298476145085,-14.1624933309664));
#12322=CARTESIAN_POINT('',(-61.7121610404725,-17.3298476145084,-20.8404536407975));
#12323=CARTESIAN_POINT('',(-63.8127836551016,-17.3298476145084,-23.8404536407975));
#12324=CARTESIAN_POINT('Origin',(-62.9936316108126,-17.3298476145084,-24.4140300771485));
#12325=CARTESIAN_POINT('',(-62.9936316108126,-15.3298476145085,-25.4140300771485));
#12326=CARTESIAN_POINT('Origin',(-62.9936316108126,-15.3298476145085,-24.4140300771485));
#12327=CARTESIAN_POINT('',(-62.9936316108126,-17.3298476145084,-25.4140300771485));
#12328=CARTESIAN_POINT('Origin',(-62.9936316108126,-17.3298476145084,-25.4140300771485));
#12329=CARTESIAN_POINT('',(-61.7728570220511,-15.3298476145085,-25.4140300771485));
#12330=CARTESIAN_POINT('',(-66.3330665004233,-15.3298476145085,-25.4140300771485));
#12331=CARTESIAN_POINT('',(-61.7728570220511,-17.3298476145084,-25.4140300771485));
#12332=CARTESIAN_POINT('Origin',(-61.7728570220511,-17.3298476145084,-24.4140300771485));
#12333=CARTESIAN_POINT('',(-60.9537049777621,-15.3298476145085,-24.9876065134996));
#12334=CARTESIAN_POINT('Origin',(-61.7728570220511,-15.3298476145085,-24.4140300771485));
#12335=CARTESIAN_POINT('',(-60.9537049777622,-17.3298476145084,-24.9876065134996));
#12336=CARTESIAN_POINT('Origin',(-60.9537049777622,-17.3298476145084,-24.9876065134996));
#12337=CARTESIAN_POINT('',(-58.853082363133,-15.3298476145085,-21.9876065134996));
#12338=CARTESIAN_POINT('',(-55.4282467938749,-15.3298476145085,-17.096434421844));
#12339=CARTESIAN_POINT('',(-58.853082363133,-17.3298476145084,-21.9876065134996));
#12340=CARTESIAN_POINT('Origin',(-60.8930089961835,-17.3298476145084,-21.4140300771485));
#12341=CARTESIAN_POINT('',(-60.8930089961835,-15.3298476145085,-20.4140300771485));
#12342=CARTESIAN_POINT('Origin',(-60.8930089961835,-15.3298476145085,-21.4140300771485));
#12343=CARTESIAN_POINT('',(-60.8930089961835,-17.3298476145084,-20.4140300771485));
#12344=CARTESIAN_POINT('Origin',(-59.672234407422,-17.3298476145084,-20.4140300771485));
#12345=CARTESIAN_POINT('',(-59.672234407422,-15.3298476145085,-20.4140300771485));
#12346=CARTESIAN_POINT('',(-64.672367898728,-15.3298476145085,-20.4140300771485));
#12347=CARTESIAN_POINT('',(-59.672234407422,-17.3298476145084,-20.4140300771485));
#12348=CARTESIAN_POINT('Origin',(-59.672234407422,-17.3298476145084,-21.4140300771485));
#12349=CARTESIAN_POINT('Origin',(-59.672234407422,-15.3298476145085,-21.4140300771485));
#12350=CARTESIAN_POINT('Origin',(-73.1615447000991,30.3508641404762,-24.6706921094555));
#12351=CARTESIAN_POINT('',(-73.1615447000991,30.3508641404762,-25.6706921094555));
#12352=CARTESIAN_POINT('',(-73.1615447000991,29.5317120961872,-24.0971156731045));
#12353=CARTESIAN_POINT('Origin',(-73.1615447000991,31.6323347108163,-21.0971156731045));
#12354=CARTESIAN_POINT('',(-73.1615447000991,31.6323347108163,-21.0971156731045));
#12355=CARTESIAN_POINT('Origin',(-73.1615447000991,32.4514867551053,-21.6706921094555));
#12356=CARTESIAN_POINT('',(-73.1615447000991,32.4514867551053,-20.6706921094555));
#12357=CARTESIAN_POINT('Origin',(-73.1615447000991,33.6722613438668,-20.6706921094555));
#12358=CARTESIAN_POINT('',(-73.1615447000991,33.6722613438668,-20.6706921094555));
#12359=CARTESIAN_POINT('Origin',(-73.1615447000991,33.6722613438668,-21.6706921094555));
#12360=CARTESIAN_POINT('',(-73.1615447000991,34.4914133881557,-22.2442685458066));
#12361=CARTESIAN_POINT('Origin',(-73.1615447000991,32.3907907735266,-25.2442685458066));
#12362=CARTESIAN_POINT('',(-73.1615447000991,32.3907907735266,-25.2442685458066));
#12363=CARTESIAN_POINT('Origin',(-73.1615447000991,31.5716387292376,-24.6706921094555));
#12364=CARTESIAN_POINT('',(-73.1615447000991,31.5716387292376,-25.6706921094555));
#12365=CARTESIAN_POINT('Origin',(-73.1615447000991,30.3508641404762,-25.6706921094555));
#12366=CARTESIAN_POINT('Origin',(-73.1615447000991,6.77943556904758,-24.6706921094555));
#12367=CARTESIAN_POINT('',(-73.1615447000991,6.77943556904759,-25.6706921094555));
#12368=CARTESIAN_POINT('',(-73.1615447000991,5.9602835247586,-24.0971156731044));
#12369=CARTESIAN_POINT('Origin',(-73.1615447000991,8.06090613938773,-21.0971156731044));
#12370=CARTESIAN_POINT('',(-73.1615447000991,8.06090613938773,-21.0971156731044));
#12371=CARTESIAN_POINT('Origin',(-73.1615447000991,8.88005818367672,-21.6706921094555));
#12372=CARTESIAN_POINT('',(-73.1615447000991,8.88005818367672,-20.6706921094555));
#12373=CARTESIAN_POINT('Origin',(-73.1615447000991,10.1008327724382,-20.6706921094555));
#12374=CARTESIAN_POINT('',(-73.1615447000991,10.1008327724382,-20.6706921094555));
#12375=CARTESIAN_POINT('Origin',(-73.1615447000991,10.1008327724382,-21.6706921094555));
#12376=CARTESIAN_POINT('',(-73.1615447000991,10.9199848167272,-22.2442685458065));
#12377=CARTESIAN_POINT('Origin',(-73.1615447000991,8.81936220209803,-25.2442685458065));
#12378=CARTESIAN_POINT('',(-73.1615447000991,8.81936220209803,-25.2442685458065));
#12379=CARTESIAN_POINT('Origin',(-73.1615447000991,8.00021015780906,-24.6706921094555));
#12380=CARTESIAN_POINT('',(-73.1615447000991,8.00021015780905,-25.6706921094555));
#12381=CARTESIAN_POINT('Origin',(-73.1615447000991,6.77943556904759,-25.6706921094555));
#12382=CARTESIAN_POINT('Origin',(-73.1615447000991,38.208006997619,-24.6706921094555));
#12383=CARTESIAN_POINT('',(-73.1615447000991,38.208006997619,-25.6706921094555));
#12384=CARTESIAN_POINT('',(-73.1615447000991,37.38885495333,-24.0971156731045));
#12385=CARTESIAN_POINT('Origin',(-73.1615447000991,39.4894775679592,-21.0971156731045));
#12386=CARTESIAN_POINT('',(-73.1615447000991,39.4894775679592,-21.0971156731045));
#12387=CARTESIAN_POINT('Origin',(-73.1615447000991,40.3086296122482,-21.6706921094555));
#12388=CARTESIAN_POINT('',(-73.1615447000991,40.3086296122481,-20.6706921094555));
#12389=CARTESIAN_POINT('Origin',(-73.1615447000991,41.5294042010096,-20.6706921094555));
#12390=CARTESIAN_POINT('',(-73.1615447000991,41.5294042010096,-20.6706921094555));
#12391=CARTESIAN_POINT('Origin',(-73.1615447000991,41.5294042010096,-21.6706921094555));
#12392=CARTESIAN_POINT('',(-73.1615447000991,42.3485562452986,-22.2442685458066));
#12393=CARTESIAN_POINT('Origin',(-73.1615447000991,40.2479336306695,-25.2442685458066));
#12394=CARTESIAN_POINT('',(-73.1615447000991,40.2479336306695,-25.2442685458066));
#12395=CARTESIAN_POINT('Origin',(-73.1615447000991,39.4287815863805,-24.6706921094555));
#12396=CARTESIAN_POINT('',(-73.1615447000991,39.4287815863805,-25.6706921094555));
#12397=CARTESIAN_POINT('Origin',(-73.1615447000991,38.208006997619,-25.6706921094555));
#12398=CARTESIAN_POINT('Origin',(-73.1615447000991,22.4937212833333,-24.6706921094555));
#12399=CARTESIAN_POINT('',(-73.1615447000991,22.4937212833333,-25.6706921094555));
#12400=CARTESIAN_POINT('',(-73.1615447000991,21.6745692390443,-24.0971156731045));
#12401=CARTESIAN_POINT('Origin',(-73.1615447000991,23.7751918536734,-21.0971156731044));
#12402=CARTESIAN_POINT('',(-73.1615447000991,23.7751918536734,-21.0971156731044));
#12403=CARTESIAN_POINT('Origin',(-73.1615447000991,24.5943438979624,-21.6706921094555));
#12404=CARTESIAN_POINT('',(-73.1615447000991,24.5943438979624,-20.6706921094555));
#12405=CARTESIAN_POINT('Origin',(-73.1615447000991,25.8151184867239,-20.6706921094555));
#12406=CARTESIAN_POINT('',(-73.1615447000991,25.8151184867239,-20.6706921094555));
#12407=CARTESIAN_POINT('Origin',(-73.1615447000991,25.8151184867239,-21.6706921094555));
#12408=CARTESIAN_POINT('',(-73.1615447000991,26.6342705310129,-22.2442685458065));
#12409=CARTESIAN_POINT('Origin',(-73.1615447000991,24.5336479163837,-25.2442685458065));
#12410=CARTESIAN_POINT('',(-73.1615447000991,24.5336479163837,-25.2442685458065));
#12411=CARTESIAN_POINT('Origin',(-73.1615447000991,23.7144958720948,-24.6706921094555));
#12412=CARTESIAN_POINT('',(-73.1615447000991,23.7144958720948,-25.6706921094555));
#12413=CARTESIAN_POINT('Origin',(-73.1615447000991,22.4937212833333,-25.6706921094555));
#12414=CARTESIAN_POINT('Origin',(-73.1615447000991,14.6365784261904,-24.6706921094555));
#12415=CARTESIAN_POINT('',(-73.1615447000991,14.6365784261904,-25.6706921094555));
#12416=CARTESIAN_POINT('',(-73.1615447000991,13.8174263819015,-24.0971156731044));
#12417=CARTESIAN_POINT('Origin',(-73.1615447000991,15.9180489965306,-21.0971156731044));
#12418=CARTESIAN_POINT('',(-73.1615447000991,15.9180489965306,-21.0971156731044));
#12419=CARTESIAN_POINT('Origin',(-73.1615447000991,16.7372010408196,-21.6706921094555));
#12420=CARTESIAN_POINT('',(-73.1615447000991,16.7372010408196,-20.6706921094555));
#12421=CARTESIAN_POINT('Origin',(-73.1615447000991,17.957975629581,-20.6706921094555));
#12422=CARTESIAN_POINT('',(-73.1615447000991,17.957975629581,-20.6706921094555));
#12423=CARTESIAN_POINT('Origin',(-73.1615447000991,17.957975629581,-21.6706921094555));
#12424=CARTESIAN_POINT('',(-73.1615447000991,18.77712767387,-22.2442685458065));
#12425=CARTESIAN_POINT('Origin',(-73.1615447000991,16.6765050592409,-25.2442685458065));
#12426=CARTESIAN_POINT('',(-73.1615447000991,16.6765050592409,-25.2442685458065));
#12427=CARTESIAN_POINT('Origin',(-73.1615447000991,15.8573530149519,-24.6706921094555));
#12428=CARTESIAN_POINT('',(-73.1615447000991,15.8573530149519,-25.6706921094555));
#12429=CARTESIAN_POINT('Origin',(-73.1615447000991,14.6365784261904,-25.6706921094555));
#12430=CARTESIAN_POINT('Origin',(-73.1615447000991,46.0651498547619,-24.6706921094555));
#12431=CARTESIAN_POINT('',(-73.1615447000991,46.0651498547619,-25.6706921094555));
#12432=CARTESIAN_POINT('',(-73.1615447000991,45.2459978104729,-24.0971156731045));
#12433=CARTESIAN_POINT('Origin',(-73.1615447000991,47.346620425102,-21.0971156731045));
#12434=CARTESIAN_POINT('',(-73.1615447000991,47.346620425102,-21.0971156731045));
#12435=CARTESIAN_POINT('Origin',(-73.1615447000991,48.165772469391,-21.6706921094555));
#12436=CARTESIAN_POINT('',(-73.1615447000991,48.165772469391,-20.6706921094555));
#12437=CARTESIAN_POINT('Origin',(-73.1615447000991,49.3865470581525,-20.6706921094555));
#12438=CARTESIAN_POINT('',(-73.1615447000991,49.3865470581525,-20.6706921094555));
#12439=CARTESIAN_POINT('Origin',(-73.1615447000991,49.3865470581525,-21.6706921094555));
#12440=CARTESIAN_POINT('',(-73.1615447000991,50.2056991024415,-22.2442685458066));
#12441=CARTESIAN_POINT('Origin',(-73.1615447000991,48.1050764878123,-25.2442685458066));
#12442=CARTESIAN_POINT('',(-73.1615447000991,48.1050764878123,-25.2442685458066));
#12443=CARTESIAN_POINT('Origin',(-73.1615447000991,47.2859244435233,-24.6706921094555));
#12444=CARTESIAN_POINT('',(-73.1615447000991,47.2859244435233,-25.6706921094555));
#12445=CARTESIAN_POINT('Origin',(-73.1615447000991,46.0651498547619,-25.6706921094555));
#12446=CARTESIAN_POINT('Origin',(38.8384552999014,23.7144958720948,-25.6706921094555));
#12447=CARTESIAN_POINT('',(39.8274986100344,22.4937212833333,-25.6706921094555));
#12448=CARTESIAN_POINT('',(39.8274986100344,23.7144958720948,-25.6706921094555));
#12449=CARTESIAN_POINT('',(39.8274986100345,6.44232412879306,-25.6706921094555));
#12450=CARTESIAN_POINT('',(41.8274986100353,22.4937212833333,-25.6706921094555));
#12451=CARTESIAN_POINT('',(38.8384552999014,22.4937212833333,-25.6706921094555));
#12452=CARTESIAN_POINT('',(41.8274986100353,23.7144958720948,-25.6706921094555));
#12453=CARTESIAN_POINT('',(41.8274986100353,6.44232412879306,-25.6706921094555));
#12454=CARTESIAN_POINT('',(38.8384552999014,23.7144958720948,-25.6706921094555));
#12455=CARTESIAN_POINT('Origin',(38.8384552999014,23.7144958720948,-24.6706921094555));
#12456=CARTESIAN_POINT('',(39.8274986100344,24.5336479163837,-25.2442685458065));
#12457=CARTESIAN_POINT('Origin',(39.8274986100314,23.7144958720948,-24.6706921094555));
#12458=CARTESIAN_POINT('',(41.8274986100352,24.5336479163837,-25.2442685458065));
#12459=CARTESIAN_POINT('Origin',(41.8274986100315,23.7144958720948,-24.6706921094555));
#12460=CARTESIAN_POINT('',(38.8384552999014,24.5336479163837,-25.2442685458065));
#12461=CARTESIAN_POINT('Origin',(38.8384552999014,26.6342705310129,-22.2442685458065));
#12462=CARTESIAN_POINT('',(39.8274986100341,26.6342705310129,-22.2442685458065));
#12463=CARTESIAN_POINT('',(39.827498610034,26.7867944352368,-22.0264418360087));
#12464=CARTESIAN_POINT('',(41.8274986100349,26.6342705310129,-22.2442685458065));
#12465=CARTESIAN_POINT('',(41.8274986100348,26.7867944352369,-22.0264418360085));
#12466=CARTESIAN_POINT('',(38.8384552999014,26.6342705310129,-22.2442685458065));
#12467=CARTESIAN_POINT('Origin',(38.8384552999014,25.8151184867239,-21.6706921094555));
#12468=CARTESIAN_POINT('',(39.8274986100339,25.8151184867239,-20.6706921094555));
#12469=CARTESIAN_POINT('Origin',(39.8274986100314,25.8151184867239,-21.6706921094555));
#12470=CARTESIAN_POINT('',(41.8274986100347,25.8151184867239,-20.6706921094555));
#12471=CARTESIAN_POINT('Origin',(41.8274986100315,25.8151184867239,-21.6706921094555));
#12472=CARTESIAN_POINT('',(38.8384552999014,25.8151184867239,-20.6706921094555));
#12473=CARTESIAN_POINT('Origin',(38.8384552999014,24.5943438979624,-20.6706921094555));
#12474=CARTESIAN_POINT('',(39.8274986100339,24.5943438979624,-20.6706921094555));
#12475=CARTESIAN_POINT('',(39.8274986100339,6.88224814172695,-20.6706921094555));
#12476=CARTESIAN_POINT('',(41.8274986100347,24.5943438979624,-20.6706921094555));
#12477=CARTESIAN_POINT('',(41.8274986100347,6.88224814172695,-20.6706921094555));
#12478=CARTESIAN_POINT('',(38.8384552999014,24.5943438979624,-20.6706921094555));
#12479=CARTESIAN_POINT('Origin',(38.8384552999014,24.5943438979624,-21.6706921094555));
#12480=CARTESIAN_POINT('',(39.827498610034,23.7751918536734,-21.0971156731044));
#12481=CARTESIAN_POINT('Origin',(39.8274986100314,24.5943438979624,-21.6706921094555));
#12482=CARTESIAN_POINT('',(41.8274986100347,23.7751918536734,-21.0971156731044));
#12483=CARTESIAN_POINT('Origin',(41.8274986100315,24.5943438979624,-21.6706921094555));
#12484=CARTESIAN_POINT('',(38.8384552999014,23.7751918536734,-21.0971156731044));
#12485=CARTESIAN_POINT('Origin',(38.8384552999014,21.6745692390443,-24.0971156731045));
#12486=CARTESIAN_POINT('',(39.8274986100343,21.6745692390443,-24.0971156731045));
#12487=CARTESIAN_POINT('',(39.8274986100341,23.078215722819,-22.0925007451311));
#12488=CARTESIAN_POINT('',(41.8274986100351,21.6745692390443,-24.0971156731045));
#12489=CARTESIAN_POINT('',(41.8274986100349,23.0782157228191,-22.0925007451309));
#12490=CARTESIAN_POINT('',(38.8384552999014,21.6745692390443,-24.0971156731045));
#12491=CARTESIAN_POINT('Origin',(38.8384552999014,22.4937212833333,-24.6706921094555));
#12492=CARTESIAN_POINT('Origin',(39.8274986100314,22.4937212833333,-24.6706921094555));
#12493=CARTESIAN_POINT('Origin',(41.8274986100315,22.4937212833333,-24.6706921094555));
#12494=CARTESIAN_POINT('Origin',(38.8384552999014,47.2859244435233,-25.6706921094555));
#12495=CARTESIAN_POINT('',(39.8274986100344,46.0651498547619,-25.6706921094555));
#12496=CARTESIAN_POINT('',(39.8274986100344,47.2859244435233,-25.6706921094555));
#12497=CARTESIAN_POINT('',(39.8274986100344,18.2280384145073,-25.6706921094555));
#12498=CARTESIAN_POINT('',(41.8274986100353,46.0651498547619,-25.6706921094555));
#12499=CARTESIAN_POINT('',(38.8384552999014,46.0651498547619,-25.6706921094555));
#12500=CARTESIAN_POINT('',(41.8274986100353,47.2859244435233,-25.6706921094555));
#12501=CARTESIAN_POINT('',(41.8274986100353,18.2280384145073,-25.6706921094555));
#12502=CARTESIAN_POINT('',(38.8384552999014,47.2859244435233,-25.6706921094555));
#12503=CARTESIAN_POINT('Origin',(38.8384552999014,47.2859244435233,-24.6706921094555));
#12504=CARTESIAN_POINT('',(39.8274986100343,48.1050764878123,-25.2442685458066));
#12505=CARTESIAN_POINT('Origin',(39.8274986100314,47.2859244435233,-24.6706921094555));
#12506=CARTESIAN_POINT('',(41.8274986100352,48.1050764878123,-25.2442685458066));
#12507=CARTESIAN_POINT('Origin',(41.8274986100315,47.2859244435233,-24.6706921094555));
#12508=CARTESIAN_POINT('',(38.8384552999014,48.1050764878123,-25.2442685458066));
#12509=CARTESIAN_POINT('Origin',(38.8384552999014,50.2056991024415,-22.2442685458066));
#12510=CARTESIAN_POINT('',(39.827498610034,50.2056991024415,-22.2442685458066));
#12511=CARTESIAN_POINT('',(39.8274986100346,46.4808417084059,-27.5639162084971));
#12512=CARTESIAN_POINT('',(41.8274986100348,50.2056991024415,-22.2442685458066));
#12513=CARTESIAN_POINT('',(41.8274986100355,46.480841708406,-27.5639162084969));
#12514=CARTESIAN_POINT('',(38.8384552999014,50.2056991024415,-22.2442685458066));
#12515=CARTESIAN_POINT('Origin',(38.8384552999014,49.3865470581525,-21.6706921094555));
#12516=CARTESIAN_POINT('',(39.8274986100339,49.3865470581525,-20.6706921094555));
#12517=CARTESIAN_POINT('Origin',(39.8274986100314,49.3865470581525,-21.6706921094555));
#12518=CARTESIAN_POINT('',(41.8274986100346,49.3865470581525,-20.6706921094555));
#12519=CARTESIAN_POINT('Origin',(41.8274986100315,49.3865470581525,-21.6706921094555));
#12520=CARTESIAN_POINT('',(38.8384552999014,49.3865470581525,-20.6706921094555));
#12521=CARTESIAN_POINT('Origin',(38.8384552999014,48.165772469391,-20.6706921094555));
#12522=CARTESIAN_POINT('',(39.8274986100339,48.165772469391,-20.6706921094555));
#12523=CARTESIAN_POINT('',(39.8274986100339,18.6679624274412,-20.6706921094556));
#12524=CARTESIAN_POINT('',(41.8274986100346,48.165772469391,-20.6706921094555));
#12525=CARTESIAN_POINT('',(41.8274986100347,18.6679624274412,-20.6706921094556));
#12526=CARTESIAN_POINT('',(38.8384552999014,48.165772469391,-20.6706921094555));
#12527=CARTESIAN_POINT('Origin',(38.8384552999014,48.165772469391,-21.6706921094555));
#12528=CARTESIAN_POINT('',(39.8274986100339,47.346620425102,-21.0971156731045));
#12529=CARTESIAN_POINT('Origin',(39.8274986100314,48.165772469391,-21.6706921094555));
#12530=CARTESIAN_POINT('',(41.8274986100347,47.346620425102,-21.0971156731045));
#12531=CARTESIAN_POINT('Origin',(41.8274986100315,48.165772469391,-21.6706921094555));
#12532=CARTESIAN_POINT('',(38.8384552999014,47.346620425102,-21.0971156731045));
#12533=CARTESIAN_POINT('Origin',(38.8384552999014,45.2459978104729,-24.0971156731045));
#12534=CARTESIAN_POINT('',(39.8274986100342,45.2459978104729,-24.0971156731045));
#12535=CARTESIAN_POINT('',(39.8274986100346,42.7722629959881,-27.6299751176195));
#12536=CARTESIAN_POINT('',(41.8274986100351,45.2459978104729,-24.0971156731045));
#12537=CARTESIAN_POINT('',(41.8274986100355,42.7722629959882,-27.6299751176193));
#12538=CARTESIAN_POINT('',(38.8384552999014,45.2459978104729,-24.0971156731045));
#12539=CARTESIAN_POINT('Origin',(38.8384552999014,46.0651498547619,-24.6706921094555));
#12540=CARTESIAN_POINT('Origin',(39.8274986100314,46.0651498547619,-24.6706921094555));
#12541=CARTESIAN_POINT('Origin',(41.8274986100315,46.0651498547619,-24.6706921094555));
#12542=CARTESIAN_POINT('Origin',(38.8384552999014,15.8573530149519,-25.6706921094555));
#12543=CARTESIAN_POINT('',(39.8274986100344,14.6365784261904,-25.6706921094555));
#12544=CARTESIAN_POINT('',(39.8274986100344,15.8573530149519,-25.6706921094555));
#12545=CARTESIAN_POINT('',(39.8274986100345,2.51375270022163,-25.6706921094555));
#12546=CARTESIAN_POINT('',(41.8274986100353,14.6365784261904,-25.6706921094555));
#12547=CARTESIAN_POINT('',(38.8384552999014,14.6365784261904,-25.6706921094555));
#12548=CARTESIAN_POINT('',(41.8274986100353,15.8573530149519,-25.6706921094555));
#12549=CARTESIAN_POINT('',(41.8274986100353,2.51375270022163,-25.6706921094555));
#12550=CARTESIAN_POINT('',(38.8384552999014,15.8573530149519,-25.6706921094555));
#12551=CARTESIAN_POINT('Origin',(38.8384552999014,15.8573530149519,-24.6706921094555));
#12552=CARTESIAN_POINT('',(39.8274986100344,16.6765050592409,-25.2442685458065));
#12553=CARTESIAN_POINT('Origin',(39.8274986100314,15.8573530149519,-24.6706921094555));
#12554=CARTESIAN_POINT('',(41.8274986100353,16.6765050592409,-25.2442685458065));
#12555=CARTESIAN_POINT('Origin',(41.8274986100315,15.8573530149519,-24.6706921094555));
#12556=CARTESIAN_POINT('',(38.8384552999014,16.6765050592409,-25.2442685458065));
#12557=CARTESIAN_POINT('Origin',(38.8384552999014,18.77712767387,-22.2442685458065));
#12558=CARTESIAN_POINT('',(39.8274986100341,18.77712767387,-22.2442685458065));
#12559=CARTESIAN_POINT('',(39.8274986100339,20.2221120108471,-20.1806170451792));
#12560=CARTESIAN_POINT('',(41.8274986100349,18.77712767387,-22.2442685458065));
#12561=CARTESIAN_POINT('',(41.8274986100346,20.2221120108472,-20.1806170451791));
#12562=CARTESIAN_POINT('',(38.8384552999014,18.77712767387,-22.2442685458065));
#12563=CARTESIAN_POINT('Origin',(38.8384552999014,17.957975629581,-21.6706921094555));
#12564=CARTESIAN_POINT('',(39.8274986100339,17.957975629581,-20.6706921094555));
#12565=CARTESIAN_POINT('Origin',(39.8274986100314,17.957975629581,-21.6706921094555));
#12566=CARTESIAN_POINT('',(41.8274986100347,17.957975629581,-20.6706921094555));
#12567=CARTESIAN_POINT('Origin',(41.8274986100315,17.957975629581,-21.6706921094555));
#12568=CARTESIAN_POINT('',(38.8384552999014,17.957975629581,-20.6706921094555));
#12569=CARTESIAN_POINT('Origin',(38.8384552999014,16.7372010408196,-20.6706921094555));
#12570=CARTESIAN_POINT('',(39.8274986100339,16.7372010408196,-20.6706921094555));
#12571=CARTESIAN_POINT('',(39.827498610034,2.95367671315552,-20.6706921094555));
#12572=CARTESIAN_POINT('',(41.8274986100347,16.7372010408196,-20.6706921094555));
#12573=CARTESIAN_POINT('',(41.8274986100347,2.95367671315552,-20.6706921094555));
#12574=CARTESIAN_POINT('',(38.8384552999014,16.7372010408196,-20.6706921094555));
#12575=CARTESIAN_POINT('Origin',(38.8384552999014,16.7372010408196,-21.6706921094555));
#12576=CARTESIAN_POINT('',(39.827498610034,15.9180489965306,-21.0971156731044));
#12577=CARTESIAN_POINT('Origin',(39.8274986100314,16.7372010408196,-21.6706921094555));
#12578=CARTESIAN_POINT('',(41.8274986100347,15.9180489965306,-21.0971156731044));
#12579=CARTESIAN_POINT('Origin',(41.8274986100315,16.7372010408196,-21.6706921094555));
#12580=CARTESIAN_POINT('',(38.8384552999014,15.9180489965306,-21.0971156731044));
#12581=CARTESIAN_POINT('Origin',(38.8384552999014,13.8174263819015,-24.0971156731044));
#12582=CARTESIAN_POINT('',(39.8274986100343,13.8174263819015,-24.0971156731044));
#12583=CARTESIAN_POINT('',(39.8274986100339,16.5135332984293,-20.2466759543016));
#12584=CARTESIAN_POINT('',(41.8274986100351,13.8174263819015,-24.0971156731044));
#12585=CARTESIAN_POINT('',(41.8274986100346,16.5135332984294,-20.2466759543014));
#12586=CARTESIAN_POINT('',(38.8384552999014,13.8174263819015,-24.0971156731044));
#12587=CARTESIAN_POINT('Origin',(38.8384552999014,14.6365784261904,-24.6706921094555));
#12588=CARTESIAN_POINT('Origin',(39.8274986100314,14.6365784261904,-24.6706921094555));
#12589=CARTESIAN_POINT('Origin',(41.8274986100315,14.6365784261904,-24.6706921094555));
#12590=CARTESIAN_POINT('Origin',(38.8384552999014,31.5716387292376,-25.6706921094555));
#12591=CARTESIAN_POINT('',(39.8274986100344,30.3508641404762,-25.6706921094555));
#12592=CARTESIAN_POINT('',(39.8274986100344,31.5716387292376,-25.6706921094555));
#12593=CARTESIAN_POINT('',(39.8274986100344,10.3708955573645,-25.6706921094555));
#12594=CARTESIAN_POINT('',(41.8274986100353,30.3508641404762,-25.6706921094555));
#12595=CARTESIAN_POINT('',(38.8384552999014,30.3508641404762,-25.6706921094555));
#12596=CARTESIAN_POINT('',(41.8274986100353,31.5716387292376,-25.6706921094555));
#12597=CARTESIAN_POINT('',(41.8274986100353,10.3708955573645,-25.6706921094555));
#12598=CARTESIAN_POINT('',(38.8384552999014,31.5716387292376,-25.6706921094555));
#12599=CARTESIAN_POINT('Origin',(38.8384552999014,31.5716387292376,-24.6706921094555));
#12600=CARTESIAN_POINT('',(39.8274986100344,32.3907907735266,-25.2442685458066));
#12601=CARTESIAN_POINT('Origin',(39.8274986100314,31.5716387292376,-24.6706921094555));
#12602=CARTESIAN_POINT('',(41.8274986100352,32.3907907735266,-25.2442685458066));
#12603=CARTESIAN_POINT('Origin',(41.8274986100315,31.5716387292376,-24.6706921094555));
#12604=CARTESIAN_POINT('',(38.8384552999014,32.3907907735266,-25.2442685458066));
#12605=CARTESIAN_POINT('Origin',(38.8384552999014,34.4914133881557,-22.2442685458066));
#12606=CARTESIAN_POINT('',(39.8274986100341,34.4914133881557,-22.2442685458066));
#12607=CARTESIAN_POINT('',(39.8274986100342,33.3514768596265,-23.8722666268382));
#12608=CARTESIAN_POINT('',(41.8274986100348,34.4914133881557,-22.2442685458066));
#12609=CARTESIAN_POINT('',(41.8274986100351,33.3514768596266,-23.872266626838));
#12610=CARTESIAN_POINT('',(38.8384552999014,34.4914133881557,-22.2442685458066));
#12611=CARTESIAN_POINT('Origin',(38.8384552999014,33.6722613438668,-21.6706921094555));
#12612=CARTESIAN_POINT('',(39.8274986100339,33.6722613438668,-20.6706921094555));
#12613=CARTESIAN_POINT('Origin',(39.8274986100314,33.6722613438668,-21.6706921094555));
#12614=CARTESIAN_POINT('',(41.8274986100346,33.6722613438668,-20.6706921094555));
#12615=CARTESIAN_POINT('Origin',(41.8274986100315,33.6722613438668,-21.6706921094555));
#12616=CARTESIAN_POINT('',(38.8384552999014,33.6722613438668,-20.6706921094555));
#12617=CARTESIAN_POINT('Origin',(38.8384552999014,32.4514867551053,-20.6706921094555));
#12618=CARTESIAN_POINT('',(39.8274986100339,32.4514867551053,-20.6706921094555));
#12619=CARTESIAN_POINT('',(39.8274986100339,10.8108195702984,-20.6706921094555));
#12620=CARTESIAN_POINT('',(41.8274986100346,32.4514867551053,-20.6706921094555));
#12621=CARTESIAN_POINT('',(41.8274986100347,10.8108195702984,-20.6706921094555));
#12622=CARTESIAN_POINT('',(38.8384552999014,32.4514867551053,-20.6706921094555));
#12623=CARTESIAN_POINT('Origin',(38.8384552999014,32.4514867551053,-21.6706921094555));
#12624=CARTESIAN_POINT('',(39.8274986100339,31.6323347108163,-21.0971156731045));
#12625=CARTESIAN_POINT('Origin',(39.8274986100314,32.4514867551053,-21.6706921094555));
#12626=CARTESIAN_POINT('',(41.8274986100347,31.6323347108163,-21.0971156731045));
#12627=CARTESIAN_POINT('Origin',(41.8274986100315,32.4514867551053,-21.6706921094555));
#12628=CARTESIAN_POINT('',(38.8384552999014,31.6323347108163,-21.0971156731045));
#12629=CARTESIAN_POINT('Origin',(38.8384552999014,29.5317120961872,-24.0971156731045));
#12630=CARTESIAN_POINT('',(39.8274986100343,29.5317120961872,-24.0971156731045));
#12631=CARTESIAN_POINT('',(39.8274986100342,29.6428981472087,-23.9383255359605));
#12632=CARTESIAN_POINT('',(41.8274986100351,29.5317120961872,-24.0971156731045));
#12633=CARTESIAN_POINT('',(41.8274986100351,29.6428981472088,-23.9383255359604));
#12634=CARTESIAN_POINT('',(38.8384552999014,29.5317120961872,-24.0971156731045));
#12635=CARTESIAN_POINT('Origin',(38.8384552999014,30.3508641404762,-24.6706921094555));
#12636=CARTESIAN_POINT('Origin',(39.8274986100314,30.3508641404762,-24.6706921094555));
#12637=CARTESIAN_POINT('Origin',(41.8274986100315,30.3508641404762,-24.6706921094555));
#12638=CARTESIAN_POINT('Origin',(38.8384552999014,39.4287815863805,-25.6706921094555));
#12639=CARTESIAN_POINT('',(39.8274986100344,38.208006997619,-25.6706921094555));
#12640=CARTESIAN_POINT('',(39.8274986100344,39.4287815863805,-25.6706921094555));
#12641=CARTESIAN_POINT('',(39.8274986100344,14.2994669859359,-25.6706921094555));
#12642=CARTESIAN_POINT('',(41.8274986100353,38.208006997619,-25.6706921094555));
#12643=CARTESIAN_POINT('',(38.8384552999014,38.208006997619,-25.6706921094555));
#12644=CARTESIAN_POINT('',(41.8274986100353,39.4287815863805,-25.6706921094555));
#12645=CARTESIAN_POINT('',(41.8274986100353,14.2994669859359,-25.6706921094555));
#12646=CARTESIAN_POINT('',(38.8384552999014,39.4287815863805,-25.6706921094555));
#12647=CARTESIAN_POINT('Origin',(38.8384552999014,39.4287815863805,-24.6706921094555));
#12648=CARTESIAN_POINT('',(39.8274986100343,40.2479336306695,-25.2442685458066));
#12649=CARTESIAN_POINT('Origin',(39.8274986100314,39.4287815863805,-24.6706921094555));
#12650=CARTESIAN_POINT('',(41.8274986100352,40.2479336306695,-25.2442685458066));
#12651=CARTESIAN_POINT('Origin',(41.8274986100315,39.4287815863805,-24.6706921094555));
#12652=CARTESIAN_POINT('',(38.8384552999014,40.2479336306695,-25.2442685458066));
#12653=CARTESIAN_POINT('Origin',(38.8384552999014,42.3485562452986,-22.2442685458066));
#12654=CARTESIAN_POINT('',(39.827498610034,42.3485562452986,-22.2442685458066));
#12655=CARTESIAN_POINT('',(39.8274986100344,39.9161592840162,-25.7180914176676));
#12656=CARTESIAN_POINT('',(41.8274986100348,42.3485562452986,-22.2442685458066));
#12657=CARTESIAN_POINT('',(41.8274986100353,39.9161592840163,-25.7180914176675));
#12658=CARTESIAN_POINT('',(38.8384552999014,42.3485562452986,-22.2442685458066));
#12659=CARTESIAN_POINT('Origin',(38.8384552999014,41.5294042010096,-21.6706921094555));
#12660=CARTESIAN_POINT('',(39.8274986100339,41.5294042010096,-20.6706921094555));
#12661=CARTESIAN_POINT('Origin',(39.8274986100314,41.5294042010096,-21.6706921094555));
#12662=CARTESIAN_POINT('',(41.8274986100346,41.5294042010096,-20.6706921094555));
#12663=CARTESIAN_POINT('Origin',(41.8274986100315,41.5294042010096,-21.6706921094555));
#12664=CARTESIAN_POINT('',(38.8384552999014,41.5294042010096,-20.6706921094555));
#12665=CARTESIAN_POINT('Origin',(38.8384552999014,40.3086296122482,-20.6706921094555));
#12666=CARTESIAN_POINT('',(39.8274986100339,40.3086296122481,-20.6706921094555));
#12667=CARTESIAN_POINT('',(39.8274986100339,14.7393909988698,-20.6706921094556));
#12668=CARTESIAN_POINT('',(41.8274986100346,40.3086296122481,-20.6706921094555));
#12669=CARTESIAN_POINT('',(41.8274986100347,14.7393909988698,-20.6706921094556));
#12670=CARTESIAN_POINT('',(38.8384552999014,40.3086296122481,-20.6706921094555));
#12671=CARTESIAN_POINT('Origin',(38.8384552999014,40.3086296122482,-21.6706921094555));
#12672=CARTESIAN_POINT('',(39.8274986100339,39.4894775679592,-21.0971156731045));
#12673=CARTESIAN_POINT('Origin',(39.8274986100314,40.3086296122482,-21.6706921094555));
#12674=CARTESIAN_POINT('',(41.8274986100347,39.4894775679592,-21.0971156731045));
#12675=CARTESIAN_POINT('Origin',(41.8274986100315,40.3086296122482,-21.6706921094555));
#12676=CARTESIAN_POINT('',(38.8384552999014,39.4894775679592,-21.0971156731045));
#12677=CARTESIAN_POINT('Origin',(38.8384552999014,37.38885495333,-24.0971156731045));
#12678=CARTESIAN_POINT('',(39.8274986100342,37.38885495333,-24.0971156731045));
#12679=CARTESIAN_POINT('',(39.8274986100344,36.2075805715984,-25.78415032679));
#12680=CARTESIAN_POINT('',(41.8274986100351,37.38885495333,-24.0971156731045));
#12681=CARTESIAN_POINT('',(41.8274986100353,36.2075805715985,-25.7841503267898));
#12682=CARTESIAN_POINT('',(38.8384552999014,37.38885495333,-24.0971156731045));
#12683=CARTESIAN_POINT('Origin',(38.8384552999014,38.208006997619,-24.6706921094555));
#12684=CARTESIAN_POINT('Origin',(39.8274986100314,38.208006997619,-24.6706921094555));
#12685=CARTESIAN_POINT('Origin',(41.8274986100315,38.208006997619,-24.6706921094555));
#12686=CARTESIAN_POINT('Origin',(38.8384552999014,8.00021015780905,-25.6706921094555));
#12687=CARTESIAN_POINT('',(39.8274986100345,6.77943556904759,-25.6706921094555));
#12688=CARTESIAN_POINT('',(39.8274986100345,8.00021015780905,-25.6706921094555));
#12689=CARTESIAN_POINT('',(39.8274986100345,-1.4148187283498,-25.6706921094555));
#12690=CARTESIAN_POINT('',(41.8274986100353,6.77943556904759,-25.6706921094555));
#12691=CARTESIAN_POINT('',(38.8384552999014,6.77943556904759,-25.6706921094555));
#12692=CARTESIAN_POINT('',(41.8274986100353,8.00021015780905,-25.6706921094555));
#12693=CARTESIAN_POINT('',(41.8274986100354,-1.41481872834979,-25.6706921094555));
#12694=CARTESIAN_POINT('',(38.8384552999014,8.00021015780905,-25.6706921094555));
#12695=CARTESIAN_POINT('Origin',(38.8384552999014,8.00021015780906,-24.6706921094555));
#12696=CARTESIAN_POINT('',(39.8274986100344,8.81936220209803,-25.2442685458065));
#12697=CARTESIAN_POINT('Origin',(39.8274986100314,8.00021015780906,-24.6706921094555));
#12698=CARTESIAN_POINT('',(41.8274986100353,8.81936220209803,-25.2442685458065));
#12699=CARTESIAN_POINT('Origin',(41.8274986100315,8.00021015780906,-24.6706921094555));
#12700=CARTESIAN_POINT('',(38.8384552999014,8.81936220209803,-25.2442685458065));
#12701=CARTESIAN_POINT('Origin',(38.8384552999014,10.9199848167272,-22.2442685458065));
#12702=CARTESIAN_POINT('',(39.8274986100341,10.9199848167272,-22.2442685458065));
#12703=CARTESIAN_POINT('',(39.8274986100337,13.6574295864574,-18.3347922543498));
#12704=CARTESIAN_POINT('',(41.8274986100349,10.9199848167272,-22.2442685458065));
#12705=CARTESIAN_POINT('',(41.8274986100344,13.6574295864575,-18.3347922543496));
#12706=CARTESIAN_POINT('',(38.8384552999014,10.9199848167272,-22.2442685458065));
#12707=CARTESIAN_POINT('Origin',(38.8384552999014,10.1008327724382,-21.6706921094555));
#12708=CARTESIAN_POINT('',(39.8274986100339,10.1008327724382,-20.6706921094555));
#12709=CARTESIAN_POINT('Origin',(39.8274986100314,10.1008327724382,-21.6706921094555));
#12710=CARTESIAN_POINT('',(41.8274986100347,10.1008327724382,-20.6706921094555));
#12711=CARTESIAN_POINT('Origin',(41.8274986100315,10.1008327724382,-21.6706921094555));
#12712=CARTESIAN_POINT('',(38.8384552999014,10.1008327724382,-20.6706921094555));
#12713=CARTESIAN_POINT('Origin',(38.8384552999014,8.88005818367672,-20.6706921094555));
#12714=CARTESIAN_POINT('',(39.8274986100339,8.88005818367672,-20.6706921094555));
#12715=CARTESIAN_POINT('',(39.827498610034,-0.97489471541591,-20.6706921094555));
#12716=CARTESIAN_POINT('',(41.8274986100347,8.88005818367672,-20.6706921094555));
#12717=CARTESIAN_POINT('',(41.8274986100347,-0.974894715415908,-20.6706921094555));
#12718=CARTESIAN_POINT('',(38.8384552999014,8.88005818367672,-20.6706921094555));
#12719=CARTESIAN_POINT('Origin',(38.8384552999014,8.88005818367672,-21.6706921094555));
#12720=CARTESIAN_POINT('',(39.827498610034,8.06090613938773,-21.0971156731044));
#12721=CARTESIAN_POINT('Origin',(39.8274986100314,8.88005818367672,-21.6706921094555));
#12722=CARTESIAN_POINT('',(41.8274986100347,8.06090613938773,-21.0971156731044));
#12723=CARTESIAN_POINT('Origin',(41.8274986100315,8.88005818367672,-21.6706921094555));
#12724=CARTESIAN_POINT('',(38.8384552999014,8.06090613938773,-21.0971156731044));
#12725=CARTESIAN_POINT('Origin',(38.8384552999014,5.96028352475859,-24.0971156731044));
#12726=CARTESIAN_POINT('',(39.8274986100343,5.9602835247586,-24.0971156731044));
#12727=CARTESIAN_POINT('',(39.8274986100337,9.94885087403957,-18.4008511634721));
#12728=CARTESIAN_POINT('',(41.8274986100351,5.9602835247586,-24.0971156731044));
#12729=CARTESIAN_POINT('',(41.8274986100344,9.94885087403969,-18.400851163472));
#12730=CARTESIAN_POINT('',(38.8384552999014,5.9602835247586,-24.0971156731044));
#12731=CARTESIAN_POINT('Origin',(38.8384552999014,6.77943556904758,-24.6706921094555));
#12732=CARTESIAN_POINT('Origin',(39.8274986100314,6.77943556904758,-24.6706921094555));
#12733=CARTESIAN_POINT('Origin',(41.8274986100315,6.77943556904758,-24.6706921094555));
#12734=CARTESIAN_POINT('Origin',(-69.672501390034,-10.8298476145083,4.63763958664078));
#12735=CARTESIAN_POINT('Origin',(-69.6725013900343,-10.8298476145083,6.63763958663932));
#12736=CARTESIAN_POINT('Origin',(35.327498610031,64.1701523854039,4.6376395866514));
#12737=CARTESIAN_POINT('',(35.327498610031,70.6701523854042,6.6376395866514));
#12738=CARTESIAN_POINT('',(35.3274986100313,70.6701523854042,4.6376395866514));
#12739=CARTESIAN_POINT('',(41.827498610031,64.1701523854042,6.63763958665207));
#12740=CARTESIAN_POINT('Origin',(35.3274986100307,64.1701523854039,6.63763958665289));
#12741=CARTESIAN_POINT('',(41.8274986100313,64.1701523854042,4.63763958665208));
#12742=CARTESIAN_POINT('Origin',(22.8274986100216,-4.32984761452275,4.63763958665016));
#12743=CARTESIAN_POINT('',(19.3274960422166,-4.32984761452275,-0.862360413350487));
#12744=CARTESIAN_POINT('Origin',(22.8274986100222,-4.32984761452275,-0.862360413350167));
#12745=CARTESIAN_POINT('',(19.327496042216,-4.32984761452275,4.63763958664983));
#12746=CARTESIAN_POINT('Origin',(22.8274986099782,53.6701523854774,4.63763958665012));
#12747=CARTESIAN_POINT('',(19.3274984677952,53.6701523854774,-0.862360413350487));
#12748=CARTESIAN_POINT('Origin',(22.8274986099788,53.6701523854774,-0.862360413350167));
#12749=CARTESIAN_POINT('',(19.3274984677946,53.6701523854774,4.6376395866498));
#12750=CARTESIAN_POINT('Origin',(-63.1725013900216,53.6701528622501,3.13763958664179));
#12751=CARTESIAN_POINT('',(-66.2132963353433,55.4032315167046,3.13763958664147));
#12752=CARTESIAN_POINT('Ctrl Pts',(-67.2257645322868,56.5977886835982,4.63763958664138));
#12753=CARTESIAN_POINT('Ctrl Pts',(-67.0890987107502,56.4767394762754,4.6376395866414));
#12754=CARTESIAN_POINT('Ctrl Pts',(-66.9602247431735,56.350149358027,4.60470646414848));
#12755=CARTESIAN_POINT('Ctrl Pts',(-66.7220258844901,56.0938210338801,4.47620812745921));
#12756=CARTESIAN_POINT('Ctrl Pts',(-66.6156136187485,55.9662782658248,4.3790808929915));
#12757=CARTESIAN_POINT('Ctrl Pts',(-66.4287951509422,55.725425951033,4.12203336477305));
#12758=CARTESIAN_POINT('Ctrl Pts',(-66.3521763668244,55.6152111074334,3.95723029252487));
#12759=CARTESIAN_POINT('Ctrl Pts',(-66.2574512340613,55.4734034884669,3.6272279393582));
#12760=CARTESIAN_POINT('Ctrl Pts',(-66.2305563684684,55.4306440828989,3.47147215483677));
#12761=CARTESIAN_POINT('Ctrl Pts',(-66.215285055369,55.4064090669004,3.25255629693622));
#12762=CARTESIAN_POINT('Ctrl Pts',(-66.2132963353432,55.4032315167045,3.1951111833477));
#12763=CARTESIAN_POINT('Ctrl Pts',(-66.2132963353432,55.4032315167045,3.13763958664147));
#12764=CARTESIAN_POINT('',(-65.5485309634788,51.10023477249,3.13763958664154));
#12765=CARTESIAN_POINT('Ctrl Pts',(-65.5485309634787,51.1002347724901,3.13763958664154));
#12766=CARTESIAN_POINT('Ctrl Pts',(-65.5485309634787,51.1002347724901,3.28337614902022));
#12767=CARTESIAN_POINT('Ctrl Pts',(-65.5544485448861,51.0768517183504,3.42705908239672));
#12768=CARTESIAN_POINT('Ctrl Pts',(-65.5811063731647,50.9791837874724,3.73047908217153));
#12769=CARTESIAN_POINT('Ctrl Pts',(-65.6043233510225,50.896923065024,3.88447844849047));
#12770=CARTESIAN_POINT('Ctrl Pts',(-65.6768309744699,50.6718442423548,4.18371181033152));
#12771=CARTESIAN_POINT('Ctrl Pts',(-65.7302616798215,50.5210580691227,4.32121971076814));
#12772=CARTESIAN_POINT('Ctrl Pts',(-65.8677410127925,50.1929378429477,4.5261660510424));
#12773=CARTESIAN_POINT('Ctrl Pts',(-65.950458046383,50.0180811151264,4.59401426853994));
#12774=CARTESIAN_POINT('Ctrl Pts',(-66.0810850742675,49.7792122376882,4.63258970673042));
#12775=CARTESIAN_POINT('Ctrl Pts',(-66.1166260791932,49.7171152294794,4.63763958664149));
#12776=CARTESIAN_POINT('Ctrl Pts',(-66.1533088995627,49.6558309775543,4.63763958664149));
#12777=CARTESIAN_POINT('Origin',(-63.1725013900216,53.6701528622501,3.13763958664179));
#12778=CARTESIAN_POINT('Origin',(-70.872497831797,52.4805886347488,4.63763958664064));
#12779=CARTESIAN_POINT('',(-70.8724985900376,46.9805886347564,-0.862360413359333));
#12780=CARTESIAN_POINT('',(-70.8724985900382,46.9805886347564,4.63763958664064));
#12781=CARTESIAN_POINT('',(-65.5485309634783,51.10023477249,-0.862360413358481));
#12782=CARTESIAN_POINT('Origin',(-70.8724978317964,52.4805886347488,-0.862360413358942));
#12783=CARTESIAN_POINT('',(-65.548530963479,51.10023477249,4.63763958664117));
#12784=CARTESIAN_POINT('Origin',(-63.1725013899784,-4.32984761458698,3.13763958664179));
#12785=CARTESIAN_POINT('',(-66.6725043544599,-4.32984761458698,3.13763958664144));
#12786=CARTESIAN_POINT('Origin',(-63.1725013899784,-4.32984761458698,3.13763958664179));
#12787=CARTESIAN_POINT('Origin',(-68.1725043544599,-4.32984761458698,3.13763958664128));
#12788=CARTESIAN_POINT('Ctrl Pts',(-65.4202687019167,0.136422838062071,
4.63763958664156));
#12789=CARTESIAN_POINT('Ctrl Pts',(-65.4461432097877,-0.05861988366745,
4.63763958664155));
#12790=CARTESIAN_POINT('Ctrl Pts',(-65.4822592157652,-0.250209790626457,
4.61133999607089));
#12791=CARTESIAN_POINT('Ctrl Pts',(-65.6126753368115,-0.788091551706316,
4.48791672963328));
#12792=CARTESIAN_POINT('Ctrl Pts',(-65.7257285181998,-1.10332541388601,
4.35291323237269));
#12793=CARTESIAN_POINT('Ctrl Pts',(-65.9852376935622,-1.68488005579945,
4.11653920944353));
#12794=CARTESIAN_POINT('Ctrl Pts',(-66.1253153870793,-1.93477123819207,
4.02353137545695));
#12795=CARTESIAN_POINT('Ctrl Pts',(-66.4075624984211,-2.35813499180239,
4.01487311252357));
#12796=CARTESIAN_POINT('Ctrl Pts',(-66.5236002867759,-2.51445770388898,
4.04879676269665));
#12797=CARTESIAN_POINT('Ctrl Pts',(-66.9266281954309,-2.99326739006233,
4.23554825098979));
#12798=CARTESIAN_POINT('Ctrl Pts',(-67.2472778282342,-3.30512429616277,
4.44910380996024));
#12799=CARTESIAN_POINT('Ctrl Pts',(-67.8051335617462,-3.70993503507833,
4.60883517961236));
#12800=CARTESIAN_POINT('Ctrl Pts',(-67.9768395962907,-3.8208297516471,4.63763958664129));
#12801=CARTESIAN_POINT('Ctrl Pts',(-68.155886755279,-3.92253944411645,4.63763958664128));
#12802=CARTESIAN_POINT('Origin',(-70.8725013900765,0.859719951399995,4.63763958664067));
#12803=CARTESIAN_POINT('',(-70.8725013900759,-4.64028004859216,-0.862360413359333));
#12804=CARTESIAN_POINT('',(-70.8725013900765,-4.64028004859216,4.63763958664067));
#12805=CARTESIAN_POINT('',(-70.8725013900758,6.35971995140011,-0.862360413359333));
#12806=CARTESIAN_POINT('Origin',(-70.8725013900759,0.859719951399995,-0.862360413358942));
#12807=CARTESIAN_POINT('',(-70.8725013900764,6.35971995140011,4.63763958664067));
#12808=CARTESIAN_POINT('Origin',(-63.1725013899785,-4.32984761458698,4.63763958664146));
#12809=CARTESIAN_POINT('',(-66.6725043544595,-4.32984761458698,-0.862360413358587));
#12810=CARTESIAN_POINT('Origin',(-63.1725013899779,-4.32984761458698,-0.862360413358267));
#12811=CARTESIAN_POINT('',(-66.6725043544601,-4.32984761458698,4.63763958664113));
#12812=CARTESIAN_POINT('Origin',(-20.1725015883159,24.6701509742962,-0.862360413354217));
#12813=CARTESIAN_POINT('Origin',(-20.1725015883159,24.6701509742962,-0.862360413354217));
#12814=CARTESIAN_POINT('Origin',(-20.1725015883159,24.6701509742962,-0.862360413354217));
#12815=CARTESIAN_POINT('Origin',(-63.1725013900217,53.6701528622501,4.63763958664142));
#12816=CARTESIAN_POINT('',(-66.2132963353427,55.4032315167046,-0.862360413358552));
#12817=CARTESIAN_POINT('Origin',(-63.1725013900211,53.6701528622501,-0.862360413358267));
#12818=CARTESIAN_POINT('',(-66.2132963353434,55.4032315167046,4.6376395866411));
#12819=CARTESIAN_POINT('Origin',(-70.872497831797,52.4805886347488,4.63763958664064));
#12820=CARTESIAN_POINT('',(-70.872497073555,57.9805886347489,-0.862360413359333));
#12821=CARTESIAN_POINT('Origin',(-70.8724978317964,52.4805886347488,-0.862360413358942));
#12822=CARTESIAN_POINT('',(-70.8724970735555,57.9805886347489,4.63763958664064));
#12823=CARTESIAN_POINT('Origin',(-17.1725029099515,69.6701523854043,-0.862360413353969));
#12824=CARTESIAN_POINT('',(-67.4725044417902,68.6701523854043,-0.862360413359049));
#12825=CARTESIAN_POINT('',(33.1274986218887,68.6701523854043,-0.862360413348888));
#12826=CARTESIAN_POINT('',(7.97749785596864,68.6701523854043,-0.862360413351411));
#12827=CARTESIAN_POINT('',(-67.4725044417917,70.6701523854042,-0.862360413359049));
#12828=CARTESIAN_POINT('',(-67.4725044417913,70.1701523853845,-0.862360413359049));
#12829=CARTESIAN_POINT('',(33.127498621887,70.6701523854042,-0.862360413348888));
#12830=CARTESIAN_POINT('',(-42.3225036758717,70.6701523854042,-0.862360413356527));
#12831=CARTESIAN_POINT('',(33.1274986218882,69.1701523854661,-0.862360413348853));
#12832=CARTESIAN_POINT('Origin',(33.1274986218881,68.670152385485,4.63763958665119));
#12833=CARTESIAN_POINT('',(33.1274986218871,70.6701523854042,-2.61236041334886));
#12834=CARTESIAN_POINT('',(33.1274986218864,70.6701523854042,4.63763958665119));
#12835=CARTESIAN_POINT('',(33.1274986218888,68.6701523854043,-2.61236041334886));
#12836=CARTESIAN_POINT('',(33.1274986218885,69.1701523854661,-2.61236041334886));
#12837=CARTESIAN_POINT('',(33.1274986218881,68.6701523854043,4.63763958665119));
#12838=CARTESIAN_POINT('Origin',(-67.4725044417923,70.6701523854042,4.63763958664099));
#12839=CARTESIAN_POINT('',(-67.47250444179,68.6701523854043,-2.61236041335902));
#12840=CARTESIAN_POINT('',(-67.4725044417907,68.6701523854043,4.63763958664099));
#12841=CARTESIAN_POINT('',(-67.4725044417916,70.6701523854042,-2.61236041335902));
#12842=CARTESIAN_POINT('',(-67.4725044417912,70.1701523853845,-2.61236041335902));
#12843=CARTESIAN_POINT('',(-67.4725044417923,70.6701523854042,4.63763958664099));
#12844=CARTESIAN_POINT('Origin',(-17.172501390033,69.6701523854043,-2.61236041335394));
#12845=CARTESIAN_POINT('',(-69.3725013900323,68.6701523854043,-2.61236041335927));
#12846=CARTESIAN_POINT('',(-42.3225029159114,68.6701523854043,-2.6123604133565));
#12847=CARTESIAN_POINT('',(-69.3725013900338,70.6701523854042,-2.61236041335923));
#12848=CARTESIAN_POINT('',(-69.3725013900334,70.1701523853836,-2.61236041335923));
#12849=CARTESIAN_POINT('',(-43.1725013900333,70.6701523854042,-2.61236041335657));
#12850=CARTESIAN_POINT('Origin',(-17.172501390033,69.6701523854043,-2.61236041335394));
#12851=CARTESIAN_POINT('',(35.0274986099679,68.6701523854043,-2.61236041334865));
#12852=CARTESIAN_POINT('',(8.82749860996753,68.6701523854043,-2.61236041335131));
#12853=CARTESIAN_POINT('',(35.0274986099663,70.6701523854042,-2.61236041334861));
#12854=CARTESIAN_POINT('',(7.9774986159272,70.6701523854042,-2.61236041335138));
#12855=CARTESIAN_POINT('',(35.0274986099674,69.1701523854658,-2.61236041334865));
#12856=CARTESIAN_POINT('Origin',(35.3274986100311,-10.8298476145083,4.63763958665144));
#12857=CARTESIAN_POINT('',(35.3274986100313,-15.3298476145085,4.63763958665144));
#12858=CARTESIAN_POINT('',(39.8274986100314,-10.8298476145086,4.6376395866519));
#12859=CARTESIAN_POINT('Origin',(-69.6725013900341,-15.3298476145085,4.63763958664082));
#12860=CARTESIAN_POINT('',(-69.6725013900341,-15.3298476145085,4.63763958664078));
#12861=CARTESIAN_POINT('Origin',(-69.672501390034,-10.8298476145083,4.63763958664078));
#12862=CARTESIAN_POINT('Origin',(-69.6725013900338,64.1701523854039,4.63763958664078));
#12863=CARTESIAN_POINT('',(-69.6725013900341,68.6701523854043,4.63763958664078));
#12864=CARTESIAN_POINT('Origin',(-69.3725013900345,70.6701523854039,4.63763958664078));
#12865=CARTESIAN_POINT('',(-69.3725013900331,68.6701523854043,4.63763958664078));
#12866=CARTESIAN_POINT('',(-69.3725013900345,70.6701523854042,4.63763958664078));
#12867=CARTESIAN_POINT('Origin',(35.3274986100313,68.6701523854043,4.6376395866514));
#12868=CARTESIAN_POINT('',(35.3274986100313,68.6701523854043,4.6376395866514));
#12869=CARTESIAN_POINT('',(35.0274986099672,68.6701523854043,4.6376395866514));
#12870=CARTESIAN_POINT('Origin',(35.327498610031,64.1701523854039,4.6376395866514));
#12871=CARTESIAN_POINT('',(39.8274986100313,64.1701523854039,4.63763958665186));
#12872=CARTESIAN_POINT('Origin',(39.8274986100314,-10.8298476145086,4.6376395866519));
#12873=CARTESIAN_POINT('',(39.8274986100225,-4.64028004859216,-0.862360413348107));
#12874=CARTESIAN_POINT('',(39.8274986100219,-4.64028004859216,4.63763958665186));
#12875=CARTESIAN_POINT('',(39.8274986100225,-2.64028004859199,-0.862360413348107));
#12876=CARTESIAN_POINT('',(39.8274986100225,16.5149408711497,-0.862360413348107));
#12877=CARTESIAN_POINT('',(39.8274986100211,-2.64028004859199,-2.61236041334815));
#12878=CARTESIAN_POINT('',(39.8274986100203,-2.64028004859199,4.63763958665186));
#12879=CARTESIAN_POINT('',(39.8274986100159,4.3597199514079,-2.61236041334815));
#12880=CARTESIAN_POINT('',(39.8274986100078,15.5149380832046,-2.61236041334815));
#12881=CARTESIAN_POINT('',(39.8274986100158,4.3597199514079,-0.862360413348107));
#12882=CARTESIAN_POINT('',(39.8274986100152,4.3597199514079,4.63763958665186));
#12883=CARTESIAN_POINT('',(39.8274986100225,6.35971995140039,-0.862360413348107));
#12884=CARTESIAN_POINT('',(39.8274986100225,16.5149408711497,-0.862360413348107));
#12885=CARTESIAN_POINT('',(39.8274986100219,6.35971995140039,4.63763958665186));
#12886=CARTESIAN_POINT('',(39.8274958099839,46.9805890897015,-0.862360413348142));
#12887=CARTESIAN_POINT('',(39.8274958099833,46.9805890897015,4.63763958665186));
#12888=CARTESIAN_POINT('',(39.8274986100319,48.980589089694,-0.862360413348142));
#12889=CARTESIAN_POINT('',(39.8274986100319,41.325374735747,-0.862360413348142));
#12890=CARTESIAN_POINT('',(39.8274955342532,48.980589089694,-2.61236041334818));
#12891=CARTESIAN_POINT('',(39.8274955342525,48.980589089694,4.63763958665186));
#12892=CARTESIAN_POINT('',(39.8274945692238,55.9805890896939,-2.61236041334818));
#12893=CARTESIAN_POINT('',(39.8274986100321,41.3253719477774,-2.61236041334818));
#12894=CARTESIAN_POINT('',(39.8274986100319,55.9805890896939,-0.862360413348142));
#12895=CARTESIAN_POINT('',(39.8274945692231,55.9805890896939,4.63763958665186));
#12896=CARTESIAN_POINT('',(39.8274942935011,57.9805890896938,-0.862360413348142));
#12897=CARTESIAN_POINT('',(39.8274986100319,41.325374735747,-0.862360413348142));
#12898=CARTESIAN_POINT('',(39.8274942935005,57.9805890896938,4.63763958665186));
#12899=CARTESIAN_POINT('Origin',(35.0274986099672,68.6701523854867,4.6376395866514));
#12900=CARTESIAN_POINT('',(35.0274986099656,70.6701523854042,4.6376395866514));
#12901=CARTESIAN_POINT('Origin',(33.3996924683447,54.0512098492042,4.63763958665119));
#12902=CARTESIAN_POINT('',(33.7553148936615,54.6171787150271,-0.862360413348746));
#12903=CARTESIAN_POINT('',(33.3996924683456,54.0512098492039,-0.862360413348782));
#12904=CARTESIAN_POINT('',(20.0748667480789,32.8449079870137,-0.862360413350132));
#12905=CARTESIAN_POINT('',(33.7553148936617,54.6171787150271,-2.61236041334879));
#12906=CARTESIAN_POINT('',(33.755314893661,54.6171787150271,4.63763958665126));
#12907=CARTESIAN_POINT('',(33.3996924683457,54.0512098492039,-2.61236041334882));
#12908=CARTESIAN_POINT('',(20.0748654921414,32.8449059882035,-2.61236041335017));
#12909=CARTESIAN_POINT('',(33.399692468345,54.0512098492039,4.63763958665123));
#12910=CARTESIAN_POINT('Origin',(36.5274950517421,52.4805886347491,4.63763958665155));
#12911=CARTESIAN_POINT('',(33.8211054914554,54.6999253707963,-0.862360413348746));
#12912=CARTESIAN_POINT('Origin',(36.5274950517427,52.4805886347491,-0.862360413348142));
#12913=CARTESIAN_POINT('',(33.8211054914555,54.6999253707963,-2.61236041334879));
#12914=CARTESIAN_POINT('',(33.8211054914548,54.6999253707963,4.63763958665126));
#12915=CARTESIAN_POINT('Origin',(36.5274950517428,52.4805886347491,-2.61236041334818));
#12916=CARTESIAN_POINT('Origin',(33.8211054914548,54.6999253707963,4.63763958665126));
#12917=CARTESIAN_POINT('',(34.3081559870727,55.1869762854804,-0.862360413348711));
#12918=CARTESIAN_POINT('',(14.065273874857,34.9440767559904,-0.862360413350736));
#12919=CARTESIAN_POINT('',(34.3081559870728,55.1869762854804,-2.61236041334875));
#12920=CARTESIAN_POINT('',(34.3081559870721,55.1869762854804,4.6376395866513));
#12921=CARTESIAN_POINT('',(14.0652724808723,34.9440753620044,-2.61236041335078));
#12922=CARTESIAN_POINT('Origin',(36.5274950517421,52.4805886347491,4.63763958665155));
#12923=CARTESIAN_POINT('',(34.3730127693867,55.2388863153874,-0.862360413348675));
#12924=CARTESIAN_POINT('Origin',(36.5274950517427,52.4805886347491,-0.862360413348142));
#12925=CARTESIAN_POINT('',(34.3730127693868,55.2388863153874,-2.61236041334872));
#12926=CARTESIAN_POINT('',(34.3730127693861,55.2388863153874,4.6376395866513));
#12927=CARTESIAN_POINT('Origin',(36.5274950517428,52.4805886347491,-2.61236041334818));
#12928=CARTESIAN_POINT('Origin',(34.3730127693863,55.2388863153871,4.6376395866513));
#12929=CARTESIAN_POINT('',(34.9771441616022,55.6184879507632,-0.86236041334864));
#12930=CARTESIAN_POINT('',(9.46057591264534,39.585334962359,-0.862360413351198));
#12931=CARTESIAN_POINT('',(34.9771441616024,55.6184879507632,-2.61236041334868));
#12932=CARTESIAN_POINT('',(34.9771441616016,55.6184879507632,4.63763958665137));
#12933=CARTESIAN_POINT('',(9.46057465670762,39.5853341731993,-2.61236041335124));
#12934=CARTESIAN_POINT('Origin',(36.5274950517421,52.4805886347491,4.63763958665155));
#12935=CARTESIAN_POINT('',(35.0283376281277,55.6432658265001,-0.86236041334864));
#12936=CARTESIAN_POINT('Origin',(36.5274950517427,52.4805886347491,-0.862360413348142));
#12937=CARTESIAN_POINT('',(35.0283376281278,55.6432658265001,-2.61236041334868));
#12938=CARTESIAN_POINT('',(35.0283376281271,55.6432658265001,4.63763958665137));
#12939=CARTESIAN_POINT('Origin',(36.5274950517428,52.4805886347491,-2.61236041334818));
#12940=CARTESIAN_POINT('Origin',(35.0283376281274,55.6432658264995,4.63763958665137));
#12941=CARTESIAN_POINT('',(35.7276930551802,55.8879801247744,-0.862360413348568));
#12942=CARTESIAN_POINT('',(7.25894963961366,45.9263664756304,-0.862360413351446));
#12943=CARTESIAN_POINT('',(35.7276930551804,55.8879801247744,-2.61236041334861));
#12944=CARTESIAN_POINT('',(35.7276930551797,55.8879801247744,4.63763958665144));
#12945=CARTESIAN_POINT('',(7.25894877048063,45.9263661715084,-2.61236041335149));
#12946=CARTESIAN_POINT('Origin',(36.5274950517421,52.4805886347491,4.63763958665155));
#12947=CARTESIAN_POINT('',(35.7556534068092,55.8944223265314,-0.862360413348533));
#12948=CARTESIAN_POINT('Origin',(36.5274950517427,52.4805886347491,-0.862360413348142));
#12949=CARTESIAN_POINT('',(35.7556534068094,55.8944223265314,-2.61236041334858));
#12950=CARTESIAN_POINT('',(35.7556534068087,55.8944223265314,4.63763958665144));
#12951=CARTESIAN_POINT('Origin',(36.5274950517428,52.4805886347491,-2.61236041334818));
#12952=CARTESIAN_POINT('Origin',(35.7556534068088,55.8944223265314,4.63763958665144));
#12953=CARTESIAN_POINT('',(36.5203918893467,55.9805814268967,-0.862360413348462));
#12954=CARTESIAN_POINT('',(7.99757822464386,52.7668375764085,-0.86236041335134));
#12955=CARTESIAN_POINT('',(36.5203918893468,55.9805814268967,-2.6123604133485));
#12956=CARTESIAN_POINT('',(36.5203918893461,55.9805814268967,4.63763958665151));
#12957=CARTESIAN_POINT('',(7.9975779144533,52.7668375414584,-2.61236041335138));
#12958=CARTESIAN_POINT('Origin',(36.5274950517421,52.4805886347491,4.63763958665155));
#12959=CARTESIAN_POINT('',(36.5274945692254,55.9805886347493,-0.862360413348462));
#12960=CARTESIAN_POINT('Origin',(36.5274950517427,52.4805886347491,-0.862360413348142));
#12961=CARTESIAN_POINT('',(36.5274945692255,55.9805886347493,-2.6123604133485));
#12962=CARTESIAN_POINT('',(36.5274945692248,55.9805886347493,4.63763958665151));
#12963=CARTESIAN_POINT('Origin',(36.5274950517428,52.4805886347491,-2.61236041334818));
#12964=CARTESIAN_POINT('Origin',(36.5274945692248,55.9805886347493,4.63763958665151));
#12965=CARTESIAN_POINT('',(9.67749462887738,55.980584933157,-0.862360413351198));
#12966=CARTESIAN_POINT('',(9.67749462887724,55.980584933157,-2.61236041335124));
#12967=CARTESIAN_POINT('Origin',(36.5274950517421,52.4805886347568,4.63763958665155));
#12968=CARTESIAN_POINT('',(36.5194432862447,54.3824301377867,-0.862360413348462));
#12969=CARTESIAN_POINT('',(36.5203918766562,54.3824339172335,-0.862360413348462));
#12970=CARTESIAN_POINT('Origin',(36.5274950517427,52.4805886347568,-0.862360413348142));
#12971=CARTESIAN_POINT('',(36.5194432862448,54.3824301377867,-2.6123604133485));
#12972=CARTESIAN_POINT('',(36.5194432862441,54.3824301377867,4.63763958665151));
#12973=CARTESIAN_POINT('',(36.5203918766564,54.3824339172335,-2.6123604133485));
#12974=CARTESIAN_POINT('Origin',(36.5274950517428,52.4805886347568,-2.61236041334818));
#12975=CARTESIAN_POINT('',(36.5203918766557,54.3824339172335,4.63763958665151));
#12976=CARTESIAN_POINT('Origin',(36.5194432862441,54.3824301377867,4.63763958665151));
#12977=CARTESIAN_POINT('',(36.5203912497967,54.3805894699753,-0.862360413348462));
#12978=CARTESIAN_POINT('',(36.5317247787327,54.3585830733548,-0.862360413348462));
#12979=CARTESIAN_POINT('',(36.5203912497968,54.3805894699753,-2.6123604133485));
#12980=CARTESIAN_POINT('',(36.5203912497961,54.3805894699753,4.63763958665151));
#12981=CARTESIAN_POINT('',(36.5317259135679,54.3585808698373,-2.6123604133485));
#12982=CARTESIAN_POINT('Origin',(36.5203918766557,54.3805894699753,4.63763958665151));
#12983=CARTESIAN_POINT('',(36.5203918766673,40.5253756304586,-0.862360413348462));
#12984=CARTESIAN_POINT('',(36.5203918766674,40.525372842489,-2.6123604133485));
#12985=CARTESIAN_POINT('Origin',(33.7553088489899,50.3440063973326,4.63763958665126));
#12986=CARTESIAN_POINT('',(33.3996928446764,50.9099666708613,-0.862360413348782));
#12987=CARTESIAN_POINT('',(33.7553088489912,50.3440063973332,-0.862360413348746));
#12988=CARTESIAN_POINT('',(31.8799018716996,53.3287029041574,-0.862360413348924));
#12989=CARTESIAN_POINT('',(33.3996928446766,50.9099666708613,-2.61236041334882));
#12990=CARTESIAN_POINT('',(33.3996928446759,50.9099666708613,4.63763958665123));
#12991=CARTESIAN_POINT('',(33.7553088489913,50.3440063973332,-2.61236041334879));
#12992=CARTESIAN_POINT('',(31.879903127636,53.3287009053441,-2.61236041334897));
#12993=CARTESIAN_POINT('',(33.7553088489906,50.3440063973332,4.63763958665126));
#12994=CARTESIAN_POINT('Origin',(36.5274950517421,52.4805886347568,4.63763958665155));
#12995=CARTESIAN_POINT('',(33.8211138960973,50.2612416496353,-0.862360413348746));
#12996=CARTESIAN_POINT('Origin',(36.5274950517427,52.4805886347568,-0.862360413348142));
#12997=CARTESIAN_POINT('',(33.8211138960975,50.2612416496353,-2.61236041334879));
#12998=CARTESIAN_POINT('Origin',(36.5274950517428,52.4805886347568,-2.61236041334818));
#12999=CARTESIAN_POINT('',(33.8211138960968,50.2612416496353,4.63763958665126));
#13000=CARTESIAN_POINT('Origin',(34.3081503952388,49.7742055695477,4.6376395866513));
#13001=CARTESIAN_POINT('',(34.3081503952395,49.7742055695477,-0.862360413348711));
#13002=CARTESIAN_POINT('',(27.2139873497477,56.8683625111228,-0.862360413349421));
#13003=CARTESIAN_POINT('',(34.3081503952396,49.7742055695477,-2.61236041334875));
#13004=CARTESIAN_POINT('',(27.2139887437326,56.8683611171392,-2.61236041334946));
#13005=CARTESIAN_POINT('',(34.3081503952389,49.7742055695477,4.6376395866513));
#13006=CARTESIAN_POINT('Origin',(36.5274950517421,52.4805886347568,4.63763958665155));
#13007=CARTESIAN_POINT('',(34.3730186914658,49.7222863284446,-0.862360413348675));
#13008=CARTESIAN_POINT('Origin',(36.5274950517427,52.4805886347568,-0.862360413348142));
#13009=CARTESIAN_POINT('',(34.3730186914659,49.7222863284446,-2.61236041334872));
#13010=CARTESIAN_POINT('Origin',(36.5274950517428,52.4805886347568,-2.61236041334818));
#13011=CARTESIAN_POINT('',(34.3730186914652,49.7222863284446,4.6376395866513));
#13012=CARTESIAN_POINT('Origin',(34.9771438904862,49.3426894526939,4.63763958665137));
#13013=CARTESIAN_POINT('',(34.9771438904867,49.3426894526937,-0.86236041334864));
#13014=CARTESIAN_POINT('',(21.3898173198972,57.8801693068118,-0.86236041334999));
#13015=CARTESIAN_POINT('',(34.9771438904868,49.3426894526937,-2.61236041334868));
#13016=CARTESIAN_POINT('',(21.389818575834,57.8801685176546,-2.61236041335003));
#13017=CARTESIAN_POINT('',(34.9771438904861,49.3426894526937,4.63763958665137));
#13018=CARTESIAN_POINT('Origin',(36.5274950517421,52.4805886347568,4.63763958665155));
#13019=CARTESIAN_POINT('',(35.0283381873413,49.3179111779301,-0.862360413348604));
#13020=CARTESIAN_POINT('Origin',(36.5274950517427,52.4805886347568,-0.862360413348142));
#13021=CARTESIAN_POINT('',(35.0283381873415,49.3179111779301,-2.61236041334865));
#13022=CARTESIAN_POINT('Origin',(36.5274950517428,52.4805886347568,-2.61236041334818));
#13023=CARTESIAN_POINT('',(35.0283381873408,49.3179111779301,4.63763958665137));
#13024=CARTESIAN_POINT('Origin',(35.7276767988243,49.0732009605549,4.63763958665144));
#13025=CARTESIAN_POINT('',(35.727676798825,49.0732009605554,-0.862360413348533));
#13026=CARTESIAN_POINT('',(15.6549266194807,56.0969902652752,-0.862360413350594));
#13027=CARTESIAN_POINT('',(35.7276767988252,49.0732009605554,-2.61236041334858));
#13028=CARTESIAN_POINT('',(15.654927488619,56.0969899611493,-2.61236041335064));
#13029=CARTESIAN_POINT('',(35.7276767988245,49.0732009605554,4.63763958665144));
#13030=CARTESIAN_POINT('Origin',(36.5274950517421,52.4805886347568,4.63763958665155));
#13031=CARTESIAN_POINT('',(35.7556700802964,49.0667511732698,-0.862360413348533));
#13032=CARTESIAN_POINT('Origin',(36.5274950517427,52.4805886347568,-0.862360413348142));
#13033=CARTESIAN_POINT('',(35.7556700802965,49.0667511732698,-2.61236041334858));
#13034=CARTESIAN_POINT('Origin',(36.5274950517428,52.4805886347568,-2.61236041334818));
#13035=CARTESIAN_POINT('',(35.7556700802958,49.0667511732698,4.63763958665144));
#13036=CARTESIAN_POINT('Origin',(36.5203918766595,48.9805886342668,4.63763958665155));
#13037=CARTESIAN_POINT('',(36.5203962306379,48.9805958338013,-0.862360413348462));
#13038=CARTESIAN_POINT('',(11.2516079045405,51.8276666107172,-0.86236041335102));
#13039=CARTESIAN_POINT('',(36.520396230638,48.9805958338013,-2.6123604133485));
#13040=CARTESIAN_POINT('',(11.2516082147282,51.8276665757679,-2.61236041335106));
#13041=CARTESIAN_POINT('',(36.5203962306373,48.9805958338013,4.63763958665155));
#13042=CARTESIAN_POINT('Origin',(36.5274950517421,52.4805886347568,4.63763958665155));
#13043=CARTESIAN_POINT('',(36.5274955342598,48.9805886347568,-0.862360413348462));
#13044=CARTESIAN_POINT('Origin',(36.5274950517427,52.4805886347568,-0.862360413348142));
#13045=CARTESIAN_POINT('',(36.5274955342599,48.9805886347568,-2.6123604133485));
#13046=CARTESIAN_POINT('Origin',(36.5274950517428,52.4805886347568,-2.61236041334818));
#13047=CARTESIAN_POINT('',(36.5274955342592,48.9805886347568,4.63763958665155));
#13048=CARTESIAN_POINT('Origin',(39.8274955342525,48.980589089694,4.63763958665186));
#13049=CARTESIAN_POINT('',(11.3274955939474,48.9805851607306,-0.86236041335102));
#13050=CARTESIAN_POINT('',(11.3274955939474,48.9805851607306,-2.61236041335106));
#13051=CARTESIAN_POINT('Origin',(-17.17250127068,26.6701562149598,-2.61236041335394));
#13052=CARTESIAN_POINT('',(33.346326393135,51.0210798250915,-2.61236041334882));
#13053=CARTESIAN_POINT('Origin',(36.5274950517428,52.4805886347568,-2.61236041334818));
#13054=CARTESIAN_POINT('',(33.1303690372722,51.6382497232684,-2.61236041334886));
#13055=CARTESIAN_POINT('',(34.3865576799901,48.0482732965922,-2.61236041334872));
#13056=CARTESIAN_POINT('',(33.1005367420727,51.7692822705342,-2.61236041334886));
#13057=CARTESIAN_POINT('Origin',(36.5274950517428,52.4805886347568,-2.61236041334818));
#13058=CARTESIAN_POINT('',(33.028177172019,52.4114917705379,-2.61236041334886));
#13059=CARTESIAN_POINT('',(34.181693842249,42.1737393417925,-2.61236041334875));
#13060=CARTESIAN_POINT('',(33.0281771679441,52.5496852926051,-2.61236041334886));
#13061=CARTESIAN_POINT('Origin',(36.5274950517428,52.4805886347568,-2.61236041334818));
#13062=CARTESIAN_POINT('',(33.1005371716489,53.1918970685967,-2.61236041334886));
#13063=CARTESIAN_POINT('',(31.2738307536941,36.9794549339866,-2.61236041334904));
#13064=CARTESIAN_POINT('',(33.1303675527221,53.322921559072,-2.61236041334886));
#13065=CARTESIAN_POINT('Origin',(36.5274950517428,52.4805886347491,-2.61236041334818));
#13066=CARTESIAN_POINT('',(33.3463266191863,53.94009793712,-2.61236041334882));
#13067=CARTESIAN_POINT('',(26.2323209982263,33.609410763475,-2.61236041334953));
#13068=CARTESIAN_POINT('Origin',(36.5274950517428,52.4805886347491,-2.61236041334818));
#13069=CARTESIAN_POINT('Origin',(-17.1725012706801,26.670161790899,-0.862360413353898));
#13070=CARTESIAN_POINT('',(33.367000813443,53.9991814687372,-0.862360413348782));
#13071=CARTESIAN_POINT('',(20.0748667480786,32.844907987014,-0.862360413350132));
#13072=CARTESIAN_POINT('',(33.3463266191862,53.94009793712,-0.862360413348782));
#13073=CARTESIAN_POINT('',(26.3506384977207,33.9475432021547,-0.862360413349492));
#13074=CARTESIAN_POINT('',(33.1303675527219,53.322921559072,-0.862360413348817));
#13075=CARTESIAN_POINT('Origin',(36.5274950517427,52.4805886347491,-0.862360413348853));
#13076=CARTESIAN_POINT('',(33.1081441294742,53.2594105794547,-0.862360413348817));
#13077=CARTESIAN_POINT('',(26.2323218673603,33.6094132473218,-0.862360413349492));
#13078=CARTESIAN_POINT('',(33.1005371716488,53.1918970685967,-0.862360413348817));
#13079=CARTESIAN_POINT('',(31.3138145446497,37.334320330431,-0.862360413348995));
#13080=CARTESIAN_POINT('',(33.0281771679439,52.5496852926051,-0.862360413348817));
#13081=CARTESIAN_POINT('Origin',(36.5274950517427,52.4805886347491,-0.862360413348853));
#13082=CARTESIAN_POINT('',(33.0203918319542,52.4805886342642,-0.862360413348817));
#13083=CARTESIAN_POINT('',(31.2738310638852,36.9794576870061,-0.862360413348995));
#13084=CARTESIAN_POINT('',(33.0281771720189,52.4114917705379,-0.862360413348817));
#13085=CARTESIAN_POINT('',(34.1416210769998,42.5293952766768,-0.862360413348711));
#13086=CARTESIAN_POINT('',(33.1005367420725,51.7692822705342,-0.862360413348817));
#13087=CARTESIAN_POINT('Origin',(36.5274950517427,52.4805886347568,-0.862360413348853));
#13088=CARTESIAN_POINT('',(33.1081441294754,51.7017647817252,-0.862360413348817));
#13089=CARTESIAN_POINT('',(34.1816935320583,42.1737420948116,-0.862360413348711));
#13090=CARTESIAN_POINT('',(33.1303690372721,51.6382497232684,-0.862360413348817));
#13091=CARTESIAN_POINT('',(34.2674656790237,48.3886182587545,-0.862360413348711));
#13092=CARTESIAN_POINT('',(33.3463263931348,51.0210798250915,-0.862360413348782));
#13093=CARTESIAN_POINT('Origin',(36.5274950517427,52.4805886347568,-0.862360413348853));
#13094=CARTESIAN_POINT('',(33.3670008134453,50.9619957997919,-0.862360413348782));
#13095=CARTESIAN_POINT('',(34.3865568108536,48.0482757804376,-0.862360413348675));
#13096=CARTESIAN_POINT('',(31.6857478539269,53.637697605387,-0.862360413348959));
#13097=CARTESIAN_POINT('',(36.5274958099839,46.9805886347567,-0.862360413348462));
#13098=CARTESIAN_POINT('',(11.3274958696334,46.9805851606321,-0.86236041335102));
#13099=CARTESIAN_POINT('',(36.5274942935012,57.9805886347492,-0.862360413348462));
#13100=CARTESIAN_POINT('Origin',(36.5274950517427,52.4805886347568,-0.862360413348853));
#13101=CARTESIAN_POINT('',(9.67749435315199,57.9805849331547,-0.862360413351198));
#13102=CARTESIAN_POINT('Origin',(36.5274986100221,0.859719951407953,4.63763958665155));
#13103=CARTESIAN_POINT('',(33.1005325168643,0.148451087795252,-0.862360413348782));
#13104=CARTESIAN_POINT('',(33.1303812491349,0.017346141061978,-0.862360413348782));
#13105=CARTESIAN_POINT('Origin',(36.5274986100226,0.859719951407953,-0.862360413348142));
#13106=CARTESIAN_POINT('',(33.1005325168644,0.148451087795252,-2.61236041334882));
#13107=CARTESIAN_POINT('',(33.1005325168637,0.148451087795252,4.63763958665119));
#13108=CARTESIAN_POINT('',(33.130381249135,0.017346141061978,-2.61236041334882));
#13109=CARTESIAN_POINT('Origin',(36.5274986100228,0.859719951407953,-2.61236041334818));
#13110=CARTESIAN_POINT('',(33.1303812491343,0.017346141061978,4.63763958665119));
#13111=CARTESIAN_POINT('Origin',(33.1005325168637,0.148451087795252,4.63763958665119));
#13112=CARTESIAN_POINT('',(33.0281814866215,0.790584794839049,-0.862360413348817));
#13113=CARTESIAN_POINT('',(31.3100128539838,16.0397663158071,-0.862360413348995));
#13114=CARTESIAN_POINT('',(33.0281814866217,0.790584794839049,-2.61236041334886));
#13115=CARTESIAN_POINT('',(33.028181486621,0.790584794839049,4.63763958665119));
#13116=CARTESIAN_POINT('',(31.3100131641747,16.0397635627876,-2.61236041334904));
#13117=CARTESIAN_POINT('Origin',(36.5274986100221,0.859719951407953,4.63763958665155));
#13118=CARTESIAN_POINT('',(33.0281814703964,0.928854286713374,-0.862360413348817));
#13119=CARTESIAN_POINT('Origin',(36.5274986100226,0.859719951407953,-0.862360413348142));
#13120=CARTESIAN_POINT('',(33.0281814703966,0.928854286713374,-2.61236041334886));
#13121=CARTESIAN_POINT('',(33.0281814703959,0.928854286713374,4.63763958665119));
#13122=CARTESIAN_POINT('Origin',(36.5274986100228,0.859719951407953,-2.61236041334818));
#13123=CARTESIAN_POINT('Origin',(33.0281814703956,0.928854286713374,4.63763958665119));
#13124=CARTESIAN_POINT('',(33.1005342342547,1.57099708952444,-0.862360413348782));
#13125=CARTESIAN_POINT('',(34.145524356817,10.8454580834638,-0.862360413348711));
#13126=CARTESIAN_POINT('',(33.1005342342549,1.57099708952444,-2.61236041334882));
#13127=CARTESIAN_POINT('',(33.1005342342542,1.57099708952444,4.63763958665119));
#13128=CARTESIAN_POINT('',(34.1455240466236,10.8454553304449,-2.61236041334875));
#13129=CARTESIAN_POINT('Origin',(36.5274986100221,0.85971995140028,4.63763958665155));
#13130=CARTESIAN_POINT('',(33.1303753137753,1.70206982532136,-0.862360413348782));
#13131=CARTESIAN_POINT('Origin',(36.5274986100226,0.85971995140028,-0.862360413348142));
#13132=CARTESIAN_POINT('',(33.1303753137755,1.70206982532136,-2.61236041334882));
#13133=CARTESIAN_POINT('',(33.1303753137747,1.70206982532136,4.63763958665119));
#13134=CARTESIAN_POINT('Origin',(36.5274986100228,0.85971995140028,-2.61236041334818));
#13135=CARTESIAN_POINT('Origin',(33.1303753137749,1.70206982532136,4.63763958665119));
#13136=CARTESIAN_POINT('',(33.3463158569413,2.31919804013529,-0.862360413348782));
#13137=CARTESIAN_POINT('',(34.2786037327373,4.98354788409216,-0.862360413348675));
#13138=CARTESIAN_POINT('',(33.3463158569414,2.31919804013529,-2.61236041334882));
#13139=CARTESIAN_POINT('',(33.3463158569407,2.31919804013529,4.63763958665123));
#13140=CARTESIAN_POINT('',(34.2786028636084,4.98354540024138,-2.61236041334872));
#13141=CARTESIAN_POINT('Origin',(36.5274986100221,0.85971995140028,4.63763958665155));
#13142=CARTESIAN_POINT('',(33.3997101874874,2.43036936608689,-0.862360413348782));
#13143=CARTESIAN_POINT('Origin',(36.5274986100226,0.85971995140028,-0.862360413348142));
#13144=CARTESIAN_POINT('',(33.3997101874876,2.43036936608689,-2.61236041334882));
#13145=CARTESIAN_POINT('',(33.3997101874868,2.43036936608689,4.63763958665123));
#13146=CARTESIAN_POINT('Origin',(36.5274986100228,0.85971995140028,-2.61236041334818));
#13147=CARTESIAN_POINT('Origin',(33.3997101874874,2.43036936608661,4.63763958665123));
#13148=CARTESIAN_POINT('',(33.755299188541,2.99628503759294,-0.862360413348746));
#13149=CARTESIAN_POINT('',(31.7020832638553,-0.271383718549032,-0.862360413348924));
#13150=CARTESIAN_POINT('',(33.7552991885411,2.99628503759294,-2.61236041334879));
#13151=CARTESIAN_POINT('',(33.7552991885404,2.99628503759294,4.63763958665126));
#13152=CARTESIAN_POINT('',(31.7020820079176,-0.27138571735918,-2.61236041334897));
#13153=CARTESIAN_POINT('Origin',(36.5274986100221,0.85971995140028,4.63763958665155));
#13154=CARTESIAN_POINT('',(33.8211238100995,3.07907468698033,-0.862360413348711));
#13155=CARTESIAN_POINT('Origin',(36.5274986100226,0.85971995140028,-0.862360413348142));
#13156=CARTESIAN_POINT('',(33.8211238100996,3.07907468698033,-2.61236041334875));
#13157=CARTESIAN_POINT('',(33.8211238100989,3.07907468698033,4.63763958665126));
#13158=CARTESIAN_POINT('Origin',(36.5274986100228,0.85971995140028,-2.61236041334818));
#13159=CARTESIAN_POINT('Origin',(33.8211238100989,3.07907468698033,4.63763958665126));
#13160=CARTESIAN_POINT('',(34.3081648319776,3.5661119373529,-0.862360413348675));
#13161=CARTESIAN_POINT('',(26.9703905953314,-3.77160547767886,-0.862360413349421));
#13162=CARTESIAN_POINT('',(34.3081648319777,3.5661119373529,-2.61236041334872));
#13163=CARTESIAN_POINT('',(34.308164831977,3.5661119373529,4.63763958665133));
#13164=CARTESIAN_POINT('',(26.9703892013469,-3.77160687165286,-2.61236041334946));
#13165=CARTESIAN_POINT('Origin',(36.5274986100221,0.85971995140028,4.63763958665155));
#13166=CARTESIAN_POINT('',(34.3730007341433,3.61800545200225,-0.862360413348675));
#13167=CARTESIAN_POINT('Origin',(36.5274986100226,0.85971995140028,-0.862360413348142));
#13168=CARTESIAN_POINT('',(34.3730007341435,3.61800545200225,-2.61236041334872));
#13169=CARTESIAN_POINT('',(34.3730007341428,3.61800545200225,4.63763958665133));
#13170=CARTESIAN_POINT('Origin',(36.5274986100228,0.85971995140028,-2.61236041334818));
#13171=CARTESIAN_POINT('Origin',(34.3730007341432,3.61800545200197,4.63763958665133));
#13172=CARTESIAN_POINT('',(34.9771460616452,3.99761844812389,-0.862360413348604));
#13173=CARTESIAN_POINT('',(21.0878666691779,-4.72967070588169,-0.862360413350025));
#13174=CARTESIAN_POINT('',(34.9771460616454,3.99761844812389,-2.61236041334865));
#13175=CARTESIAN_POINT('',(34.9771460616446,3.99761844812389,4.6376395866514));
#13176=CARTESIAN_POINT('',(21.0878654132364,-4.7296714950491,-2.61236041335007));
#13177=CARTESIAN_POINT('Origin',(36.5274986100221,0.85971995140028,4.63763958665155));
#13178=CARTESIAN_POINT('',(35.0283364051796,4.02239487677122,-0.862360413348604));
#13179=CARTESIAN_POINT('Origin',(36.5274986100226,0.85971995140028,-0.862360413348142));
#13180=CARTESIAN_POINT('',(35.0283364051798,4.02239487677122,-2.61236041334865));
#13181=CARTESIAN_POINT('',(35.0283364051791,4.02239487677122,4.6376395866514));
#13182=CARTESIAN_POINT('Origin',(36.5274986100228,0.85971995140028,-2.61236041334818));
#13183=CARTESIAN_POINT('Origin',(35.0283364051791,4.02239487677122,4.6376395866514));
#13184=CARTESIAN_POINT('',(35.7276861107495,4.26710897615322,-0.862360413348533));
#13185=CARTESIAN_POINT('',(15.3052590574838,-2.87903808551306,-0.862360413350594));
#13186=CARTESIAN_POINT('',(35.7276861107496,4.26710897615322,-2.61236041334858));
#13187=CARTESIAN_POINT('',(35.7276861107489,4.26710897615322,4.63763958665147));
#13188=CARTESIAN_POINT('',(15.3052581883458,-2.87903838963899,-2.61236041335064));
#13189=CARTESIAN_POINT('Origin',(36.5274986100221,0.85971995140028,4.63763958665155));
#13190=CARTESIAN_POINT('',(35.7556606563804,4.27355447775284,-0.862360413348533));
#13191=CARTESIAN_POINT('Origin',(36.5274986100226,0.85971995140028,-0.862360413348142));
#13192=CARTESIAN_POINT('',(35.7556606563806,4.27355447775284,-2.61236041334858));
#13193=CARTESIAN_POINT('',(35.7556606563799,4.27355447775284,4.63763958665147));
#13194=CARTESIAN_POINT('Origin',(36.5274986100228,0.85971995140028,-2.61236041334818));
#13195=CARTESIAN_POINT('Origin',(35.75566065638,4.27355447775255,4.63763958665147));
#13196=CARTESIAN_POINT('',(36.5203918766935,4.35971273629889,-0.862360413348462));
#13197=CARTESIAN_POINT('',(10.869283875849,1.46950203965758,-0.862360413351055));
#13198=CARTESIAN_POINT('',(36.5203918766936,4.35971273629889,-2.6123604133485));
#13199=CARTESIAN_POINT('',(36.5203918766929,4.35971273629889,4.63763958665155));
#13200=CARTESIAN_POINT('',(10.8692835656551,1.46950200470684,-2.6123604133511));
#13201=CARTESIAN_POINT('Origin',(33.3463149579526,-0.599756177826976,4.63763958665123));
#13202=CARTESIAN_POINT('',(33.3463149579529,-0.599756177826976,-0.862360413348782));
#13203=CARTESIAN_POINT('',(26.3402719817253,19.4223394482884,-0.862360413349492));
#13204=CARTESIAN_POINT('',(33.3463149579531,-0.599756177826976,-2.61236041334882));
#13205=CARTESIAN_POINT('',(26.3402728508616,19.422336964443,-2.61236041334953));
#13206=CARTESIAN_POINT('',(33.3463149579524,-0.599756177826976,4.63763958665123));
#13207=CARTESIAN_POINT('Origin',(36.5274986100221,0.859719951407953,4.63763958665155));
#13208=CARTESIAN_POINT('',(33.3997116840808,-0.710932443589058,-0.862360413348782));
#13209=CARTESIAN_POINT('Origin',(36.5274986100226,0.859719951407953,-0.862360413348142));
#13210=CARTESIAN_POINT('',(33.399711684081,-0.710932443589058,-2.61236041334882));
#13211=CARTESIAN_POINT('Origin',(36.5274986100228,0.859719951407953,-2.61236041334818));
#13212=CARTESIAN_POINT('',(33.3997116840803,-0.710932443589058,4.63763958665123));
#13213=CARTESIAN_POINT('Origin',(33.7552750222883,-1.27681377863638,4.63763958665126));
#13214=CARTESIAN_POINT('',(33.7552750222892,-1.2768137786361,-0.862360413348746));
#13215=CARTESIAN_POINT('',(20.2528032646595,20.2124566932619,-0.862360413350096));
#13216=CARTESIAN_POINT('',(33.7552750222893,-1.2768137786361,-2.61236041334879));
#13217=CARTESIAN_POINT('',(20.2528045205912,20.2124546944387,-2.61236041335014));
#13218=CARTESIAN_POINT('',(33.7552750222886,-1.2768137786361,4.63763958665126));
#13219=CARTESIAN_POINT('Origin',(36.5274986100221,0.859719951407953,4.63763958665155));
#13220=CARTESIAN_POINT('',(33.8211585791592,-1.35967718235321,-0.862360413348711));
#13221=CARTESIAN_POINT('Origin',(36.5274986100226,0.859719951407953,-0.862360413348142));
#13222=CARTESIAN_POINT('',(33.8211585791593,-1.35967718235321,-2.61236041334875));
#13223=CARTESIAN_POINT('Origin',(36.5274986100228,0.859719951407953,-2.61236041334818));
#13224=CARTESIAN_POINT('',(33.8211585791586,-1.35967718235321,4.63763958665126));
#13225=CARTESIAN_POINT('Origin',(34.3081224335188,-1.84663726580567,4.63763958665133));
#13226=CARTESIAN_POINT('',(34.3081224335187,-1.84663726580652,-0.862360413348675));
#13227=CARTESIAN_POINT('',(14.3086670803035,18.1526632173305,-0.8623604133507));
#13228=CARTESIAN_POINT('',(34.3081224335188,-1.84663726580652,-2.61236041334872));
#13229=CARTESIAN_POINT('',(14.3086684742885,18.1526618233565,-2.61236041335074));
#13230=CARTESIAN_POINT('',(34.3081224335181,-1.84663726580652,4.63763958665133));
#13231=CARTESIAN_POINT('Origin',(36.5274986100221,0.859719951407953,4.63763958665155));
#13232=CARTESIAN_POINT('',(34.3730506847768,-1.89860456492539,-0.862360413348675));
#13233=CARTESIAN_POINT('Origin',(36.5274986100226,0.859719951407953,-0.862360413348142));
#13234=CARTESIAN_POINT('',(34.373050684777,-1.89860456492539,-2.61236041334872));
#13235=CARTESIAN_POINT('Origin',(36.5274986100228,0.859719951407953,-2.61236041334818));
#13236=CARTESIAN_POINT('',(34.3730506847763,-1.89860456492539,4.63763958665133));
#13237=CARTESIAN_POINT('Origin',(34.9770892371498,-2.27815046919716,4.6376395866514));
#13238=CARTESIAN_POINT('',(34.9770892371502,-2.27815046919744,-0.862360413348604));
#13239=CARTESIAN_POINT('',(9.7626627061409,13.5652626388367,-0.862360413351162));
#13240=CARTESIAN_POINT('',(34.9770892371504,-2.27815046919744,-2.61236041334865));
#13241=CARTESIAN_POINT('',(9.76266396208288,13.5652618496692,-2.6123604133512));
#13242=CARTESIAN_POINT('',(34.9770892371497,-2.27815046919744,4.6376395866514));
#13243=CARTESIAN_POINT('Origin',(36.5274986100221,0.859719951407953,4.63763958665155));
#13244=CARTESIAN_POINT('',(36.5203955688315,-2.64027284098574,-0.862360413348462));
#13245=CARTESIAN_POINT('',(36.5274986100226,-2.64028004859227,-0.862360413348462));
#13246=CARTESIAN_POINT('Origin',(36.5274986100226,0.859719951407953,-0.862360413348142));
#13247=CARTESIAN_POINT('',(36.5203955688317,-2.64027284098574,-2.6123604133485));
#13248=CARTESIAN_POINT('',(36.520395568831,-2.64027284098574,4.63763958665155));
#13249=CARTESIAN_POINT('',(36.5274986100228,-2.64028004859227,-2.6123604133485));
#13250=CARTESIAN_POINT('Origin',(36.5274986100228,0.859719951407953,-2.61236041334818));
#13251=CARTESIAN_POINT('',(36.5274986100221,-2.64028004859227,4.63763958665155));
#13252=CARTESIAN_POINT('Origin',(39.8274986100203,-2.64028004859199,4.6376395866519));
#13253=CARTESIAN_POINT('',(11.3274986696725,-2.64028004859597,-0.862360413350984));
#13254=CARTESIAN_POINT('',(11.3274986696727,-2.64028004859597,-2.61236041335103));
#13255=CARTESIAN_POINT('Origin',(36.5274986100219,4.35971995140022,4.63763958665155));
#13256=CARTESIAN_POINT('',(36.5274986100225,4.35971995140051,-0.862360413348462));
#13257=CARTESIAN_POINT('',(9.67749866967367,4.35971995139454,-0.862360413351162));
#13258=CARTESIAN_POINT('',(36.5274986100226,4.35971995140051,-2.6123604133485));
#13259=CARTESIAN_POINT('',(9.67749866967381,4.35971995139454,-2.6123604133512));
#13260=CARTESIAN_POINT('',(36.5274986100219,4.35971995140051,4.63763958665155));
#13261=CARTESIAN_POINT('Origin',(36.5274986100221,0.85971995140028,4.63763958665155));
#13262=CARTESIAN_POINT('Origin',(36.5274986100226,0.85971995140028,-0.862360413348142));
#13263=CARTESIAN_POINT('Origin',(36.5274986100228,0.85971995140028,-2.61236041334818));
#13264=CARTESIAN_POINT('Origin',(-17.17250127068,26.6701562149598,-2.61236041335394));
#13265=CARTESIAN_POINT('',(35.7557267079268,-2.55412950794693,-2.61236041334858));
#13266=CARTESIAN_POINT('',(8.38001725415111,0.530138308053552,-2.61236041335135));
#13267=CARTESIAN_POINT('',(35.7276198704793,-2.54765352416342,-2.61236041334858));
#13268=CARTESIAN_POINT('Origin',(36.5274986100228,0.859719951407953,-2.61236041334818));
#13269=CARTESIAN_POINT('',(35.0283978885916,-2.3029841174241,-2.61236041334865));
#13270=CARTESIAN_POINT('',(7.60859975407271,7.29165952402354,-2.61236041335142));
#13271=CARTESIAN_POINT('Origin',(36.5274986100228,0.859719951407953,-2.61236041334818));
#13272=CARTESIAN_POINT('Origin',(-70.8724983143141,48.9805886347565,4.63763958664064));
#13273=CARTESIAN_POINT('',(-70.8724983143135,48.9805886347563,-0.862360413359333));
#13274=CARTESIAN_POINT('',(-44.0224982546184,48.9805849331646,-0.862360413356633));
#13275=CARTESIAN_POINT('',(-70.8724983143134,48.9805886347563,-2.61236041335938));
#13276=CARTESIAN_POINT('',(-44.0224982546178,48.9805849331646,-2.61236041335668));
#13277=CARTESIAN_POINT('',(-70.8724983143141,48.9805886347563,4.63763958664064));
#13278=CARTESIAN_POINT('Origin',(-74.1724973492779,55.9805890896934,4.63763958664032));
#13279=CARTESIAN_POINT('',(-70.8724973492791,55.980588634749,-0.862360413359333));
#13280=CARTESIAN_POINT('',(-45.6724972895834,55.9805851606288,-0.862360413356775));
#13281=CARTESIAN_POINT('',(-70.8724973492789,55.980588634749,-2.61236041335938));
#13282=CARTESIAN_POINT('',(-70.8724973492797,55.980588634749,4.63763958664064));
#13283=CARTESIAN_POINT('',(-45.6724972895827,55.9805851606288,-2.61236041335682));
#13284=CARTESIAN_POINT('Origin',(-70.872497831797,52.4805886347488,4.63763958664064));
#13285=CARTESIAN_POINT('Origin',(-70.8724978317964,52.4805886347488,-0.862360413359653));
#13286=CARTESIAN_POINT('Origin',(-70.8724978317963,52.4805886347488,-2.6123604133597));
#13287=CARTESIAN_POINT('Origin',(-17.17250127068,26.6701562149598,-2.61236041335394));
#13288=CARTESIAN_POINT('Origin',(-17.1725012706801,26.670161790899,-0.862360413353898));
#13289=CARTESIAN_POINT('',(-44.0224985303415,46.9805849331618,-0.862360413356633));
#13290=CARTESIAN_POINT('',(-45.6725013303569,57.9805886347486,-0.862360413356811));
#13291=CARTESIAN_POINT('Origin',(-70.8725013900765,-2.64028004859256,4.63763958664067));
#13292=CARTESIAN_POINT('',(-70.8725013900759,-2.64028004859256,-0.862360413359333));
#13293=CARTESIAN_POINT('',(-44.022501330378,-2.64028004859256,-0.862360413356598));
#13294=CARTESIAN_POINT('',(-70.8725013900758,-2.64028004859256,-2.61236041335938));
#13295=CARTESIAN_POINT('',(-44.0225013303778,-2.64028004859256,-2.61236041335664));
#13296=CARTESIAN_POINT('',(-70.8725013900765,-2.64028004859256,4.63763958664067));
#13297=CARTESIAN_POINT('Origin',(-70.8725013900765,0.859719951399995,4.63763958664067));
#13298=CARTESIAN_POINT('',(-70.8725013900758,4.35971995139994,-0.862360413359333));
#13299=CARTESIAN_POINT('Origin',(-70.8725013900759,0.859719951399995,-0.862360413359653));
#13300=CARTESIAN_POINT('',(-70.8725013900757,4.35971995139994,-2.61236041335938));
#13301=CARTESIAN_POINT('Origin',(-70.8725013900758,0.859719951399995,-2.6123604133597));
#13302=CARTESIAN_POINT('',(-70.8725013900764,4.35971995139994,4.63763958664067));
#13303=CARTESIAN_POINT('Origin',(-74.1725013900697,4.35971995140733,4.63763958664032));
#13304=CARTESIAN_POINT('',(-45.6725013304143,4.35971995130615,-0.862360413356775));
#13305=CARTESIAN_POINT('',(-45.672501330414,4.35971995130615,-2.61236041335682));
#13306=CARTESIAN_POINT('Origin',(-17.17250127068,26.6701562149598,-2.61236041335394));
#13307=CARTESIAN_POINT('Origin',(-70.8725013900758,0.859719951399995,-2.6123604133597));
#13308=CARTESIAN_POINT('Origin',(-17.1725012706801,26.670161790899,-0.862360413353898));
#13309=CARTESIAN_POINT('',(-45.6725013303772,6.35971995140238,-0.862360413356775));
#13310=CARTESIAN_POINT('',(-44.0225013303767,-4.64028004859017,-0.862360413356598));
#13311=CARTESIAN_POINT('Origin',(-74.1725013900341,57.9805886347489,4.63763958664032));
#13312=CARTESIAN_POINT('Origin',(-70.8724985900382,46.9805886347564,4.63763958664064));
#13313=CARTESIAN_POINT('Origin',(-17.1725013900013,26.6701523854471,4.63763958664611));
#13314=CARTESIAN_POINT('Origin',(-74.1725013900765,6.35971995139982,4.63763958664035));
#13315=CARTESIAN_POINT('Origin',(-70.8725013900765,0.859719951399995,4.63763958664067));
#13316=CARTESIAN_POINT('Origin',(-70.8725013900765,-4.64028004859244,4.63763958664067));
#13317=CARTESIAN_POINT('Origin',(-17.1725013900013,26.6701523854471,4.63763958664611));
#13318=CARTESIAN_POINT('Origin',(34.9770892371498,-2.27815046919716,4.6376395866514));
#13319=CARTESIAN_POINT('',(35.0017988038073,-2.293676655041,-0.862360413348604));
#13320=CARTESIAN_POINT('',(9.7626627061409,13.5652626388367,-0.862360413351162));
#13321=CARTESIAN_POINT('',(34.9770892371497,-2.27815046919744,4.6376395866514));
#13322=CARTESIAN_POINT('',(34.9770892371497,-2.27815046919744,4.6376395866514));
#13323=CARTESIAN_POINT('',(35.0017988038067,-2.293676655041,4.6376395866514));
#13324=CARTESIAN_POINT('',(9.76266478188037,13.5652613345511,4.63763958664885));
#13325=CARTESIAN_POINT('',(35.0017988038067,-2.293676655041,4.6376395866514));
#13326=CARTESIAN_POINT('Origin',(36.5274986100221,0.859719951407953,4.63763958665155));
#13327=CARTESIAN_POINT('',(35.0283978885909,-2.3029841174241,4.6376395866514));
#13328=CARTESIAN_POINT('',(35.0283978885915,-2.3029841174241,-0.862360413348604));
#13329=CARTESIAN_POINT('',(35.0283978885909,-2.3029841174241,4.6376395866514));
#13330=CARTESIAN_POINT('Origin',(36.5274986100221,0.859719951407953,4.63763958665115));
#13331=CARTESIAN_POINT('',(35.0283978885909,-2.3029841174241,4.6376395866514));
#13332=CARTESIAN_POINT('Origin',(35.7276198704785,-2.54765352416342,4.63763958665147));
#13333=CARTESIAN_POINT('',(35.7276198704785,-2.54765352416342,4.63763958665147));
#13334=CARTESIAN_POINT('',(35.7276198704791,-2.54765352416342,-0.862360413348533));
#13335=CARTESIAN_POINT('',(35.7276198704785,-2.54765352416342,4.63763958665147));
#13336=CARTESIAN_POINT('',(7.60860029783728,7.291659333751,4.63763958664863));
#13337=CARTESIAN_POINT('',(35.7276198704785,-2.54765352416342,4.63763958665147));
#13338=CARTESIAN_POINT('Origin',(36.5274986100221,0.859719951407953,4.63763958665155));
#13339=CARTESIAN_POINT('',(35.7557267079261,-2.55412950794693,4.63763958665147));
#13340=CARTESIAN_POINT('',(35.7557267079267,-2.55412950794693,-0.862360413348533));
#13341=CARTESIAN_POINT('',(35.7557267079261,-2.55412950794693,4.63763958665147));
#13342=CARTESIAN_POINT('Origin',(36.5274986100221,0.859719951407953,4.63763958665115));
#13343=CARTESIAN_POINT('',(35.7557267079261,-2.55412950794693,4.63763958665147));
#13344=CARTESIAN_POINT('Origin',(36.5203918766981,-2.64028004859455,4.63763958665155));
#13345=CARTESIAN_POINT('',(36.520395568831,-2.64027284098574,4.63763958665155));
#13346=CARTESIAN_POINT('',(36.520395568831,-2.64027284098574,4.63763958665155));
#13347=CARTESIAN_POINT('',(8.38001740825888,0.530138290691013,4.6376395866487));
#13348=CARTESIAN_POINT('Origin',(39.8274986100219,-4.64028004859216,4.63763958665186));
#13349=CARTESIAN_POINT('',(36.5274986100226,-4.64028004859216,-0.862360413348462));
#13350=CARTESIAN_POINT('',(11.3274986696712,-4.64028004859244,-0.862360413350984));
#13351=CARTESIAN_POINT('',(36.5274986100221,-4.64028004859216,4.63763958665155));
#13352=CARTESIAN_POINT('Origin',(36.5274986100221,0.859719951407953,4.63763958665155));
#13353=CARTESIAN_POINT('Origin',(36.5274986100226,0.859719951407953,-0.862360413348853));
#13354=CARTESIAN_POINT('',(35.7557267079261,-2.55412950794693,4.63763958665147));
#13355=CARTESIAN_POINT('Origin',(36.5274986100221,0.859719951407953,4.63763958665115));
#13356=CARTESIAN_POINT('Origin',(35.7415685009961,-2.5525343820911,4.63763958665147));
#13357=CARTESIAN_POINT('',(35.7415685009967,-2.5525343820911,-0.862360413348533));
#13358=CARTESIAN_POINT('',(7.99060525613214,0.574011176250337,-0.86236041335134));
#13359=CARTESIAN_POINT('',(35.7415685009961,-2.5525343820911,4.63763958665147));
#13360=CARTESIAN_POINT('',(35.7415685009961,-2.5525343820911,4.63763958665147));
#13361=CARTESIAN_POINT('',(7.99060572040787,0.574011123942739,4.63763958664867));
#13362=CARTESIAN_POINT('Origin',(35.7276198704785,-2.54765352416342,4.63763958665147));
#13363=CARTESIAN_POINT('',(7.60859888493428,7.29165982814948,-0.862360413351375));
#13364=CARTESIAN_POINT('',(35.7276198704785,-2.54765352416342,4.63763958665147));
#13365=CARTESIAN_POINT('',(7.60860029783728,7.291659333751,4.63763958664863));
#13366=CARTESIAN_POINT('Origin',(36.5274986100221,0.859719951407953,4.63763958665155));
#13367=CARTESIAN_POINT('Origin',(36.5274986100226,0.859719951407953,-0.862360413348853));
#13368=CARTESIAN_POINT('',(35.0283978885909,-2.3029841174241,4.6376395866514));
#13369=CARTESIAN_POINT('Origin',(36.5274986100221,0.859719951407953,4.63763958665115));
#13370=CARTESIAN_POINT('Origin',(35.0017988038067,-2.293676655041,4.6376395866514));
#13371=CARTESIAN_POINT('',(7.24568835159829,7.41864826271069,-0.862360413351411));
#13372=CARTESIAN_POINT('',(7.24568976450129,7.41864776831221,4.6376395866486));
#13373=CARTESIAN_POINT('Origin',(36.5274986100219,6.35971995140039,4.63763958665155));
#13374=CARTESIAN_POINT('',(36.5274986100225,6.35971995140039,-0.862360413348462));
#13375=CARTESIAN_POINT('',(9.67749866967125,6.35971995140039,-0.862360413351162));
#13376=CARTESIAN_POINT('',(36.5274986100219,6.35971995140039,4.63763958665155));
#13377=CARTESIAN_POINT('Origin',(36.5274986100221,0.859719951407953,4.63763958665155));
#13378=CARTESIAN_POINT('Origin',(36.5274986100226,0.859719951407953,-0.862360413348853));
#13379=CARTESIAN_POINT('Origin',(-17.1725012706801,26.670161790899,-0.862360413353898));
#13380=CARTESIAN_POINT('Origin',(-17.1725013900013,26.6701523854471,4.63763958664611));
#13381=CARTESIAN_POINT('Origin',(-17.1725013900013,26.6701523854471,4.63763958664611));
#13382=CARTESIAN_POINT('Origin',(-17.1725013900013,26.6701523854471,4.63763958664611));
#13383=CARTESIAN_POINT('Origin',(-17.1725013900013,26.6701523854471,4.63763958664611));
#13384=CARTESIAN_POINT('Origin',(33.3463263931348,51.0210798250918,4.63763958665123));
#13385=CARTESIAN_POINT('',(33.3463263931343,51.0210798250915,4.63763958665119));
#13386=CARTESIAN_POINT('',(33.3463263931343,51.0210798250915,4.63763958665119));
#13387=CARTESIAN_POINT('',(33.3670008134447,50.9619957997919,4.63763958665123));
#13388=CARTESIAN_POINT('',(34.3865582703974,48.048271609305,4.63763958665133));
#13389=CARTESIAN_POINT('',(33.3670008134447,50.9619957997919,4.63763958665123));
#13390=CARTESIAN_POINT('Origin',(33.3996924683446,54.0512098492042,4.63763958665119));
#13391=CARTESIAN_POINT('',(33.399692468345,54.0512098492039,4.63763958665123));
#13392=CARTESIAN_POINT('',(33.399692468345,54.0512098492039,4.63763958665123));
#13393=CARTESIAN_POINT('',(33.3670008134425,53.9991814687372,4.63763958665119));
#13394=CARTESIAN_POINT('',(20.0748646126844,32.84490458856,4.63763958664988));
#13395=CARTESIAN_POINT('',(33.3670008134425,53.9991814687372,4.63763958665119));
#13396=CARTESIAN_POINT('Origin',(36.5274950517421,52.4805886347568,4.63763958665155));
#13397=CARTESIAN_POINT('',(33.1303690372715,51.6382497232684,4.63763958665119));
#13398=CARTESIAN_POINT('',(33.1303690372715,51.6382497232684,4.63763958665119));
#13399=CARTESIAN_POINT('Origin',(36.5274950517421,52.4805886347568,4.63763958665115));
#13400=CARTESIAN_POINT('Origin',(33.1005367420707,51.7692822705339,4.63763958665119));
#13401=CARTESIAN_POINT('',(33.100536742072,51.7692822705342,4.63763958665119));
#13402=CARTESIAN_POINT('',(33.100536742072,51.7692822705342,4.63763958665119));
#13403=CARTESIAN_POINT('',(33.1081441294748,51.7017647817252,4.63763958665119));
#13404=CARTESIAN_POINT('',(34.1816940545368,42.173737457677,4.6376395866513));
#13405=CARTESIAN_POINT('',(33.1081441294748,51.7017647817252,4.63763958665119));
#13406=CARTESIAN_POINT('Origin',(36.5274950517421,52.4805886347491,4.63763958665155));
#13407=CARTESIAN_POINT('',(33.3463266191856,53.94009793712,4.63763958665119));
#13408=CARTESIAN_POINT('',(33.3463266191856,53.94009793712,4.63763958665119));
#13409=CARTESIAN_POINT('Origin',(36.5274950517421,52.4805886347491,4.63763958665115));
#13410=CARTESIAN_POINT('',(33.3463266191856,53.94009793712,4.63763958665119));
#13411=CARTESIAN_POINT('Origin',(33.1303675527219,53.3229215590717,4.63763958665119));
#13412=CARTESIAN_POINT('',(33.1303675527214,53.322921559072,4.63763958665119));
#13413=CARTESIAN_POINT('',(33.1303675527214,53.322921559072,4.63763958665119));
#13414=CARTESIAN_POINT('',(26.2323203948026,33.6094090389892,4.63763958665051));
#13415=CARTESIAN_POINT('',(33.1303675527214,53.322921559072,4.63763958665119));
#13416=CARTESIAN_POINT('Origin',(36.5274950517421,52.4805886347568,4.63763958665155));
#13417=CARTESIAN_POINT('',(33.0281771720183,52.4114917705379,4.63763958665119));
#13418=CARTESIAN_POINT('',(33.0281771720183,52.4114917705379,4.63763958665119));
#13419=CARTESIAN_POINT('Origin',(36.5274950517421,52.4805886347568,4.63763958665115));
#13420=CARTESIAN_POINT('Origin',(33.0281771679445,52.5496852926051,4.63763958665119));
#13421=CARTESIAN_POINT('',(33.0281771679434,52.5496852926051,4.63763958665119));
#13422=CARTESIAN_POINT('',(33.0281771679434,52.5496852926051,4.63763958665119));
#13423=CARTESIAN_POINT('',(33.0203918319536,52.4805886342642,4.63763958665119));
#13424=CARTESIAN_POINT('',(31.2738305399085,36.9794530365959,4.63763958665101));
#13425=CARTESIAN_POINT('',(33.0203918319536,52.4805886342642,4.63763958665119));
#13426=CARTESIAN_POINT('Origin',(33.1303675527219,53.3229215590717,4.63763958665119));
#13427=CARTESIAN_POINT('',(33.1303675527214,53.322921559072,4.63763958665119));
#13428=CARTESIAN_POINT('',(33.1081441294737,53.2594105794547,4.63763958665119));
#13429=CARTESIAN_POINT('',(26.2323203948026,33.6094090389892,4.63763958665051));
#13430=CARTESIAN_POINT('',(33.1081441294737,53.2594105794547,4.63763958665119));
#13431=CARTESIAN_POINT('Origin',(36.5274950517421,52.4805886347491,4.63763958665155));
#13432=CARTESIAN_POINT('',(33.1005371716482,53.1918970685967,4.63763958665119));
#13433=CARTESIAN_POINT('',(33.1005371716482,53.1918970685967,4.63763958665119));
#13434=CARTESIAN_POINT('Origin',(36.5274950517421,52.4805886347491,4.63763958665115));
#13435=CARTESIAN_POINT('',(33.1005371716482,53.1918970685967,4.63763958665119));
#13436=CARTESIAN_POINT('Origin',(36.5274950517421,52.4805886347491,4.63763958665155));
#13437=CARTESIAN_POINT('',(33.1005371716482,53.1918970685967,4.63763958665119));
#13438=CARTESIAN_POINT('Origin',(36.5274950517421,52.4805886347491,4.63763958665115));
#13439=CARTESIAN_POINT('Origin',(36.5274950517421,52.4805886347568,4.63763958665155));
#13440=CARTESIAN_POINT('',(36.5274958099833,46.9805886347567,4.63763958665155));
#13441=CARTESIAN_POINT('',(36.5274942935007,57.9805886347492,4.63763958665151));
#13442=CARTESIAN_POINT('Origin',(39.8274958099833,46.9805890897015,4.63763958665186));
#13443=CARTESIAN_POINT('Origin',(33.0281771679445,52.5496852926051,4.63763958665119));
#13444=CARTESIAN_POINT('',(33.0281771679434,52.5496852926051,4.63763958665119));
#13445=CARTESIAN_POINT('',(31.2738305399085,36.9794530365959,4.63763958665101));
#13446=CARTESIAN_POINT('',(33.0281771679434,52.5496852926051,4.63763958665119));
#13447=CARTESIAN_POINT('Origin',(36.5274950517421,52.4805886347568,4.63763958665155));
#13448=CARTESIAN_POINT('',(33.0281771720183,52.4114917705379,4.63763958665119));
#13449=CARTESIAN_POINT('Origin',(36.5274950517421,52.4805886347568,4.63763958665115));
#13450=CARTESIAN_POINT('',(33.0281771720183,52.4114917705379,4.63763958665119));
#13451=CARTESIAN_POINT('Origin',(33.1005367420707,51.7692822705342,4.63763958665119));
#13452=CARTESIAN_POINT('',(33.100536742072,51.7692822705342,4.63763958665119));
#13453=CARTESIAN_POINT('',(34.1816940545368,42.1737374576773,4.6376395866513));
#13454=CARTESIAN_POINT('',(33.100536742072,51.7692822705342,4.63763958665119));
#13455=CARTESIAN_POINT('Origin',(36.5274950517421,52.4805886347568,4.63763958665155));
#13456=CARTESIAN_POINT('',(33.1303690372715,51.6382497232684,4.63763958665119));
#13457=CARTESIAN_POINT('Origin',(36.5274950517421,52.4805886347568,4.63763958665115));
#13458=CARTESIAN_POINT('',(33.1303690372715,51.6382497232684,4.63763958665119));
#13459=CARTESIAN_POINT('Origin',(33.3463263931348,51.0210798250918,4.63763958665123));
#13460=CARTESIAN_POINT('',(33.3463263931343,51.0210798250915,4.63763958665119));
#13461=CARTESIAN_POINT('',(34.3865582703974,48.048271609305,4.63763958665133));
#13462=CARTESIAN_POINT('',(33.3463263931343,51.0210798250915,4.63763958665119));
#13463=CARTESIAN_POINT('Origin',(36.5274950517421,52.4805886347568,4.63763958665155));
#13464=CARTESIAN_POINT('',(33.3996928446759,50.9099666708613,4.63763958665123));
#13465=CARTESIAN_POINT('',(33.3996928446759,50.9099666708613,4.63763958665123));
#13466=CARTESIAN_POINT('Origin',(36.5274950517421,52.4805886347568,4.63763958665115));
#13467=CARTESIAN_POINT('Origin',(33.3670008134447,50.9619957997919,4.63763958665123));
#13468=CARTESIAN_POINT('',(31.6857499555428,53.6376942606799,4.63763958665105));
#13469=CARTESIAN_POINT('Origin',(33.1081441294748,51.7017647817252,4.63763958665119));
#13470=CARTESIAN_POINT('',(34.2674671385674,48.388614087622,4.6376395866513));
#13471=CARTESIAN_POINT('Origin',(33.0203918319536,52.4805886342642,4.63763958665119));
#13472=CARTESIAN_POINT('',(34.1416215994784,42.5293906395422,4.6376395866513));
#13473=CARTESIAN_POINT('Origin',(33.1081441294737,53.2594105794547,4.63763958665119));
#13474=CARTESIAN_POINT('',(31.3138140206729,37.3343156800209,4.63763958665101));
#13475=CARTESIAN_POINT('Origin',(36.5274950517421,52.4805886347491,4.63763958665155));
#13476=CARTESIAN_POINT('',(33.3463266191856,53.94009793712,4.63763958665119));
#13477=CARTESIAN_POINT('Origin',(36.5274950517421,52.4805886347491,4.63763958665115));
#13478=CARTESIAN_POINT('Origin',(33.3670008134425,53.9991814687372,4.63763958665123));
#13479=CARTESIAN_POINT('',(26.3506370251629,33.9475389938221,4.63763958665051));
#13480=CARTESIAN_POINT('Origin',(36.5274942935007,57.9805886347492,4.63763958665155));
#13481=CARTESIAN_POINT('Origin',(-17.1725012706801,26.670161790899,-0.862360413353898));
#13482=CARTESIAN_POINT('Origin',(-17.1725013900013,26.6701523854471,4.63763958664611));
#13483=CARTESIAN_POINT('Origin',(-17.1725013900013,26.6701523854471,4.63763958664611));
#13484=CARTESIAN_POINT('Origin',(-17.1725013900013,26.6701523854471,4.63763958664611));
#13485=CARTESIAN_POINT('Origin',(-17.1725013900013,26.6701523854471,4.63763958664611));
#13486=CARTESIAN_POINT('Origin',(-17.1725013900013,26.6701523854471,4.63763958664611));
#13487=CARTESIAN_POINT('Origin',(-17.1725013900013,26.6701523854471,4.63763958664611));
#13488=CARTESIAN_POINT('Origin',(-17.1725013900013,26.6701523854471,4.63763958664611));
#13489=CARTESIAN_POINT('Origin',(-17.1725013900013,26.6701523854471,4.63763958664611));
#13490=CARTESIAN_POINT('Origin',(-17.1725013900013,26.6701523854471,4.63763958664611));
#13491=CARTESIAN_POINT('Origin',(-17.1725013900013,26.6701523854471,4.63763958664611));
#13492=CARTESIAN_POINT('Origin',(-69.6725013900338,64.1701523854039,4.63763958664078));
#13493=CARTESIAN_POINT('',(-69.6725013900344,70.6701523854042,6.63763958664077));
#13494=CARTESIAN_POINT('Origin',(-69.6725013900341,64.1701523854039,6.63763958663932));
#13495=CARTESIAN_POINT('',(-69.6725013900341,70.6701523854042,4.63763958664078));
#13496=CARTESIAN_POINT('Origin',(35.3274986100313,70.6701523854042,4.6376395866514));
#13497=CARTESIAN_POINT('',(9.07749861001477,70.6701523854042,6.63763958664873));
#13498=CARTESIAN_POINT('Origin',(41.8274986100315,-10.8298476145086,4.63763958665211));
#13499=CARTESIAN_POINT('',(41.8274986100312,-10.8298476145086,6.63763958665211));
#13500=CARTESIAN_POINT('',(41.8274986100312,7.92015238546952,6.63763958665207));
#13501=CARTESIAN_POINT('',(41.8274986100315,-10.8298476145086,4.63763958665208));
#13502=CARTESIAN_POINT('Origin',(35.3274986100311,-10.8298476145083,4.63763958665144));
#13503=CARTESIAN_POINT('Origin',(35.3274986100308,-10.8298476145083,6.63763958665289));
#13504=CARTESIAN_POINT('Origin',(-17.1725013900013,26.6701523854471,4.63763958664611));
#13505=CARTESIAN_POINT('Origin',(-17.1725013900014,26.6701523854476,6.6376395866461));
#13506=CARTESIAN_POINT('',(-63.1725013899779,53.6701523854773,0.862360413349811));
#13507=UNCERTAINTY_MEASURE_WITH_UNIT(LENGTH_MEASURE(0.01),#13513,
'DISTANCE_ACCURACY_VALUE',
'Maximum model space distance between geometric entities at asserted c
onnectivities');
#13508=UNCERTAINTY_MEASURE_WITH_UNIT(LENGTH_MEASURE(0.01),#13513,
'DISTANCE_ACCURACY_VALUE',
'Maximum model space distance between geometric entities at asserted c
onnectivities');
#13509=UNCERTAINTY_MEASURE_WITH_UNIT(LENGTH_MEASURE(0.01),#13513,
'DISTANCE_ACCURACY_VALUE',
'Maximum model space distance between geometric entities at asserted c
onnectivities');
#13510=(
GEOMETRIC_REPRESENTATION_CONTEXT(3)
GLOBAL_UNCERTAINTY_ASSIGNED_CONTEXT((#13507))
GLOBAL_UNIT_ASSIGNED_CONTEXT((#13513,#13515,#13516))
REPRESENTATION_CONTEXT('','3D')
);
#13511=(
GEOMETRIC_REPRESENTATION_CONTEXT(3)
GLOBAL_UNCERTAINTY_ASSIGNED_CONTEXT((#13508))
GLOBAL_UNIT_ASSIGNED_CONTEXT((#13513,#13515,#13516))
REPRESENTATION_CONTEXT('','3D')
);
#13512=(
GEOMETRIC_REPRESENTATION_CONTEXT(3)
GLOBAL_UNCERTAINTY_ASSIGNED_CONTEXT((#13509))
GLOBAL_UNIT_ASSIGNED_CONTEXT((#13513,#13515,#13516))
REPRESENTATION_CONTEXT('','3D')
);
#13513=(
LENGTH_UNIT()
NAMED_UNIT(*)
SI_UNIT(.MILLI.,.METRE.)
);
#13514=(
LENGTH_UNIT()
NAMED_UNIT(*)
SI_UNIT($,.METRE.)
);
#13515=(
NAMED_UNIT(*)
PLANE_ANGLE_UNIT()
SI_UNIT($,.RADIAN.)
);
#13516=(
NAMED_UNIT(*)
SI_UNIT($,.STERADIAN.)
SOLID_ANGLE_UNIT()
);
#13517=SHAPE_DEFINITION_REPRESENTATION(#13519,#13522);
#13518=SHAPE_DEFINITION_REPRESENTATION(#13520,#13523);
#13519=PRODUCT_DEFINITION_SHAPE('',$,#13525);
#13520=PRODUCT_DEFINITION_SHAPE('',$,#13526);
#13521=PRODUCT_DEFINITION_SHAPE($,$,#14);
#13522=SHAPE_REPRESENTATION('',(#7967,#8774),#13510);
#13523=SHAPE_REPRESENTATION('',(#7968),#13511);
#13524=PRODUCT_DEFINITION_CONTEXT('part definition',#13532,'design');
#13525=PRODUCT_DEFINITION('montagem_case_drone',
'montagem_case_drone v6',#13527,#13524);
#13526=PRODUCT_DEFINITION('jetson_case v1','jetson_case v1',#13528,#13524);
#13527=PRODUCT_DEFINITION_FORMATION('',$,#13534);
#13528=PRODUCT_DEFINITION_FORMATION('',$,#13535);
#13529=PRODUCT_RELATED_PRODUCT_CATEGORY('montagem_case_drone v6',
'montagem_case_drone v6',(#13534));
#13530=PRODUCT_RELATED_PRODUCT_CATEGORY('jetson_case v1',
'jetson_case v1',(#13535));
#13531=APPLICATION_PROTOCOL_DEFINITION('international standard',
'automotive_design',2009,#13532);
#13532=APPLICATION_CONTEXT(
'Core Data for Automotive Mechanical Design Process');
#13533=PRODUCT_CONTEXT('part definition',#13532,'mechanical');
#13534=PRODUCT('montagem_case_drone','montagem_case_drone v6',$,(#13533));
#13535=PRODUCT('jetson_case v1','jetson_case v1',$,(#13533));
#13536=PRESENTATION_STYLE_ASSIGNMENT((#13539));
#13537=PRESENTATION_STYLE_ASSIGNMENT((#13540));
#13538=PRESENTATION_STYLE_ASSIGNMENT((#13541));
#13539=SURFACE_STYLE_USAGE(.BOTH.,#13542);
#13540=SURFACE_STYLE_USAGE(.BOTH.,#13543);
#13541=SURFACE_STYLE_USAGE(.BOTH.,#13544);
#13542=SURFACE_SIDE_STYLE('',(#13545));
#13543=SURFACE_SIDE_STYLE('',(#13546));
#13544=SURFACE_SIDE_STYLE('',(#13547));
#13545=SURFACE_STYLE_FILL_AREA(#13548);
#13546=SURFACE_STYLE_FILL_AREA(#13549);
#13547=SURFACE_STYLE_FILL_AREA(#13550);
#13548=FILL_AREA_STYLE('A\X\E7o - Acetinado',(#13551));
#13549=FILL_AREA_STYLE('Pl\X\E1stico - Transl\X\FAcido com brilho (Ver
de)',(#13552));
#13550=FILL_AREA_STYLE(
'Resina Tough2000 (com impressoras 3D Formlabs SLA)',(#13553));
#13551=FILL_AREA_STYLE_COLOUR('A\X\E7o - Acetinado',#13554);
#13552=FILL_AREA_STYLE_COLOUR(
'Pl\X\E1stico - Transl\X\FAcido com brilho (Verde)',#13555);
#13553=FILL_AREA_STYLE_COLOUR(
'Resina Tough2000 (com impressoras 3D Formlabs SLA)',#13556);
#13554=COLOUR_RGB('A\X\E7o - Acetinado',0.627450980392157,0.627450980392157,
0.627450980392157);
#13555=COLOUR_RGB('Pl\X\E1stico - Transl\X\FAcido com brilho (Verde)',0.266666666666667,
0.588235294117647,0.282352941176471);
#13556=COLOUR_RGB('Resina Tough2000 (com impressoras 3D Formlabs SLA)',
0.247058823529412,0.247058823529412,0.247058823529412);
ENDSEC;
END-ISO-10303-21;
