ISO-10303-21;
HEADER;
/* Generated by software containing ST-Developer
 * from STEP Tools, Inc. (www.steptools.com) 
 */

FILE_DESCRIPTION(
/* description */ (''),
/* implementation_level */ '2;1');

FILE_NAME(
/* name */ 'case_drone_chapeu.step',
/* time_stamp */ '2026-07-09T16:00:07-03:00',
/* author */ (''),
/* organization */ (''),
/* preprocessor_version */ 'ST-DEVELOPER v20.1',
/* originating_system */ 'Autodesk Translation Framework v15.8.0.0',
/* authorisation */ '');

FILE_SCHEMA (('AUTOMOTIVE_DESIGN { 1 0 10303 214 3 1 1 }'));
ENDSEC;

DATA;
#10=MECHANICAL_DESIGN_GEOMETRIC_PRESENTATION_REPRESENTATION('',(#17),#5122);
#11=SHAPE_REPRESENTATION_RELATIONSHIP('SRR','None',#5132,#12);
#12=ADVANCED_BREP_SHAPE_REPRESENTATION('',(#18),#5120);
#13=ITEM_DEFINED_TRANSFORMATION($,$,#2591,#2829);
#14=(
REPRESENTATION_RELATIONSHIP($,$,#5133,#5132)
REPRESENTATION_RELATIONSHIP_WITH_TRANSFORMATION(#13)
SHAPE_REPRESENTATION_RELATIONSHIP()
);
#15=CONTEXT_DEPENDENT_SHAPE_REPRESENTATION(#14,#5131);
#16=NEXT_ASSEMBLY_USAGE_OCCURRENCE('jetson_case v1:1',
'jetson_case v1:1','jetson_case v1:1',#5135,#5136,'jetson_case v1:1');
#17=STYLED_ITEM('',(#5147),#18);
#18=MANIFOLD_SOLID_BREP('Corpo27',#2577);
#19=CONICAL_SURFACE('',#2671,9.19438883060745,0.785398163441361);
#20=CONICAL_SURFACE('',#2672,4.69999999999942,0.785398163420272);
#21=CONICAL_SURFACE('',#2678,2.94999999999885,0.785398163397458);
#22=CONICAL_SURFACE('',#2680,4.70000000000006,0.785398163368118);
#23=CONICAL_SURFACE('',#2683,4.69999999999944,0.785398163419312);
#24=CONICAL_SURFACE('',#2687,4.70000000000004,0.785398163371279);
#25=CONICAL_SURFACE('',#2755,2.24999999999756,0.785398163419135);
#26=CONICAL_SURFACE('',#2759,2.24999999999755,0.785398163372493);
#27=CONICAL_SURFACE('',#2763,2.24999999999755,0.785398163372513);
#28=CONICAL_SURFACE('',#2775,5.49999999999592,0.785398163394549);
#29=CONICAL_SURFACE('',#2785,5.49999999999592,0.78539816339455);
#30=TOROIDAL_SURFACE('',#2644,12.6943888306071,3.);
#31=(
BOUNDED_CURVE()
B_SPLINE_CURVE(2,(#3980,#3981,#3982),.UNSPECIFIED.,.F.,.F.)
B_SPLINE_CURVE_WITH_KNOTS((3,3),(0.,0.22167790391943),.UNSPECIFIED.)
CURVE()
GEOMETRIC_REPRESENTATION_ITEM()
RATIONAL_B_SPLINE_CURVE((1.,1.01096694006584,1.01251998977279))
REPRESENTATION_ITEM('')
);
#32=(
BOUNDED_CURVE()
B_SPLINE_CURVE(2,(#4176,#4177,#4178),.UNSPECIFIED.,.F.,.F.)
B_SPLINE_CURVE_WITH_KNOTS((3,3),(0.22167790391943,0.516498109394213),
 .UNSPECIFIED.)
CURVE()
GEOMETRIC_REPRESENTATION_ITEM()
RATIONAL_B_SPLINE_CURVE((1.01251998977279,1.01458546596875,1.))
REPRESENTATION_ITEM('')
);
#33=(
BOUNDED_CURVE()
B_SPLINE_CURVE(2,(#4180,#4181,#4182),.UNSPECIFIED.,.F.,.F.)
B_SPLINE_CURVE_WITH_KNOTS((3,3),(12560.4484589536,14166.7289081522),
 .UNSPECIFIED.)
CURVE()
GEOMETRIC_REPRESENTATION_ITEM()
RATIONAL_B_SPLINE_CURVE((5220.59827492052,5287.56932422355,5286.30645209245))
REPRESENTATION_ITEM('')
);
#34=(
BOUNDED_CURVE()
B_SPLINE_CURVE(2,(#4977,#4978,#4979),.UNSPECIFIED.,.F.,.F.)
B_SPLINE_CURVE_WITH_KNOTS((3,3),(0.,0.0574943466242527),.UNSPECIFIED.)
CURVE()
GEOMETRIC_REPRESENTATION_ITEM()
RATIONAL_B_SPLINE_CURVE((1.,1.,1.))
REPRESENTATION_ITEM('')
);
#35=(
BOUNDED_CURVE()
B_SPLINE_CURVE(2,(#4981,#4982,#4983),.UNSPECIFIED.,.F.,.F.)
B_SPLINE_CURVE_WITH_KNOTS((3,3),(0.0438460177409751,1.40384691762029),
 .UNSPECIFIED.)
CURVE()
GEOMETRIC_REPRESENTATION_ITEM()
RATIONAL_B_SPLINE_CURVE((1.04194401353406,1.67147459616832,1.))
REPRESENTATION_ITEM('')
);
#36=(
BOUNDED_CURVE()
B_SPLINE_CURVE(2,(#4985,#4986,#4987),.UNSPECIFIED.,.F.,.F.)
B_SPLINE_CURVE_WITH_KNOTS((3,3),(0.174899899775669,0.216160382704863),
 .UNSPECIFIED.)
CURVE()
GEOMETRIC_REPRESENTATION_ITEM()
RATIONAL_B_SPLINE_CURVE((1.00754739872977,1.00827738637571,1.00893175925654))
REPRESENTATION_ITEM('')
);
#37=(
BOUNDED_CURVE()
B_SPLINE_CURVE(2,(#5030,#5031,#5032),.UNSPECIFIED.,.F.,.F.)
B_SPLINE_CURVE_WITH_KNOTS((3,3),(0.125693694241302,0.534867663325282),
 .UNSPECIFIED.)
CURVE()
GEOMETRIC_REPRESENTATION_ITEM()
RATIONAL_B_SPLINE_CURVE((1.2213706251442,1.55456462961024,1.71117159632089))
REPRESENTATION_ITEM('')
);
#38=CYLINDRICAL_SURFACE('',#2636,4.);
#39=CYLINDRICAL_SURFACE('',#2646,9.69438883060713);
#40=CYLINDRICAL_SURFACE('',#2654,10.);
#41=CYLINDRICAL_SURFACE('',#2659,10.);
#42=CYLINDRICAL_SURFACE('',#2692,10.);
#43=CYLINDRICAL_SURFACE('',#2694,4.2);
#44=CYLINDRICAL_SURFACE('',#2698,4.20000000000001);
#45=CYLINDRICAL_SURFACE('',#2700,4.20000000000001);
#46=CYLINDRICAL_SURFACE('',#2707,4.19999999999998);
#47=CYLINDRICAL_SURFACE('',#2708,3.44999999999885);
#48=CYLINDRICAL_SURFACE('',#2710,4.);
#49=CYLINDRICAL_SURFACE('',#2711,15.);
#50=CYLINDRICAL_SURFACE('',#2714,14.6705216451219);
#51=CYLINDRICAL_SURFACE('',#2716,14.6705216451219);
#52=CYLINDRICAL_SURFACE('',#2718,11.9209332833334);
#53=CYLINDRICAL_SURFACE('',#2724,11.6943888306071);
#54=CYLINDRICAL_SURFACE('',#2726,9.9209332833334);
#55=CYLINDRICAL_SURFACE('',#2730,2.5);
#56=CYLINDRICAL_SURFACE('',#2735,2.5);
#57=CYLINDRICAL_SURFACE('',#2736,6.99999999999998);
#58=CYLINDRICAL_SURFACE('',#2739,2.5);
#59=CYLINDRICAL_SURFACE('',#2746,2.5);
#60=CYLINDRICAL_SURFACE('',#2749,2.5);
#61=CYLINDRICAL_SURFACE('',#2752,2.5);
#62=CYLINDRICAL_SURFACE('',#2753,7.00000000000001);
#63=CYLINDRICAL_SURFACE('',#2758,1.5);
#64=CYLINDRICAL_SURFACE('',#2762,1.5);
#65=CYLINDRICAL_SURFACE('',#2766,1.5);
#66=CYLINDRICAL_SURFACE('',#2767,3.00000000000001);
#67=CYLINDRICAL_SURFACE('',#2768,3.);
#68=CYLINDRICAL_SURFACE('',#2769,3.);
#69=CYLINDRICAL_SURFACE('',#2770,3.);
#70=CYLINDRICAL_SURFACE('',#2772,3.);
#71=CYLINDRICAL_SURFACE('',#2774,3.00000000000001);
#72=CYLINDRICAL_SURFACE('',#2791,3.);
#73=CYLINDRICAL_SURFACE('',#2792,3.);
#74=CYLINDRICAL_SURFACE('',#2793,3.00000000000001);
#75=CYLINDRICAL_SURFACE('',#2794,3.00000000000001);
#76=CYLINDRICAL_SURFACE('',#2795,19.);
#77=CYLINDRICAL_SURFACE('',#2796,11.);
#78=CYLINDRICAL_SURFACE('',#2797,18.9999999999999);
#79=CYLINDRICAL_SURFACE('',#2799,13.);
#80=CYLINDRICAL_SURFACE('',#2802,5.35);
#81=CYLINDRICAL_SURFACE('',#2804,19.5920690619611);
#82=CYLINDRICAL_SURFACE('',#2814,7.00000000000001);
#83=CYLINDRICAL_SURFACE('',#2816,11.9209332833334);
#84=CYLINDRICAL_SURFACE('',#2820,16.7535059083734);
#85=CYLINDRICAL_SURFACE('',#2826,7.);
#86=ELLIPSE('',#2635,16.5506687844374,15.);
#87=ELLIPSE('',#2638,14.1674805600448,11.3586410069949);
#88=ELLIPSE('',#2639,16.5506687844374,15.);
#89=ELLIPSE('',#2640,3.31013375688748,3.00000000000001);
#90=ELLIPSE('',#2641,3.31013375688748,3.00000000000001);
#91=ELLIPSE('',#2642,3.31013375688748,3.00000000000001);
#92=ELLIPSE('',#2649,14.1421356237309,10.);
#93=ELLIPSE('',#2650,14.1421356237309,10.);
#94=ELLIPSE('',#2653,14.1421356237309,10.);
#95=ELLIPSE('',#2656,14.1421356237309,10.);
#96=ELLIPSE('',#2658,14.1421356237309,10.);
#97=ELLIPSE('',#2690,3.31013375688748,3.);
#98=ELLIPSE('',#2691,3.31013375688748,3.);
#99=ELLIPSE('',#2693,14.1421356237309,10.);
#100=ELLIPSE('',#2717,16.1871296428765,14.6705216451219);
#101=ELLIPSE('',#2719,13.1532945582551,11.9209332833334);
#102=ELLIPSE('',#2720,18.6015675541725,11.9209332833334);
#103=ELLIPSE('',#2722,12.9033304114535,11.6943888306071);
#104=ELLIPSE('',#2723,3.31013375688748,3.00000000000001);
#105=ELLIPSE('',#2738,7.72364543273742,6.99999999999998);
#106=ELLIPSE('',#2740,5.91550395786055,2.5);
#107=ELLIPSE('',#2771,3.31013375688748,3.);
#108=ELLIPSE('',#2773,3.31013375688748,3.);
#109=ELLIPSE('',#2776,14.3179768120872,11.4792999269513);
#110=ELLIPSE('',#2778,14.3179768120872,11.4792999269513);
#111=ELLIPSE('',#2781,7.72364543273746,7.00000000000001);
#112=ELLIPSE('',#2782,14.3179768120872,11.4792999269513);
#113=ELLIPSE('',#2783,14.3179768120872,11.4792999269513);
#114=ELLIPSE('',#2817,16.8587455254349,11.9209332833334);
#115=B_SPLINE_SURFACE_WITH_KNOTS('',3,3,((#3735,#3736,#3737,#3738,#3739,
#3740),(#3741,#3742,#3743,#3744,#3745,#3746),(#3747,#3748,#3749,#3750,#3751,
#3752),(#3753,#3754,#3755,#3756,#3757,#3758),(#3759,#3760,#3761,#3762,#3763,
#3764)),.UNSPECIFIED.,.F.,.F.,.F.,(4,1,4),(4,1,1,4),(0.,0.571428571428571,
1.),(-0.445652242941736,-0.0650975141954469,0.0776105090844116,0.22031853236427),
 .UNSPECIFIED.);
#116=B_SPLINE_SURFACE_WITH_KNOTS('',3,3,((#3841,#3842,#3843,#3844,#3845,
#3846,#3847,#3848,#3849,#3850,#3851,#3852,#3853,#3854,#3855,#3856,#3857,
#3858,#3859,#3860,#3861,#3862,#3863),(#3864,#3865,#3866,#3867,#3868,#3869,
#3870,#3871,#3872,#3873,#3874,#3875,#3876,#3877,#3878,#3879,#3880,#3881,
#3882,#3883,#3884,#3885,#3886),(#3887,#3888,#3889,#3890,#3891,#3892,#3893,
#3894,#3895,#3896,#3897,#3898,#3899,#3900,#3901,#3902,#3903,#3904,#3905,
#3906,#3907,#3908,#3909),(#3910,#3911,#3912,#3913,#3914,#3915,#3916,#3917,
#3918,#3919,#3920,#3921,#3922,#3923,#3924,#3925,#3926,#3927,#3928,#3929,
#3930,#3931,#3932),(#3933,#3934,#3935,#3936,#3937,#3938,#3939,#3940,#3941,
#3942,#3943,#3944,#3945,#3946,#3947,#3948,#3949,#3950,#3951,#3952,#3953,
#3954,#3955)),.UNSPECIFIED.,.F.,.F.,.F.,(4,1,4),(4,1,1,1,1,1,1,1,1,1,2,
1,1,1,1,1,1,1,1,4),(0.,0.571428571428571,1.),(-0.336179049862062,-0.201707429917237,
-0.0672358099724124,-0.0630335718491366,-0.0588313337258609,-0.0504268574793093,
-0.0336179049862062,-0.0168089524931031,-0.00840447624655155,-0.00420223812327578,
0.,0.0575098444534468,0.115019688906894,0.201284455587064,0.215661916700426,
0.230039377813787,0.258794300040511,0.273171761153872,0.280360491710553,
0.287549222267234),.UNSPECIFIED.);
#117=B_SPLINE_SURFACE_WITH_KNOTS('',3,3,((#4233,#4234,#4235,#4236,#4237,
#4238),(#4239,#4240,#4241,#4242,#4243,#4244),(#4245,#4246,#4247,#4248,#4249,
#4250),(#4251,#4252,#4253,#4254,#4255,#4256)),.UNSPECIFIED.,.F.,.F.,.F.,
(4,4),(4,1,1,4),(0.,1.),(-0.585798262056313,-0.399900887759714,-0.275969304895315,
-0.152037722030916),.UNSPECIFIED.);
#118=B_SPLINE_SURFACE_WITH_KNOTS('',3,3,((#4267,#4268,#4269,#4270),(#4271,
#4272,#4273,#4274),(#4275,#4276,#4277,#4278),(#4279,#4280,#4281,#4282)),
 .UNSPECIFIED.,.F.,.F.,.F.,(4,4),(4,4),(0.,1.),(-1.46761752466371,-1.44292953172899),
 .UNSPECIFIED.);
#119=B_SPLINE_SURFACE_WITH_KNOTS('',3,3,((#4287,#4288,#4289,#4290),(#4291,
#4292,#4293,#4294),(#4295,#4296,#4297,#4298),(#4299,#4300,#4301,#4302)),
 .UNSPECIFIED.,.F.,.F.,.F.,(4,4),(4,4),(0.,1.),(-0.152037722031928,1.96591955065958E-15),
 .UNSPECIFIED.);
#120=B_SPLINE_SURFACE_WITH_KNOTS('',3,3,((#4314,#4315,#4316,#4317,#4318,
#4319),(#4320,#4321,#4322,#4323,#4324,#4325),(#4326,#4327,#4328,#4329,#4330,
#4331),(#4332,#4333,#4334,#4335,#4336,#4337)),.UNSPECIFIED.,.F.,.F.,.F.,
(4,4),(4,1,1,4),(0.,1.),(0.152037722030917,0.275969304895771,0.399900887760626,
0.585798262057907),.UNSPECIFIED.);
#121=B_SPLINE_SURFACE_WITH_KNOTS('',3,3,((#4356,#4357,#4358,#4359),(#4360,
#4361,#4362,#4363),(#4364,#4365,#4366,#4367),(#4368,#4369,#4370,#4371)),
 .UNSPECIFIED.,.F.,.F.,.F.,(4,4),(4,4),(0.,1.),(7.89299181569447E-16,0.152037722031929),
 .UNSPECIFIED.);
#122=B_SPLINE_SURFACE_WITH_KNOTS('',3,3,((#4383,#4384,#4385,#4386),(#4387,
#4388,#4389,#4390),(#4391,#4392,#4393,#4394),(#4395,#4396,#4397,#4398)),
 .UNSPECIFIED.,.F.,.F.,.F.,(4,4),(4,4),(0.,1.),(-1.19554793299315,2.00445206700685),
 .UNSPECIFIED.);
#123=B_SPLINE_SURFACE_WITH_KNOTS('',3,3,((#4407,#4408,#4409,#4410),(#4411,
#4412,#4413,#4414),(#4415,#4416,#4417,#4418),(#4419,#4420,#4421,#4422)),
 .UNSPECIFIED.,.F.,.F.,.F.,(4,4),(4,4),(0.,1.),(-0.127866795061997,-0.103178802130804),
 .UNSPECIFIED.);
#124=B_SPLINE_SURFACE_WITH_KNOTS('',3,3,((#4507,#4508,#4509,#4510),(#4511,
#4512,#4513,#4514),(#4515,#4516,#4517,#4518),(#4519,#4520,#4521,#4522)),
 .UNSPECIFIED.,.F.,.F.,.F.,(4,4),(4,4),(-7.8561599341079E-13,0.235769894988377),
(1.65071930748259,1.86572555399875),.UNSPECIFIED.);
#125=B_SPLINE_SURFACE_WITH_KNOTS('',3,3,((#4840,#4841,#4842,#4843,#4844,
#4845,#4846,#4847,#4848,#4849,#4850,#4851),(#4852,#4853,#4854,#4855,#4856,
#4857,#4858,#4859,#4860,#4861,#4862,#4863),(#4864,#4865,#4866,#4867,#4868,
#4869,#4870,#4871,#4872,#4873,#4874,#4875),(#4876,#4877,#4878,#4879,#4880,
#4881,#4882,#4883,#4884,#4885,#4886,#4887)),.UNSPECIFIED.,.F.,.F.,.F.,(4,
4),(4,1,1,1,1,1,1,1,1,4),(0.,1.),(1.07353236308712,1.66440673180217,2.25528110051722,
2.55071828487475,2.84615546923227,3.43702983794732,3.73246702230485,4.02790420666237,
4.61877857537742,5.20965294409248),.UNSPECIFIED.);
#126=B_SPLINE_SURFACE_WITH_KNOTS('',3,3,((#4905,#4906,#4907,#4908,#4909,
#4910,#4911,#4912,#4913,#4914,#4915,#4916),(#4917,#4918,#4919,#4920,#4921,
#4922,#4923,#4924,#4925,#4926,#4927,#4928),(#4929,#4930,#4931,#4932,#4933,
#4934,#4935,#4936,#4937,#4938,#4939,#4940),(#4941,#4942,#4943,#4944,#4945,
#4946,#4947,#4948,#4949,#4950,#4951,#4952)),.UNSPECIFIED.,.F.,.F.,.F.,(4,
4),(4,1,1,1,1,1,1,1,1,4),(0.,1.),(1.07353236308716,1.6644067318022,2.25528110051724,
2.55071828487476,2.84615546923228,3.43702983794732,3.73246702230484,4.02790420666236,
4.6187785753774,5.20965294409244),.UNSPECIFIED.);
#127=B_SPLINE_CURVE_WITH_KNOTS('',3,(#3613,#3614,#3615,#3616,#3617,#3618),
 .UNSPECIFIED.,.F.,.F.,(4,2,4),(0.,0.15098629634292,0.263035270252039),
 .UNSPECIFIED.);
#128=B_SPLINE_CURVE_WITH_KNOTS('',3,(#3622,#3623,#3624,#3625,#3626,#3627),
 .UNSPECIFIED.,.F.,.F.,(4,2,4),(0.,0.108806336075795,0.263490391758128),
 .UNSPECIFIED.);
#129=B_SPLINE_CURVE_WITH_KNOTS('',3,(#3631,#3632,#3633,#3634,#3635,#3636),
 .UNSPECIFIED.,.F.,.F.,(4,2,4),(0.,0.150986296342918,0.263035270252003),
 .UNSPECIFIED.);
#130=B_SPLINE_CURVE_WITH_KNOTS('',3,(#3640,#3641,#3642,#3643,#3644,#3645),
 .UNSPECIFIED.,.F.,.F.,(4,2,4),(0.,0.108806336075801,0.263490391758144),
 .UNSPECIFIED.);
#131=B_SPLINE_CURVE_WITH_KNOTS('',3,(#3767,#3768,#3769,#3770,#3771,#3772),
 .UNSPECIFIED.,.F.,.F.,(4,2,4),(0.,0.0420959284056304,0.0427277979944544),
 .UNSPECIFIED.);
#132=B_SPLINE_CURVE_WITH_KNOTS('',3,(#3774,#3775,#3776,#3777,#3778),
 .UNSPECIFIED.,.F.,.F.,(4,1,4),(-0.00678880473716826,0.0650975141954469,
0.445652242941736),.UNSPECIFIED.);
#133=B_SPLINE_CURVE_WITH_KNOTS('',3,(#3780,#3781,#3782,#3783,#3784,#3785,
#3786,#3787),.UNSPECIFIED.,.F.,.F.,(4,2,2,4),(0.,0.0889549775059213,0.161019049659574,
0.257067062760802),.UNSPECIFIED.);
#134=B_SPLINE_CURVE_WITH_KNOTS('',3,(#3791,#3792,#3793,#3794,#3795,#3796),
 .UNSPECIFIED.,.F.,.F.,(4,1,1,4),(-0.113051975117434,-0.0650975141954469,
0.0776105090844116,0.22031853236427),.UNSPECIFIED.);
#135=B_SPLINE_CURVE_WITH_KNOTS('',3,(#3797,#3798,#3799,#3800,#3801,#3802,
#3803,#3804,#3805,#3806,#3807,#3808,#3809,#3810),.UNSPECIFIED.,.F.,.F.,
(4,2,2,2,2,2,4),(0.00166514638394951,0.00518947873544384,0.0131634196838591,
0.0236397476851397,0.0594615566664955,0.130014492595518,0.195061697852778),
 .UNSPECIFIED.);
#136=B_SPLINE_CURVE_WITH_KNOTS('',3,(#3828,#3829,#3830,#3831),
 .UNSPECIFIED.,.F.,.F.,(4,4),(9.02909577015555,9.25446945803933),
 .UNSPECIFIED.);
#137=B_SPLINE_CURVE_WITH_KNOTS('',3,(#3958,#3959,#3960,#3961,#3962,#3963,
#3964,#3965,#3966,#3967,#3968,#3969,#3970),.UNSPECIFIED.,.F.,.F.,(4,2,3,
2,2,4),(-0.168563884187208,-0.148246188234666,0.,0.245397702157742,0.342330446563775,
0.34510551742447),.UNSPECIFIED.);
#138=B_SPLINE_CURVE_WITH_KNOTS('',3,(#3972,#3973,#3974,#3975,#3976),
 .UNSPECIFIED.,.F.,.F.,(4,1,4),(0.185029712860851,0.201707429917237,0.336179049862062),
 .UNSPECIFIED.);
#139=B_SPLINE_CURVE_WITH_KNOTS('',3,(#3983,#3984,#3985,#3986,#3987,#3988),
 .UNSPECIFIED.,.F.,.F.,(4,2,4),(0.,0.162556689510928,0.300799519087287),
 .UNSPECIFIED.);
#140=B_SPLINE_CURVE_WITH_KNOTS('',3,(#3991,#3992,#3993,#3994,#3995,#3996,
#3997,#3998,#3999,#4000),.UNSPECIFIED.,.F.,.F.,(4,2,2,2,4),(0.892666481735772,
0.963461263003839,1.14266732726428,1.19019742084098,1.22228661998526),
 .UNSPECIFIED.);
#141=B_SPLINE_CURVE_WITH_KNOTS('',3,(#4032,#4033,#4034,#4035,#4036,#4037),
 .UNSPECIFIED.,.F.,.F.,(4,2,4),(0.,0.204023123218892,0.250801118249464),
 .UNSPECIFIED.);
#142=B_SPLINE_CURVE_WITH_KNOTS('',3,(#4041,#4042,#4043,#4044,#4045,#4046),
 .UNSPECIFIED.,.F.,.F.,(4,2,4),(-0.250801118249498,-0.204023123218932,0.),
 .UNSPECIFIED.);
#143=B_SPLINE_CURVE_WITH_KNOTS('',3,(#4049,#4050,#4051,#4052,#4053,#4054,
#4055,#4056),.UNSPECIFIED.,.F.,.F.,(4,2,2,4),(4.35423278235427,4.3904430657712,
4.61134699747471,4.78933657232275),.UNSPECIFIED.);
#144=B_SPLINE_CURVE_WITH_KNOTS('',3,(#4078,#4079,#4080,#4081,#4082,#4083,
#4084,#4085,#4086,#4087,#4088,#4089,#4090,#4091),.UNSPECIFIED.,.F.,.F.,
(4,2,2,2,2,2,4),(0.332254833329853,0.339760497845552,0.453095969165161,
0.568706023614988,0.684316078064814,0.799178699778433,0.914041321492052),
 .UNSPECIFIED.);
#145=B_SPLINE_CURVE_WITH_KNOTS('',3,(#4093,#4094,#4095,#4096,#4097,#4098,
#4099,#4100,#4101,#4102,#4103,#4104,#4105,#4106),.UNSPECIFIED.,.F.,.F.,
(4,2,2,2,2,2,4),(0.914041321492052,1.02808100945185,1.14212069741166,1.25855135356608,
1.3749820097205,1.48799303539996,1.49580084157854),.UNSPECIFIED.);
#146=B_SPLINE_CURVE_WITH_KNOTS('',3,(#4110,#4111,#4112,#4113,#4114,#4115,
#4116,#4117,#4118,#4119,#4120,#4121,#4122,#4123),.UNSPECIFIED.,.F.,.F.,
(4,2,2,2,2,2,4),(0.332276446048838,0.340084252227423,0.453095277906883,
0.569525934061302,0.685956590215721,0.799996278175524,0.914035966135327),
 .UNSPECIFIED.);
#147=B_SPLINE_CURVE_WITH_KNOTS('',3,(#4125,#4126,#4127,#4128,#4129,#4130,
#4131,#4132,#4133,#4134,#4135,#4136,#4137,#4138),.UNSPECIFIED.,.F.,.F.,
(4,2,2,2,2,2,4),(0.914035966135327,1.02807565409513,1.14211534205493,1.25854599820935,
1.37497665436377,1.48798768004323,1.49579548622182),.UNSPECIFIED.);
#148=B_SPLINE_CURVE_WITH_KNOTS('',3,(#4142,#4143,#4144,#4145),
 .UNSPECIFIED.,.F.,.F.,(4,4),(1.44292953172899,1.46761752466371),
 .UNSPECIFIED.);
#149=B_SPLINE_CURVE_WITH_KNOTS('',3,(#4147,#4148,#4149,#4150,#4151,#4152),
 .UNSPECIFIED.,.F.,.F.,(4,1,1,4),(0.152037722030916,0.275969304895315,0.399900887759714,
0.585798262056313),.UNSPECIFIED.);
#150=B_SPLINE_CURVE_WITH_KNOTS('',3,(#4183,#4184,#4185,#4186),
 .UNSPECIFIED.,.F.,.F.,(4,4),(17.1696101672754,17.211481951611),
 .UNSPECIFIED.);
#151=B_SPLINE_CURVE_WITH_KNOTS('',3,(#4205,#4206,#4207,#4208),
 .UNSPECIFIED.,.F.,.F.,(4,4),(-0.140452803820053,0.),.UNSPECIFIED.);
#152=B_SPLINE_CURVE_WITH_KNOTS('',3,(#4210,#4211,#4212,#4213),
 .UNSPECIFIED.,.F.,.F.,(4,4),(-0.140516182742762,0.),.UNSPECIFIED.);
#153=B_SPLINE_CURVE_WITH_KNOTS('',3,(#4261,#4262,#4263,#4264,#4265,#4266),
 .UNSPECIFIED.,.F.,.F.,(4,1,1,4),(-0.585798262056313,-0.399900887759714,
-0.275969304895315,-0.152037722030916),.UNSPECIFIED.);
#154=B_SPLINE_CURVE_WITH_KNOTS('',3,(#4283,#4284,#4285,#4286),
 .UNSPECIFIED.,.F.,.F.,(4,4),(-1.46761752466371,-1.44292953172899),
 .UNSPECIFIED.);
#155=B_SPLINE_CURVE_WITH_KNOTS('',3,(#4306,#4307,#4308,#4309),
 .UNSPECIFIED.,.F.,.F.,(4,4),(-1.96591955065958E-15,0.152037722031928),
 .UNSPECIFIED.);
#156=B_SPLINE_CURVE_WITH_KNOTS('',3,(#4310,#4311,#4312,#4313),
 .UNSPECIFIED.,.F.,.F.,(4,4),(-0.152037722031928,1.96591955065958E-15),
 .UNSPECIFIED.);
#157=B_SPLINE_CURVE_WITH_KNOTS('',3,(#4342,#4343,#4344,#4345,#4346,#4347),
 .UNSPECIFIED.,.F.,.F.,(4,1,1,4),(0.152037722030917,0.275969304895771,0.399900887760626,
0.585798262057907),.UNSPECIFIED.);
#158=B_SPLINE_CURVE_WITH_KNOTS('',3,(#4350,#4351,#4352,#4353,#4354,#4355),
 .UNSPECIFIED.,.F.,.F.,(4,1,1,4),(-0.585798262057907,-0.399900887760626,
-0.275969304895771,-0.152037722030917),.UNSPECIFIED.);
#159=B_SPLINE_CURVE_WITH_KNOTS('',3,(#4375,#4376,#4377,#4378),
 .UNSPECIFIED.,.F.,.F.,(4,4),(7.89299181569447E-16,0.152037722031929),
 .UNSPECIFIED.);
#160=B_SPLINE_CURVE_WITH_KNOTS('',3,(#4379,#4380,#4381,#4382),
 .UNSPECIFIED.,.F.,.F.,(4,4),(-0.152037722031929,-7.89299181569447E-16),
 .UNSPECIFIED.);
#161=B_SPLINE_CURVE_WITH_KNOTS('',3,(#4399,#4400,#4401,#4402),
 .UNSPECIFIED.,.F.,.F.,(4,4),(-2.00445206700685,1.19554793299315),
 .UNSPECIFIED.);
#162=B_SPLINE_CURVE_WITH_KNOTS('',3,(#4403,#4404,#4405,#4406),
 .UNSPECIFIED.,.F.,.F.,(4,4),(-1.19554793299315,2.00445206700685),
 .UNSPECIFIED.);
#163=B_SPLINE_CURVE_WITH_KNOTS('',3,(#4423,#4424,#4425,#4426),
 .UNSPECIFIED.,.F.,.F.,(4,4),(0.103178802130804,0.127866795061997),
 .UNSPECIFIED.);
#164=B_SPLINE_CURVE_WITH_KNOTS('',3,(#4427,#4428,#4429,#4430),
 .UNSPECIFIED.,.F.,.F.,(4,4),(-0.127866795061997,-0.103178802130804),
 .UNSPECIFIED.);
#165=B_SPLINE_CURVE_WITH_KNOTS('',3,(#4456,#4457,#4458,#4459,#4460,#4461,
#4462,#4463,#4464,#4465,#4466,#4467,#4468,#4469),.UNSPECIFIED.,.F.,.F.,
(4,2,2,2,2,2,4),(0.776950672322811,0.846392125266989,0.915833578211167,
0.985469607075362,1.05510563593956,1.13142454790771,1.16579905623211),
 .UNSPECIFIED.);
#166=B_SPLINE_CURVE_WITH_KNOTS('',3,(#4491,#4492,#4493,#4494,#4495,#4496,
#4497,#4498,#4499,#4500,#4501,#4502,#4503,#4504),.UNSPECIFIED.,.F.,.F.,
(4,2,2,2,2,2,4),(0.776950672322808,0.846392125266986,0.915833578211164,
0.985469607075358,1.05510563593955,1.1314245479077,1.16579905623211),
 .UNSPECIFIED.);
#167=B_SPLINE_CURVE_WITH_KNOTS('',3,(#4524,#4525,#4526,#4527),
 .UNSPECIFIED.,.F.,.F.,(4,4),(-12.6112237530177,-12.4717821064917),
 .UNSPECIFIED.);
#168=B_SPLINE_CURVE_WITH_KNOTS('',3,(#4528,#4529,#4530,#4531),
 .UNSPECIFIED.,.F.,.F.,(4,4),(-0.0113546283591983,0.),.UNSPECIFIED.);
#169=B_SPLINE_CURVE_WITH_KNOTS('',3,(#4567,#4568,#4569,#4570,#4571,#4572,
#4573,#4574,#4575,#4576,#4577,#4578,#4579,#4580,#4581,#4582,#4583,#4584,
#4585,#4586,#4587,#4588,#4589,#4590,#4591,#4592,#4593,#4594,#4595,#4596,
#4597,#4598,#4599,#4600,#4601,#4602,#4603,#4604,#4605,#4606,#4607,#4608,
#4609,#4610,#4611,#4612,#4613,#4614,#4615,#4616,#4617,#4618),
 .UNSPECIFIED.,.F.,.F.,(4,3,3,3,3,3,3,3,3,3,3,3,3,3,3,3,3,4),(-5.20965294366423,
-4.80284670260296,-4.61869091409359,-4.10047979778167,-4.02764060897987,
-3.73212318921903,-3.43663270295305,-3.11768674658108,-2.84579777653359,
-2.55048589053259,-2.25526602845857,-2.20333003627252,-1.97832281628077,
-1.7349113163306,-1.6645687384999,-1.41252167526388,-1.1644018849639,-1.07353236351537),
 .UNSPECIFIED.);
#170=B_SPLINE_CURVE_WITH_KNOTS('',3,(#4619,#4620,#4621,#4622,#4623,#4624,
#4625,#4626,#4627,#4628,#4629,#4630,#4631,#4632,#4633,#4634,#4635,#4636,
#4637,#4638,#4639,#4640,#4641,#4642,#4643,#4644,#4645,#4646,#4647,#4648,
#4649,#4650,#4651,#4652,#4653,#4654,#4655,#4656,#4657,#4658,#4659,#4660,
#4661,#4662,#4663,#4664,#4665,#4666,#4667,#4668,#4669,#4670),
 .UNSPECIFIED.,.F.,.F.,(4,3,3,3,3,3,3,3,3,3,3,3,3,3,3,3,3,4),(-5.20965294366418,
-4.80275569432714,-4.61869103577379,-4.10044036151174,-4.02764090723282,
-3.73212350791698,-3.43663294974922,-3.11740128458083,-2.84579746162671,
-2.55048501573809,-2.25526436133363,-2.20333003627248,-1.97799805869094,
-1.73422149076152,-1.66456727282044,-1.41213907581375,-1.16362024373017,
-1.07353236351541),.UNSPECIFIED.);
#171=B_SPLINE_CURVE_WITH_KNOTS('',3,(#4699,#4700,#4701,#4702,#4703,#4704,
#4705,#4706,#4707,#4708),.UNSPECIFIED.,.F.,.F.,(4,2,2,2,4),(1.20811825972781,
1.3049861654141,1.40185407110039,1.49610665110663,1.59035923111288),
 .UNSPECIFIED.);
#172=B_SPLINE_CURVE_WITH_KNOTS('',3,(#4714,#4715,#4716,#4717,#4718,#4719,
#4720,#4721,#4722,#4723,#4724,#4725,#4726,#4727,#4728,#4729),
 .UNSPECIFIED.,.F.,.F.,(4,2,2,2,2,2,2,4),(3.66403919899085,3.76150835765614,
3.97802846527666,4.19454857289718,4.3184861262285,4.44242367955982,4.56636123289093,
4.56661761721969),.UNSPECIFIED.);
#173=B_SPLINE_CURVE_WITH_KNOTS('',3,(#4735,#4736,#4737,#4738,#4739,#4740,
#4741,#4742),.UNSPECIFIED.,.F.,.F.,(4,2,2,4),(0.79537252821808,0.889625108224332,
0.983877688230584,1.07278191611346),.UNSPECIFIED.);
#174=B_SPLINE_CURVE_WITH_KNOTS('',3,(#4770,#4771,#4772,#4773,#4774,#4775,
#4776,#4777,#4778,#4779),.UNSPECIFIED.,.F.,.F.,(4,2,2,2,4),(0.795372528218305,
0.889625108224547,0.983877688230789,1.08074559391709,1.1776134996034),
 .UNSPECIFIED.);
#175=B_SPLINE_CURVE_WITH_KNOTS('',3,(#4790,#4791,#4792,#4793,#4794,#4795,
#4796,#4797,#4798,#4799),.UNSPECIFIED.,.F.,.F.,(4,2,2,2,4),(1.20831117238956,
1.30517907807585,1.40204698376214,1.49629956376839,1.59055214377463),
 .UNSPECIFIED.);
#176=B_SPLINE_CURVE_WITH_KNOTS('',3,(#4889,#4890,#4891,#4892,#4893,#4894,
#4895,#4896),.UNSPECIFIED.,.F.,.F.,(4,1,1,1,1,4),(1.65794902960547,1.66440673180217,
2.25528110051722,2.55071828487475,2.84615546923227,3.14167416909113),
 .UNSPECIFIED.);
#177=B_SPLINE_CURVE_WITH_KNOTS('',3,(#4897,#4898,#4899,#4900,#4901,#4902,
#4903,#4904),.UNSPECIFIED.,.F.,.F.,(4,1,1,1,1,4),(3.14167416909113,3.43702983794732,
3.73246702230485,4.02790420666237,4.61877857537742,4.6253486987658),
 .UNSPECIFIED.);
#178=B_SPLINE_CURVE_WITH_KNOTS('',3,(#4954,#4955,#4956,#4957,#4958,#4959,
#4960,#4961),.UNSPECIFIED.,.F.,.F.,(4,1,1,1,1,4),(1.65794787209215,1.6644067318022,
2.25528110051724,2.55071828487476,2.84615546923228,3.14167093463382),
 .UNSPECIFIED.);
#179=B_SPLINE_CURVE_WITH_KNOTS('',3,(#4962,#4963,#4964,#4965,#4966,#4967,
#4968,#4969),.UNSPECIFIED.,.F.,.F.,(4,1,1,1,1,4),(3.14167093463382,3.43702983794732,
3.73246702230484,4.02790420666236,4.6187785753774,4.62534358286661),
 .UNSPECIFIED.);
#180=B_SPLINE_CURVE_WITH_KNOTS('',3,(#5011,#5012,#5013,#5014,#5015,#5016,
#5017,#5018,#5019,#5020,#5021,#5022,#5023,#5024),.UNSPECIFIED.,.F.,.F.,
(4,2,2,2,2,2,4),(3.05380118471615,3.10598292765112,3.23427376599952,3.36256460434788,
3.49085544269624,3.69696036269094,3.71462798652354),.UNSPECIFIED.);
#181=FACE_BOUND('',#413,.T.);
#182=FACE_BOUND('',#414,.T.);
#183=FACE_BOUND('',#415,.T.);
#184=FACE_BOUND('',#416,.T.);
#185=FACE_BOUND('',#417,.T.);
#186=FACE_BOUND('',#426,.T.);
#187=FACE_BOUND('',#427,.T.);
#188=FACE_BOUND('',#428,.T.);
#189=FACE_BOUND('',#459,.T.);
#190=FACE_BOUND('',#460,.T.);
#191=CIRCLE('',#2594,4.);
#192=CIRCLE('',#2595,4.);
#193=CIRCLE('',#2596,15.);
#194=CIRCLE('',#2597,14.6705216451219);
#195=CIRCLE('',#2598,9.69438883060713);
#196=CIRCLE('',#2599,18.9999999999999);
#197=CIRCLE('',#2600,11.);
#198=CIRCLE('',#2601,19.);
#199=CIRCLE('',#2602,9.9209332833334);
#200=CIRCLE('',#2603,1.5);
#201=CIRCLE('',#2604,1.5);
#202=CIRCLE('',#2605,1.5);
#203=CIRCLE('',#2606,3.44999999999885);
#204=CIRCLE('',#2607,4.2);
#205=CIRCLE('',#2608,7.);
#206=CIRCLE('',#2609,19.5920690619611);
#207=CIRCLE('',#2610,11.6943888306071);
#208=CIRCLE('',#2611,14.6705216451219);
#209=CIRCLE('',#2612,11.9209332833334);
#210=CIRCLE('',#2613,3.00000000000001);
#211=CIRCLE('',#2614,3.00000000000001);
#212=CIRCLE('',#2615,3.00000000000001);
#213=CIRCLE('',#2616,7.00000000000001);
#214=CIRCLE('',#2617,4.20000000000001);
#215=CIRCLE('',#2618,4.20000000000001);
#216=CIRCLE('',#2619,7.00000000000001);
#217=CIRCLE('',#2620,3.);
#218=CIRCLE('',#2621,3.);
#219=CIRCLE('',#2622,11.9209332833334);
#220=CIRCLE('',#2623,16.7535059083734);
#221=CIRCLE('',#2624,13.);
#222=CIRCLE('',#2625,5.35);
#223=CIRCLE('',#2626,6.99999999999998);
#224=CIRCLE('',#2627,4.19999999999998);
#225=CIRCLE('',#2631,3.44999999999885);
#226=CIRCLE('',#2634,3.44999999999885);
#227=CIRCLE('',#2643,3.);
#228=CIRCLE('',#2645,9.69438883060713);
#229=CIRCLE('',#2647,9.69438883060713);
#230=CIRCLE('',#2661,9.9209332833334);
#231=CIRCLE('',#2662,19.);
#232=CIRCLE('',#2663,11.);
#233=CIRCLE('',#2664,18.9999999999999);
#234=CIRCLE('',#2665,11.694388830755);
#235=CIRCLE('',#2666,5.19999999999885);
#236=CIRCLE('',#2667,2.44999999999885);
#237=CIRCLE('',#2668,5.20000000000009);
#238=CIRCLE('',#2669,3.);
#239=CIRCLE('',#2670,3.);
#240=CIRCLE('',#2673,4.2);
#241=CIRCLE('',#2675,5.20000000000012);
#242=CIRCLE('',#2676,5.19999999999886);
#243=CIRCLE('',#2679,3.44999999999885);
#244=CIRCLE('',#2681,4.20000000000001);
#245=CIRCLE('',#2684,4.20000000000001);
#246=CIRCLE('',#2688,4.19999999999998);
#247=CIRCLE('',#2696,2.5);
#248=CIRCLE('',#2697,2.5);
#249=CIRCLE('',#2703,2.5);
#250=CIRCLE('',#2704,2.5);
#251=CIRCLE('',#2715,14.6705216451219);
#252=CIRCLE('',#2725,11.6943888306071);
#253=CIRCLE('',#2729,2.5);
#254=CIRCLE('',#2731,2.5);
#255=CIRCLE('',#2733,2.5);
#256=CIRCLE('',#2737,6.99999999999998);
#257=CIRCLE('',#2743,7.00000000000001);
#258=CIRCLE('',#2744,19.5920690619611);
#259=CIRCLE('',#2745,7.);
#260=CIRCLE('',#2747,2.5);
#261=CIRCLE('',#2750,2.5);
#262=CIRCLE('',#2756,1.5);
#263=CIRCLE('',#2757,3.00000000000001);
#264=CIRCLE('',#2760,1.5);
#265=CIRCLE('',#2761,3.);
#266=CIRCLE('',#2764,1.5);
#267=CIRCLE('',#2765,3.);
#268=CIRCLE('',#2777,7.99999999999184);
#269=CIRCLE('',#2779,3.);
#270=CIRCLE('',#2786,7.99999999999184);
#271=CIRCLE('',#2787,3.);
#272=CIRCLE('',#2788,7.99999999999184);
#273=CIRCLE('',#2800,13.);
#274=CIRCLE('',#2803,5.35);
#275=CIRCLE('',#2806,16.7535059083734);
#276=CIRCLE('',#2807,11.9209332833334);
#277=CIRCLE('',#2815,7.00000000000001);
#278=FACE_OUTER_BOUND('',#411,.T.);
#279=FACE_OUTER_BOUND('',#412,.T.);
#280=FACE_OUTER_BOUND('',#418,.T.);
#281=FACE_OUTER_BOUND('',#419,.T.);
#282=FACE_OUTER_BOUND('',#420,.T.);
#283=FACE_OUTER_BOUND('',#421,.T.);
#284=FACE_OUTER_BOUND('',#422,.T.);
#285=FACE_OUTER_BOUND('',#423,.T.);
#286=FACE_OUTER_BOUND('',#424,.T.);
#287=FACE_OUTER_BOUND('',#425,.T.);
#288=FACE_OUTER_BOUND('',#429,.T.);
#289=FACE_OUTER_BOUND('',#430,.T.);
#290=FACE_OUTER_BOUND('',#431,.T.);
#291=FACE_OUTER_BOUND('',#432,.T.);
#292=FACE_OUTER_BOUND('',#433,.T.);
#293=FACE_OUTER_BOUND('',#434,.T.);
#294=FACE_OUTER_BOUND('',#435,.T.);
#295=FACE_OUTER_BOUND('',#436,.T.);
#296=FACE_OUTER_BOUND('',#437,.T.);
#297=FACE_OUTER_BOUND('',#438,.T.);
#298=FACE_OUTER_BOUND('',#439,.T.);
#299=FACE_OUTER_BOUND('',#440,.T.);
#300=FACE_OUTER_BOUND('',#441,.T.);
#301=FACE_OUTER_BOUND('',#442,.T.);
#302=FACE_OUTER_BOUND('',#443,.T.);
#303=FACE_OUTER_BOUND('',#444,.T.);
#304=FACE_OUTER_BOUND('',#445,.T.);
#305=FACE_OUTER_BOUND('',#446,.T.);
#306=FACE_OUTER_BOUND('',#447,.T.);
#307=FACE_OUTER_BOUND('',#448,.T.);
#308=FACE_OUTER_BOUND('',#449,.T.);
#309=FACE_OUTER_BOUND('',#450,.T.);
#310=FACE_OUTER_BOUND('',#451,.T.);
#311=FACE_OUTER_BOUND('',#452,.T.);
#312=FACE_OUTER_BOUND('',#453,.T.);
#313=FACE_OUTER_BOUND('',#454,.T.);
#314=FACE_OUTER_BOUND('',#455,.T.);
#315=FACE_OUTER_BOUND('',#456,.T.);
#316=FACE_OUTER_BOUND('',#457,.T.);
#317=FACE_OUTER_BOUND('',#458,.T.);
#318=FACE_OUTER_BOUND('',#461,.T.);
#319=FACE_OUTER_BOUND('',#462,.T.);
#320=FACE_OUTER_BOUND('',#463,.T.);
#321=FACE_OUTER_BOUND('',#464,.T.);
#322=FACE_OUTER_BOUND('',#465,.T.);
#323=FACE_OUTER_BOUND('',#466,.T.);
#324=FACE_OUTER_BOUND('',#467,.T.);
#325=FACE_OUTER_BOUND('',#468,.T.);
#326=FACE_OUTER_BOUND('',#469,.T.);
#327=FACE_OUTER_BOUND('',#470,.T.);
#328=FACE_OUTER_BOUND('',#471,.T.);
#329=FACE_OUTER_BOUND('',#472,.T.);
#330=FACE_OUTER_BOUND('',#473,.T.);
#331=FACE_OUTER_BOUND('',#474,.T.);
#332=FACE_OUTER_BOUND('',#475,.T.);
#333=FACE_OUTER_BOUND('',#476,.T.);
#334=FACE_OUTER_BOUND('',#477,.T.);
#335=FACE_OUTER_BOUND('',#478,.T.);
#336=FACE_OUTER_BOUND('',#479,.T.);
#337=FACE_OUTER_BOUND('',#480,.T.);
#338=FACE_OUTER_BOUND('',#481,.T.);
#339=FACE_OUTER_BOUND('',#482,.T.);
#340=FACE_OUTER_BOUND('',#483,.T.);
#341=FACE_OUTER_BOUND('',#484,.T.);
#342=FACE_OUTER_BOUND('',#485,.T.);
#343=FACE_OUTER_BOUND('',#486,.T.);
#344=FACE_OUTER_BOUND('',#487,.T.);
#345=FACE_OUTER_BOUND('',#488,.T.);
#346=FACE_OUTER_BOUND('',#489,.T.);
#347=FACE_OUTER_BOUND('',#490,.T.);
#348=FACE_OUTER_BOUND('',#491,.T.);
#349=FACE_OUTER_BOUND('',#492,.T.);
#350=FACE_OUTER_BOUND('',#493,.T.);
#351=FACE_OUTER_BOUND('',#494,.T.);
#352=FACE_OUTER_BOUND('',#495,.T.);
#353=FACE_OUTER_BOUND('',#496,.T.);
#354=FACE_OUTER_BOUND('',#497,.T.);
#355=FACE_OUTER_BOUND('',#498,.T.);
#356=FACE_OUTER_BOUND('',#499,.T.);
#357=FACE_OUTER_BOUND('',#500,.T.);
#358=FACE_OUTER_BOUND('',#501,.T.);
#359=FACE_OUTER_BOUND('',#502,.T.);
#360=FACE_OUTER_BOUND('',#503,.T.);
#361=FACE_OUTER_BOUND('',#504,.T.);
#362=FACE_OUTER_BOUND('',#505,.T.);
#363=FACE_OUTER_BOUND('',#506,.T.);
#364=FACE_OUTER_BOUND('',#507,.T.);
#365=FACE_OUTER_BOUND('',#508,.T.);
#366=FACE_OUTER_BOUND('',#509,.T.);
#367=FACE_OUTER_BOUND('',#510,.T.);
#368=FACE_OUTER_BOUND('',#511,.T.);
#369=FACE_OUTER_BOUND('',#512,.T.);
#370=FACE_OUTER_BOUND('',#513,.T.);
#371=FACE_OUTER_BOUND('',#514,.T.);
#372=FACE_OUTER_BOUND('',#515,.T.);
#373=FACE_OUTER_BOUND('',#516,.T.);
#374=FACE_OUTER_BOUND('',#517,.T.);
#375=FACE_OUTER_BOUND('',#518,.T.);
#376=FACE_OUTER_BOUND('',#519,.T.);
#377=FACE_OUTER_BOUND('',#520,.T.);
#378=FACE_OUTER_BOUND('',#521,.T.);
#379=FACE_OUTER_BOUND('',#522,.T.);
#380=FACE_OUTER_BOUND('',#523,.T.);
#381=FACE_OUTER_BOUND('',#524,.T.);
#382=FACE_OUTER_BOUND('',#525,.T.);
#383=FACE_OUTER_BOUND('',#526,.T.);
#384=FACE_OUTER_BOUND('',#527,.T.);
#385=FACE_OUTER_BOUND('',#528,.T.);
#386=FACE_OUTER_BOUND('',#529,.T.);
#387=FACE_OUTER_BOUND('',#530,.T.);
#388=FACE_OUTER_BOUND('',#531,.T.);
#389=FACE_OUTER_BOUND('',#532,.T.);
#390=FACE_OUTER_BOUND('',#533,.T.);
#391=FACE_OUTER_BOUND('',#534,.T.);
#392=FACE_OUTER_BOUND('',#535,.T.);
#393=FACE_OUTER_BOUND('',#536,.T.);
#394=FACE_OUTER_BOUND('',#537,.T.);
#395=FACE_OUTER_BOUND('',#538,.T.);
#396=FACE_OUTER_BOUND('',#539,.T.);
#397=FACE_OUTER_BOUND('',#540,.T.);
#398=FACE_OUTER_BOUND('',#541,.T.);
#399=FACE_OUTER_BOUND('',#542,.T.);
#400=FACE_OUTER_BOUND('',#543,.T.);
#401=FACE_OUTER_BOUND('',#544,.T.);
#402=FACE_OUTER_BOUND('',#545,.T.);
#403=FACE_OUTER_BOUND('',#546,.T.);
#404=FACE_OUTER_BOUND('',#547,.T.);
#405=FACE_OUTER_BOUND('',#548,.T.);
#406=FACE_OUTER_BOUND('',#549,.T.);
#407=FACE_OUTER_BOUND('',#550,.T.);
#408=FACE_OUTER_BOUND('',#551,.T.);
#409=FACE_OUTER_BOUND('',#552,.T.);
#410=FACE_OUTER_BOUND('',#553,.T.);
#411=EDGE_LOOP('',(#1609,#1610,#1611,#1612,#1613,#1614));
#412=EDGE_LOOP('',(#1615,#1616,#1617,#1618,#1619,#1620,#1621,#1622));
#413=EDGE_LOOP('',(#1623,#1624,#1625,#1626,#1627,#1628,#1629,#1630,#1631,
#1632));
#414=EDGE_LOOP('',(#1633));
#415=EDGE_LOOP('',(#1634));
#416=EDGE_LOOP('',(#1635));
#417=EDGE_LOOP('',(#1636,#1637,#1638,#1639,#1640,#1641,#1642,#1643,#1644,
#1645,#1646,#1647,#1648,#1649,#1650,#1651,#1652,#1653,#1654,#1655,#1656,
#1657,#1658,#1659,#1660,#1661,#1662,#1663,#1664,#1665,#1666,#1667,#1668,
#1669,#1670,#1671,#1672,#1673,#1674,#1675,#1676,#1677,#1678,#1679,#1680,
#1681,#1682,#1683,#1684,#1685,#1686,#1687,#1688,#1689,#1690,#1691,#1692,
#1693,#1694));
#418=EDGE_LOOP('',(#1695,#1696,#1697,#1698,#1699,#1700));
#419=EDGE_LOOP('',(#1701,#1702,#1703,#1704));
#420=EDGE_LOOP('',(#1705,#1706,#1707));
#421=EDGE_LOOP('',(#1708,#1709,#1710,#1711));
#422=EDGE_LOOP('',(#1712,#1713,#1714));
#423=EDGE_LOOP('',(#1715,#1716,#1717,#1718,#1719,#1720));
#424=EDGE_LOOP('',(#1721,#1722,#1723,#1724));
#425=EDGE_LOOP('',(#1725,#1726,#1727,#1728,#1729,#1730,#1731,#1732,#1733,
#1734,#1735));
#426=EDGE_LOOP('',(#1736));
#427=EDGE_LOOP('',(#1737));
#428=EDGE_LOOP('',(#1738));
#429=EDGE_LOOP('',(#1739,#1740,#1741,#1742,#1743));
#430=EDGE_LOOP('',(#1744,#1745,#1746));
#431=EDGE_LOOP('',(#1747,#1748,#1749,#1750,#1751,#1752,#1753));
#432=EDGE_LOOP('',(#1754,#1755,#1756,#1757,#1758,#1759));
#433=EDGE_LOOP('',(#1760,#1761,#1762,#1763));
#434=EDGE_LOOP('',(#1764,#1765,#1766,#1767,#1768,#1769));
#435=EDGE_LOOP('',(#1770,#1771,#1772,#1773,#1774,#1775,#1776,#1777,#1778));
#436=EDGE_LOOP('',(#1779,#1780,#1781,#1782,#1783));
#437=EDGE_LOOP('',(#1784,#1785,#1786,#1787,#1788,#1789));
#438=EDGE_LOOP('',(#1790,#1791,#1792,#1793,#1794,#1795,#1796,#1797,#1798,
#1799,#1800,#1801));
#439=EDGE_LOOP('',(#1802,#1803,#1804,#1805,#1806,#1807,#1808,#1809,#1810,
#1811,#1812,#1813,#1814,#1815,#1816,#1817,#1818,#1819,#1820,#1821));
#440=EDGE_LOOP('',(#1822,#1823,#1824,#1825,#1826,#1827,#1828));
#441=EDGE_LOOP('',(#1829,#1830,#1831,#1832,#1833));
#442=EDGE_LOOP('',(#1834,#1835,#1836,#1837,#1838,#1839));
#443=EDGE_LOOP('',(#1840,#1841,#1842,#1843));
#444=EDGE_LOOP('',(#1844,#1845,#1846,#1847));
#445=EDGE_LOOP('',(#1848,#1849,#1850,#1851));
#446=EDGE_LOOP('',(#1852,#1853,#1854,#1855));
#447=EDGE_LOOP('',(#1856,#1857,#1858,#1859,#1860));
#448=EDGE_LOOP('',(#1861,#1862,#1863,#1864));
#449=EDGE_LOOP('',(#1865,#1866,#1867,#1868));
#450=EDGE_LOOP('',(#1869,#1870,#1871,#1872));
#451=EDGE_LOOP('',(#1873,#1874,#1875,#1876));
#452=EDGE_LOOP('',(#1877,#1878,#1879,#1880));
#453=EDGE_LOOP('',(#1881,#1882,#1883,#1884));
#454=EDGE_LOOP('',(#1885,#1886,#1887,#1888));
#455=EDGE_LOOP('',(#1889,#1890,#1891,#1892));
#456=EDGE_LOOP('',(#1893,#1894,#1895,#1896));
#457=EDGE_LOOP('',(#1897,#1898,#1899,#1900));
#458=EDGE_LOOP('',(#1901,#1902,#1903,#1904,#1905,#1906,#1907,#1908));
#459=EDGE_LOOP('',(#1909));
#460=EDGE_LOOP('',(#1910));
#461=EDGE_LOOP('',(#1911,#1912,#1913,#1914,#1915,#1916));
#462=EDGE_LOOP('',(#1917,#1918,#1919,#1920));
#463=EDGE_LOOP('',(#1921,#1922,#1923,#1924,#1925,#1926,#1927));
#464=EDGE_LOOP('',(#1928,#1929,#1930,#1931,#1932,#1933));
#465=EDGE_LOOP('',(#1934,#1935,#1936,#1937));
#466=EDGE_LOOP('',(#1938,#1939,#1940,#1941,#1942,#1943,#1944));
#467=EDGE_LOOP('',(#1945,#1946,#1947,#1948,#1949,#1950));
#468=EDGE_LOOP('',(#1951,#1952,#1953,#1954,#1955,#1956,#1957));
#469=EDGE_LOOP('',(#1958,#1959,#1960,#1961));
#470=EDGE_LOOP('',(#1962,#1963,#1964,#1965,#1966));
#471=EDGE_LOOP('',(#1967,#1968,#1969,#1970,#1971,#1972,#1973,#1974,#1975));
#472=EDGE_LOOP('',(#1976,#1977,#1978,#1979,#1980,#1981,#1982,#1983));
#473=EDGE_LOOP('',(#1984,#1985,#1986,#1987));
#474=EDGE_LOOP('',(#1988,#1989,#1990,#1991,#1992,#1993,#1994));
#475=EDGE_LOOP('',(#1995,#1996,#1997,#1998));
#476=EDGE_LOOP('',(#1999,#2000,#2001,#2002,#2003,#2004));
#477=EDGE_LOOP('',(#2005,#2006,#2007,#2008));
#478=EDGE_LOOP('',(#2009,#2010,#2011));
#479=EDGE_LOOP('',(#2012,#2013,#2014,#2015));
#480=EDGE_LOOP('',(#2016,#2017,#2018,#2019));
#481=EDGE_LOOP('',(#2020,#2021,#2022,#2023,#2024));
#482=EDGE_LOOP('',(#2025,#2026,#2027,#2028,#2029,#2030,#2031,#2032,#2033,
#2034,#2035,#2036,#2037));
#483=EDGE_LOOP('',(#2038,#2039,#2040,#2041,#2042));
#484=EDGE_LOOP('',(#2043,#2044,#2045,#2046,#2047));
#485=EDGE_LOOP('',(#2048,#2049,#2050,#2051));
#486=EDGE_LOOP('',(#2052,#2053));
#487=EDGE_LOOP('',(#2054,#2055,#2056,#2057));
#488=EDGE_LOOP('',(#2058,#2059,#2060,#2061,#2062,#2063));
#489=EDGE_LOOP('',(#2064,#2065,#2066,#2067));
#490=EDGE_LOOP('',(#2068,#2069,#2070,#2071));
#491=EDGE_LOOP('',(#2072,#2073,#2074,#2075,#2076,#2077,#2078,#2079));
#492=EDGE_LOOP('',(#2080,#2081,#2082,#2083,#2084,#2085,#2086));
#493=EDGE_LOOP('',(#2087,#2088,#2089,#2090));
#494=EDGE_LOOP('',(#2091,#2092,#2093,#2094,#2095,#2096,#2097,#2098,#2099,
#2100));
#495=EDGE_LOOP('',(#2101,#2102,#2103,#2104,#2105,#2106));
#496=EDGE_LOOP('',(#2107,#2108,#2109,#2110));
#497=EDGE_LOOP('',(#2111,#2112,#2113,#2114));
#498=EDGE_LOOP('',(#2115,#2116,#2117,#2118,#2119,#2120));
#499=EDGE_LOOP('',(#2121,#2122,#2123,#2124));
#500=EDGE_LOOP('',(#2125,#2126,#2127,#2128,#2129,#2130));
#501=EDGE_LOOP('',(#2131,#2132,#2133,#2134));
#502=EDGE_LOOP('',(#2135,#2136,#2137,#2138));
#503=EDGE_LOOP('',(#2139,#2140,#2141,#2142));
#504=EDGE_LOOP('',(#2143,#2144,#2145,#2146));
#505=EDGE_LOOP('',(#2147,#2148,#2149,#2150));
#506=EDGE_LOOP('',(#2151,#2152,#2153,#2154));
#507=EDGE_LOOP('',(#2155,#2156,#2157,#2158));
#508=EDGE_LOOP('',(#2159,#2160,#2161,#2162));
#509=EDGE_LOOP('',(#2163,#2164,#2165,#2166));
#510=EDGE_LOOP('',(#2167,#2168,#2169,#2170));
#511=EDGE_LOOP('',(#2171,#2172));
#512=EDGE_LOOP('',(#2173,#2174));
#513=EDGE_LOOP('',(#2175,#2176));
#514=EDGE_LOOP('',(#2177,#2178,#2179,#2180,#2181));
#515=EDGE_LOOP('',(#2182,#2183,#2184,#2185,#2186));
#516=EDGE_LOOP('',(#2187,#2188,#2189,#2190,#2191,#2192,#2193,#2194,#2195));
#517=EDGE_LOOP('',(#2196,#2197,#2198,#2199,#2200,#2201,#2202,#2203,#2204,
#2205,#2206,#2207,#2208,#2209,#2210,#2211,#2212,#2213,#2214));
#518=EDGE_LOOP('',(#2215,#2216,#2217,#2218));
#519=EDGE_LOOP('',(#2219,#2220,#2221,#2222,#2223,#2224,#2225,#2226,#2227,
#2228));
#520=EDGE_LOOP('',(#2229,#2230,#2231,#2232));
#521=EDGE_LOOP('',(#2233,#2234,#2235));
#522=EDGE_LOOP('',(#2236,#2237,#2238,#2239,#2240,#2241));
#523=EDGE_LOOP('',(#2242,#2243,#2244,#2245,#2246,#2247));
#524=EDGE_LOOP('',(#2248,#2249,#2250,#2251,#2252,#2253));
#525=EDGE_LOOP('',(#2254,#2255,#2256,#2257,#2258,#2259));
#526=EDGE_LOOP('',(#2260,#2261,#2262,#2263));
#527=EDGE_LOOP('',(#2264,#2265,#2266,#2267));
#528=EDGE_LOOP('',(#2268,#2269,#2270,#2271,#2272));
#529=EDGE_LOOP('',(#2273,#2274,#2275,#2276));
#530=EDGE_LOOP('',(#2277,#2278,#2279,#2280));
#531=EDGE_LOOP('',(#2281,#2282,#2283,#2284));
#532=EDGE_LOOP('',(#2285,#2286,#2287,#2288,#2289));
#533=EDGE_LOOP('',(#2290,#2291,#2292,#2293));
#534=EDGE_LOOP('',(#2294,#2295,#2296,#2297,#2298,#2299,#2300,#2301,#2302));
#535=EDGE_LOOP('',(#2303,#2304,#2305,#2306,#2307));
#536=EDGE_LOOP('',(#2308,#2309,#2310,#2311,#2312));
#537=EDGE_LOOP('',(#2313,#2314,#2315,#2316));
#538=EDGE_LOOP('',(#2317,#2318,#2319,#2320));
#539=EDGE_LOOP('',(#2321,#2322,#2323,#2324));
#540=EDGE_LOOP('',(#2325,#2326,#2327,#2328));
#541=EDGE_LOOP('',(#2329,#2330,#2331,#2332,#2333));
#542=EDGE_LOOP('',(#2334,#2335,#2336,#2337,#2338));
#543=EDGE_LOOP('',(#2339,#2340,#2341,#2342,#2343));
#544=EDGE_LOOP('',(#2344,#2345,#2346,#2347));
#545=EDGE_LOOP('',(#2348,#2349,#2350,#2351));
#546=EDGE_LOOP('',(#2352,#2353,#2354,#2355));
#547=EDGE_LOOP('',(#2356,#2357,#2358,#2359));
#548=EDGE_LOOP('',(#2360,#2361,#2362));
#549=EDGE_LOOP('',(#2363,#2364,#2365,#2366));
#550=EDGE_LOOP('',(#2367,#2368,#2369,#2370));
#551=EDGE_LOOP('',(#2371,#2372,#2373,#2374));
#552=EDGE_LOOP('',(#2375,#2376,#2377,#2378));
#553=EDGE_LOOP('',(#2379,#2380,#2381,#2382));
#554=LINE('',#3525,#764);
#555=LINE('',#3527,#765);
#556=LINE('',#3529,#766);
#557=LINE('',#3531,#767);
#558=LINE('',#3533,#768);
#559=LINE('',#3534,#769);
#560=LINE('',#3538,#770);
#561=LINE('',#3540,#771);
#562=LINE('',#3542,#772);
#563=LINE('',#3544,#773);
#564=LINE('',#3546,#774);
#565=LINE('',#3548,#775);
#566=LINE('',#3550,#776);
#567=LINE('',#3551,#777);
#568=LINE('',#3560,#778);
#569=LINE('',#3579,#779);
#570=LINE('',#3583,#780);
#571=LINE('',#3585,#781);
#572=LINE('',#3589,#782);
#573=LINE('',#3591,#783);
#574=LINE('',#3593,#784);
#575=LINE('',#3597,#785);
#576=LINE('',#3607,#786);
#577=LINE('',#3609,#787);
#578=LINE('',#3611,#788);
#579=LINE('',#3629,#789);
#580=LINE('',#3647,#790);
#581=LINE('',#3651,#791);
#582=LINE('',#3653,#792);
#583=LINE('',#3655,#793);
#584=LINE('',#3657,#794);
#585=LINE('',#3661,#795);
#586=LINE('',#3665,#796);
#587=LINE('',#3669,#797);
#588=LINE('',#3671,#798);
#589=LINE('',#3673,#799);
#590=LINE('',#3677,#800);
#591=LINE('',#3679,#801);
#592=LINE('',#3681,#802);
#593=LINE('',#3683,#803);
#594=LINE('',#3687,#804);
#595=LINE('',#3691,#805);
#596=LINE('',#3693,#806);
#597=LINE('',#3695,#807);
#598=LINE('',#3703,#808);
#599=LINE('',#3707,#809);
#600=LINE('',#3711,#810);
#601=LINE('',#3715,#811);
#602=LINE('',#3717,#812);
#603=LINE('',#3719,#813);
#604=LINE('',#3721,#814);
#605=LINE('',#3722,#815);
#606=LINE('',#3725,#816);
#607=LINE('',#3726,#817);
#608=LINE('',#3731,#818);
#609=LINE('',#3732,#819);
#610=LINE('',#3812,#820);
#611=LINE('',#3813,#821);
#612=LINE('',#3816,#822);
#613=LINE('',#3818,#823);
#614=LINE('',#3820,#824);
#615=LINE('',#3822,#825);
#616=LINE('',#3824,#826);
#617=LINE('',#3833,#827);
#618=LINE('',#4003,#828);
#619=LINE('',#4005,#829);
#620=LINE('',#4008,#830);
#621=LINE('',#4014,#831);
#622=LINE('',#4018,#832);
#623=LINE('',#4020,#833);
#624=LINE('',#4021,#834);
#625=LINE('',#4023,#835);
#626=LINE('',#4024,#836);
#627=LINE('',#4027,#837);
#628=LINE('',#4030,#838);
#629=LINE('',#4039,#839);
#630=LINE('',#4048,#840);
#631=LINE('',#4059,#841);
#632=LINE('',#4061,#842);
#633=LINE('',#4065,#843);
#634=LINE('',#4066,#844);
#635=LINE('',#4071,#845);
#636=LINE('',#4072,#846);
#637=LINE('',#4073,#847);
#638=LINE('',#4076,#848);
#639=LINE('',#4108,#849);
#640=LINE('',#4140,#850);
#641=LINE('',#4153,#851);
#642=LINE('',#4166,#852);
#643=LINE('',#4170,#853);
#644=LINE('',#4189,#854);
#645=LINE('',#4191,#855);
#646=LINE('',#4194,#856);
#647=LINE('',#4198,#857);
#648=LINE('',#4202,#858);
#649=LINE('',#4203,#859);
#650=LINE('',#4216,#860);
#651=LINE('',#4219,#861);
#652=LINE('',#4222,#862);
#653=LINE('',#4223,#863);
#654=LINE('',#4228,#864);
#655=LINE('',#4231,#865);
#656=LINE('',#4258,#866);
#657=LINE('',#4260,#867);
#658=LINE('',#4305,#868);
#659=LINE('',#4340,#869);
#660=LINE('',#4349,#870);
#661=LINE('',#4374,#871);
#662=LINE('',#4433,#872);
#663=LINE('',#4435,#873);
#664=LINE('',#4436,#874);
#665=LINE('',#4444,#875);
#666=LINE('',#4447,#876);
#667=LINE('',#4451,#877);
#668=LINE('',#4454,#878);
#669=LINE('',#4470,#879);
#670=LINE('',#4472,#880);
#671=LINE('',#4474,#881);
#672=LINE('',#4476,#882);
#673=LINE('',#4479,#883);
#674=LINE('',#4483,#884);
#675=LINE('',#4486,#885);
#676=LINE('',#4488,#886);
#677=LINE('',#4505,#887);
#678=LINE('',#4534,#888);
#679=LINE('',#4535,#889);
#680=LINE('',#4537,#890);
#681=LINE('',#4539,#891);
#682=LINE('',#4540,#892);
#683=LINE('',#4543,#893);
#684=LINE('',#4544,#894);
#685=LINE('',#4550,#895);
#686=LINE('',#4552,#896);
#687=LINE('',#4559,#897);
#688=LINE('',#4564,#898);
#689=LINE('',#4565,#899);
#690=LINE('',#4671,#900);
#691=LINE('',#4674,#901);
#692=LINE('',#4677,#902);
#693=LINE('',#4683,#903);
#694=LINE('',#4687,#904);
#695=LINE('',#4690,#905);
#696=LINE('',#4693,#906);
#697=LINE('',#4694,#907);
#698=LINE('',#4696,#908);
#699=LINE('',#4709,#909);
#700=LINE('',#4712,#910);
#701=LINE('',#4743,#911);
#702=LINE('',#4745,#912);
#703=LINE('',#4753,#913);
#704=LINE('',#4754,#914);
#705=LINE('',#4758,#915);
#706=LINE('',#4762,#916);
#707=LINE('',#4763,#917);
#708=LINE('',#4767,#918);
#709=LINE('',#4769,#919);
#710=LINE('',#4782,#920);
#711=LINE('',#4783,#921);
#712=LINE('',#4787,#922);
#713=LINE('',#4800,#923);
#714=LINE('',#4802,#924);
#715=LINE('',#4803,#925);
#716=LINE('',#4809,#926);
#717=LINE('',#4812,#927);
#718=LINE('',#4817,#928);
#719=LINE('',#4820,#929);
#720=LINE('',#4825,#930);
#721=LINE('',#4828,#931);
#722=LINE('',#4830,#932);
#723=LINE('',#4832,#933);
#724=LINE('',#4834,#934);
#725=LINE('',#4990,#935);
#726=LINE('',#4994,#936);
#727=LINE('',#4996,#937);
#728=LINE('',#4999,#938);
#729=LINE('',#5004,#939);
#730=LINE('',#5005,#940);
#731=LINE('',#5007,#941);
#732=LINE('',#5027,#942);
#733=LINE('',#5034,#943);
#734=LINE('',#5037,#944);
#735=LINE('',#5039,#945);
#736=LINE('',#5041,#946);
#737=LINE('',#5043,#947);
#738=LINE('',#5045,#948);
#739=LINE('',#5047,#949);
#740=LINE('',#5051,#950);
#741=LINE('',#5053,#951);
#742=LINE('',#5054,#952);
#743=LINE('',#5057,#953);
#744=LINE('',#5060,#954);
#745=LINE('',#5061,#955);
#746=LINE('',#5070,#956);
#747=LINE('',#5073,#957);
#748=LINE('',#5074,#958);
#749=LINE('',#5077,#959);
#750=LINE('',#5079,#960);
#751=LINE('',#5081,#961);
#752=LINE('',#5082,#962);
#753=LINE('',#5085,#963);
#754=LINE('',#5086,#964);
#755=LINE('',#5089,#965);
#756=LINE('',#5090,#966);
#757=LINE('',#5092,#967);
#758=LINE('',#5094,#968);
#759=LINE('',#5095,#969);
#760=LINE('',#5099,#970);
#761=LINE('',#5101,#971);
#762=LINE('',#5104,#972);
#763=LINE('',#5109,#973);
#764=VECTOR('',#2836,10.);
#765=VECTOR('',#2837,3.99999999999998);
#766=VECTOR('',#2838,10.);
#767=VECTOR('',#2839,10.);
#768=VECTOR('',#2840,10.);
#769=VECTOR('',#2841,10.);
#770=VECTOR('',#2844,10.);
#771=VECTOR('',#2845,10.);
#772=VECTOR('',#2846,10.);
#773=VECTOR('',#2847,10.);
#774=VECTOR('',#2848,10.);
#775=VECTOR('',#2849,10.);
#776=VECTOR('',#2850,10.);
#777=VECTOR('',#2851,10.);
#778=VECTOR('',#2858,10.);
#779=VECTOR('',#2877,10.);
#780=VECTOR('',#2880,10.);
#781=VECTOR('',#2881,10.);
#782=VECTOR('',#2884,10.);
#783=VECTOR('',#2885,10.);
#784=VECTOR('',#2886,10.);
#785=VECTOR('',#2889,10.);
#786=VECTOR('',#2898,10.);
#787=VECTOR('',#2899,10.);
#788=VECTOR('',#2900,10.);
#789=VECTOR('',#2903,10.);
#790=VECTOR('',#2906,10.);
#791=VECTOR('',#2909,10.);
#792=VECTOR('',#2910,10.);
#793=VECTOR('',#2911,10.);
#794=VECTOR('',#2912,10.);
#795=VECTOR('',#2915,10.);
#796=VECTOR('',#2918,10.);
#797=VECTOR('',#2921,10.);
#798=VECTOR('',#2922,10.);
#799=VECTOR('',#2923,10.);
#800=VECTOR('',#2926,10.);
#801=VECTOR('',#2927,10.);
#802=VECTOR('',#2928,10.);
#803=VECTOR('',#2929,10.);
#804=VECTOR('',#2932,10.);
#805=VECTOR('',#2935,10.);
#806=VECTOR('',#2936,10.);
#807=VECTOR('',#2937,10.);
#808=VECTOR('',#2944,10.);
#809=VECTOR('',#2947,10.);
#810=VECTOR('',#2950,10.);
#811=VECTOR('',#2955,10.);
#812=VECTOR('',#2956,10.);
#813=VECTOR('',#2957,10.);
#814=VECTOR('',#2958,10.);
#815=VECTOR('',#2959,10.);
#816=VECTOR('',#2962,10.);
#817=VECTOR('',#2963,10.);
#818=VECTOR('',#2970,10.);
#819=VECTOR('',#2971,10.);
#820=VECTOR('',#2980,4.);
#821=VECTOR('',#2981,10.);
#822=VECTOR('',#2984,10.);
#823=VECTOR('',#2985,10.);
#824=VECTOR('',#2986,10.);
#825=VECTOR('',#2987,10.);
#826=VECTOR('',#2988,10.);
#827=VECTOR('',#2991,10.);
#828=VECTOR('',#3008,10.);
#829=VECTOR('',#3009,10.);
#830=VECTOR('',#3012,10.);
#831=VECTOR('',#3017,10.);
#832=VECTOR('',#3020,10.);
#833=VECTOR('',#3021,10.);
#834=VECTOR('',#3022,10.);
#835=VECTOR('',#3025,10.);
#836=VECTOR('',#3026,10.);
#837=VECTOR('',#3031,10.);
#838=VECTOR('',#3034,10.);
#839=VECTOR('',#3035,10.);
#840=VECTOR('',#3036,10.);
#841=VECTOR('',#3039,10.);
#842=VECTOR('',#3040,10.);
#843=VECTOR('',#3043,10.);
#844=VECTOR('',#3044,10.);
#845=VECTOR('',#3049,10.);
#846=VECTOR('',#3050,10.);
#847=VECTOR('',#3051,10.);
#848=VECTOR('',#3054,10.);
#849=VECTOR('',#3055,10.);
#850=VECTOR('',#3056,10.);
#851=VECTOR('',#3057,10.);
#852=VECTOR('',#3072,10.);
#853=VECTOR('',#3075,10.);
#854=VECTOR('',#3086,10.);
#855=VECTOR('',#3089,10.);
#856=VECTOR('',#3092,10.);
#857=VECTOR('',#3095,10.);
#858=VECTOR('',#3100,10.);
#859=VECTOR('',#3101,10.);
#860=VECTOR('',#3108,10.);
#861=VECTOR('',#3111,10.);
#862=VECTOR('',#3114,10.);
#863=VECTOR('',#3115,10.);
#864=VECTOR('',#3124,10.);
#865=VECTOR('',#3127,10.);
#866=VECTOR('',#3130,10.);
#867=VECTOR('',#3131,10.);
#868=VECTOR('',#3132,10.);
#869=VECTOR('',#3133,10.);
#870=VECTOR('',#3134,10.);
#871=VECTOR('',#3135,10.);
#872=VECTOR('',#3138,10.);
#873=VECTOR('',#3139,10.);
#874=VECTOR('',#3140,10.);
#875=VECTOR('',#3151,4.);
#876=VECTOR('',#3154,10.);
#877=VECTOR('',#3157,10.);
#878=VECTOR('',#3162,10.);
#879=VECTOR('',#3163,10.);
#880=VECTOR('',#3166,4.00000000000001);
#881=VECTOR('',#3169,4.00000000000001);
#882=VECTOR('',#3172,10.);
#883=VECTOR('',#3175,3.99999999999998);
#884=VECTOR('',#3178,10.);
#885=VECTOR('',#3183,10.);
#886=VECTOR('',#3186,10.);
#887=VECTOR('',#3189,3.99999999999998);
#888=VECTOR('',#3194,10.);
#889=VECTOR('',#3195,10.);
#890=VECTOR('',#3198,10.);
#891=VECTOR('',#3201,10.);
#892=VECTOR('',#3202,10.);
#893=VECTOR('',#3205,10.);
#894=VECTOR('',#3206,10.);
#895=VECTOR('',#3215,10.);
#896=VECTOR('',#3216,10.);
#897=VECTOR('',#3225,10.);
#898=VECTOR('',#3230,10.);
#899=VECTOR('',#3231,10.);
#900=VECTOR('',#3234,10.);
#901=VECTOR('',#3237,10.);
#902=VECTOR('',#3242,10.);
#903=VECTOR('',#3249,10.);
#904=VECTOR('',#3254,10.);
#905=VECTOR('',#3257,10.);
#906=VECTOR('',#3260,10.);
#907=VECTOR('',#3261,10.);
#908=VECTOR('',#3264,10.);
#909=VECTOR('',#3267,10.);
#910=VECTOR('',#3270,10.);
#911=VECTOR('',#3275,10.);
#912=VECTOR('',#3278,10.);
#913=VECTOR('',#3287,10.);
#914=VECTOR('',#3288,10.);
#915=VECTOR('',#3291,10.);
#916=VECTOR('',#3294,10.);
#917=VECTOR('',#3295,10.);
#918=VECTOR('',#3300,10.);
#919=VECTOR('',#3301,10.);
#920=VECTOR('',#3304,10.);
#921=VECTOR('',#3305,10.);
#922=VECTOR('',#3312,10.);
#923=VECTOR('',#3315,10.);
#924=VECTOR('',#3318,10.);
#925=VECTOR('',#3319,10.);
#926=VECTOR('',#3326,2.24999999999511);
#927=VECTOR('',#3331,1.5);
#928=VECTOR('',#3336,2.24999999999511);
#929=VECTOR('',#3341,1.5);
#930=VECTOR('',#3346,2.24999999999511);
#931=VECTOR('',#3351,1.5);
#932=VECTOR('',#3354,3.00000000000001);
#933=VECTOR('',#3357,3.);
#934=VECTOR('',#3360,3.);
#935=VECTOR('',#3379,5.49999999999201);
#936=VECTOR('',#3384,10.);
#937=VECTOR('',#3385,10.);
#938=VECTOR('',#3388,10.);
#939=VECTOR('',#3393,10.);
#940=VECTOR('',#3394,10.);
#941=VECTOR('',#3397,10.);
#942=VECTOR('',#3402,5.49999999999201);
#943=VECTOR('',#3409,10.);
#944=VECTOR('',#3414,3.);
#945=VECTOR('',#3417,3.);
#946=VECTOR('',#3420,3.00000000000001);
#947=VECTOR('',#3423,3.00000000000001);
#948=VECTOR('',#3426,10.);
#949=VECTOR('',#3429,10.);
#950=VECTOR('',#3434,10.);
#951=VECTOR('',#3435,10.);
#952=VECTOR('',#3436,10.);
#953=VECTOR('',#3439,10.);
#954=VECTOR('',#3444,10.);
#955=VECTOR('',#3445,10.);
#956=VECTOR('',#3458,10.);
#957=VECTOR('',#3461,10.);
#958=VECTOR('',#3462,10.);
#959=VECTOR('',#3465,10.);
#960=VECTOR('',#3466,10.);
#961=VECTOR('',#3467,10.);
#962=VECTOR('',#3468,10.);
#963=VECTOR('',#3471,10.);
#964=VECTOR('',#3472,10.);
#965=VECTOR('',#3475,10.);
#966=VECTOR('',#3476,10.);
#967=VECTOR('',#3479,10.);
#968=VECTOR('',#3482,10.);
#969=VECTOR('',#3483,10.);
#970=VECTOR('',#3490,10.);
#971=VECTOR('',#3491,10.);
#972=VECTOR('',#3496,10.);
#973=VECTOR('',#3505,10.);
#974=VERTEX_POINT('',#3523);
#975=VERTEX_POINT('',#3524);
#976=VERTEX_POINT('',#3526);
#977=VERTEX_POINT('',#3528);
#978=VERTEX_POINT('',#3530);
#979=VERTEX_POINT('',#3532);
#980=VERTEX_POINT('',#3536);
#981=VERTEX_POINT('',#3537);
#982=VERTEX_POINT('',#3539);
#983=VERTEX_POINT('',#3541);
#984=VERTEX_POINT('',#3543);
#985=VERTEX_POINT('',#3545);
#986=VERTEX_POINT('',#3547);
#987=VERTEX_POINT('',#3549);
#988=VERTEX_POINT('',#3552);
#989=VERTEX_POINT('',#3553);
#990=VERTEX_POINT('',#3555);
#991=VERTEX_POINT('',#3557);
#992=VERTEX_POINT('',#3559);
#993=VERTEX_POINT('',#3561);
#994=VERTEX_POINT('',#3563);
#995=VERTEX_POINT('',#3565);
#996=VERTEX_POINT('',#3567);
#997=VERTEX_POINT('',#3569);
#998=VERTEX_POINT('',#3572);
#999=VERTEX_POINT('',#3574);
#1000=VERTEX_POINT('',#3576);
#1001=VERTEX_POINT('',#3578);
#1002=VERTEX_POINT('',#3580);
#1003=VERTEX_POINT('',#3582);
#1004=VERTEX_POINT('',#3584);
#1005=VERTEX_POINT('',#3586);
#1006=VERTEX_POINT('',#3588);
#1007=VERTEX_POINT('',#3590);
#1008=VERTEX_POINT('',#3592);
#1009=VERTEX_POINT('',#3594);
#1010=VERTEX_POINT('',#3596);
#1011=VERTEX_POINT('',#3598);
#1012=VERTEX_POINT('',#3600);
#1013=VERTEX_POINT('',#3602);
#1014=VERTEX_POINT('',#3604);
#1015=VERTEX_POINT('',#3606);
#1016=VERTEX_POINT('',#3608);
#1017=VERTEX_POINT('',#3610);
#1018=VERTEX_POINT('',#3612);
#1019=VERTEX_POINT('',#3619);
#1020=VERTEX_POINT('',#3621);
#1021=VERTEX_POINT('',#3628);
#1022=VERTEX_POINT('',#3630);
#1023=VERTEX_POINT('',#3637);
#1024=VERTEX_POINT('',#3639);
#1025=VERTEX_POINT('',#3646);
#1026=VERTEX_POINT('',#3648);
#1027=VERTEX_POINT('',#3650);
#1028=VERTEX_POINT('',#3652);
#1029=VERTEX_POINT('',#3654);
#1030=VERTEX_POINT('',#3656);
#1031=VERTEX_POINT('',#3658);
#1032=VERTEX_POINT('',#3660);
#1033=VERTEX_POINT('',#3662);
#1034=VERTEX_POINT('',#3664);
#1035=VERTEX_POINT('',#3666);
#1036=VERTEX_POINT('',#3668);
#1037=VERTEX_POINT('',#3670);
#1038=VERTEX_POINT('',#3672);
#1039=VERTEX_POINT('',#3674);
#1040=VERTEX_POINT('',#3676);
#1041=VERTEX_POINT('',#3678);
#1042=VERTEX_POINT('',#3680);
#1043=VERTEX_POINT('',#3682);
#1044=VERTEX_POINT('',#3684);
#1045=VERTEX_POINT('',#3686);
#1046=VERTEX_POINT('',#3688);
#1047=VERTEX_POINT('',#3690);
#1048=VERTEX_POINT('',#3692);
#1049=VERTEX_POINT('',#3694);
#1050=VERTEX_POINT('',#3696);
#1051=VERTEX_POINT('',#3698);
#1052=VERTEX_POINT('',#3700);
#1053=VERTEX_POINT('',#3702);
#1054=VERTEX_POINT('',#3704);
#1055=VERTEX_POINT('',#3706);
#1056=VERTEX_POINT('',#3708);
#1057=VERTEX_POINT('',#3710);
#1058=VERTEX_POINT('',#3714);
#1059=VERTEX_POINT('',#3716);
#1060=VERTEX_POINT('',#3718);
#1061=VERTEX_POINT('',#3720);
#1062=VERTEX_POINT('',#3724);
#1063=VERTEX_POINT('',#3730);
#1064=VERTEX_POINT('',#3765);
#1065=VERTEX_POINT('',#3766);
#1066=VERTEX_POINT('',#3773);
#1067=VERTEX_POINT('',#3779);
#1068=VERTEX_POINT('',#3788);
#1069=VERTEX_POINT('',#3790);
#1070=VERTEX_POINT('',#3815);
#1071=VERTEX_POINT('',#3817);
#1072=VERTEX_POINT('',#3819);
#1073=VERTEX_POINT('',#3821);
#1074=VERTEX_POINT('',#3823);
#1075=VERTEX_POINT('',#3825);
#1076=VERTEX_POINT('',#3827);
#1077=VERTEX_POINT('',#3832);
#1078=VERTEX_POINT('',#3835);
#1079=VERTEX_POINT('',#3837);
#1080=VERTEX_POINT('',#3839);
#1081=VERTEX_POINT('',#3956);
#1082=VERTEX_POINT('',#3957);
#1083=VERTEX_POINT('',#3971);
#1084=VERTEX_POINT('',#3977);
#1085=VERTEX_POINT('',#3979);
#1086=VERTEX_POINT('',#3990);
#1087=VERTEX_POINT('',#4004);
#1088=VERTEX_POINT('',#4006);
#1089=VERTEX_POINT('',#4010);
#1090=VERTEX_POINT('',#4011);
#1091=VERTEX_POINT('',#4013);
#1092=VERTEX_POINT('',#4015);
#1093=VERTEX_POINT('',#4017);
#1094=VERTEX_POINT('',#4019);
#1095=VERTEX_POINT('',#4029);
#1096=VERTEX_POINT('',#4031);
#1097=VERTEX_POINT('',#4038);
#1098=VERTEX_POINT('',#4040);
#1099=VERTEX_POINT('',#4047);
#1100=VERTEX_POINT('',#4058);
#1101=VERTEX_POINT('',#4060);
#1102=VERTEX_POINT('',#4062);
#1103=VERTEX_POINT('',#4064);
#1104=VERTEX_POINT('',#4068);
#1105=VERTEX_POINT('',#4070);
#1106=VERTEX_POINT('',#4075);
#1107=VERTEX_POINT('',#4077);
#1108=VERTEX_POINT('',#4092);
#1109=VERTEX_POINT('',#4107);
#1110=VERTEX_POINT('',#4109);
#1111=VERTEX_POINT('',#4124);
#1112=VERTEX_POINT('',#4139);
#1113=VERTEX_POINT('',#4141);
#1114=VERTEX_POINT('',#4146);
#1115=VERTEX_POINT('',#4155);
#1116=VERTEX_POINT('',#4157);
#1117=VERTEX_POINT('',#4159);
#1118=VERTEX_POINT('',#4163);
#1119=VERTEX_POINT('',#4165);
#1120=VERTEX_POINT('',#4167);
#1121=VERTEX_POINT('',#4169);
#1122=VERTEX_POINT('',#4175);
#1123=VERTEX_POINT('',#4179);
#1124=VERTEX_POINT('',#4188);
#1125=VERTEX_POINT('',#4193);
#1126=VERTEX_POINT('',#4195);
#1127=VERTEX_POINT('',#4197);
#1128=VERTEX_POINT('',#4201);
#1129=VERTEX_POINT('',#4215);
#1130=VERTEX_POINT('',#4217);
#1131=VERTEX_POINT('',#4221);
#1132=VERTEX_POINT('',#4230);
#1133=VERTEX_POINT('',#4257);
#1134=VERTEX_POINT('',#4259);
#1135=VERTEX_POINT('',#4303);
#1136=VERTEX_POINT('',#4304);
#1137=VERTEX_POINT('',#4338);
#1138=VERTEX_POINT('',#4339);
#1139=VERTEX_POINT('',#4341);
#1140=VERTEX_POINT('',#4348);
#1141=VERTEX_POINT('',#4372);
#1142=VERTEX_POINT('',#4373);
#1143=VERTEX_POINT('',#4432);
#1144=VERTEX_POINT('',#4434);
#1145=VERTEX_POINT('',#4437);
#1146=VERTEX_POINT('',#4439);
#1147=VERTEX_POINT('',#4446);
#1148=VERTEX_POINT('',#4448);
#1149=VERTEX_POINT('',#4450);
#1150=VERTEX_POINT('',#4455);
#1151=VERTEX_POINT('',#4478);
#1152=VERTEX_POINT('',#4480);
#1153=VERTEX_POINT('',#4482);
#1154=VERTEX_POINT('',#4490);
#1155=VERTEX_POINT('',#4523);
#1156=VERTEX_POINT('',#4533);
#1157=VERTEX_POINT('',#4542);
#1158=VERTEX_POINT('',#4549);
#1159=VERTEX_POINT('',#4551);
#1160=VERTEX_POINT('',#4555);
#1161=VERTEX_POINT('',#4557);
#1162=VERTEX_POINT('',#4561);
#1163=VERTEX_POINT('',#4563);
#1164=VERTEX_POINT('',#4673);
#1165=VERTEX_POINT('',#4680);
#1166=VERTEX_POINT('',#4681);
#1167=VERTEX_POINT('',#4685);
#1168=VERTEX_POINT('',#4689);
#1169=VERTEX_POINT('',#4692);
#1170=VERTEX_POINT('',#4698);
#1171=VERTEX_POINT('',#4711);
#1172=VERTEX_POINT('',#4713);
#1173=VERTEX_POINT('',#4730);
#1174=VERTEX_POINT('',#4732);
#1175=VERTEX_POINT('',#4734);
#1176=VERTEX_POINT('',#4749);
#1177=VERTEX_POINT('',#4750);
#1178=VERTEX_POINT('',#4752);
#1179=VERTEX_POINT('',#4755);
#1180=VERTEX_POINT('',#4757);
#1181=VERTEX_POINT('',#4759);
#1182=VERTEX_POINT('',#4761);
#1183=VERTEX_POINT('',#4765);
#1184=VERTEX_POINT('',#4768);
#1185=VERTEX_POINT('',#4781);
#1186=VERTEX_POINT('',#4789);
#1187=VERTEX_POINT('',#4806);
#1188=VERTEX_POINT('',#4808);
#1189=VERTEX_POINT('',#4814);
#1190=VERTEX_POINT('',#4816);
#1191=VERTEX_POINT('',#4822);
#1192=VERTEX_POINT('',#4824);
#1193=VERTEX_POINT('',#4888);
#1194=VERTEX_POINT('',#4953);
#1195=VERTEX_POINT('',#4971);
#1196=VERTEX_POINT('',#4972);
#1197=VERTEX_POINT('',#4974);
#1198=VERTEX_POINT('',#4976);
#1199=VERTEX_POINT('',#4980);
#1200=VERTEX_POINT('',#4984);
#1201=VERTEX_POINT('',#4989);
#1202=VERTEX_POINT('',#4993);
#1203=VERTEX_POINT('',#4995);
#1204=VERTEX_POINT('',#4998);
#1205=VERTEX_POINT('',#5000);
#1206=VERTEX_POINT('',#5002);
#1207=VERTEX_POINT('',#5009);
#1208=VERTEX_POINT('',#5010);
#1209=VERTEX_POINT('',#5026);
#1210=VERTEX_POINT('',#5050);
#1211=VERTEX_POINT('',#5052);
#1212=VERTEX_POINT('',#5056);
#1213=VERTEX_POINT('',#5066);
#1214=VERTEX_POINT('',#5068);
#1215=VERTEX_POINT('',#5072);
#1216=VERTEX_POINT('',#5076);
#1217=VERTEX_POINT('',#5078);
#1218=VERTEX_POINT('',#5080);
#1219=VERTEX_POINT('',#5084);
#1220=VERTEX_POINT('',#5088);
#1221=VERTEX_POINT('',#5100);
#1222=EDGE_CURVE('',#974,#975,#554,.F.);
#1223=EDGE_CURVE('',#975,#976,#555,.T.);
#1224=EDGE_CURVE('',#977,#976,#556,.T.);
#1225=EDGE_CURVE('',#977,#978,#557,.T.);
#1226=EDGE_CURVE('',#979,#978,#558,.T.);
#1227=EDGE_CURVE('',#974,#979,#559,.T.);
#1228=EDGE_CURVE('',#980,#981,#560,.T.);
#1229=EDGE_CURVE('',#980,#982,#561,.T.);
#1230=EDGE_CURVE('',#983,#982,#562,.T.);
#1231=EDGE_CURVE('',#983,#984,#563,.T.);
#1232=EDGE_CURVE('',#985,#984,#564,.T.);
#1233=EDGE_CURVE('',#985,#986,#565,.T.);
#1234=EDGE_CURVE('',#987,#986,#566,.T.);
#1235=EDGE_CURVE('',#987,#981,#567,.T.);
#1236=EDGE_CURVE('',#988,#989,#191,.T.);
#1237=EDGE_CURVE('',#988,#990,#192,.F.);
#1238=EDGE_CURVE('',#990,#991,#193,.T.);
#1239=EDGE_CURVE('',#992,#991,#568,.T.);
#1240=EDGE_CURVE('',#993,#992,#194,.T.);
#1241=EDGE_CURVE('',#993,#994,#195,.T.);
#1242=EDGE_CURVE('',#994,#995,#196,.T.);
#1243=EDGE_CURVE('',#995,#996,#197,.T.);
#1244=EDGE_CURVE('',#996,#997,#198,.T.);
#1245=EDGE_CURVE('',#997,#989,#199,.T.);
#1246=EDGE_CURVE('',#998,#998,#200,.T.);
#1247=EDGE_CURVE('',#999,#999,#201,.T.);
#1248=EDGE_CURVE('',#1000,#1000,#202,.T.);
#1249=EDGE_CURVE('',#974,#1001,#569,.T.);
#1250=EDGE_CURVE('',#1002,#1001,#203,.T.);
#1251=EDGE_CURVE('',#1002,#1003,#570,.T.);
#1252=EDGE_CURVE('',#1004,#1003,#571,.F.);
#1253=EDGE_CURVE('',#1005,#1004,#204,.F.);
#1254=EDGE_CURVE('',#1006,#1005,#572,.F.);
#1255=EDGE_CURVE('',#1007,#1006,#573,.T.);
#1256=EDGE_CURVE('',#1007,#1008,#574,.T.);
#1257=EDGE_CURVE('',#1008,#1009,#205,.T.);
#1258=EDGE_CURVE('',#1009,#1010,#575,.T.);
#1259=EDGE_CURVE('',#1010,#1011,#206,.T.);
#1260=EDGE_CURVE('',#1011,#1012,#207,.T.);
#1261=EDGE_CURVE('',#1013,#1012,#208,.T.);
#1262=EDGE_CURVE('',#1013,#1014,#209,.T.);
#1263=EDGE_CURVE('',#1014,#1015,#576,.T.);
#1264=EDGE_CURVE('',#1015,#1016,#577,.T.);
#1265=EDGE_CURVE('',#1016,#1017,#578,.T.);
#1266=EDGE_CURVE('',#1018,#1017,#127,.T.);
#1267=EDGE_CURVE('',#1018,#1019,#210,.T.);
#1268=EDGE_CURVE('',#1020,#1019,#128,.T.);
#1269=EDGE_CURVE('',#1020,#1021,#579,.T.);
#1270=EDGE_CURVE('',#1022,#1021,#129,.T.);
#1271=EDGE_CURVE('',#1022,#1023,#211,.T.);
#1272=EDGE_CURVE('',#1024,#1023,#130,.T.);
#1273=EDGE_CURVE('',#1024,#1025,#580,.T.);
#1274=EDGE_CURVE('',#1025,#1026,#212,.T.);
#1275=EDGE_CURVE('',#1026,#1027,#581,.T.);
#1276=EDGE_CURVE('',#1027,#1028,#582,.T.);
#1277=EDGE_CURVE('',#1028,#1029,#583,.T.);
#1278=EDGE_CURVE('',#1030,#1029,#584,.T.);
#1279=EDGE_CURVE('',#1030,#1031,#213,.T.);
#1280=EDGE_CURVE('',#1032,#1031,#585,.T.);
#1281=EDGE_CURVE('',#1033,#1032,#214,.F.);
#1282=EDGE_CURVE('',#1034,#1033,#586,.F.);
#1283=EDGE_CURVE('',#1035,#1034,#215,.F.);
#1284=EDGE_CURVE('',#1036,#1035,#587,.F.);
#1285=EDGE_CURVE('',#1037,#1036,#588,.T.);
#1286=EDGE_CURVE('',#1037,#1038,#589,.T.);
#1287=EDGE_CURVE('',#1038,#1039,#216,.T.);
#1288=EDGE_CURVE('',#1039,#1040,#590,.T.);
#1289=EDGE_CURVE('',#1040,#1041,#591,.T.);
#1290=EDGE_CURVE('',#1041,#1042,#592,.T.);
#1291=EDGE_CURVE('',#1042,#1043,#593,.T.);
#1292=EDGE_CURVE('',#1043,#1044,#217,.T.);
#1293=EDGE_CURVE('',#1044,#1045,#594,.T.);
#1294=EDGE_CURVE('',#1045,#1046,#218,.T.);
#1295=EDGE_CURVE('',#1046,#1047,#595,.T.);
#1296=EDGE_CURVE('',#1047,#1048,#596,.T.);
#1297=EDGE_CURVE('',#1048,#1049,#597,.T.);
#1298=EDGE_CURVE('',#1049,#1050,#219,.T.);
#1299=EDGE_CURVE('',#1050,#1051,#220,.T.);
#1300=EDGE_CURVE('',#1051,#1052,#221,.T.);
#1301=EDGE_CURVE('',#1052,#1053,#598,.T.);
#1302=EDGE_CURVE('',#1053,#1054,#222,.T.);
#1303=EDGE_CURVE('',#1054,#1055,#599,.T.);
#1304=EDGE_CURVE('',#1055,#1056,#223,.T.);
#1305=EDGE_CURVE('',#1057,#1056,#600,.T.);
#1306=EDGE_CURVE('',#975,#1057,#224,.F.);
#1307=EDGE_CURVE('',#1058,#1003,#601,.T.);
#1308=EDGE_CURVE('',#1059,#1058,#602,.T.);
#1309=EDGE_CURVE('',#1060,#1059,#603,.T.);
#1310=EDGE_CURVE('',#1061,#1060,#604,.T.);
#1311=EDGE_CURVE('',#1004,#1061,#605,.T.);
#1312=EDGE_CURVE('',#1062,#1002,#606,.T.);
#1313=EDGE_CURVE('',#1062,#1058,#607,.T.);
#1314=EDGE_CURVE('',#1059,#1062,#225,.T.);
#1315=EDGE_CURVE('',#1063,#979,#608,.T.);
#1316=EDGE_CURVE('',#1001,#1063,#609,.T.);
#1317=EDGE_CURVE('',#1063,#978,#226,.T.);
#1318=EDGE_CURVE('',#1064,#1065,#131,.T.);
#1319=EDGE_CURVE('',#1065,#1066,#132,.T.);
#1320=EDGE_CURVE('',#1066,#1067,#133,.T.);
#1321=EDGE_CURVE('',#1068,#1067,#86,.T.);
#1322=EDGE_CURVE('',#1068,#1069,#134,.T.);
#1323=EDGE_CURVE('',#1069,#1064,#135,.T.);
#1324=EDGE_CURVE('',#1069,#990,#610,.T.);
#1325=EDGE_CURVE('',#1064,#988,#611,.T.);
#1326=EDGE_CURVE('',#1067,#1070,#612,.F.);
#1327=EDGE_CURVE('',#1071,#1070,#613,.T.);
#1328=EDGE_CURVE('',#1071,#1072,#614,.T.);
#1329=EDGE_CURVE('',#1073,#1072,#615,.T.);
#1330=EDGE_CURVE('',#1074,#1073,#616,.T.);
#1331=EDGE_CURVE('',#1074,#1075,#87,.T.);
#1332=EDGE_CURVE('',#1076,#1075,#136,.T.);
#1333=EDGE_CURVE('',#1077,#1076,#617,.T.);
#1334=EDGE_CURVE('',#1077,#1069,#88,.T.);
#1335=EDGE_CURVE('',#1078,#1078,#89,.T.);
#1336=EDGE_CURVE('',#1079,#1079,#90,.T.);
#1337=EDGE_CURVE('',#1080,#1080,#91,.T.);
#1338=EDGE_CURVE('',#1081,#1082,#137,.T.);
#1339=EDGE_CURVE('',#1082,#1083,#138,.T.);
#1340=EDGE_CURVE('',#1083,#1084,#227,.T.);
#1341=EDGE_CURVE('',#1085,#1084,#31,.T.);
#1342=EDGE_CURVE('',#1085,#1081,#139,.T.);
#1343=EDGE_CURVE('',#1084,#1086,#140,.T.);
#1344=EDGE_CURVE('',#1083,#1086,#228,.T.);
#1345=EDGE_CURVE('',#994,#1082,#618,.T.);
#1346=EDGE_CURVE('',#993,#1087,#619,.T.);
#1347=EDGE_CURVE('',#1088,#1087,#229,.F.);
#1348=EDGE_CURVE('',#1088,#1086,#620,.T.);
#1349=EDGE_CURVE('',#1089,#1090,#92,.T.);
#1350=EDGE_CURVE('',#1090,#1091,#621,.T.);
#1351=EDGE_CURVE('',#1091,#1092,#93,.T.);
#1352=EDGE_CURVE('',#1092,#1093,#622,.T.);
#1353=EDGE_CURVE('',#1093,#1094,#623,.T.);
#1354=EDGE_CURVE('',#1094,#1089,#624,.T.);
#1355=EDGE_CURVE('',#986,#1093,#625,.T.);
#1356=EDGE_CURVE('',#1094,#985,#626,.T.);
#1357=EDGE_CURVE('',#1073,#1092,#94,.T.);
#1358=EDGE_CURVE('',#1072,#987,#627,.T.);
#1359=EDGE_CURVE('',#1091,#1095,#628,.T.);
#1360=EDGE_CURVE('',#1096,#1095,#141,.T.);
#1361=EDGE_CURVE('',#1096,#1097,#629,.T.);
#1362=EDGE_CURVE('',#1098,#1097,#142,.T.);
#1363=EDGE_CURVE('',#1098,#1099,#630,.T.);
#1364=EDGE_CURVE('',#1074,#1099,#143,.T.);
#1365=EDGE_CURVE('',#1100,#1070,#631,.T.);
#1366=EDGE_CURVE('',#1070,#1101,#632,.T.);
#1367=EDGE_CURVE('',#1101,#1102,#95,.T.);
#1368=EDGE_CURVE('',#1102,#1103,#633,.T.);
#1369=EDGE_CURVE('',#1103,#1100,#634,.T.);
#1370=EDGE_CURVE('',#1104,#1102,#96,.T.);
#1371=EDGE_CURVE('',#1104,#1105,#635,.T.);
#1372=EDGE_CURVE('',#1105,#983,#636,.T.);
#1373=EDGE_CURVE('',#982,#1103,#637,.T.);
#1374=EDGE_CURVE('',#1106,#1101,#638,.T.);
#1375=EDGE_CURVE('',#1106,#1107,#144,.T.);
#1376=EDGE_CURVE('',#1107,#1108,#145,.T.);
#1377=EDGE_CURVE('',#1109,#1108,#639,.T.);
#1378=EDGE_CURVE('',#1109,#1110,#146,.T.);
#1379=EDGE_CURVE('',#1110,#1111,#147,.T.);
#1380=EDGE_CURVE('',#1112,#1111,#640,.T.);
#1381=EDGE_CURVE('',#1113,#1112,#148,.T.);
#1382=EDGE_CURVE('',#1114,#1113,#149,.T.);
#1383=EDGE_CURVE('',#1114,#1104,#641,.T.);
#1384=EDGE_CURVE('',#1115,#1066,#230,.T.);
#1385=EDGE_CURVE('',#1115,#1116,#231,.F.);
#1386=EDGE_CURVE('',#1117,#1116,#232,.T.);
#1387=EDGE_CURVE('',#1117,#1081,#233,.F.);
#1388=EDGE_CURVE('',#1085,#1099,#234,.T.);
#1389=EDGE_CURVE('',#1118,#1098,#235,.T.);
#1390=EDGE_CURVE('',#1119,#1118,#642,.T.);
#1391=EDGE_CURVE('',#1120,#1119,#236,.T.);
#1392=EDGE_CURVE('',#1121,#1120,#643,.T.);
#1393=EDGE_CURVE('',#1112,#1121,#237,.T.);
#1394=EDGE_CURVE('',#1111,#1109,#238,.F.);
#1395=EDGE_CURVE('',#1108,#1106,#239,.F.);
#1396=EDGE_CURVE('',#1084,#1122,#32,.T.);
#1397=EDGE_CURVE('',#1122,#1123,#33,.T.);
#1398=EDGE_CURVE('',#1075,#1123,#150,.T.);
#1399=EDGE_CURVE('',#1124,#1097,#644,.T.);
#1400=EDGE_CURVE('',#1124,#1061,#240,.T.);
#1401=EDGE_CURVE('',#1061,#1118,#645,.T.);
#1402=EDGE_CURVE('',#1125,#1090,#646,.T.);
#1403=EDGE_CURVE('',#1126,#1125,#241,.T.);
#1404=EDGE_CURVE('',#1127,#1126,#647,.T.);
#1405=EDGE_CURVE('',#1095,#1127,#242,.T.);
#1406=EDGE_CURVE('',#1128,#1096,#648,.T.);
#1407=EDGE_CURVE('',#1128,#1124,#649,.T.);
#1408=EDGE_CURVE('',#1119,#1060,#151,.T.);
#1409=EDGE_CURVE('',#1060,#977,#243,.T.);
#1410=EDGE_CURVE('',#977,#1120,#152,.T.);
#1411=EDGE_CURVE('',#1125,#1129,#650,.T.);
#1412=EDGE_CURVE('',#1129,#1130,#244,.T.);
#1413=EDGE_CURVE('',#1130,#1126,#651,.T.);
#1414=EDGE_CURVE('',#1131,#1127,#652,.T.);
#1415=EDGE_CURVE('',#1130,#1131,#653,.T.);
#1416=EDGE_CURVE('',#1131,#1128,#245,.T.);
#1417=EDGE_CURVE('',#976,#1121,#654,.T.);
#1418=EDGE_CURVE('',#1132,#1112,#655,.T.);
#1419=EDGE_CURVE('',#976,#1132,#246,.T.);
#1420=EDGE_CURVE('',#1133,#1114,#656,.T.);
#1421=EDGE_CURVE('',#1113,#1134,#657,.T.);
#1422=EDGE_CURVE('',#1134,#1133,#153,.T.);
#1423=EDGE_CURVE('',#1132,#1134,#154,.T.);
#1424=EDGE_CURVE('',#1135,#1136,#658,.T.);
#1425=EDGE_CURVE('',#1136,#1114,#155,.T.);
#1426=EDGE_CURVE('',#1133,#1135,#156,.T.);
#1427=EDGE_CURVE('',#1137,#1138,#659,.T.);
#1428=EDGE_CURVE('',#1138,#1139,#157,.T.);
#1429=EDGE_CURVE('',#1139,#1140,#660,.T.);
#1430=EDGE_CURVE('',#1140,#1137,#158,.T.);
#1431=EDGE_CURVE('',#1141,#1142,#661,.T.);
#1432=EDGE_CURVE('',#1142,#1138,#159,.T.);
#1433=EDGE_CURVE('',#1137,#1141,#160,.T.);
#1434=EDGE_CURVE('',#1141,#1136,#161,.T.);
#1435=EDGE_CURVE('',#1135,#1142,#162,.T.);
#1436=EDGE_CURVE('',#1125,#1140,#163,.T.);
#1437=EDGE_CURVE('',#1139,#1129,#164,.T.);
#1438=EDGE_CURVE('',#1143,#1137,#662,.T.);
#1439=EDGE_CURVE('',#1144,#1143,#663,.T.);
#1440=EDGE_CURVE('',#1144,#1105,#664,.T.);
#1441=EDGE_CURVE('',#1145,#1145,#97,.T.);
#1442=EDGE_CURVE('',#1146,#1146,#98,.T.);
#1443=EDGE_CURVE('',#1089,#1143,#99,.T.);
#1444=EDGE_CURVE('',#1005,#1124,#665,.T.);
#1445=EDGE_CURVE('',#1147,#1128,#666,.T.);
#1446=EDGE_CURVE('',#1148,#1147,#247,.T.);
#1447=EDGE_CURVE('',#1148,#1149,#667,.T.);
#1448=EDGE_CURVE('',#1006,#1149,#248,.T.);
#1449=EDGE_CURVE('',#1033,#1131,#668,.T.);
#1450=EDGE_CURVE('',#1150,#1032,#165,.T.);
#1451=EDGE_CURVE('',#1150,#1147,#669,.T.);
#1452=EDGE_CURVE('',#1034,#1130,#670,.T.);
#1453=EDGE_CURVE('',#1035,#1142,#671,.T.);
#1454=EDGE_CURVE('',#984,#1144,#672,.T.);
#1455=EDGE_CURVE('',#1151,#1135,#673,.T.);
#1456=EDGE_CURVE('',#1152,#1151,#249,.T.);
#1457=EDGE_CURVE('',#1152,#1153,#674,.T.);
#1458=EDGE_CURVE('',#1036,#1153,#250,.T.);
#1459=EDGE_CURVE('',#1100,#980,#675,.T.);
#1460=EDGE_CURVE('',#981,#1071,#676,.T.);
#1461=EDGE_CURVE('',#1154,#1057,#166,.T.);
#1462=EDGE_CURVE('',#1154,#1151,#677,.T.);
#1463=EDGE_CURVE('',#1123,#1155,#167,.F.);
#1464=EDGE_CURVE('',#1155,#1076,#168,.T.);
#1465=EDGE_CURVE('',#1156,#1088,#678,.T.);
#1466=EDGE_CURVE('',#1156,#1155,#679,.T.);
#1467=EDGE_CURVE('',#989,#1065,#680,.T.);
#1468=EDGE_CURVE('',#1155,#1077,#681,.T.);
#1469=EDGE_CURVE('',#991,#1156,#682,.T.);
#1470=EDGE_CURVE('',#1157,#1156,#683,.T.);
#1471=EDGE_CURVE('',#1157,#992,#684,.T.);
#1472=EDGE_CURVE('',#1087,#1157,#251,.T.);
#1473=EDGE_CURVE('',#1013,#1158,#685,.T.);
#1474=EDGE_CURVE('',#1159,#1012,#686,.T.);
#1475=EDGE_CURVE('',#1158,#1159,#100,.T.);
#1476=EDGE_CURVE('',#1158,#1160,#101,.T.);
#1477=EDGE_CURVE('',#1160,#1161,#102,.T.);
#1478=EDGE_CURVE('',#1161,#1014,#687,.T.);
#1479=EDGE_CURVE('',#1162,#1159,#103,.T.);
#1480=EDGE_CURVE('',#1163,#1162,#688,.T.);
#1481=EDGE_CURVE('',#1163,#1027,#689,.F.);
#1482=EDGE_CURVE('',#1026,#1025,#104,.T.);
#1483=EDGE_CURVE('',#1021,#1024,#169,.T.);
#1484=EDGE_CURVE('',#1017,#1020,#170,.T.);
#1485=EDGE_CURVE('',#1016,#1160,#690,.F.);
#1486=EDGE_CURVE('',#1011,#1164,#691,.F.);
#1487=EDGE_CURVE('',#1162,#1164,#252,.T.);
#1488=EDGE_CURVE('',#997,#1115,#692,.T.);
#1489=EDGE_CURVE('',#1165,#1166,#253,.T.);
#1490=EDGE_CURVE('',#1166,#1165,#693,.T.);
#1491=EDGE_CURVE('',#1167,#1037,#254,.T.);
#1492=EDGE_CURVE('',#1153,#1167,#694,.T.);
#1493=EDGE_CURVE('',#1167,#1168,#695,.T.);
#1494=EDGE_CURVE('',#1168,#1165,#255,.F.);
#1495=EDGE_CURVE('',#1165,#1169,#696,.T.);
#1496=EDGE_CURVE('',#1038,#1169,#697,.T.);
#1497=EDGE_CURVE('',#1168,#1152,#698,.T.);
#1498=EDGE_CURVE('',#1056,#1170,#171,.T.);
#1499=EDGE_CURVE('',#1170,#1154,#699,.T.);
#1500=EDGE_CURVE('',#1055,#1171,#700,.T.);
#1501=EDGE_CURVE('',#1172,#1171,#172,.T.);
#1502=EDGE_CURVE('',#1173,#1172,#256,.F.);
#1503=EDGE_CURVE('',#1173,#1174,#105,.F.);
#1504=EDGE_CURVE('',#1175,#1174,#173,.T.);
#1505=EDGE_CURVE('',#1170,#1175,#701,.T.);
#1506=EDGE_CURVE('',#1151,#1175,#702,.T.);
#1507=EDGE_CURVE('',#1174,#1166,#106,.T.);
#1508=EDGE_CURVE('',#1176,#1177,#257,.F.);
#1509=EDGE_CURVE('',#1177,#1178,#703,.T.);
#1510=EDGE_CURVE('',#1178,#1163,#704,.T.);
#1511=EDGE_CURVE('',#1164,#1179,#258,.T.);
#1512=EDGE_CURVE('',#1179,#1180,#705,.T.);
#1513=EDGE_CURVE('',#1180,#1181,#259,.F.);
#1514=EDGE_CURVE('',#1181,#1182,#706,.T.);
#1515=EDGE_CURVE('',#1176,#1182,#707,.T.);
#1516=EDGE_CURVE('',#1182,#1183,#260,.T.);
#1517=EDGE_CURVE('',#1183,#1148,#708,.T.);
#1518=EDGE_CURVE('',#1147,#1184,#709,.T.);
#1519=EDGE_CURVE('',#1184,#1176,#174,.T.);
#1520=EDGE_CURVE('',#1185,#1183,#710,.T.);
#1521=EDGE_CURVE('',#1149,#1185,#711,.T.);
#1522=EDGE_CURVE('',#1185,#1007,#261,.T.);
#1523=EDGE_CURVE('',#1008,#1181,#712,.T.);
#1524=EDGE_CURVE('',#1031,#1186,#175,.T.);
#1525=EDGE_CURVE('',#1186,#1150,#713,.T.);
#1526=EDGE_CURVE('',#1030,#1177,#714,.T.);
#1527=EDGE_CURVE('',#1186,#1184,#715,.T.);
#1528=EDGE_CURVE('',#1187,#1187,#262,.T.);
#1529=EDGE_CURVE('',#1187,#1188,#716,.T.);
#1530=EDGE_CURVE('',#1188,#1188,#263,.T.);
#1531=EDGE_CURVE('',#1187,#999,#717,.T.);
#1532=EDGE_CURVE('',#1189,#1189,#264,.T.);
#1533=EDGE_CURVE('',#1189,#1190,#718,.T.);
#1534=EDGE_CURVE('',#1190,#1190,#265,.T.);
#1535=EDGE_CURVE('',#1189,#1000,#719,.T.);
#1536=EDGE_CURVE('',#1191,#1191,#266,.T.);
#1537=EDGE_CURVE('',#1191,#1192,#720,.T.);
#1538=EDGE_CURVE('',#1192,#1192,#267,.T.);
#1539=EDGE_CURVE('',#1191,#998,#721,.T.);
#1540=EDGE_CURVE('',#1080,#1188,#722,.T.);
#1541=EDGE_CURVE('',#1145,#1192,#723,.T.);
#1542=EDGE_CURVE('',#1146,#1190,#724,.T.);
#1543=EDGE_CURVE('',#1046,#1045,#107,.T.);
#1544=EDGE_CURVE('',#1044,#1043,#108,.T.);
#1545=EDGE_CURVE('',#1023,#1193,#176,.T.);
#1546=EDGE_CURVE('',#1193,#1022,#177,.T.);
#1547=EDGE_CURVE('',#1019,#1194,#178,.T.);
#1548=EDGE_CURVE('',#1194,#1018,#179,.T.);
#1549=EDGE_CURVE('',#1195,#1196,#109,.T.);
#1550=EDGE_CURVE('',#1195,#1197,#268,.T.);
#1551=EDGE_CURVE('',#1198,#1197,#34,.T.);
#1552=EDGE_CURVE('',#1199,#1198,#35,.T.);
#1553=EDGE_CURVE('',#1200,#1199,#36,.T.);
#1554=EDGE_CURVE('',#1196,#1200,#110,.T.);
#1555=EDGE_CURVE('',#1196,#1201,#725,.T.);
#1556=EDGE_CURVE('',#1201,#1201,#269,.T.);
#1557=EDGE_CURVE('',#1042,#1202,#726,.T.);
#1558=EDGE_CURVE('',#1203,#1202,#727,.F.);
#1559=EDGE_CURVE('',#1169,#1203,#111,.T.);
#1560=EDGE_CURVE('',#1204,#1173,#728,.F.);
#1561=EDGE_CURVE('',#1204,#1205,#112,.T.);
#1562=EDGE_CURVE('',#1205,#1206,#113,.T.);
#1563=EDGE_CURVE('',#1195,#1206,#729,.F.);
#1564=EDGE_CURVE('',#1200,#1047,#730,.T.);
#1565=EDGE_CURVE('',#1048,#1199,#731,.T.);
#1566=EDGE_CURVE('',#1207,#1208,#180,.T.);
#1567=EDGE_CURVE('',#1208,#1206,#270,.T.);
#1568=EDGE_CURVE('',#1205,#1209,#732,.T.);
#1569=EDGE_CURVE('',#1209,#1209,#271,.T.);
#1570=EDGE_CURVE('',#1204,#1172,#272,.T.);
#1571=EDGE_CURVE('',#1207,#1171,#37,.T.);
#1572=EDGE_CURVE('',#1054,#1207,#733,.T.);
#1573=EDGE_CURVE('',#1110,#1209,#734,.T.);
#1574=EDGE_CURVE('',#1107,#1201,#735,.T.);
#1575=EDGE_CURVE('',#1078,#1193,#736,.T.);
#1576=EDGE_CURVE('',#1079,#1194,#737,.T.);
#1577=EDGE_CURVE('',#996,#1116,#738,.T.);
#1578=EDGE_CURVE('',#995,#1117,#739,.T.);
#1579=EDGE_CURVE('',#1053,#1210,#740,.T.);
#1580=EDGE_CURVE('',#1211,#1052,#741,.T.);
#1581=EDGE_CURVE('',#1210,#1211,#742,.T.);
#1582=EDGE_CURVE('',#1051,#1212,#743,.F.);
#1583=EDGE_CURVE('',#1211,#1212,#273,.T.);
#1584=EDGE_CURVE('',#1010,#1179,#744,.T.);
#1585=EDGE_CURVE('',#1009,#1180,#745,.T.);
#1586=EDGE_CURVE('',#1208,#1210,#274,.F.);
#1587=EDGE_CURVE('',#1212,#1213,#275,.T.);
#1588=EDGE_CURVE('',#1214,#1213,#276,.T.);
#1589=EDGE_CURVE('',#1214,#1197,#746,.T.);
#1590=EDGE_CURVE('',#1215,#1029,#747,.T.);
#1591=EDGE_CURVE('',#1178,#1215,#748,.T.);
#1592=EDGE_CURVE('',#1040,#1216,#749,.T.);
#1593=EDGE_CURVE('',#1039,#1217,#750,.T.);
#1594=EDGE_CURVE('',#1218,#1217,#751,.T.);
#1595=EDGE_CURVE('',#1216,#1218,#752,.T.);
#1596=EDGE_CURVE('',#1028,#1219,#753,.T.);
#1597=EDGE_CURVE('',#1219,#1215,#754,.T.);
#1598=EDGE_CURVE('',#1216,#1220,#755,.T.);
#1599=EDGE_CURVE('',#1220,#1041,#756,.T.);
#1600=EDGE_CURVE('',#1219,#1163,#757,.T.);
#1601=EDGE_CURVE('',#1202,#1218,#758,.T.);
#1602=EDGE_CURVE('',#1220,#1202,#759,.T.);
#1603=EDGE_CURVE('',#1217,#1203,#277,.F.);
#1604=EDGE_CURVE('',#1050,#1213,#760,.F.);
#1605=EDGE_CURVE('',#1049,#1221,#761,.T.);
#1606=EDGE_CURVE('',#1221,#1214,#114,.T.);
#1607=EDGE_CURVE('',#1198,#1221,#762,.T.);
#1608=EDGE_CURVE('',#1161,#1015,#763,.T.);
#1609=ORIENTED_EDGE('',*,*,#1222,.T.);
#1610=ORIENTED_EDGE('',*,*,#1223,.T.);
#1611=ORIENTED_EDGE('',*,*,#1224,.F.);
#1612=ORIENTED_EDGE('',*,*,#1225,.T.);
#1613=ORIENTED_EDGE('',*,*,#1226,.F.);
#1614=ORIENTED_EDGE('',*,*,#1227,.F.);
#1615=ORIENTED_EDGE('',*,*,#1228,.F.);
#1616=ORIENTED_EDGE('',*,*,#1229,.T.);
#1617=ORIENTED_EDGE('',*,*,#1230,.F.);
#1618=ORIENTED_EDGE('',*,*,#1231,.T.);
#1619=ORIENTED_EDGE('',*,*,#1232,.F.);
#1620=ORIENTED_EDGE('',*,*,#1233,.T.);
#1621=ORIENTED_EDGE('',*,*,#1234,.F.);
#1622=ORIENTED_EDGE('',*,*,#1235,.T.);
#1623=ORIENTED_EDGE('',*,*,#1236,.F.);
#1624=ORIENTED_EDGE('',*,*,#1237,.T.);
#1625=ORIENTED_EDGE('',*,*,#1238,.T.);
#1626=ORIENTED_EDGE('',*,*,#1239,.F.);
#1627=ORIENTED_EDGE('',*,*,#1240,.F.);
#1628=ORIENTED_EDGE('',*,*,#1241,.T.);
#1629=ORIENTED_EDGE('',*,*,#1242,.T.);
#1630=ORIENTED_EDGE('',*,*,#1243,.T.);
#1631=ORIENTED_EDGE('',*,*,#1244,.T.);
#1632=ORIENTED_EDGE('',*,*,#1245,.T.);
#1633=ORIENTED_EDGE('',*,*,#1246,.T.);
#1634=ORIENTED_EDGE('',*,*,#1247,.T.);
#1635=ORIENTED_EDGE('',*,*,#1248,.T.);
#1636=ORIENTED_EDGE('',*,*,#1222,.F.);
#1637=ORIENTED_EDGE('',*,*,#1249,.T.);
#1638=ORIENTED_EDGE('',*,*,#1250,.F.);
#1639=ORIENTED_EDGE('',*,*,#1251,.T.);
#1640=ORIENTED_EDGE('',*,*,#1252,.F.);
#1641=ORIENTED_EDGE('',*,*,#1253,.F.);
#1642=ORIENTED_EDGE('',*,*,#1254,.F.);
#1643=ORIENTED_EDGE('',*,*,#1255,.F.);
#1644=ORIENTED_EDGE('',*,*,#1256,.T.);
#1645=ORIENTED_EDGE('',*,*,#1257,.T.);
#1646=ORIENTED_EDGE('',*,*,#1258,.T.);
#1647=ORIENTED_EDGE('',*,*,#1259,.T.);
#1648=ORIENTED_EDGE('',*,*,#1260,.T.);
#1649=ORIENTED_EDGE('',*,*,#1261,.F.);
#1650=ORIENTED_EDGE('',*,*,#1262,.T.);
#1651=ORIENTED_EDGE('',*,*,#1263,.T.);
#1652=ORIENTED_EDGE('',*,*,#1264,.T.);
#1653=ORIENTED_EDGE('',*,*,#1265,.T.);
#1654=ORIENTED_EDGE('',*,*,#1266,.F.);
#1655=ORIENTED_EDGE('',*,*,#1267,.T.);
#1656=ORIENTED_EDGE('',*,*,#1268,.F.);
#1657=ORIENTED_EDGE('',*,*,#1269,.T.);
#1658=ORIENTED_EDGE('',*,*,#1270,.F.);
#1659=ORIENTED_EDGE('',*,*,#1271,.T.);
#1660=ORIENTED_EDGE('',*,*,#1272,.F.);
#1661=ORIENTED_EDGE('',*,*,#1273,.T.);
#1662=ORIENTED_EDGE('',*,*,#1274,.T.);
#1663=ORIENTED_EDGE('',*,*,#1275,.T.);
#1664=ORIENTED_EDGE('',*,*,#1276,.T.);
#1665=ORIENTED_EDGE('',*,*,#1277,.T.);
#1666=ORIENTED_EDGE('',*,*,#1278,.F.);
#1667=ORIENTED_EDGE('',*,*,#1279,.T.);
#1668=ORIENTED_EDGE('',*,*,#1280,.F.);
#1669=ORIENTED_EDGE('',*,*,#1281,.F.);
#1670=ORIENTED_EDGE('',*,*,#1282,.F.);
#1671=ORIENTED_EDGE('',*,*,#1283,.F.);
#1672=ORIENTED_EDGE('',*,*,#1284,.F.);
#1673=ORIENTED_EDGE('',*,*,#1285,.F.);
#1674=ORIENTED_EDGE('',*,*,#1286,.T.);
#1675=ORIENTED_EDGE('',*,*,#1287,.T.);
#1676=ORIENTED_EDGE('',*,*,#1288,.T.);
#1677=ORIENTED_EDGE('',*,*,#1289,.T.);
#1678=ORIENTED_EDGE('',*,*,#1290,.T.);
#1679=ORIENTED_EDGE('',*,*,#1291,.T.);
#1680=ORIENTED_EDGE('',*,*,#1292,.T.);
#1681=ORIENTED_EDGE('',*,*,#1293,.T.);
#1682=ORIENTED_EDGE('',*,*,#1294,.T.);
#1683=ORIENTED_EDGE('',*,*,#1295,.T.);
#1684=ORIENTED_EDGE('',*,*,#1296,.T.);
#1685=ORIENTED_EDGE('',*,*,#1297,.T.);
#1686=ORIENTED_EDGE('',*,*,#1298,.T.);
#1687=ORIENTED_EDGE('',*,*,#1299,.T.);
#1688=ORIENTED_EDGE('',*,*,#1300,.T.);
#1689=ORIENTED_EDGE('',*,*,#1301,.T.);
#1690=ORIENTED_EDGE('',*,*,#1302,.T.);
#1691=ORIENTED_EDGE('',*,*,#1303,.T.);
#1692=ORIENTED_EDGE('',*,*,#1304,.T.);
#1693=ORIENTED_EDGE('',*,*,#1305,.F.);
#1694=ORIENTED_EDGE('',*,*,#1306,.F.);
#1695=ORIENTED_EDGE('',*,*,#1252,.T.);
#1696=ORIENTED_EDGE('',*,*,#1307,.F.);
#1697=ORIENTED_EDGE('',*,*,#1308,.F.);
#1698=ORIENTED_EDGE('',*,*,#1309,.F.);
#1699=ORIENTED_EDGE('',*,*,#1310,.F.);
#1700=ORIENTED_EDGE('',*,*,#1311,.F.);
#1701=ORIENTED_EDGE('',*,*,#1307,.T.);
#1702=ORIENTED_EDGE('',*,*,#1251,.F.);
#1703=ORIENTED_EDGE('',*,*,#1312,.F.);
#1704=ORIENTED_EDGE('',*,*,#1313,.T.);
#1705=ORIENTED_EDGE('',*,*,#1314,.F.);
#1706=ORIENTED_EDGE('',*,*,#1308,.T.);
#1707=ORIENTED_EDGE('',*,*,#1313,.F.);
#1708=ORIENTED_EDGE('',*,*,#1227,.T.);
#1709=ORIENTED_EDGE('',*,*,#1315,.F.);
#1710=ORIENTED_EDGE('',*,*,#1316,.F.);
#1711=ORIENTED_EDGE('',*,*,#1249,.F.);
#1712=ORIENTED_EDGE('',*,*,#1317,.F.);
#1713=ORIENTED_EDGE('',*,*,#1315,.T.);
#1714=ORIENTED_EDGE('',*,*,#1226,.T.);
#1715=ORIENTED_EDGE('',*,*,#1318,.T.);
#1716=ORIENTED_EDGE('',*,*,#1319,.T.);
#1717=ORIENTED_EDGE('',*,*,#1320,.T.);
#1718=ORIENTED_EDGE('',*,*,#1321,.F.);
#1719=ORIENTED_EDGE('',*,*,#1322,.T.);
#1720=ORIENTED_EDGE('',*,*,#1323,.T.);
#1721=ORIENTED_EDGE('',*,*,#1323,.F.);
#1722=ORIENTED_EDGE('',*,*,#1324,.T.);
#1723=ORIENTED_EDGE('',*,*,#1237,.F.);
#1724=ORIENTED_EDGE('',*,*,#1325,.F.);
#1725=ORIENTED_EDGE('',*,*,#1322,.F.);
#1726=ORIENTED_EDGE('',*,*,#1321,.T.);
#1727=ORIENTED_EDGE('',*,*,#1326,.T.);
#1728=ORIENTED_EDGE('',*,*,#1327,.F.);
#1729=ORIENTED_EDGE('',*,*,#1328,.T.);
#1730=ORIENTED_EDGE('',*,*,#1329,.F.);
#1731=ORIENTED_EDGE('',*,*,#1330,.F.);
#1732=ORIENTED_EDGE('',*,*,#1331,.T.);
#1733=ORIENTED_EDGE('',*,*,#1332,.F.);
#1734=ORIENTED_EDGE('',*,*,#1333,.F.);
#1735=ORIENTED_EDGE('',*,*,#1334,.T.);
#1736=ORIENTED_EDGE('',*,*,#1335,.T.);
#1737=ORIENTED_EDGE('',*,*,#1336,.T.);
#1738=ORIENTED_EDGE('',*,*,#1337,.T.);
#1739=ORIENTED_EDGE('',*,*,#1338,.T.);
#1740=ORIENTED_EDGE('',*,*,#1339,.T.);
#1741=ORIENTED_EDGE('',*,*,#1340,.T.);
#1742=ORIENTED_EDGE('',*,*,#1341,.F.);
#1743=ORIENTED_EDGE('',*,*,#1342,.T.);
#1744=ORIENTED_EDGE('',*,*,#1343,.F.);
#1745=ORIENTED_EDGE('',*,*,#1340,.F.);
#1746=ORIENTED_EDGE('',*,*,#1344,.T.);
#1747=ORIENTED_EDGE('',*,*,#1344,.F.);
#1748=ORIENTED_EDGE('',*,*,#1339,.F.);
#1749=ORIENTED_EDGE('',*,*,#1345,.F.);
#1750=ORIENTED_EDGE('',*,*,#1241,.F.);
#1751=ORIENTED_EDGE('',*,*,#1346,.T.);
#1752=ORIENTED_EDGE('',*,*,#1347,.F.);
#1753=ORIENTED_EDGE('',*,*,#1348,.T.);
#1754=ORIENTED_EDGE('',*,*,#1349,.T.);
#1755=ORIENTED_EDGE('',*,*,#1350,.T.);
#1756=ORIENTED_EDGE('',*,*,#1351,.T.);
#1757=ORIENTED_EDGE('',*,*,#1352,.T.);
#1758=ORIENTED_EDGE('',*,*,#1353,.T.);
#1759=ORIENTED_EDGE('',*,*,#1354,.T.);
#1760=ORIENTED_EDGE('',*,*,#1353,.F.);
#1761=ORIENTED_EDGE('',*,*,#1355,.F.);
#1762=ORIENTED_EDGE('',*,*,#1233,.F.);
#1763=ORIENTED_EDGE('',*,*,#1356,.F.);
#1764=ORIENTED_EDGE('',*,*,#1352,.F.);
#1765=ORIENTED_EDGE('',*,*,#1357,.F.);
#1766=ORIENTED_EDGE('',*,*,#1329,.T.);
#1767=ORIENTED_EDGE('',*,*,#1358,.T.);
#1768=ORIENTED_EDGE('',*,*,#1234,.T.);
#1769=ORIENTED_EDGE('',*,*,#1355,.T.);
#1770=ORIENTED_EDGE('',*,*,#1351,.F.);
#1771=ORIENTED_EDGE('',*,*,#1359,.T.);
#1772=ORIENTED_EDGE('',*,*,#1360,.F.);
#1773=ORIENTED_EDGE('',*,*,#1361,.T.);
#1774=ORIENTED_EDGE('',*,*,#1362,.F.);
#1775=ORIENTED_EDGE('',*,*,#1363,.T.);
#1776=ORIENTED_EDGE('',*,*,#1364,.F.);
#1777=ORIENTED_EDGE('',*,*,#1330,.T.);
#1778=ORIENTED_EDGE('',*,*,#1357,.T.);
#1779=ORIENTED_EDGE('',*,*,#1365,.T.);
#1780=ORIENTED_EDGE('',*,*,#1366,.T.);
#1781=ORIENTED_EDGE('',*,*,#1367,.T.);
#1782=ORIENTED_EDGE('',*,*,#1368,.T.);
#1783=ORIENTED_EDGE('',*,*,#1369,.T.);
#1784=ORIENTED_EDGE('',*,*,#1368,.F.);
#1785=ORIENTED_EDGE('',*,*,#1370,.F.);
#1786=ORIENTED_EDGE('',*,*,#1371,.T.);
#1787=ORIENTED_EDGE('',*,*,#1372,.T.);
#1788=ORIENTED_EDGE('',*,*,#1230,.T.);
#1789=ORIENTED_EDGE('',*,*,#1373,.T.);
#1790=ORIENTED_EDGE('',*,*,#1367,.F.);
#1791=ORIENTED_EDGE('',*,*,#1374,.F.);
#1792=ORIENTED_EDGE('',*,*,#1375,.T.);
#1793=ORIENTED_EDGE('',*,*,#1376,.T.);
#1794=ORIENTED_EDGE('',*,*,#1377,.F.);
#1795=ORIENTED_EDGE('',*,*,#1378,.T.);
#1796=ORIENTED_EDGE('',*,*,#1379,.T.);
#1797=ORIENTED_EDGE('',*,*,#1380,.F.);
#1798=ORIENTED_EDGE('',*,*,#1381,.F.);
#1799=ORIENTED_EDGE('',*,*,#1382,.F.);
#1800=ORIENTED_EDGE('',*,*,#1383,.T.);
#1801=ORIENTED_EDGE('',*,*,#1370,.T.);
#1802=ORIENTED_EDGE('',*,*,#1320,.F.);
#1803=ORIENTED_EDGE('',*,*,#1384,.F.);
#1804=ORIENTED_EDGE('',*,*,#1385,.T.);
#1805=ORIENTED_EDGE('',*,*,#1386,.F.);
#1806=ORIENTED_EDGE('',*,*,#1387,.T.);
#1807=ORIENTED_EDGE('',*,*,#1342,.F.);
#1808=ORIENTED_EDGE('',*,*,#1388,.T.);
#1809=ORIENTED_EDGE('',*,*,#1363,.F.);
#1810=ORIENTED_EDGE('',*,*,#1389,.F.);
#1811=ORIENTED_EDGE('',*,*,#1390,.F.);
#1812=ORIENTED_EDGE('',*,*,#1391,.F.);
#1813=ORIENTED_EDGE('',*,*,#1392,.F.);
#1814=ORIENTED_EDGE('',*,*,#1393,.F.);
#1815=ORIENTED_EDGE('',*,*,#1380,.T.);
#1816=ORIENTED_EDGE('',*,*,#1394,.T.);
#1817=ORIENTED_EDGE('',*,*,#1377,.T.);
#1818=ORIENTED_EDGE('',*,*,#1395,.T.);
#1819=ORIENTED_EDGE('',*,*,#1374,.T.);
#1820=ORIENTED_EDGE('',*,*,#1366,.F.);
#1821=ORIENTED_EDGE('',*,*,#1326,.F.);
#1822=ORIENTED_EDGE('',*,*,#1364,.T.);
#1823=ORIENTED_EDGE('',*,*,#1388,.F.);
#1824=ORIENTED_EDGE('',*,*,#1341,.T.);
#1825=ORIENTED_EDGE('',*,*,#1396,.T.);
#1826=ORIENTED_EDGE('',*,*,#1397,.T.);
#1827=ORIENTED_EDGE('',*,*,#1398,.F.);
#1828=ORIENTED_EDGE('',*,*,#1331,.F.);
#1829=ORIENTED_EDGE('',*,*,#1362,.T.);
#1830=ORIENTED_EDGE('',*,*,#1399,.F.);
#1831=ORIENTED_EDGE('',*,*,#1400,.T.);
#1832=ORIENTED_EDGE('',*,*,#1401,.T.);
#1833=ORIENTED_EDGE('',*,*,#1389,.T.);
#1834=ORIENTED_EDGE('',*,*,#1350,.F.);
#1835=ORIENTED_EDGE('',*,*,#1402,.F.);
#1836=ORIENTED_EDGE('',*,*,#1403,.F.);
#1837=ORIENTED_EDGE('',*,*,#1404,.F.);
#1838=ORIENTED_EDGE('',*,*,#1405,.F.);
#1839=ORIENTED_EDGE('',*,*,#1359,.F.);
#1840=ORIENTED_EDGE('',*,*,#1361,.F.);
#1841=ORIENTED_EDGE('',*,*,#1406,.F.);
#1842=ORIENTED_EDGE('',*,*,#1407,.T.);
#1843=ORIENTED_EDGE('',*,*,#1399,.T.);
#1844=ORIENTED_EDGE('',*,*,#1391,.T.);
#1845=ORIENTED_EDGE('',*,*,#1408,.T.);
#1846=ORIENTED_EDGE('',*,*,#1409,.T.);
#1847=ORIENTED_EDGE('',*,*,#1410,.T.);
#1848=ORIENTED_EDGE('',*,*,#1411,.T.);
#1849=ORIENTED_EDGE('',*,*,#1412,.T.);
#1850=ORIENTED_EDGE('',*,*,#1413,.T.);
#1851=ORIENTED_EDGE('',*,*,#1403,.T.);
#1852=ORIENTED_EDGE('',*,*,#1414,.T.);
#1853=ORIENTED_EDGE('',*,*,#1404,.T.);
#1854=ORIENTED_EDGE('',*,*,#1413,.F.);
#1855=ORIENTED_EDGE('',*,*,#1415,.T.);
#1856=ORIENTED_EDGE('',*,*,#1360,.T.);
#1857=ORIENTED_EDGE('',*,*,#1405,.T.);
#1858=ORIENTED_EDGE('',*,*,#1414,.F.);
#1859=ORIENTED_EDGE('',*,*,#1416,.T.);
#1860=ORIENTED_EDGE('',*,*,#1406,.T.);
#1861=ORIENTED_EDGE('',*,*,#1390,.T.);
#1862=ORIENTED_EDGE('',*,*,#1401,.F.);
#1863=ORIENTED_EDGE('',*,*,#1310,.T.);
#1864=ORIENTED_EDGE('',*,*,#1408,.F.);
#1865=ORIENTED_EDGE('',*,*,#1224,.T.);
#1866=ORIENTED_EDGE('',*,*,#1417,.T.);
#1867=ORIENTED_EDGE('',*,*,#1392,.T.);
#1868=ORIENTED_EDGE('',*,*,#1410,.F.);
#1869=ORIENTED_EDGE('',*,*,#1418,.T.);
#1870=ORIENTED_EDGE('',*,*,#1393,.T.);
#1871=ORIENTED_EDGE('',*,*,#1417,.F.);
#1872=ORIENTED_EDGE('',*,*,#1419,.T.);
#1873=ORIENTED_EDGE('',*,*,#1420,.T.);
#1874=ORIENTED_EDGE('',*,*,#1382,.T.);
#1875=ORIENTED_EDGE('',*,*,#1421,.T.);
#1876=ORIENTED_EDGE('',*,*,#1422,.T.);
#1877=ORIENTED_EDGE('',*,*,#1421,.F.);
#1878=ORIENTED_EDGE('',*,*,#1381,.T.);
#1879=ORIENTED_EDGE('',*,*,#1418,.F.);
#1880=ORIENTED_EDGE('',*,*,#1423,.T.);
#1881=ORIENTED_EDGE('',*,*,#1424,.T.);
#1882=ORIENTED_EDGE('',*,*,#1425,.T.);
#1883=ORIENTED_EDGE('',*,*,#1420,.F.);
#1884=ORIENTED_EDGE('',*,*,#1426,.T.);
#1885=ORIENTED_EDGE('',*,*,#1427,.T.);
#1886=ORIENTED_EDGE('',*,*,#1428,.T.);
#1887=ORIENTED_EDGE('',*,*,#1429,.T.);
#1888=ORIENTED_EDGE('',*,*,#1430,.T.);
#1889=ORIENTED_EDGE('',*,*,#1431,.T.);
#1890=ORIENTED_EDGE('',*,*,#1432,.T.);
#1891=ORIENTED_EDGE('',*,*,#1427,.F.);
#1892=ORIENTED_EDGE('',*,*,#1433,.T.);
#1893=ORIENTED_EDGE('',*,*,#1431,.F.);
#1894=ORIENTED_EDGE('',*,*,#1434,.T.);
#1895=ORIENTED_EDGE('',*,*,#1424,.F.);
#1896=ORIENTED_EDGE('',*,*,#1435,.T.);
#1897=ORIENTED_EDGE('',*,*,#1411,.F.);
#1898=ORIENTED_EDGE('',*,*,#1436,.T.);
#1899=ORIENTED_EDGE('',*,*,#1429,.F.);
#1900=ORIENTED_EDGE('',*,*,#1437,.T.);
#1901=ORIENTED_EDGE('',*,*,#1425,.F.);
#1902=ORIENTED_EDGE('',*,*,#1434,.F.);
#1903=ORIENTED_EDGE('',*,*,#1433,.F.);
#1904=ORIENTED_EDGE('',*,*,#1438,.F.);
#1905=ORIENTED_EDGE('',*,*,#1439,.F.);
#1906=ORIENTED_EDGE('',*,*,#1440,.T.);
#1907=ORIENTED_EDGE('',*,*,#1371,.F.);
#1908=ORIENTED_EDGE('',*,*,#1383,.F.);
#1909=ORIENTED_EDGE('',*,*,#1441,.T.);
#1910=ORIENTED_EDGE('',*,*,#1442,.T.);
#1911=ORIENTED_EDGE('',*,*,#1349,.F.);
#1912=ORIENTED_EDGE('',*,*,#1443,.T.);
#1913=ORIENTED_EDGE('',*,*,#1438,.T.);
#1914=ORIENTED_EDGE('',*,*,#1430,.F.);
#1915=ORIENTED_EDGE('',*,*,#1436,.F.);
#1916=ORIENTED_EDGE('',*,*,#1402,.T.);
#1917=ORIENTED_EDGE('',*,*,#1400,.F.);
#1918=ORIENTED_EDGE('',*,*,#1444,.F.);
#1919=ORIENTED_EDGE('',*,*,#1253,.T.);
#1920=ORIENTED_EDGE('',*,*,#1311,.T.);
#1921=ORIENTED_EDGE('',*,*,#1407,.F.);
#1922=ORIENTED_EDGE('',*,*,#1445,.F.);
#1923=ORIENTED_EDGE('',*,*,#1446,.F.);
#1924=ORIENTED_EDGE('',*,*,#1447,.T.);
#1925=ORIENTED_EDGE('',*,*,#1448,.F.);
#1926=ORIENTED_EDGE('',*,*,#1254,.T.);
#1927=ORIENTED_EDGE('',*,*,#1444,.T.);
#1928=ORIENTED_EDGE('',*,*,#1416,.F.);
#1929=ORIENTED_EDGE('',*,*,#1449,.F.);
#1930=ORIENTED_EDGE('',*,*,#1281,.T.);
#1931=ORIENTED_EDGE('',*,*,#1450,.F.);
#1932=ORIENTED_EDGE('',*,*,#1451,.T.);
#1933=ORIENTED_EDGE('',*,*,#1445,.T.);
#1934=ORIENTED_EDGE('',*,*,#1415,.F.);
#1935=ORIENTED_EDGE('',*,*,#1452,.F.);
#1936=ORIENTED_EDGE('',*,*,#1282,.T.);
#1937=ORIENTED_EDGE('',*,*,#1449,.T.);
#1938=ORIENTED_EDGE('',*,*,#1412,.F.);
#1939=ORIENTED_EDGE('',*,*,#1437,.F.);
#1940=ORIENTED_EDGE('',*,*,#1428,.F.);
#1941=ORIENTED_EDGE('',*,*,#1432,.F.);
#1942=ORIENTED_EDGE('',*,*,#1453,.F.);
#1943=ORIENTED_EDGE('',*,*,#1283,.T.);
#1944=ORIENTED_EDGE('',*,*,#1452,.T.);
#1945=ORIENTED_EDGE('',*,*,#1354,.F.);
#1946=ORIENTED_EDGE('',*,*,#1356,.T.);
#1947=ORIENTED_EDGE('',*,*,#1232,.T.);
#1948=ORIENTED_EDGE('',*,*,#1454,.T.);
#1949=ORIENTED_EDGE('',*,*,#1439,.T.);
#1950=ORIENTED_EDGE('',*,*,#1443,.F.);
#1951=ORIENTED_EDGE('',*,*,#1435,.F.);
#1952=ORIENTED_EDGE('',*,*,#1455,.F.);
#1953=ORIENTED_EDGE('',*,*,#1456,.F.);
#1954=ORIENTED_EDGE('',*,*,#1457,.T.);
#1955=ORIENTED_EDGE('',*,*,#1458,.F.);
#1956=ORIENTED_EDGE('',*,*,#1284,.T.);
#1957=ORIENTED_EDGE('',*,*,#1453,.T.);
#1958=ORIENTED_EDGE('',*,*,#1369,.F.);
#1959=ORIENTED_EDGE('',*,*,#1373,.F.);
#1960=ORIENTED_EDGE('',*,*,#1229,.F.);
#1961=ORIENTED_EDGE('',*,*,#1459,.F.);
#1962=ORIENTED_EDGE('',*,*,#1365,.F.);
#1963=ORIENTED_EDGE('',*,*,#1459,.T.);
#1964=ORIENTED_EDGE('',*,*,#1228,.T.);
#1965=ORIENTED_EDGE('',*,*,#1460,.T.);
#1966=ORIENTED_EDGE('',*,*,#1327,.T.);
#1967=ORIENTED_EDGE('',*,*,#1419,.F.);
#1968=ORIENTED_EDGE('',*,*,#1223,.F.);
#1969=ORIENTED_EDGE('',*,*,#1306,.T.);
#1970=ORIENTED_EDGE('',*,*,#1461,.F.);
#1971=ORIENTED_EDGE('',*,*,#1462,.T.);
#1972=ORIENTED_EDGE('',*,*,#1455,.T.);
#1973=ORIENTED_EDGE('',*,*,#1426,.F.);
#1974=ORIENTED_EDGE('',*,*,#1422,.F.);
#1975=ORIENTED_EDGE('',*,*,#1423,.F.);
#1976=ORIENTED_EDGE('',*,*,#1312,.T.);
#1977=ORIENTED_EDGE('',*,*,#1250,.T.);
#1978=ORIENTED_EDGE('',*,*,#1316,.T.);
#1979=ORIENTED_EDGE('',*,*,#1317,.T.);
#1980=ORIENTED_EDGE('',*,*,#1225,.F.);
#1981=ORIENTED_EDGE('',*,*,#1409,.F.);
#1982=ORIENTED_EDGE('',*,*,#1309,.T.);
#1983=ORIENTED_EDGE('',*,*,#1314,.T.);
#1984=ORIENTED_EDGE('',*,*,#1398,.T.);
#1985=ORIENTED_EDGE('',*,*,#1463,.T.);
#1986=ORIENTED_EDGE('',*,*,#1464,.T.);
#1987=ORIENTED_EDGE('',*,*,#1332,.T.);
#1988=ORIENTED_EDGE('',*,*,#1348,.F.);
#1989=ORIENTED_EDGE('',*,*,#1465,.F.);
#1990=ORIENTED_EDGE('',*,*,#1466,.T.);
#1991=ORIENTED_EDGE('',*,*,#1463,.F.);
#1992=ORIENTED_EDGE('',*,*,#1397,.F.);
#1993=ORIENTED_EDGE('',*,*,#1396,.F.);
#1994=ORIENTED_EDGE('',*,*,#1343,.T.);
#1995=ORIENTED_EDGE('',*,*,#1318,.F.);
#1996=ORIENTED_EDGE('',*,*,#1325,.T.);
#1997=ORIENTED_EDGE('',*,*,#1236,.T.);
#1998=ORIENTED_EDGE('',*,*,#1467,.T.);
#1999=ORIENTED_EDGE('',*,*,#1324,.F.);
#2000=ORIENTED_EDGE('',*,*,#1334,.F.);
#2001=ORIENTED_EDGE('',*,*,#1468,.F.);
#2002=ORIENTED_EDGE('',*,*,#1466,.F.);
#2003=ORIENTED_EDGE('',*,*,#1469,.F.);
#2004=ORIENTED_EDGE('',*,*,#1238,.F.);
#2005=ORIENTED_EDGE('',*,*,#1469,.T.);
#2006=ORIENTED_EDGE('',*,*,#1470,.F.);
#2007=ORIENTED_EDGE('',*,*,#1471,.T.);
#2008=ORIENTED_EDGE('',*,*,#1239,.T.);
#2009=ORIENTED_EDGE('',*,*,#1333,.T.);
#2010=ORIENTED_EDGE('',*,*,#1464,.F.);
#2011=ORIENTED_EDGE('',*,*,#1468,.T.);
#2012=ORIENTED_EDGE('',*,*,#1346,.F.);
#2013=ORIENTED_EDGE('',*,*,#1240,.T.);
#2014=ORIENTED_EDGE('',*,*,#1471,.F.);
#2015=ORIENTED_EDGE('',*,*,#1472,.F.);
#2016=ORIENTED_EDGE('',*,*,#1473,.F.);
#2017=ORIENTED_EDGE('',*,*,#1261,.T.);
#2018=ORIENTED_EDGE('',*,*,#1474,.F.);
#2019=ORIENTED_EDGE('',*,*,#1475,.F.);
#2020=ORIENTED_EDGE('',*,*,#1473,.T.);
#2021=ORIENTED_EDGE('',*,*,#1476,.T.);
#2022=ORIENTED_EDGE('',*,*,#1477,.T.);
#2023=ORIENTED_EDGE('',*,*,#1478,.T.);
#2024=ORIENTED_EDGE('',*,*,#1262,.F.);
#2025=ORIENTED_EDGE('',*,*,#1475,.T.);
#2026=ORIENTED_EDGE('',*,*,#1479,.F.);
#2027=ORIENTED_EDGE('',*,*,#1480,.F.);
#2028=ORIENTED_EDGE('',*,*,#1481,.T.);
#2029=ORIENTED_EDGE('',*,*,#1275,.F.);
#2030=ORIENTED_EDGE('',*,*,#1482,.T.);
#2031=ORIENTED_EDGE('',*,*,#1273,.F.);
#2032=ORIENTED_EDGE('',*,*,#1483,.F.);
#2033=ORIENTED_EDGE('',*,*,#1269,.F.);
#2034=ORIENTED_EDGE('',*,*,#1484,.F.);
#2035=ORIENTED_EDGE('',*,*,#1265,.F.);
#2036=ORIENTED_EDGE('',*,*,#1485,.T.);
#2037=ORIENTED_EDGE('',*,*,#1476,.F.);
#2038=ORIENTED_EDGE('',*,*,#1474,.T.);
#2039=ORIENTED_EDGE('',*,*,#1260,.F.);
#2040=ORIENTED_EDGE('',*,*,#1486,.T.);
#2041=ORIENTED_EDGE('',*,*,#1487,.F.);
#2042=ORIENTED_EDGE('',*,*,#1479,.T.);
#2043=ORIENTED_EDGE('',*,*,#1319,.F.);
#2044=ORIENTED_EDGE('',*,*,#1467,.F.);
#2045=ORIENTED_EDGE('',*,*,#1245,.F.);
#2046=ORIENTED_EDGE('',*,*,#1488,.T.);
#2047=ORIENTED_EDGE('',*,*,#1384,.T.);
#2048=ORIENTED_EDGE('',*,*,#1472,.T.);
#2049=ORIENTED_EDGE('',*,*,#1470,.T.);
#2050=ORIENTED_EDGE('',*,*,#1465,.T.);
#2051=ORIENTED_EDGE('',*,*,#1347,.T.);
#2052=ORIENTED_EDGE('',*,*,#1489,.T.);
#2053=ORIENTED_EDGE('',*,*,#1490,.T.);
#2054=ORIENTED_EDGE('',*,*,#1491,.T.);
#2055=ORIENTED_EDGE('',*,*,#1285,.T.);
#2056=ORIENTED_EDGE('',*,*,#1458,.T.);
#2057=ORIENTED_EDGE('',*,*,#1492,.T.);
#2058=ORIENTED_EDGE('',*,*,#1491,.F.);
#2059=ORIENTED_EDGE('',*,*,#1493,.T.);
#2060=ORIENTED_EDGE('',*,*,#1494,.T.);
#2061=ORIENTED_EDGE('',*,*,#1495,.T.);
#2062=ORIENTED_EDGE('',*,*,#1496,.F.);
#2063=ORIENTED_EDGE('',*,*,#1286,.F.);
#2064=ORIENTED_EDGE('',*,*,#1497,.F.);
#2065=ORIENTED_EDGE('',*,*,#1493,.F.);
#2066=ORIENTED_EDGE('',*,*,#1492,.F.);
#2067=ORIENTED_EDGE('',*,*,#1457,.F.);
#2068=ORIENTED_EDGE('',*,*,#1461,.T.);
#2069=ORIENTED_EDGE('',*,*,#1305,.T.);
#2070=ORIENTED_EDGE('',*,*,#1498,.T.);
#2071=ORIENTED_EDGE('',*,*,#1499,.T.);
#2072=ORIENTED_EDGE('',*,*,#1498,.F.);
#2073=ORIENTED_EDGE('',*,*,#1304,.F.);
#2074=ORIENTED_EDGE('',*,*,#1500,.T.);
#2075=ORIENTED_EDGE('',*,*,#1501,.F.);
#2076=ORIENTED_EDGE('',*,*,#1502,.F.);
#2077=ORIENTED_EDGE('',*,*,#1503,.T.);
#2078=ORIENTED_EDGE('',*,*,#1504,.F.);
#2079=ORIENTED_EDGE('',*,*,#1505,.F.);
#2080=ORIENTED_EDGE('',*,*,#1456,.T.);
#2081=ORIENTED_EDGE('',*,*,#1506,.T.);
#2082=ORIENTED_EDGE('',*,*,#1504,.T.);
#2083=ORIENTED_EDGE('',*,*,#1507,.T.);
#2084=ORIENTED_EDGE('',*,*,#1489,.F.);
#2085=ORIENTED_EDGE('',*,*,#1494,.F.);
#2086=ORIENTED_EDGE('',*,*,#1497,.T.);
#2087=ORIENTED_EDGE('',*,*,#1499,.F.);
#2088=ORIENTED_EDGE('',*,*,#1505,.T.);
#2089=ORIENTED_EDGE('',*,*,#1506,.F.);
#2090=ORIENTED_EDGE('',*,*,#1462,.F.);
#2091=ORIENTED_EDGE('',*,*,#1508,.T.);
#2092=ORIENTED_EDGE('',*,*,#1509,.T.);
#2093=ORIENTED_EDGE('',*,*,#1510,.T.);
#2094=ORIENTED_EDGE('',*,*,#1480,.T.);
#2095=ORIENTED_EDGE('',*,*,#1487,.T.);
#2096=ORIENTED_EDGE('',*,*,#1511,.T.);
#2097=ORIENTED_EDGE('',*,*,#1512,.T.);
#2098=ORIENTED_EDGE('',*,*,#1513,.T.);
#2099=ORIENTED_EDGE('',*,*,#1514,.T.);
#2100=ORIENTED_EDGE('',*,*,#1515,.F.);
#2101=ORIENTED_EDGE('',*,*,#1516,.T.);
#2102=ORIENTED_EDGE('',*,*,#1517,.T.);
#2103=ORIENTED_EDGE('',*,*,#1446,.T.);
#2104=ORIENTED_EDGE('',*,*,#1518,.T.);
#2105=ORIENTED_EDGE('',*,*,#1519,.T.);
#2106=ORIENTED_EDGE('',*,*,#1515,.T.);
#2107=ORIENTED_EDGE('',*,*,#1517,.F.);
#2108=ORIENTED_EDGE('',*,*,#1520,.F.);
#2109=ORIENTED_EDGE('',*,*,#1521,.F.);
#2110=ORIENTED_EDGE('',*,*,#1447,.F.);
#2111=ORIENTED_EDGE('',*,*,#1522,.T.);
#2112=ORIENTED_EDGE('',*,*,#1255,.T.);
#2113=ORIENTED_EDGE('',*,*,#1448,.T.);
#2114=ORIENTED_EDGE('',*,*,#1521,.T.);
#2115=ORIENTED_EDGE('',*,*,#1522,.F.);
#2116=ORIENTED_EDGE('',*,*,#1520,.T.);
#2117=ORIENTED_EDGE('',*,*,#1516,.F.);
#2118=ORIENTED_EDGE('',*,*,#1514,.F.);
#2119=ORIENTED_EDGE('',*,*,#1523,.F.);
#2120=ORIENTED_EDGE('',*,*,#1256,.F.);
#2121=ORIENTED_EDGE('',*,*,#1450,.T.);
#2122=ORIENTED_EDGE('',*,*,#1280,.T.);
#2123=ORIENTED_EDGE('',*,*,#1524,.T.);
#2124=ORIENTED_EDGE('',*,*,#1525,.T.);
#2125=ORIENTED_EDGE('',*,*,#1524,.F.);
#2126=ORIENTED_EDGE('',*,*,#1279,.F.);
#2127=ORIENTED_EDGE('',*,*,#1526,.T.);
#2128=ORIENTED_EDGE('',*,*,#1508,.F.);
#2129=ORIENTED_EDGE('',*,*,#1519,.F.);
#2130=ORIENTED_EDGE('',*,*,#1527,.F.);
#2131=ORIENTED_EDGE('',*,*,#1518,.F.);
#2132=ORIENTED_EDGE('',*,*,#1451,.F.);
#2133=ORIENTED_EDGE('',*,*,#1525,.F.);
#2134=ORIENTED_EDGE('',*,*,#1527,.T.);
#2135=ORIENTED_EDGE('',*,*,#1528,.T.);
#2136=ORIENTED_EDGE('',*,*,#1529,.T.);
#2137=ORIENTED_EDGE('',*,*,#1530,.F.);
#2138=ORIENTED_EDGE('',*,*,#1529,.F.);
#2139=ORIENTED_EDGE('',*,*,#1528,.F.);
#2140=ORIENTED_EDGE('',*,*,#1531,.T.);
#2141=ORIENTED_EDGE('',*,*,#1247,.F.);
#2142=ORIENTED_EDGE('',*,*,#1531,.F.);
#2143=ORIENTED_EDGE('',*,*,#1532,.T.);
#2144=ORIENTED_EDGE('',*,*,#1533,.T.);
#2145=ORIENTED_EDGE('',*,*,#1534,.F.);
#2146=ORIENTED_EDGE('',*,*,#1533,.F.);
#2147=ORIENTED_EDGE('',*,*,#1532,.F.);
#2148=ORIENTED_EDGE('',*,*,#1535,.T.);
#2149=ORIENTED_EDGE('',*,*,#1248,.F.);
#2150=ORIENTED_EDGE('',*,*,#1535,.F.);
#2151=ORIENTED_EDGE('',*,*,#1536,.T.);
#2152=ORIENTED_EDGE('',*,*,#1537,.T.);
#2153=ORIENTED_EDGE('',*,*,#1538,.F.);
#2154=ORIENTED_EDGE('',*,*,#1537,.F.);
#2155=ORIENTED_EDGE('',*,*,#1536,.F.);
#2156=ORIENTED_EDGE('',*,*,#1539,.T.);
#2157=ORIENTED_EDGE('',*,*,#1246,.F.);
#2158=ORIENTED_EDGE('',*,*,#1539,.F.);
#2159=ORIENTED_EDGE('',*,*,#1337,.F.);
#2160=ORIENTED_EDGE('',*,*,#1540,.T.);
#2161=ORIENTED_EDGE('',*,*,#1530,.T.);
#2162=ORIENTED_EDGE('',*,*,#1540,.F.);
#2163=ORIENTED_EDGE('',*,*,#1441,.F.);
#2164=ORIENTED_EDGE('',*,*,#1541,.T.);
#2165=ORIENTED_EDGE('',*,*,#1538,.T.);
#2166=ORIENTED_EDGE('',*,*,#1541,.F.);
#2167=ORIENTED_EDGE('',*,*,#1442,.F.);
#2168=ORIENTED_EDGE('',*,*,#1542,.T.);
#2169=ORIENTED_EDGE('',*,*,#1534,.T.);
#2170=ORIENTED_EDGE('',*,*,#1542,.F.);
#2171=ORIENTED_EDGE('',*,*,#1543,.F.);
#2172=ORIENTED_EDGE('',*,*,#1294,.F.);
#2173=ORIENTED_EDGE('',*,*,#1544,.F.);
#2174=ORIENTED_EDGE('',*,*,#1292,.F.);
#2175=ORIENTED_EDGE('',*,*,#1482,.F.);
#2176=ORIENTED_EDGE('',*,*,#1274,.F.);
#2177=ORIENTED_EDGE('',*,*,#1272,.T.);
#2178=ORIENTED_EDGE('',*,*,#1545,.T.);
#2179=ORIENTED_EDGE('',*,*,#1546,.T.);
#2180=ORIENTED_EDGE('',*,*,#1270,.T.);
#2181=ORIENTED_EDGE('',*,*,#1483,.T.);
#2182=ORIENTED_EDGE('',*,*,#1268,.T.);
#2183=ORIENTED_EDGE('',*,*,#1547,.T.);
#2184=ORIENTED_EDGE('',*,*,#1548,.T.);
#2185=ORIENTED_EDGE('',*,*,#1266,.T.);
#2186=ORIENTED_EDGE('',*,*,#1484,.T.);
#2187=ORIENTED_EDGE('',*,*,#1549,.F.);
#2188=ORIENTED_EDGE('',*,*,#1550,.T.);
#2189=ORIENTED_EDGE('',*,*,#1551,.F.);
#2190=ORIENTED_EDGE('',*,*,#1552,.F.);
#2191=ORIENTED_EDGE('',*,*,#1553,.F.);
#2192=ORIENTED_EDGE('',*,*,#1554,.F.);
#2193=ORIENTED_EDGE('',*,*,#1555,.T.);
#2194=ORIENTED_EDGE('',*,*,#1556,.T.);
#2195=ORIENTED_EDGE('',*,*,#1555,.F.);
#2196=ORIENTED_EDGE('',*,*,#1543,.T.);
#2197=ORIENTED_EDGE('',*,*,#1293,.F.);
#2198=ORIENTED_EDGE('',*,*,#1544,.T.);
#2199=ORIENTED_EDGE('',*,*,#1291,.F.);
#2200=ORIENTED_EDGE('',*,*,#1557,.T.);
#2201=ORIENTED_EDGE('',*,*,#1558,.F.);
#2202=ORIENTED_EDGE('',*,*,#1559,.F.);
#2203=ORIENTED_EDGE('',*,*,#1495,.F.);
#2204=ORIENTED_EDGE('',*,*,#1490,.F.);
#2205=ORIENTED_EDGE('',*,*,#1507,.F.);
#2206=ORIENTED_EDGE('',*,*,#1503,.F.);
#2207=ORIENTED_EDGE('',*,*,#1560,.F.);
#2208=ORIENTED_EDGE('',*,*,#1561,.T.);
#2209=ORIENTED_EDGE('',*,*,#1562,.T.);
#2210=ORIENTED_EDGE('',*,*,#1563,.F.);
#2211=ORIENTED_EDGE('',*,*,#1549,.T.);
#2212=ORIENTED_EDGE('',*,*,#1554,.T.);
#2213=ORIENTED_EDGE('',*,*,#1564,.T.);
#2214=ORIENTED_EDGE('',*,*,#1295,.F.);
#2215=ORIENTED_EDGE('',*,*,#1553,.T.);
#2216=ORIENTED_EDGE('',*,*,#1565,.F.);
#2217=ORIENTED_EDGE('',*,*,#1296,.F.);
#2218=ORIENTED_EDGE('',*,*,#1564,.F.);
#2219=ORIENTED_EDGE('',*,*,#1566,.T.);
#2220=ORIENTED_EDGE('',*,*,#1567,.T.);
#2221=ORIENTED_EDGE('',*,*,#1562,.F.);
#2222=ORIENTED_EDGE('',*,*,#1568,.T.);
#2223=ORIENTED_EDGE('',*,*,#1569,.T.);
#2224=ORIENTED_EDGE('',*,*,#1568,.F.);
#2225=ORIENTED_EDGE('',*,*,#1561,.F.);
#2226=ORIENTED_EDGE('',*,*,#1570,.T.);
#2227=ORIENTED_EDGE('',*,*,#1501,.T.);
#2228=ORIENTED_EDGE('',*,*,#1571,.F.);
#2229=ORIENTED_EDGE('',*,*,#1571,.T.);
#2230=ORIENTED_EDGE('',*,*,#1500,.F.);
#2231=ORIENTED_EDGE('',*,*,#1303,.F.);
#2232=ORIENTED_EDGE('',*,*,#1572,.T.);
#2233=ORIENTED_EDGE('',*,*,#1570,.F.);
#2234=ORIENTED_EDGE('',*,*,#1560,.T.);
#2235=ORIENTED_EDGE('',*,*,#1502,.T.);
#2236=ORIENTED_EDGE('',*,*,#1378,.F.);
#2237=ORIENTED_EDGE('',*,*,#1394,.F.);
#2238=ORIENTED_EDGE('',*,*,#1379,.F.);
#2239=ORIENTED_EDGE('',*,*,#1573,.T.);
#2240=ORIENTED_EDGE('',*,*,#1569,.F.);
#2241=ORIENTED_EDGE('',*,*,#1573,.F.);
#2242=ORIENTED_EDGE('',*,*,#1375,.F.);
#2243=ORIENTED_EDGE('',*,*,#1395,.F.);
#2244=ORIENTED_EDGE('',*,*,#1376,.F.);
#2245=ORIENTED_EDGE('',*,*,#1574,.T.);
#2246=ORIENTED_EDGE('',*,*,#1556,.F.);
#2247=ORIENTED_EDGE('',*,*,#1574,.F.);
#2248=ORIENTED_EDGE('',*,*,#1335,.F.);
#2249=ORIENTED_EDGE('',*,*,#1575,.T.);
#2250=ORIENTED_EDGE('',*,*,#1545,.F.);
#2251=ORIENTED_EDGE('',*,*,#1271,.F.);
#2252=ORIENTED_EDGE('',*,*,#1546,.F.);
#2253=ORIENTED_EDGE('',*,*,#1575,.F.);
#2254=ORIENTED_EDGE('',*,*,#1336,.F.);
#2255=ORIENTED_EDGE('',*,*,#1576,.T.);
#2256=ORIENTED_EDGE('',*,*,#1547,.F.);
#2257=ORIENTED_EDGE('',*,*,#1267,.F.);
#2258=ORIENTED_EDGE('',*,*,#1548,.F.);
#2259=ORIENTED_EDGE('',*,*,#1576,.F.);
#2260=ORIENTED_EDGE('',*,*,#1488,.F.);
#2261=ORIENTED_EDGE('',*,*,#1244,.F.);
#2262=ORIENTED_EDGE('',*,*,#1577,.T.);
#2263=ORIENTED_EDGE('',*,*,#1385,.F.);
#2264=ORIENTED_EDGE('',*,*,#1577,.F.);
#2265=ORIENTED_EDGE('',*,*,#1243,.F.);
#2266=ORIENTED_EDGE('',*,*,#1578,.T.);
#2267=ORIENTED_EDGE('',*,*,#1386,.T.);
#2268=ORIENTED_EDGE('',*,*,#1338,.F.);
#2269=ORIENTED_EDGE('',*,*,#1387,.F.);
#2270=ORIENTED_EDGE('',*,*,#1578,.F.);
#2271=ORIENTED_EDGE('',*,*,#1242,.F.);
#2272=ORIENTED_EDGE('',*,*,#1345,.T.);
#2273=ORIENTED_EDGE('',*,*,#1579,.F.);
#2274=ORIENTED_EDGE('',*,*,#1301,.F.);
#2275=ORIENTED_EDGE('',*,*,#1580,.F.);
#2276=ORIENTED_EDGE('',*,*,#1581,.F.);
#2277=ORIENTED_EDGE('',*,*,#1580,.T.);
#2278=ORIENTED_EDGE('',*,*,#1300,.F.);
#2279=ORIENTED_EDGE('',*,*,#1582,.T.);
#2280=ORIENTED_EDGE('',*,*,#1583,.F.);
#2281=ORIENTED_EDGE('',*,*,#1584,.F.);
#2282=ORIENTED_EDGE('',*,*,#1258,.F.);
#2283=ORIENTED_EDGE('',*,*,#1585,.T.);
#2284=ORIENTED_EDGE('',*,*,#1512,.F.);
#2285=ORIENTED_EDGE('',*,*,#1579,.T.);
#2286=ORIENTED_EDGE('',*,*,#1586,.F.);
#2287=ORIENTED_EDGE('',*,*,#1566,.F.);
#2288=ORIENTED_EDGE('',*,*,#1572,.F.);
#2289=ORIENTED_EDGE('',*,*,#1302,.F.);
#2290=ORIENTED_EDGE('',*,*,#1584,.T.);
#2291=ORIENTED_EDGE('',*,*,#1511,.F.);
#2292=ORIENTED_EDGE('',*,*,#1486,.F.);
#2293=ORIENTED_EDGE('',*,*,#1259,.F.);
#2294=ORIENTED_EDGE('',*,*,#1550,.F.);
#2295=ORIENTED_EDGE('',*,*,#1563,.T.);
#2296=ORIENTED_EDGE('',*,*,#1567,.F.);
#2297=ORIENTED_EDGE('',*,*,#1586,.T.);
#2298=ORIENTED_EDGE('',*,*,#1581,.T.);
#2299=ORIENTED_EDGE('',*,*,#1583,.T.);
#2300=ORIENTED_EDGE('',*,*,#1587,.T.);
#2301=ORIENTED_EDGE('',*,*,#1588,.F.);
#2302=ORIENTED_EDGE('',*,*,#1589,.T.);
#2303=ORIENTED_EDGE('',*,*,#1590,.F.);
#2304=ORIENTED_EDGE('',*,*,#1591,.F.);
#2305=ORIENTED_EDGE('',*,*,#1509,.F.);
#2306=ORIENTED_EDGE('',*,*,#1526,.F.);
#2307=ORIENTED_EDGE('',*,*,#1278,.T.);
#2308=ORIENTED_EDGE('',*,*,#1592,.F.);
#2309=ORIENTED_EDGE('',*,*,#1288,.F.);
#2310=ORIENTED_EDGE('',*,*,#1593,.T.);
#2311=ORIENTED_EDGE('',*,*,#1594,.F.);
#2312=ORIENTED_EDGE('',*,*,#1595,.F.);
#2313=ORIENTED_EDGE('',*,*,#1590,.T.);
#2314=ORIENTED_EDGE('',*,*,#1277,.F.);
#2315=ORIENTED_EDGE('',*,*,#1596,.T.);
#2316=ORIENTED_EDGE('',*,*,#1597,.T.);
#2317=ORIENTED_EDGE('',*,*,#1592,.T.);
#2318=ORIENTED_EDGE('',*,*,#1598,.T.);
#2319=ORIENTED_EDGE('',*,*,#1599,.T.);
#2320=ORIENTED_EDGE('',*,*,#1289,.F.);
#2321=ORIENTED_EDGE('',*,*,#1591,.T.);
#2322=ORIENTED_EDGE('',*,*,#1597,.F.);
#2323=ORIENTED_EDGE('',*,*,#1600,.T.);
#2324=ORIENTED_EDGE('',*,*,#1510,.F.);
#2325=ORIENTED_EDGE('',*,*,#1595,.T.);
#2326=ORIENTED_EDGE('',*,*,#1601,.F.);
#2327=ORIENTED_EDGE('',*,*,#1602,.F.);
#2328=ORIENTED_EDGE('',*,*,#1598,.F.);
#2329=ORIENTED_EDGE('',*,*,#1559,.T.);
#2330=ORIENTED_EDGE('',*,*,#1603,.F.);
#2331=ORIENTED_EDGE('',*,*,#1593,.F.);
#2332=ORIENTED_EDGE('',*,*,#1287,.F.);
#2333=ORIENTED_EDGE('',*,*,#1496,.T.);
#2334=ORIENTED_EDGE('',*,*,#1588,.T.);
#2335=ORIENTED_EDGE('',*,*,#1604,.F.);
#2336=ORIENTED_EDGE('',*,*,#1298,.F.);
#2337=ORIENTED_EDGE('',*,*,#1605,.T.);
#2338=ORIENTED_EDGE('',*,*,#1606,.T.);
#2339=ORIENTED_EDGE('',*,*,#1552,.T.);
#2340=ORIENTED_EDGE('',*,*,#1607,.T.);
#2341=ORIENTED_EDGE('',*,*,#1605,.F.);
#2342=ORIENTED_EDGE('',*,*,#1297,.F.);
#2343=ORIENTED_EDGE('',*,*,#1565,.T.);
#2344=ORIENTED_EDGE('',*,*,#1594,.T.);
#2345=ORIENTED_EDGE('',*,*,#1603,.T.);
#2346=ORIENTED_EDGE('',*,*,#1558,.T.);
#2347=ORIENTED_EDGE('',*,*,#1601,.T.);
#2348=ORIENTED_EDGE('',*,*,#1587,.F.);
#2349=ORIENTED_EDGE('',*,*,#1582,.F.);
#2350=ORIENTED_EDGE('',*,*,#1299,.F.);
#2351=ORIENTED_EDGE('',*,*,#1604,.T.);
#2352=ORIENTED_EDGE('',*,*,#1551,.T.);
#2353=ORIENTED_EDGE('',*,*,#1589,.F.);
#2354=ORIENTED_EDGE('',*,*,#1606,.F.);
#2355=ORIENTED_EDGE('',*,*,#1607,.F.);
#2356=ORIENTED_EDGE('',*,*,#1477,.F.);
#2357=ORIENTED_EDGE('',*,*,#1485,.F.);
#2358=ORIENTED_EDGE('',*,*,#1264,.F.);
#2359=ORIENTED_EDGE('',*,*,#1608,.F.);
#2360=ORIENTED_EDGE('',*,*,#1478,.F.);
#2361=ORIENTED_EDGE('',*,*,#1608,.T.);
#2362=ORIENTED_EDGE('',*,*,#1263,.F.);
#2363=ORIENTED_EDGE('',*,*,#1481,.F.);
#2364=ORIENTED_EDGE('',*,*,#1600,.F.);
#2365=ORIENTED_EDGE('',*,*,#1596,.F.);
#2366=ORIENTED_EDGE('',*,*,#1276,.F.);
#2367=ORIENTED_EDGE('',*,*,#1290,.F.);
#2368=ORIENTED_EDGE('',*,*,#1599,.F.);
#2369=ORIENTED_EDGE('',*,*,#1602,.T.);
#2370=ORIENTED_EDGE('',*,*,#1557,.F.);
#2371=ORIENTED_EDGE('',*,*,#1513,.F.);
#2372=ORIENTED_EDGE('',*,*,#1585,.F.);
#2373=ORIENTED_EDGE('',*,*,#1257,.F.);
#2374=ORIENTED_EDGE('',*,*,#1523,.T.);
#2375=ORIENTED_EDGE('',*,*,#1460,.F.);
#2376=ORIENTED_EDGE('',*,*,#1235,.F.);
#2377=ORIENTED_EDGE('',*,*,#1358,.F.);
#2378=ORIENTED_EDGE('',*,*,#1328,.F.);
#2379=ORIENTED_EDGE('',*,*,#1372,.F.);
#2380=ORIENTED_EDGE('',*,*,#1440,.F.);
#2381=ORIENTED_EDGE('',*,*,#1454,.F.);
#2382=ORIENTED_EDGE('',*,*,#1231,.F.);
#2383=PLANE('',#2592);
#2384=PLANE('',#2593);
#2385=PLANE('',#2628);
#2386=PLANE('',#2629);
#2387=PLANE('',#2630);
#2388=PLANE('',#2632);
#2389=PLANE('',#2633);
#2390=PLANE('',#2637);
#2391=PLANE('',#2648);
#2392=PLANE('',#2651);
#2393=PLANE('',#2652);
#2394=PLANE('',#2655);
#2395=PLANE('',#2657);
#2396=PLANE('',#2660);
#2397=PLANE('',#2674);
#2398=PLANE('',#2677);
#2399=PLANE('',#2682);
#2400=PLANE('',#2685);
#2401=PLANE('',#2686);
#2402=PLANE('',#2689);
#2403=PLANE('',#2695);
#2404=PLANE('',#2699);
#2405=PLANE('',#2701);
#2406=PLANE('',#2702);
#2407=PLANE('',#2705);
#2408=PLANE('',#2706);
#2409=PLANE('',#2709);
#2410=PLANE('',#2712);
#2411=PLANE('',#2713);
#2412=PLANE('',#2721);
#2413=PLANE('',#2727);
#2414=PLANE('',#2728);
#2415=PLANE('',#2732);
#2416=PLANE('',#2734);
#2417=PLANE('',#2741);
#2418=PLANE('',#2742);
#2419=PLANE('',#2748);
#2420=PLANE('',#2751);
#2421=PLANE('',#2754);
#2422=PLANE('',#2780);
#2423=PLANE('',#2784);
#2424=PLANE('',#2789);
#2425=PLANE('',#2790);
#2426=PLANE('',#2798);
#2427=PLANE('',#2801);
#2428=PLANE('',#2805);
#2429=PLANE('',#2808);
#2430=PLANE('',#2809);
#2431=PLANE('',#2810);
#2432=PLANE('',#2811);
#2433=PLANE('',#2812);
#2434=PLANE('',#2813);
#2435=PLANE('',#2818);
#2436=PLANE('',#2819);
#2437=PLANE('',#2821);
#2438=PLANE('',#2822);
#2439=PLANE('',#2823);
#2440=PLANE('',#2824);
#2441=PLANE('',#2825);
#2442=PLANE('',#2827);
#2443=PLANE('',#2828);
#2444=ADVANCED_FACE('',(#278),#2383,.T.);
#2445=ADVANCED_FACE('',(#279,#181,#182,#183,#184,#185),#2384,.T.);
#2446=ADVANCED_FACE('',(#280),#2385,.T.);
#2447=ADVANCED_FACE('',(#281),#2386,.F.);
#2448=ADVANCED_FACE('',(#282),#2387,.F.);
#2449=ADVANCED_FACE('',(#283),#2388,.F.);
#2450=ADVANCED_FACE('',(#284),#2389,.F.);
#2451=ADVANCED_FACE('',(#285),#115,.F.);
#2452=ADVANCED_FACE('',(#286),#38,.F.);
#2453=ADVANCED_FACE('',(#287,#186,#187,#188),#2390,.T.);
#2454=ADVANCED_FACE('',(#288),#116,.F.);
#2455=ADVANCED_FACE('',(#289),#30,.T.);
#2456=ADVANCED_FACE('',(#290),#39,.F.);
#2457=ADVANCED_FACE('',(#291),#2391,.T.);
#2458=ADVANCED_FACE('',(#292),#2392,.T.);
#2459=ADVANCED_FACE('',(#293),#2393,.T.);
#2460=ADVANCED_FACE('',(#294),#40,.T.);
#2461=ADVANCED_FACE('',(#295),#2394,.T.);
#2462=ADVANCED_FACE('',(#296),#2395,.T.);
#2463=ADVANCED_FACE('',(#297),#41,.T.);
#2464=ADVANCED_FACE('',(#298),#2396,.T.);
#2465=ADVANCED_FACE('',(#299),#19,.F.);
#2466=ADVANCED_FACE('',(#300),#20,.F.);
#2467=ADVANCED_FACE('',(#301),#2397,.T.);
#2468=ADVANCED_FACE('',(#302),#2398,.T.);
#2469=ADVANCED_FACE('',(#303),#21,.T.);
#2470=ADVANCED_FACE('',(#304),#22,.F.);
#2471=ADVANCED_FACE('',(#305),#2399,.T.);
#2472=ADVANCED_FACE('',(#306),#23,.F.);
#2473=ADVANCED_FACE('',(#307),#2400,.T.);
#2474=ADVANCED_FACE('',(#308),#2401,.T.);
#2475=ADVANCED_FACE('',(#309),#24,.F.);
#2476=ADVANCED_FACE('',(#310),#117,.T.);
#2477=ADVANCED_FACE('',(#311),#118,.T.);
#2478=ADVANCED_FACE('',(#312),#119,.T.);
#2479=ADVANCED_FACE('',(#313),#120,.T.);
#2480=ADVANCED_FACE('',(#314),#121,.T.);
#2481=ADVANCED_FACE('',(#315),#122,.T.);
#2482=ADVANCED_FACE('',(#316),#123,.T.);
#2483=ADVANCED_FACE('',(#317,#189,#190),#2402,.T.);
#2484=ADVANCED_FACE('',(#318),#42,.T.);
#2485=ADVANCED_FACE('',(#319),#43,.F.);
#2486=ADVANCED_FACE('',(#320),#2403,.T.);
#2487=ADVANCED_FACE('',(#321),#44,.F.);
#2488=ADVANCED_FACE('',(#322),#2404,.T.);
#2489=ADVANCED_FACE('',(#323),#45,.F.);
#2490=ADVANCED_FACE('',(#324),#2405,.T.);
#2491=ADVANCED_FACE('',(#325),#2406,.T.);
#2492=ADVANCED_FACE('',(#326),#2407,.T.);
#2493=ADVANCED_FACE('',(#327),#2408,.T.);
#2494=ADVANCED_FACE('',(#328),#46,.F.);
#2495=ADVANCED_FACE('',(#329),#47,.T.);
#2496=ADVANCED_FACE('',(#330),#124,.T.);
#2497=ADVANCED_FACE('',(#331),#2409,.F.);
#2498=ADVANCED_FACE('',(#332),#48,.T.);
#2499=ADVANCED_FACE('',(#333),#49,.F.);
#2500=ADVANCED_FACE('',(#334),#2410,.T.);
#2501=ADVANCED_FACE('',(#335),#2411,.T.);
#2502=ADVANCED_FACE('',(#336),#50,.T.);
#2503=ADVANCED_FACE('',(#337),#51,.T.);
#2504=ADVANCED_FACE('',(#338),#52,.T.);
#2505=ADVANCED_FACE('',(#339),#2412,.F.);
#2506=ADVANCED_FACE('',(#340),#53,.T.);
#2507=ADVANCED_FACE('',(#341),#54,.F.);
#2508=ADVANCED_FACE('',(#342),#2413,.F.);
#2509=ADVANCED_FACE('',(#343),#2414,.F.);
#2510=ADVANCED_FACE('',(#344),#55,.T.);
#2511=ADVANCED_FACE('',(#345),#2415,.F.);
#2512=ADVANCED_FACE('',(#346),#2416,.F.);
#2513=ADVANCED_FACE('',(#347),#56,.T.);
#2514=ADVANCED_FACE('',(#348),#57,.T.);
#2515=ADVANCED_FACE('',(#349),#58,.F.);
#2516=ADVANCED_FACE('',(#350),#2417,.F.);
#2517=ADVANCED_FACE('',(#351),#2418,.F.);
#2518=ADVANCED_FACE('',(#352),#59,.F.);
#2519=ADVANCED_FACE('',(#353),#2419,.F.);
#2520=ADVANCED_FACE('',(#354),#60,.T.);
#2521=ADVANCED_FACE('',(#355),#2420,.F.);
#2522=ADVANCED_FACE('',(#356),#61,.T.);
#2523=ADVANCED_FACE('',(#357),#62,.T.);
#2524=ADVANCED_FACE('',(#358),#2421,.F.);
#2525=ADVANCED_FACE('',(#359),#25,.F.);
#2526=ADVANCED_FACE('',(#360),#63,.F.);
#2527=ADVANCED_FACE('',(#361),#26,.F.);
#2528=ADVANCED_FACE('',(#362),#64,.F.);
#2529=ADVANCED_FACE('',(#363),#27,.F.);
#2530=ADVANCED_FACE('',(#364),#65,.F.);
#2531=ADVANCED_FACE('',(#365),#66,.F.);
#2532=ADVANCED_FACE('',(#366),#67,.F.);
#2533=ADVANCED_FACE('',(#367),#68,.F.);
#2534=ADVANCED_FACE('',(#368),#69,.T.);
#2535=ADVANCED_FACE('',(#369),#70,.T.);
#2536=ADVANCED_FACE('',(#370),#71,.T.);
#2537=ADVANCED_FACE('',(#371),#125,.T.);
#2538=ADVANCED_FACE('',(#372),#126,.T.);
#2539=ADVANCED_FACE('',(#373),#28,.T.);
#2540=ADVANCED_FACE('',(#374),#2422,.F.);
#2541=ADVANCED_FACE('',(#375),#2423,.F.);
#2542=ADVANCED_FACE('',(#376),#29,.T.);
#2543=ADVANCED_FACE('',(#377),#2424,.F.);
#2544=ADVANCED_FACE('',(#378),#2425,.F.);
#2545=ADVANCED_FACE('',(#379),#72,.F.);
#2546=ADVANCED_FACE('',(#380),#73,.F.);
#2547=ADVANCED_FACE('',(#381),#74,.F.);
#2548=ADVANCED_FACE('',(#382),#75,.F.);
#2549=ADVANCED_FACE('',(#383),#76,.T.);
#2550=ADVANCED_FACE('',(#384),#77,.F.);
#2551=ADVANCED_FACE('',(#385),#78,.T.);
#2552=ADVANCED_FACE('',(#386),#2426,.T.);
#2553=ADVANCED_FACE('',(#387),#79,.T.);
#2554=ADVANCED_FACE('',(#388),#2427,.T.);
#2555=ADVANCED_FACE('',(#389),#80,.T.);
#2556=ADVANCED_FACE('',(#390),#81,.F.);
#2557=ADVANCED_FACE('',(#391),#2428,.F.);
#2558=ADVANCED_FACE('',(#392),#2429,.T.);
#2559=ADVANCED_FACE('',(#393),#2430,.T.);
#2560=ADVANCED_FACE('',(#394),#2431,.F.);
#2561=ADVANCED_FACE('',(#395),#2432,.F.);
#2562=ADVANCED_FACE('',(#396),#2433,.F.);
#2563=ADVANCED_FACE('',(#397),#2434,.F.);
#2564=ADVANCED_FACE('',(#398),#82,.T.);
#2565=ADVANCED_FACE('',(#399),#83,.T.);
#2566=ADVANCED_FACE('',(#400),#2435,.F.);
#2567=ADVANCED_FACE('',(#401),#2436,.F.);
#2568=ADVANCED_FACE('',(#402),#84,.F.);
#2569=ADVANCED_FACE('',(#403),#2437,.F.);
#2570=ADVANCED_FACE('',(#404),#2438,.F.);
#2571=ADVANCED_FACE('',(#405),#2439,.F.);
#2572=ADVANCED_FACE('',(#406),#2440,.F.);
#2573=ADVANCED_FACE('',(#407),#2441,.F.);
#2574=ADVANCED_FACE('',(#408),#85,.T.);
#2575=ADVANCED_FACE('',(#409),#2442,.T.);
#2576=ADVANCED_FACE('',(#410),#2443,.T.);
#2577=CLOSED_SHELL('',(#2444,#2445,#2446,#2447,#2448,#2449,#2450,#2451,
#2452,#2453,#2454,#2455,#2456,#2457,#2458,#2459,#2460,#2461,#2462,#2463,
#2464,#2465,#2466,#2467,#2468,#2469,#2470,#2471,#2472,#2473,#2474,#2475,
#2476,#2477,#2478,#2479,#2480,#2481,#2482,#2483,#2484,#2485,#2486,#2487,
#2488,#2489,#2490,#2491,#2492,#2493,#2494,#2495,#2496,#2497,#2498,#2499,
#2500,#2501,#2502,#2503,#2504,#2505,#2506,#2507,#2508,#2509,#2510,#2511,
#2512,#2513,#2514,#2515,#2516,#2517,#2518,#2519,#2520,#2521,#2522,#2523,
#2524,#2525,#2526,#2527,#2528,#2529,#2530,#2531,#2532,#2533,#2534,#2535,
#2536,#2537,#2538,#2539,#2540,#2541,#2542,#2543,#2544,#2545,#2546,#2547,
#2548,#2549,#2550,#2551,#2552,#2553,#2554,#2555,#2556,#2557,#2558,#2559,
#2560,#2561,#2562,#2563,#2564,#2565,#2566,#2567,#2568,#2569,#2570,#2571,
#2572,#2573,#2574,#2575,#2576));
#2578=DERIVED_UNIT_ELEMENT(#2580,1.);
#2579=DERIVED_UNIT_ELEMENT(#5124,-3.);
#2580=(
MASS_UNIT()
NAMED_UNIT(*)
SI_UNIT(.KILO.,.GRAM.)
);
#2581=DERIVED_UNIT((#2578,#2579));
#2582=MEASURE_REPRESENTATION_ITEM('density measure',
POSITIVE_RATIO_MEASURE(7850.),#2581);
#2583=PROPERTY_DEFINITION_REPRESENTATION(#2588,#2585);
#2584=PROPERTY_DEFINITION_REPRESENTATION(#2589,#2586);
#2585=REPRESENTATION('material name',(#2587),#5121);
#2586=REPRESENTATION('density',(#2582),#5121);
#2587=DESCRIPTIVE_REPRESENTATION_ITEM('A\X\E7o','A\X\E7o');
#2588=PROPERTY_DEFINITION('material property','material name',#5136);
#2589=PROPERTY_DEFINITION('material property','density of part',#5136);
#2590=AXIS2_PLACEMENT_3D('',#3520,#2830,#2831);
#2591=AXIS2_PLACEMENT_3D('',#3521,#2832,#2833);
#2592=AXIS2_PLACEMENT_3D('',#3522,#2834,#2835);
#2593=AXIS2_PLACEMENT_3D('',#3535,#2842,#2843);
#2594=AXIS2_PLACEMENT_3D('',#3554,#2852,#2853);
#2595=AXIS2_PLACEMENT_3D('',#3556,#2854,#2855);
#2596=AXIS2_PLACEMENT_3D('',#3558,#2856,#2857);
#2597=AXIS2_PLACEMENT_3D('',#3562,#2859,#2860);
#2598=AXIS2_PLACEMENT_3D('',#3564,#2861,#2862);
#2599=AXIS2_PLACEMENT_3D('',#3566,#2863,#2864);
#2600=AXIS2_PLACEMENT_3D('',#3568,#2865,#2866);
#2601=AXIS2_PLACEMENT_3D('',#3570,#2867,#2868);
#2602=AXIS2_PLACEMENT_3D('',#3571,#2869,#2870);
#2603=AXIS2_PLACEMENT_3D('',#3573,#2871,#2872);
#2604=AXIS2_PLACEMENT_3D('',#3575,#2873,#2874);
#2605=AXIS2_PLACEMENT_3D('',#3577,#2875,#2876);
#2606=AXIS2_PLACEMENT_3D('',#3581,#2878,#2879);
#2607=AXIS2_PLACEMENT_3D('',#3587,#2882,#2883);
#2608=AXIS2_PLACEMENT_3D('',#3595,#2887,#2888);
#2609=AXIS2_PLACEMENT_3D('',#3599,#2890,#2891);
#2610=AXIS2_PLACEMENT_3D('',#3601,#2892,#2893);
#2611=AXIS2_PLACEMENT_3D('',#3603,#2894,#2895);
#2612=AXIS2_PLACEMENT_3D('',#3605,#2896,#2897);
#2613=AXIS2_PLACEMENT_3D('',#3620,#2901,#2902);
#2614=AXIS2_PLACEMENT_3D('',#3638,#2904,#2905);
#2615=AXIS2_PLACEMENT_3D('',#3649,#2907,#2908);
#2616=AXIS2_PLACEMENT_3D('',#3659,#2913,#2914);
#2617=AXIS2_PLACEMENT_3D('',#3663,#2916,#2917);
#2618=AXIS2_PLACEMENT_3D('',#3667,#2919,#2920);
#2619=AXIS2_PLACEMENT_3D('',#3675,#2924,#2925);
#2620=AXIS2_PLACEMENT_3D('',#3685,#2930,#2931);
#2621=AXIS2_PLACEMENT_3D('',#3689,#2933,#2934);
#2622=AXIS2_PLACEMENT_3D('',#3697,#2938,#2939);
#2623=AXIS2_PLACEMENT_3D('',#3699,#2940,#2941);
#2624=AXIS2_PLACEMENT_3D('',#3701,#2942,#2943);
#2625=AXIS2_PLACEMENT_3D('',#3705,#2945,#2946);
#2626=AXIS2_PLACEMENT_3D('',#3709,#2948,#2949);
#2627=AXIS2_PLACEMENT_3D('',#3712,#2951,#2952);
#2628=AXIS2_PLACEMENT_3D('',#3713,#2953,#2954);
#2629=AXIS2_PLACEMENT_3D('',#3723,#2960,#2961);
#2630=AXIS2_PLACEMENT_3D('',#3727,#2964,#2965);
#2631=AXIS2_PLACEMENT_3D('',#3728,#2966,#2967);
#2632=AXIS2_PLACEMENT_3D('',#3729,#2968,#2969);
#2633=AXIS2_PLACEMENT_3D('',#3733,#2972,#2973);
#2634=AXIS2_PLACEMENT_3D('',#3734,#2974,#2975);
#2635=AXIS2_PLACEMENT_3D('',#3789,#2976,#2977);
#2636=AXIS2_PLACEMENT_3D('',#3811,#2978,#2979);
#2637=AXIS2_PLACEMENT_3D('',#3814,#2982,#2983);
#2638=AXIS2_PLACEMENT_3D('',#3826,#2989,#2990);
#2639=AXIS2_PLACEMENT_3D('',#3834,#2992,#2993);
#2640=AXIS2_PLACEMENT_3D('',#3836,#2994,#2995);
#2641=AXIS2_PLACEMENT_3D('',#3838,#2996,#2997);
#2642=AXIS2_PLACEMENT_3D('',#3840,#2998,#2999);
#2643=AXIS2_PLACEMENT_3D('',#3978,#3000,#3001);
#2644=AXIS2_PLACEMENT_3D('',#3989,#3002,#3003);
#2645=AXIS2_PLACEMENT_3D('',#4001,#3004,#3005);
#2646=AXIS2_PLACEMENT_3D('',#4002,#3006,#3007);
#2647=AXIS2_PLACEMENT_3D('',#4007,#3010,#3011);
#2648=AXIS2_PLACEMENT_3D('',#4009,#3013,#3014);
#2649=AXIS2_PLACEMENT_3D('',#4012,#3015,#3016);
#2650=AXIS2_PLACEMENT_3D('',#4016,#3018,#3019);
#2651=AXIS2_PLACEMENT_3D('',#4022,#3023,#3024);
#2652=AXIS2_PLACEMENT_3D('',#4025,#3027,#3028);
#2653=AXIS2_PLACEMENT_3D('',#4026,#3029,#3030);
#2654=AXIS2_PLACEMENT_3D('',#4028,#3032,#3033);
#2655=AXIS2_PLACEMENT_3D('',#4057,#3037,#3038);
#2656=AXIS2_PLACEMENT_3D('',#4063,#3041,#3042);
#2657=AXIS2_PLACEMENT_3D('',#4067,#3045,#3046);
#2658=AXIS2_PLACEMENT_3D('',#4069,#3047,#3048);
#2659=AXIS2_PLACEMENT_3D('',#4074,#3052,#3053);
#2660=AXIS2_PLACEMENT_3D('',#4154,#3058,#3059);
#2661=AXIS2_PLACEMENT_3D('',#4156,#3060,#3061);
#2662=AXIS2_PLACEMENT_3D('',#4158,#3062,#3063);
#2663=AXIS2_PLACEMENT_3D('',#4160,#3064,#3065);
#2664=AXIS2_PLACEMENT_3D('',#4161,#3066,#3067);
#2665=AXIS2_PLACEMENT_3D('',#4162,#3068,#3069);
#2666=AXIS2_PLACEMENT_3D('',#4164,#3070,#3071);
#2667=AXIS2_PLACEMENT_3D('',#4168,#3073,#3074);
#2668=AXIS2_PLACEMENT_3D('',#4171,#3076,#3077);
#2669=AXIS2_PLACEMENT_3D('',#4172,#3078,#3079);
#2670=AXIS2_PLACEMENT_3D('',#4173,#3080,#3081);
#2671=AXIS2_PLACEMENT_3D('',#4174,#3082,#3083);
#2672=AXIS2_PLACEMENT_3D('',#4187,#3084,#3085);
#2673=AXIS2_PLACEMENT_3D('',#4190,#3087,#3088);
#2674=AXIS2_PLACEMENT_3D('',#4192,#3090,#3091);
#2675=AXIS2_PLACEMENT_3D('',#4196,#3093,#3094);
#2676=AXIS2_PLACEMENT_3D('',#4199,#3096,#3097);
#2677=AXIS2_PLACEMENT_3D('',#4200,#3098,#3099);
#2678=AXIS2_PLACEMENT_3D('',#4204,#3102,#3103);
#2679=AXIS2_PLACEMENT_3D('',#4209,#3104,#3105);
#2680=AXIS2_PLACEMENT_3D('',#4214,#3106,#3107);
#2681=AXIS2_PLACEMENT_3D('',#4218,#3109,#3110);
#2682=AXIS2_PLACEMENT_3D('',#4220,#3112,#3113);
#2683=AXIS2_PLACEMENT_3D('',#4224,#3116,#3117);
#2684=AXIS2_PLACEMENT_3D('',#4225,#3118,#3119);
#2685=AXIS2_PLACEMENT_3D('',#4226,#3120,#3121);
#2686=AXIS2_PLACEMENT_3D('',#4227,#3122,#3123);
#2687=AXIS2_PLACEMENT_3D('',#4229,#3125,#3126);
#2688=AXIS2_PLACEMENT_3D('',#4232,#3128,#3129);
#2689=AXIS2_PLACEMENT_3D('',#4431,#3136,#3137);
#2690=AXIS2_PLACEMENT_3D('',#4438,#3141,#3142);
#2691=AXIS2_PLACEMENT_3D('',#4440,#3143,#3144);
#2692=AXIS2_PLACEMENT_3D('',#4441,#3145,#3146);
#2693=AXIS2_PLACEMENT_3D('',#4442,#3147,#3148);
#2694=AXIS2_PLACEMENT_3D('',#4443,#3149,#3150);
#2695=AXIS2_PLACEMENT_3D('',#4445,#3152,#3153);
#2696=AXIS2_PLACEMENT_3D('',#4449,#3155,#3156);
#2697=AXIS2_PLACEMENT_3D('',#4452,#3158,#3159);
#2698=AXIS2_PLACEMENT_3D('',#4453,#3160,#3161);
#2699=AXIS2_PLACEMENT_3D('',#4471,#3164,#3165);
#2700=AXIS2_PLACEMENT_3D('',#4473,#3167,#3168);
#2701=AXIS2_PLACEMENT_3D('',#4475,#3170,#3171);
#2702=AXIS2_PLACEMENT_3D('',#4477,#3173,#3174);
#2703=AXIS2_PLACEMENT_3D('',#4481,#3176,#3177);
#2704=AXIS2_PLACEMENT_3D('',#4484,#3179,#3180);
#2705=AXIS2_PLACEMENT_3D('',#4485,#3181,#3182);
#2706=AXIS2_PLACEMENT_3D('',#4487,#3184,#3185);
#2707=AXIS2_PLACEMENT_3D('',#4489,#3187,#3188);
#2708=AXIS2_PLACEMENT_3D('',#4506,#3190,#3191);
#2709=AXIS2_PLACEMENT_3D('',#4532,#3192,#3193);
#2710=AXIS2_PLACEMENT_3D('',#4536,#3196,#3197);
#2711=AXIS2_PLACEMENT_3D('',#4538,#3199,#3200);
#2712=AXIS2_PLACEMENT_3D('',#4541,#3203,#3204);
#2713=AXIS2_PLACEMENT_3D('',#4545,#3207,#3208);
#2714=AXIS2_PLACEMENT_3D('',#4546,#3209,#3210);
#2715=AXIS2_PLACEMENT_3D('',#4547,#3211,#3212);
#2716=AXIS2_PLACEMENT_3D('',#4548,#3213,#3214);
#2717=AXIS2_PLACEMENT_3D('',#4553,#3217,#3218);
#2718=AXIS2_PLACEMENT_3D('',#4554,#3219,#3220);
#2719=AXIS2_PLACEMENT_3D('',#4556,#3221,#3222);
#2720=AXIS2_PLACEMENT_3D('',#4558,#3223,#3224);
#2721=AXIS2_PLACEMENT_3D('',#4560,#3226,#3227);
#2722=AXIS2_PLACEMENT_3D('',#4562,#3228,#3229);
#2723=AXIS2_PLACEMENT_3D('',#4566,#3232,#3233);
#2724=AXIS2_PLACEMENT_3D('',#4672,#3235,#3236);
#2725=AXIS2_PLACEMENT_3D('',#4675,#3238,#3239);
#2726=AXIS2_PLACEMENT_3D('',#4676,#3240,#3241);
#2727=AXIS2_PLACEMENT_3D('',#4678,#3243,#3244);
#2728=AXIS2_PLACEMENT_3D('',#4679,#3245,#3246);
#2729=AXIS2_PLACEMENT_3D('',#4682,#3247,#3248);
#2730=AXIS2_PLACEMENT_3D('',#4684,#3250,#3251);
#2731=AXIS2_PLACEMENT_3D('',#4686,#3252,#3253);
#2732=AXIS2_PLACEMENT_3D('',#4688,#3255,#3256);
#2733=AXIS2_PLACEMENT_3D('',#4691,#3258,#3259);
#2734=AXIS2_PLACEMENT_3D('',#4695,#3262,#3263);
#2735=AXIS2_PLACEMENT_3D('',#4697,#3265,#3266);
#2736=AXIS2_PLACEMENT_3D('',#4710,#3268,#3269);
#2737=AXIS2_PLACEMENT_3D('',#4731,#3271,#3272);
#2738=AXIS2_PLACEMENT_3D('',#4733,#3273,#3274);
#2739=AXIS2_PLACEMENT_3D('',#4744,#3276,#3277);
#2740=AXIS2_PLACEMENT_3D('',#4746,#3279,#3280);
#2741=AXIS2_PLACEMENT_3D('',#4747,#3281,#3282);
#2742=AXIS2_PLACEMENT_3D('',#4748,#3283,#3284);
#2743=AXIS2_PLACEMENT_3D('',#4751,#3285,#3286);
#2744=AXIS2_PLACEMENT_3D('',#4756,#3289,#3290);
#2745=AXIS2_PLACEMENT_3D('',#4760,#3292,#3293);
#2746=AXIS2_PLACEMENT_3D('',#4764,#3296,#3297);
#2747=AXIS2_PLACEMENT_3D('',#4766,#3298,#3299);
#2748=AXIS2_PLACEMENT_3D('',#4780,#3302,#3303);
#2749=AXIS2_PLACEMENT_3D('',#4784,#3306,#3307);
#2750=AXIS2_PLACEMENT_3D('',#4785,#3308,#3309);
#2751=AXIS2_PLACEMENT_3D('',#4786,#3310,#3311);
#2752=AXIS2_PLACEMENT_3D('',#4788,#3313,#3314);
#2753=AXIS2_PLACEMENT_3D('',#4801,#3316,#3317);
#2754=AXIS2_PLACEMENT_3D('',#4804,#3320,#3321);
#2755=AXIS2_PLACEMENT_3D('',#4805,#3322,#3323);
#2756=AXIS2_PLACEMENT_3D('',#4807,#3324,#3325);
#2757=AXIS2_PLACEMENT_3D('',#4810,#3327,#3328);
#2758=AXIS2_PLACEMENT_3D('',#4811,#3329,#3330);
#2759=AXIS2_PLACEMENT_3D('',#4813,#3332,#3333);
#2760=AXIS2_PLACEMENT_3D('',#4815,#3334,#3335);
#2761=AXIS2_PLACEMENT_3D('',#4818,#3337,#3338);
#2762=AXIS2_PLACEMENT_3D('',#4819,#3339,#3340);
#2763=AXIS2_PLACEMENT_3D('',#4821,#3342,#3343);
#2764=AXIS2_PLACEMENT_3D('',#4823,#3344,#3345);
#2765=AXIS2_PLACEMENT_3D('',#4826,#3347,#3348);
#2766=AXIS2_PLACEMENT_3D('',#4827,#3349,#3350);
#2767=AXIS2_PLACEMENT_3D('',#4829,#3352,#3353);
#2768=AXIS2_PLACEMENT_3D('',#4831,#3355,#3356);
#2769=AXIS2_PLACEMENT_3D('',#4833,#3358,#3359);
#2770=AXIS2_PLACEMENT_3D('',#4835,#3361,#3362);
#2771=AXIS2_PLACEMENT_3D('',#4836,#3363,#3364);
#2772=AXIS2_PLACEMENT_3D('',#4837,#3365,#3366);
#2773=AXIS2_PLACEMENT_3D('',#4838,#3367,#3368);
#2774=AXIS2_PLACEMENT_3D('',#4839,#3369,#3370);
#2775=AXIS2_PLACEMENT_3D('',#4970,#3371,#3372);
#2776=AXIS2_PLACEMENT_3D('',#4973,#3373,#3374);
#2777=AXIS2_PLACEMENT_3D('',#4975,#3375,#3376);
#2778=AXIS2_PLACEMENT_3D('',#4988,#3377,#3378);
#2779=AXIS2_PLACEMENT_3D('',#4991,#3380,#3381);
#2780=AXIS2_PLACEMENT_3D('',#4992,#3382,#3383);
#2781=AXIS2_PLACEMENT_3D('',#4997,#3386,#3387);
#2782=AXIS2_PLACEMENT_3D('',#5001,#3389,#3390);
#2783=AXIS2_PLACEMENT_3D('',#5003,#3391,#3392);
#2784=AXIS2_PLACEMENT_3D('',#5006,#3395,#3396);
#2785=AXIS2_PLACEMENT_3D('',#5008,#3398,#3399);
#2786=AXIS2_PLACEMENT_3D('',#5025,#3400,#3401);
#2787=AXIS2_PLACEMENT_3D('',#5028,#3403,#3404);
#2788=AXIS2_PLACEMENT_3D('',#5029,#3405,#3406);
#2789=AXIS2_PLACEMENT_3D('',#5033,#3407,#3408);
#2790=AXIS2_PLACEMENT_3D('',#5035,#3410,#3411);
#2791=AXIS2_PLACEMENT_3D('',#5036,#3412,#3413);
#2792=AXIS2_PLACEMENT_3D('',#5038,#3415,#3416);
#2793=AXIS2_PLACEMENT_3D('',#5040,#3418,#3419);
#2794=AXIS2_PLACEMENT_3D('',#5042,#3421,#3422);
#2795=AXIS2_PLACEMENT_3D('',#5044,#3424,#3425);
#2796=AXIS2_PLACEMENT_3D('',#5046,#3427,#3428);
#2797=AXIS2_PLACEMENT_3D('',#5048,#3430,#3431);
#2798=AXIS2_PLACEMENT_3D('',#5049,#3432,#3433);
#2799=AXIS2_PLACEMENT_3D('',#5055,#3437,#3438);
#2800=AXIS2_PLACEMENT_3D('',#5058,#3440,#3441);
#2801=AXIS2_PLACEMENT_3D('',#5059,#3442,#3443);
#2802=AXIS2_PLACEMENT_3D('',#5062,#3446,#3447);
#2803=AXIS2_PLACEMENT_3D('',#5063,#3448,#3449);
#2804=AXIS2_PLACEMENT_3D('',#5064,#3450,#3451);
#2805=AXIS2_PLACEMENT_3D('',#5065,#3452,#3453);
#2806=AXIS2_PLACEMENT_3D('',#5067,#3454,#3455);
#2807=AXIS2_PLACEMENT_3D('',#5069,#3456,#3457);
#2808=AXIS2_PLACEMENT_3D('',#5071,#3459,#3460);
#2809=AXIS2_PLACEMENT_3D('',#5075,#3463,#3464);
#2810=AXIS2_PLACEMENT_3D('',#5083,#3469,#3470);
#2811=AXIS2_PLACEMENT_3D('',#5087,#3473,#3474);
#2812=AXIS2_PLACEMENT_3D('',#5091,#3477,#3478);
#2813=AXIS2_PLACEMENT_3D('',#5093,#3480,#3481);
#2814=AXIS2_PLACEMENT_3D('',#5096,#3484,#3485);
#2815=AXIS2_PLACEMENT_3D('',#5097,#3486,#3487);
#2816=AXIS2_PLACEMENT_3D('',#5098,#3488,#3489);
#2817=AXIS2_PLACEMENT_3D('',#5102,#3492,#3493);
#2818=AXIS2_PLACEMENT_3D('',#5103,#3494,#3495);
#2819=AXIS2_PLACEMENT_3D('',#5105,#3497,#3498);
#2820=AXIS2_PLACEMENT_3D('',#5106,#3499,#3500);
#2821=AXIS2_PLACEMENT_3D('',#5107,#3501,#3502);
#2822=AXIS2_PLACEMENT_3D('',#5108,#3503,#3504);
#2823=AXIS2_PLACEMENT_3D('',#5110,#3506,#3507);
#2824=AXIS2_PLACEMENT_3D('',#5111,#3508,#3509);
#2825=AXIS2_PLACEMENT_3D('',#5112,#3510,#3511);
#2826=AXIS2_PLACEMENT_3D('',#5113,#3512,#3513);
#2827=AXIS2_PLACEMENT_3D('',#5114,#3514,#3515);
#2828=AXIS2_PLACEMENT_3D('',#5115,#3516,#3517);
#2829=AXIS2_PLACEMENT_3D('',#5116,#3518,#3519);
#2830=DIRECTION('axis',(0.,0.,1.));
#2831=DIRECTION('refdir',(1.,0.,0.));
#2832=DIRECTION('axis',(0.,0.,1.));
#2833=DIRECTION('refdir',(1.,0.,0.));
#2834=DIRECTION('center_axis',(5.78633365865516E-31,1.,-1.4891045776549E-15));
#2835=DIRECTION('ref_axis',(1.,-3.18456537612256E-47,3.88578058618804E-16));
#2836=DIRECTION('',(-1.,0.,-3.88578058618804E-16));
#2837=DIRECTION('',(3.30912128367756E-16,-1.4891045776549E-15,-1.));
#2838=DIRECTION('',(1.,-2.42934309864368E-27,-1.63102343631414E-12));
#2839=DIRECTION('',(1.63132967211254E-12,0.,1.));
#2840=DIRECTION('',(1.,0.,3.88578058618804E-16));
#2841=DIRECTION('',(-1.63132967211254E-12,-1.4891045776549E-15,-1.));
#2842=DIRECTION('center_axis',(-3.88578058618804E-16,1.55026677539377E-15,
1.));
#2843=DIRECTION('ref_axis',(1.,0.,3.88578058618804E-16));
#2844=DIRECTION('',(-0.921118787038764,0.38928162063503,-9.61416912766758E-16));
#2845=DIRECTION('',(1.,-3.18456537612256E-47,3.88578058618804E-16));
#2846=DIRECTION('',(-0.921118787038766,-0.389281620635026,2.4556381271709E-16));
#2847=DIRECTION('',(6.02399653923744E-31,1.,-1.55026677539377E-15));
#2848=DIRECTION('',(0.921118787038768,-0.389281620635023,9.61416912766748E-16));
#2849=DIRECTION('',(-1.,3.18456537612256E-47,-3.88578058618804E-16));
#2850=DIRECTION('',(0.921118787038767,0.389281620635023,-2.45563812717085E-16));
#2851=DIRECTION('',(2.16628882853688E-16,-1.,1.55026677539377E-15));
#2852=DIRECTION('center_axis',(3.88578058618804E-16,-1.55026677539377E-15,
-1.));
#2853=DIRECTION('ref_axis',(-0.224462760448161,0.974482667455913,-1.1116785181475E-15));
#2854=DIRECTION('center_axis',(-3.88578058618804E-16,1.55026677539377E-15,
1.));
#2855=DIRECTION('ref_axis',(-0.115876990071335,-0.99326357185392,1.11022302462516E-15));
#2856=DIRECTION('center_axis',(3.88578058618804E-16,-1.55026677539377E-15,
-1.));
#2857=DIRECTION('ref_axis',(-1.,-8.76841894287265E-32,-4.44890011871431E-16));
#2858=DIRECTION('',(0.997474107471561,0.0710310138165944,2.77479531461421E-16));
#2859=DIRECTION('center_axis',(3.88578058618804E-16,-1.55026677539377E-15,
-1.));
#2860=DIRECTION('ref_axis',(0.0110016823195258,-0.999939479661714,-1.79473708109984E-14));
#2861=DIRECTION('center_axis',(3.88578058618804E-16,-1.55026677539377E-15,
-1.));
#2862=DIRECTION('ref_axis',(0.489706913049797,0.871887113857774,-1.15385629000615E-15));
#2863=DIRECTION('center_axis',(-3.88578058618804E-16,1.55026677539377E-15,
1.));
#2864=DIRECTION('ref_axis',(-0.4897069130498,-0.871887113857772,1.15385629000615E-15));
#2865=DIRECTION('center_axis',(3.88578058618804E-16,-1.55026677539377E-15,
-1.));
#2866=DIRECTION('ref_axis',(-0.115748802595277,-0.993278518190019,1.51364139746391E-15));
#2867=DIRECTION('center_axis',(-3.88578058618804E-16,1.55026677539377E-15,
1.));
#2868=DIRECTION('ref_axis',(0.115748802595276,0.993278518190019,-1.51364139746391E-15));
#2869=DIRECTION('center_axis',(3.88578058618804E-16,-1.55026677539377E-15,
-1.));
#2870=DIRECTION('ref_axis',(-0.951984847755106,-0.306145144734795,5.38321780902889E-17));
#2871=DIRECTION('center_axis',(3.88578058618804E-16,-1.55026677539377E-15,
-1.));
#2872=DIRECTION('ref_axis',(-1.,0.,-3.88578058618804E-16));
#2873=DIRECTION('center_axis',(3.88578058618804E-16,-1.55026677539377E-15,
-1.));
#2874=DIRECTION('ref_axis',(-1.,0.,-3.88578058618804E-16));
#2875=DIRECTION('center_axis',(3.88578058618804E-16,-1.55026677539377E-15,
-1.));
#2876=DIRECTION('ref_axis',(-1.,0.,-3.88578058618804E-16));
#2877=DIRECTION('',(-2.52899619039008E-27,1.,-1.55026677539377E-15));
#2878=DIRECTION('center_axis',(3.88578058618804E-16,-1.55026677539377E-15,
-1.));
#2879=DIRECTION('ref_axis',(1.,0.,-1.63132967211254E-12));
#2880=DIRECTION('',(2.52899619039008E-27,-1.,1.55026677539377E-15));
#2881=DIRECTION('',(-1.,0.,-3.88578058618804E-16));
#2882=DIRECTION('center_axis',(3.88578058618804E-16,-1.55026677539377E-15,
-1.));
#2883=DIRECTION('ref_axis',(-5.82160340894326E-31,-1.,1.4891045776549E-15));
#2884=DIRECTION('',(6.02399653923744E-31,1.,-1.55026677539377E-15));
#2885=DIRECTION('',(1.,0.,3.88578058618804E-16));
#2886=DIRECTION('',(-6.02399653923744E-31,-1.,1.55026677539377E-15));
#2887=DIRECTION('center_axis',(-3.88578058618804E-16,1.55026677539377E-15,
1.));
#2888=DIRECTION('ref_axis',(-5.82160340894326E-31,-1.,1.4891045776549E-15));
#2889=DIRECTION('',(0.,-1.,1.19410919561727E-15));
#2890=DIRECTION('center_axis',(3.88578058618804E-16,-1.55026677539377E-15,
-1.));
#2891=DIRECTION('ref_axis',(0.272474869915044,-0.962162899547046,1.52292641729553E-15));
#2892=DIRECTION('center_axis',(-3.88578058618804E-16,1.55026677539377E-15,
1.));
#2893=DIRECTION('ref_axis',(1.,-8.58706007115642E-32,3.30912128367756E-16));
#2894=DIRECTION('center_axis',(3.88578058618804E-16,-1.55026677539377E-15,
-1.));
#2895=DIRECTION('ref_axis',(0.0110016823195258,-0.999939479661714,-1.79473708109984E-14));
#2896=DIRECTION('center_axis',(-3.88578058618804E-16,1.55026677539377E-15,
1.));
#2897=DIRECTION('ref_axis',(1.,-8.58706007115642E-32,3.30912128367756E-16));
#2898=DIRECTION('',(-1.,0.,-3.88578058618804E-16));
#2899=DIRECTION('',(-0.921118787038764,0.38928162063503,-9.61416912766758E-16));
#2900=DIRECTION('',(3.10792894561504E-15,1.,-1.55026677539377E-15));
#2901=DIRECTION('center_axis',(3.88578058618804E-16,-1.55026677539377E-15,
-1.));
#2902=DIRECTION('ref_axis',(-1.,-5.98053003855876E-46,1.63116875812728E-12));
#2903=DIRECTION('',(3.10792894561504E-15,1.,-1.55026677539377E-15));
#2904=DIRECTION('center_axis',(3.88578058618804E-16,-1.55026677539377E-15,
-1.));
#2905=DIRECTION('ref_axis',(-1.,-6.52421458751865E-46,1.63116875812728E-12));
#2906=DIRECTION('',(3.10792894561504E-15,1.,-1.55026677539377E-15));
#2907=DIRECTION('center_axis',(-3.88578058618804E-16,1.55026677539377E-15,
1.));
#2908=DIRECTION('ref_axis',(-1.,0.,-3.88578058618804E-16));
#2909=DIRECTION('',(3.10792894561504E-15,1.,-1.55026677539377E-15));
#2910=DIRECTION('',(0.921118787038767,0.389281620635023,-2.45563812717085E-16));
#2911=DIRECTION('',(1.,0.,3.88578058618804E-16));
#2912=DIRECTION('',(0.,1.,0.));
#2913=DIRECTION('center_axis',(-3.88578058618804E-16,1.55026677539377E-15,
1.));
#2914=DIRECTION('ref_axis',(-1.,2.22044604925031E-15,-3.30912128367759E-16));
#2915=DIRECTION('',(-1.,0.,-3.88578058618804E-16));
#2916=DIRECTION('center_axis',(3.88578058618804E-16,-1.55026677539377E-15,
-1.));
#2917=DIRECTION('ref_axis',(-1.,2.22044604925031E-15,-3.30912128367759E-16));
#2918=DIRECTION('',(1.,0.,3.88578058618804E-16));
#2919=DIRECTION('center_axis',(3.88578058618804E-16,-1.55026677539377E-15,
-1.));
#2920=DIRECTION('ref_axis',(2.22044604925031E-15,1.,-1.4891045776549E-15));
#2921=DIRECTION('',(-1.38777878078145E-16,-1.,1.55026677539377E-15));
#2922=DIRECTION('',(-1.,0.,-3.88578058618804E-16));
#2923=DIRECTION('',(1.38777878078145E-16,1.,-1.55026677539377E-15));
#2924=DIRECTION('center_axis',(-3.88578058618804E-16,1.55026677539377E-15,
1.));
#2925=DIRECTION('ref_axis',(2.22044604925031E-15,1.,-1.4891045776549E-15));
#2926=DIRECTION('',(0.,1.,0.));
#2927=DIRECTION('',(1.,0.,3.88578058618804E-16));
#2928=DIRECTION('',(0.921118787038768,-0.389281620635023,9.61416912766748E-16));
#2929=DIRECTION('',(3.32455782846797E-15,-1.,1.55026677539377E-15));
#2930=DIRECTION('center_axis',(-3.88578058618804E-16,1.55026677539377E-15,
1.));
#2931=DIRECTION('ref_axis',(-1.,0.,-3.88578058618804E-16));
#2932=DIRECTION('',(3.32455782846797E-15,-1.,1.55026677539377E-15));
#2933=DIRECTION('center_axis',(-3.88578058618804E-16,1.55026677539377E-15,
1.));
#2934=DIRECTION('ref_axis',(-1.,0.,-3.88578058618804E-16));
#2935=DIRECTION('',(3.32455782846797E-15,-1.,1.55026677539377E-15));
#2936=DIRECTION('',(-0.921118787038766,-0.389281620635026,2.4556381271709E-16));
#2937=DIRECTION('',(-1.,0.,-3.88578058618804E-16));
#2938=DIRECTION('center_axis',(-3.88578058618804E-16,1.55026677539377E-15,
1.));
#2939=DIRECTION('ref_axis',(1.,-8.58706007115642E-32,3.30912128367756E-16));
#2940=DIRECTION('center_axis',(3.88578058618804E-16,-1.55026677539377E-15,
-1.));
#2941=DIRECTION('ref_axis',(-0.679316565814204,0.73384535387941,-1.31756656638166E-15));
#2942=DIRECTION('center_axis',(-3.88578058618804E-16,1.55026677539377E-15,
1.));
#2943=DIRECTION('ref_axis',(1.,-8.58706007115641E-32,3.30912128367756E-16));
#2944=DIRECTION('',(1.,0.,0.));
#2945=DIRECTION('center_axis',(-3.88578058618804E-16,1.55026677539377E-15,
1.));
#2946=DIRECTION('ref_axis',(1.,-8.58706007115642E-32,3.30912128367756E-16));
#2947=DIRECTION('',(1.,0.,3.88578058618804E-16));
#2948=DIRECTION('center_axis',(-3.88578058618804E-16,1.55026677539377E-15,
1.));
#2949=DIRECTION('ref_axis',(1.,4.44089209850065E-15,3.30912128367749E-16));
#2950=DIRECTION('',(1.,0.,3.88578058618804E-16));
#2951=DIRECTION('center_axis',(3.88578058618804E-16,-1.55026677539377E-15,
-1.));
#2952=DIRECTION('ref_axis',(1.,4.44089209850065E-15,3.30912128367749E-16));
#2953=DIRECTION('center_axis',(5.78633365865516E-31,1.,-1.4891045776549E-15));
#2954=DIRECTION('ref_axis',(1.,-3.18456537612256E-47,3.88578058618804E-16));
#2955=DIRECTION('',(1.63132967211254E-12,1.4891045776549E-15,1.));
#2956=DIRECTION('',(1.,0.,3.88578058618804E-16));
#2957=DIRECTION('',(1.63132967211254E-12,0.,1.));
#2958=DIRECTION('',(1.,-2.42934309864368E-27,-1.63102343631414E-12));
#2959=DIRECTION('',(3.30912128367756E-16,-1.4891045776549E-15,-1.));
#2960=DIRECTION('center_axis',(1.,0.,-1.63132967211254E-12));
#2961=DIRECTION('ref_axis',(1.63132967211254E-12,0.,1.));
#2962=DIRECTION('',(1.63132967211254E-12,0.,1.));
#2963=DIRECTION('',(0.,-1.,0.));
#2964=DIRECTION('center_axis',(3.88578058618804E-16,0.,-1.));
#2965=DIRECTION('ref_axis',(1.,0.,3.88578058618804E-16));
#2966=DIRECTION('center_axis',(3.88578058618804E-16,-1.55026677539377E-15,
-1.));
#2967=DIRECTION('ref_axis',(1.,0.,-1.63132967211254E-12));
#2968=DIRECTION('center_axis',(-1.,0.,1.63132967211254E-12));
#2969=DIRECTION('ref_axis',(-1.63132967211254E-12,0.,-1.));
#2970=DIRECTION('',(0.,-1.,0.));
#2971=DIRECTION('',(-1.63132967211254E-12,0.,-1.));
#2972=DIRECTION('center_axis',(3.88578058618804E-16,0.,-1.));
#2973=DIRECTION('ref_axis',(1.,0.,3.88578058618804E-16));
#2974=DIRECTION('center_axis',(3.88578058618804E-16,-1.55026677539377E-15,
-1.));
#2975=DIRECTION('ref_axis',(1.,0.,-1.63132967211254E-12));
#2976=DIRECTION('center_axis',(0.422618261740699,9.15513219141358E-17,0.90630778703665));
#2977=DIRECTION('ref_axis',(-0.90630778703665,6.58065252190162E-16,0.422618261740699));
#2978=DIRECTION('center_axis',(4.44890011871431E-16,-1.55711504155001E-15,
-1.));
#2979=DIRECTION('ref_axis',(-0.115876990071335,-0.99326357185392,1.11022302462516E-15));
#2980=DIRECTION('',(-4.44890011871431E-16,1.55711504155001E-15,1.));
#2981=DIRECTION('',(-4.44890011871431E-16,1.55711504155001E-15,1.));
#2982=DIRECTION('center_axis',(-0.422618261740699,-9.15513219141358E-17,
-0.90630778703665));
#2983=DIRECTION('ref_axis',(-0.90630778703665,0.,0.422618261740699));
#2984=DIRECTION('',(-2.16628882853689E-16,1.,3.52746465139994E-28));
#2985=DIRECTION('',(0.90630778703665,-6.29322788158633E-16,-0.422618261740699));
#2986=DIRECTION('',(-2.16628882853689E-16,1.,3.52746465139994E-28));
#2987=DIRECTION('',(-0.90630778703665,6.29322788158633E-16,0.422618261740699));
#2988=DIRECTION('',(-2.16628882853689E-16,1.,3.52747679217607E-28));
#2989=DIRECTION('center_axis',(0.422618261740699,9.15513219141358E-17,0.90630778703665));
#2990=DIRECTION('ref_axis',(0.90630778703665,2.3509254590182E-15,-0.422618261740699));
#2991=DIRECTION('',(-0.904426150366948,-0.0644049864569386,0.421740840151752));
#2992=DIRECTION('center_axis',(0.422618261740699,9.15513219141358E-17,0.90630778703665));
#2993=DIRECTION('ref_axis',(-0.90630778703665,6.58065252190162E-16,0.422618261740699));
#2994=DIRECTION('center_axis',(0.422618261740699,9.15513219141358E-17,0.90630778703665));
#2995=DIRECTION('ref_axis',(-0.90630778703665,2.6811458560662E-16,0.422618261740699));
#2996=DIRECTION('center_axis',(0.422618261740699,9.15513219141358E-17,0.90630778703665));
#2997=DIRECTION('ref_axis',(-0.90630778703665,2.6811458560662E-16,0.422618261740699));
#2998=DIRECTION('center_axis',(0.422618261740699,9.15513219141358E-17,0.90630778703665));
#2999=DIRECTION('ref_axis',(-0.90630778703665,5.47166436787883E-16,0.422618261740699));
#3000=DIRECTION('center_axis',(0.92388746588518,-0.382664278944691,-1.61005349238273E-12));
#3001=DIRECTION('ref_axis',(-0.382664278944691,-0.92388746588518,2.96059473233375E-15));
#3002=DIRECTION('center_axis',(1.63424829236754E-12,0.,1.));
#3003=DIRECTION('ref_axis',(1.,0.,-1.63437984350916E-12));
#3004=DIRECTION('center_axis',(1.63424829236754E-12,0.,1.));
#3005=DIRECTION('ref_axis',(1.,0.,-1.63424829236754E-12));
#3006=DIRECTION('center_axis',(4.50391192997637E-16,-1.57636917549173E-15,
-1.));
#3007=DIRECTION('ref_axis',(0.489706913049797,0.871887113857774,-1.15385629000615E-15));
#3008=DIRECTION('',(-1.63066895540281E-12,0.,-1.));
#3009=DIRECTION('',(-1.63132967211254E-12,0.,-1.));
#3010=DIRECTION('center_axis',(-1.63102343631414E-12,-5.80319776923114E-31,
-1.));
#3011=DIRECTION('ref_axis',(0.489706913049797,0.871887113857774,-1.15385629000615E-15));
#3012=DIRECTION('',(4.44890011871431E-16,-1.55711504155001E-15,-1.));
#3013=DIRECTION('center_axis',(-1.15330773209191E-12,0.707106781186548,
-0.707106781186548));
#3014=DIRECTION('ref_axis',(-1.,0.,1.63102343631414E-12));
#3015=DIRECTION('center_axis',(-1.15330773209191E-12,0.707106781186548,
-0.707106781186548));
#3016=DIRECTION('ref_axis',(-1.1532721632147E-12,-0.707106781186547,-0.707106781186547));
#3017=DIRECTION('',(-1.,2.42934309864368E-27,1.63102343631414E-12));
#3018=DIRECTION('center_axis',(-1.15330773209191E-12,0.707106781186548,
-0.707106781186548));
#3019=DIRECTION('ref_axis',(-1.15305627550163E-12,-0.707106781186547,-0.707106781186547));
#3020=DIRECTION('',(0.154870435200959,0.698575389024341,0.698575389024088));
#3021=DIRECTION('',(1.,-2.42934309864368E-27,-1.63102343631414E-12));
#3022=DIRECTION('',(0.154870435199848,-0.698575389024211,-0.698575389024464));
#3023=DIRECTION('center_axis',(5.78633365865516E-31,1.,-1.4891045776549E-15));
#3024=DIRECTION('ref_axis',(1.,-3.18456537612256E-47,3.88578058618804E-16));
#3025=DIRECTION('',(0.90630778703665,-6.29322788158633E-16,-0.422618261740699));
#3026=DIRECTION('',(0.90630778703665,6.29322788158633E-16,0.4226182617407));
#3027=DIRECTION('center_axis',(-0.298836238730119,0.707106781186549,-0.640856382055788));
#3028=DIRECTION('ref_axis',(-0.90630778703665,0.,0.422618261740699));
#3029=DIRECTION('center_axis',(0.298836238730119,-0.707106781186549,0.640856382055788));
#3030=DIRECTION('ref_axis',(-0.29883623873012,-0.707106781186546,-0.64085638205579));
#3031=DIRECTION('',(-3.90670114356998E-16,0.671542934237817,0.74096564527329));
#3032=DIRECTION('center_axis',(2.16628882853689E-16,-1.,-3.52746465139994E-28));
#3033=DIRECTION('ref_axis',(-0.216439613938899,0.,-0.976296007119757));
#3034=DIRECTION('',(2.16628882853689E-16,-1.,-3.52746465139994E-28));
#3035=DIRECTION('',(2.16628882853689E-16,-1.,-3.52746465139994E-28));
#3036=DIRECTION('',(2.16628882853689E-16,-1.,-3.52746465139994E-28));
#3037=DIRECTION('center_axis',(-1.15330773209192E-12,-0.707106781186549,
-0.707106781186546));
#3038=DIRECTION('ref_axis',(-1.,0.,1.63102343631415E-12));
#3039=DIRECTION('',(-0.15487043520093,0.698575389024343,-0.698575389024093));
#3040=DIRECTION('',(1.,-2.42934309864368E-27,-1.63102343631414E-12));
#3041=DIRECTION('center_axis',(-1.15330773209192E-12,-0.707106781186549,
-0.707106781186546));
#3042=DIRECTION('ref_axis',(-1.15331141552617E-12,0.707106781186546,-0.707106781186549));
#3043=DIRECTION('',(-0.154870435199838,-0.698575389024211,0.698575389024466));
#3044=DIRECTION('',(-1.,2.42934309864368E-27,1.63102343631414E-12));
#3045=DIRECTION('center_axis',(0.29883623873012,-0.707106781186548,-0.640856382055788));
#3046=DIRECTION('ref_axis',(-0.906307787036649,0.,-0.4226182617407));
#3047=DIRECTION('center_axis',(-0.29883623873012,0.707106781186548,0.640856382055788));
#3048=DIRECTION('ref_axis',(0.29883623873012,0.707106781186547,-0.640856382055789));
#3049=DIRECTION('',(0.90630778703665,6.29322788158633E-16,0.4226182617407));
#3050=DIRECTION('',(-2.45194518724772E-16,-0.671542934237818,0.740965645273289));
#3051=DIRECTION('',(-0.90630778703665,-6.29322788158633E-16,-0.4226182617407));
#3052=DIRECTION('center_axis',(-8.93975757403744E-32,-1.,5.8031977692326E-31));
#3053=DIRECTION('ref_axis',(0.216439613937307,0.,-0.97629600712011));
#3054=DIRECTION('',(-8.93975757403744E-32,-1.,5.8031977692326E-31));
#3055=DIRECTION('',(-8.93975757403744E-32,-1.,5.8031977692326E-31));
#3056=DIRECTION('',(-8.93975757403744E-32,-1.,5.8031977692326E-31));
#3057=DIRECTION('',(-8.93975757403744E-32,-1.,5.8031977692326E-31));
#3058=DIRECTION('center_axis',(-1.63102343631414E-12,-5.80319776923114E-31,
-1.));
#3059=DIRECTION('ref_axis',(-1.,0.,1.63102343631414E-12));
#3060=DIRECTION('center_axis',(-1.63102343631414E-12,-5.80319776923114E-31,
-1.));
#3061=DIRECTION('ref_axis',(-0.951984847755106,-0.306145144734795,5.38321780902889E-17));
#3062=DIRECTION('center_axis',(1.63102343631414E-12,5.80319776923114E-31,
1.));
#3063=DIRECTION('ref_axis',(0.115748802595276,0.993278518190019,-1.51364139746391E-15));
#3064=DIRECTION('center_axis',(-1.63102343631414E-12,-5.80319776923114E-31,
-1.));
#3065=DIRECTION('ref_axis',(-0.115748802595277,-0.993278518190019,1.51364139746391E-15));
#3066=DIRECTION('center_axis',(1.63102343631414E-12,5.80319776923114E-31,
1.));
#3067=DIRECTION('ref_axis',(-0.4897069130498,-0.871887113857772,1.15385629000615E-15));
#3068=DIRECTION('center_axis',(1.63102343631414E-12,5.80319776923114E-31,
1.));
#3069=DIRECTION('ref_axis',(1.,-8.58706007120633E-32,-8.59703597270319E-13));
#3070=DIRECTION('center_axis',(-1.63102343631414E-12,-5.80319776923114E-31,
-1.));
#3071=DIRECTION('ref_axis',(-2.42934662561871E-27,-1.,5.68890075880663E-31));
#3072=DIRECTION('',(-1.,2.42934309864368E-27,1.63102343631414E-12));
#3073=DIRECTION('center_axis',(1.63102343631414E-12,5.80319776923114E-31,
1.));
#3074=DIRECTION('ref_axis',(1.,1.77714690212679E-46,-1.63102343631414E-12));
#3075=DIRECTION('',(-1.,2.42934309864368E-27,1.63102343631414E-12));
#3076=DIRECTION('center_axis',(-1.63102343631414E-12,-5.80319776923114E-31,
-1.));
#3077=DIRECTION('ref_axis',(1.,4.44089209850065E-15,-1.63102343631414E-12));
#3078=DIRECTION('center_axis',(-1.63102343631414E-12,-5.80319776923114E-31,
-1.));
#3079=DIRECTION('ref_axis',(-1.,-6.52421458751865E-46,1.63202784619898E-12));
#3080=DIRECTION('center_axis',(-1.63102343631414E-12,-5.80319776923114E-31,
-1.));
#3081=DIRECTION('ref_axis',(-1.,-5.98053003855876E-46,1.63202784619898E-12));
#3082=DIRECTION('center_axis',(-1.63424829236754E-12,0.,-1.));
#3083=DIRECTION('ref_axis',(1.,-8.58706007120633E-32,-8.59703597270319E-13));
#3084=DIRECTION('center_axis',(-1.6342482923247E-12,0.,-1.));
#3085=DIRECTION('ref_axis',(-1.34415399219657E-27,-1.,6.6534459852674E-16));
#3086=DIRECTION('',(-0.707106781187125,0.,-0.70710678118597));
#3087=DIRECTION('center_axis',(1.63102343631414E-12,5.80319776923114E-31,
1.));
#3088=DIRECTION('ref_axis',(-5.82160340894326E-31,-1.,1.4891045776549E-15));
#3089=DIRECTION('',(-1.15558804961896E-12,-0.707106781202683,-0.707106781170412));
#3090=DIRECTION('center_axis',(-1.63102343631414E-12,-5.80319776923114E-31,
-1.));
#3091=DIRECTION('ref_axis',(-1.,0.,1.63102343631414E-12));
#3092=DIRECTION('',(8.93975757403744E-32,1.,-5.8031977692326E-31));
#3093=DIRECTION('center_axis',(-1.63102343631414E-12,-5.80319776923114E-31,
-1.));
#3094=DIRECTION('ref_axis',(2.22044604925273E-15,1.,-3.6221231131313E-27));
#3095=DIRECTION('',(1.,-2.42934309864368E-27,-1.63102343631414E-12));
#3096=DIRECTION('center_axis',(-1.63102343631414E-12,-5.80319776923114E-31,
-1.));
#3097=DIRECTION('ref_axis',(-1.,2.22044604925031E-15,1.63102343631414E-12));
#3098=DIRECTION('center_axis',(0.70710678118597,-4.73561681547042E-31,-0.707106781187125));
#3099=DIRECTION('ref_axis',(-0.707106781187125,0.,-0.70710678118597));
#3100=DIRECTION('',(-0.707106781205586,0.,-0.707106781167509));
#3101=DIRECTION('',(-8.93975757403746E-32,-1.,5.8031977692326E-31));
#3102=DIRECTION('center_axis',(1.62980740014976E-12,0.,1.));
#3103=DIRECTION('ref_axis',(1.,7.37967781391574E-47,-1.63120250639965E-12));
#3104=DIRECTION('center_axis',(-1.63102343631414E-12,-5.80319776923114E-31,
-1.));
#3105=DIRECTION('ref_axis',(1.,0.,-1.63132967211254E-12));
#3106=DIRECTION('center_axis',(-1.62980740005397E-12,0.,-1.));
#3107=DIRECTION('ref_axis',(2.22044604925165E-15,1.,-6.65344598528654E-16));
#3108=DIRECTION('',(-0.0728290486103309,-0.703346237388825,0.707106781207405));
#3109=DIRECTION('center_axis',(1.63102343631414E-12,5.80319776923114E-31,
1.));
#3110=DIRECTION('ref_axis',(2.22044604925031E-15,1.,-1.4891045776549E-15));
#3111=DIRECTION('',(-1.14930767972269E-12,0.707106781165813,-0.707106781207282));
#3112=DIRECTION('center_axis',(-1.15330773209192E-12,-0.707106781186548,
-0.707106781186548));
#3113=DIRECTION('ref_axis',(-1.,0.,1.63102343631415E-12));
#3114=DIRECTION('',(-1.15558804959127E-12,0.707106781186547,-0.707106781186547));
#3115=DIRECTION('',(-1.,2.42934309864368E-27,1.63102343631414E-12));
#3116=DIRECTION('center_axis',(-1.63424829233277E-12,0.,-1.));
#3117=DIRECTION('ref_axis',(-1.,2.22044604925031E-15,9.02120429563144E-13));
#3118=DIRECTION('center_axis',(1.63102343631414E-12,5.80319776923114E-31,
1.));
#3119=DIRECTION('ref_axis',(-1.,2.22044604925031E-15,-3.30912128367759E-16));
#3120=DIRECTION('center_axis',(-1.15330773209192E-12,0.707106781186546,
-0.707106781186549));
#3121=DIRECTION('ref_axis',(-1.,0.,1.63102343631414E-12));
#3122=DIRECTION('center_axis',(-1.15330773209192E-12,0.707106781186546,
-0.707106781186549));
#3123=DIRECTION('ref_axis',(-1.,0.,1.63102343631414E-12));
#3124=DIRECTION('',(-1.15558804959126E-12,-0.707106781186549,-0.707106781186546));
#3125=DIRECTION('center_axis',(-1.62980740005308E-12,0.,-1.));
#3126=DIRECTION('ref_axis',(1.,4.44089209850065E-15,-9.02120429563242E-13));
#3127=DIRECTION('',(0.0728290486102818,-0.703346237388388,-0.707106781207845));
#3128=DIRECTION('center_axis',(1.63102343631414E-12,5.80319776923114E-31,
1.));
#3129=DIRECTION('ref_axis',(1.,4.44089209850065E-15,3.30912128367749E-16));
#3130=DIRECTION('',(0.793216924728756,-0.23279528070404,-0.562683985560085));
#3131=DIRECTION('',(-0.090205948388265,0.701619147580706,0.70681925456477));
#3132=DIRECTION('',(0.838333117272128,4.07302980222737E-15,-0.545158311396604));
#3133=DIRECTION('',(-0.793216924728761,-0.232795280704047,0.562683985560075));
#3134=DIRECTION('',(0.0902059483843747,0.701619147581113,-0.706819254564863));
#3135=DIRECTION('',(-0.838333117272128,0.,0.545158311396604));
#3136=DIRECTION('center_axis',(0.4226182617407,-5.63729380860152E-31,-0.90630778703665));
#3137=DIRECTION('ref_axis',(-0.90630778703665,0.,-0.4226182617407));
#3138=DIRECTION('',(-8.93975757403744E-32,-1.,5.8031977692326E-31));
#3139=DIRECTION('',(-0.90630778703665,-6.29322788158633E-16,-0.4226182617407));
#3140=DIRECTION('',(-8.93975757403746E-32,-1.,5.8031977692326E-31));
#3141=DIRECTION('center_axis',(-0.4226182617407,5.63729380860152E-31,0.90630778703665));
#3142=DIRECTION('ref_axis',(-0.90630778703665,-5.47166436787883E-16,-0.4226182617407));
#3143=DIRECTION('center_axis',(-0.4226182617407,5.63729380860152E-31,0.90630778703665));
#3144=DIRECTION('ref_axis',(-0.90630778703665,-6.49760143685611E-16,-0.4226182617407));
#3145=DIRECTION('center_axis',(-8.93975757403744E-32,-1.,5.8031977692326E-31));
#3146=DIRECTION('ref_axis',(0.216439613937307,0.,-0.97629600712011));
#3147=DIRECTION('center_axis',(-0.298836238730119,-0.707106781186549,0.640856382055787));
#3148=DIRECTION('ref_axis',(0.29883623873012,-0.707106781186546,-0.64085638205579));
#3149=DIRECTION('center_axis',(3.30912128367756E-16,-1.4891045776549E-15,
-1.));
#3150=DIRECTION('ref_axis',(-5.82160340894326E-31,-1.,1.4891045776549E-15));
#3151=DIRECTION('',(3.30912128367756E-16,-1.4891045776549E-15,-1.));
#3152=DIRECTION('center_axis',(1.,-8.93975757403744E-32,3.30912128367756E-16));
#3153=DIRECTION('ref_axis',(-6.02399653923744E-31,-1.,1.55026677539377E-15));
#3154=DIRECTION('',(3.30912128367756E-16,-1.4891045776549E-15,-1.));
#3155=DIRECTION('center_axis',(1.,-8.93975757403744E-32,3.30912128367756E-16));
#3156=DIRECTION('ref_axis',(-1.15056375372347E-12,-0.707106781186545,-0.70710678118655));
#3157=DIRECTION('',(-3.30912128367756E-16,1.70473166331976E-15,1.));
#3158=DIRECTION('center_axis',(-1.,8.93975757403744E-32,-3.30912128367756E-16));
#3159=DIRECTION('ref_axis',(0.,0.707106781186547,0.707106781186547));
#3160=DIRECTION('center_axis',(3.30912128367756E-16,-1.4891045776549E-15,
-1.));
#3161=DIRECTION('ref_axis',(-1.,2.22044604925031E-15,-3.30912128367759E-16));
#3162=DIRECTION('',(3.30912128367756E-16,-1.4891045776549E-15,-1.));
#3163=DIRECTION('',(3.30912128367756E-16,-1.4891045776549E-15,-1.));
#3164=DIRECTION('center_axis',(-5.78633365865516E-31,-1.,1.4891045776549E-15));
#3165=DIRECTION('ref_axis',(-1.,3.18456537612256E-47,-3.88578058618804E-16));
#3166=DIRECTION('',(3.30912128367756E-16,-1.4891045776549E-15,-1.));
#3167=DIRECTION('center_axis',(3.30912128367756E-16,-1.4891045776549E-15,
-1.));
#3168=DIRECTION('ref_axis',(2.22044604925031E-15,1.,-1.4891045776549E-15));
#3169=DIRECTION('',(3.30912128367756E-16,-1.4891045776549E-15,-1.));
#3170=DIRECTION('center_axis',(0.298836238730119,0.707106781186549,-0.640856382055787));
#3171=DIRECTION('ref_axis',(-0.90630778703665,0.,-0.422618261740699));
#3172=DIRECTION('',(2.45194518724772E-16,-0.671542934237817,-0.74096564527329));
#3173=DIRECTION('center_axis',(-1.,1.38777878078145E-16,-3.30912128367756E-16));
#3174=DIRECTION('ref_axis',(1.38777878078145E-16,1.,-1.55026677539377E-15));
#3175=DIRECTION('',(3.30912128367756E-16,-1.4891045776549E-15,-1.));
#3176=DIRECTION('center_axis',(-1.,1.38777878078145E-16,-3.30912128367756E-16));
#3177=DIRECTION('ref_axis',(-1.15307590165736E-12,0.707106781186546,-0.707106781186549));
#3178=DIRECTION('',(-3.30912128367756E-16,1.70473166330707E-15,1.));
#3179=DIRECTION('center_axis',(1.,-1.38777878078145E-16,3.30912128367756E-16));
#3180=DIRECTION('ref_axis',(0.,-0.707106781186546,0.707106781186549));
#3181=DIRECTION('center_axis',(-5.78633365865516E-31,-1.,1.4891045776549E-15));
#3182=DIRECTION('ref_axis',(-1.,3.18456537612256E-47,-3.88578058618804E-16));
#3183=DIRECTION('',(-0.90630778703665,6.29322788158633E-16,0.422618261740699));
#3184=DIRECTION('center_axis',(-0.298836238730122,-0.707106781186543,-0.640856382055792));
#3185=DIRECTION('ref_axis',(-0.90630778703665,0.,0.4226182617407));
#3186=DIRECTION('',(9.97189230925426E-17,0.671542934237822,-0.740965645273285));
#3187=DIRECTION('center_axis',(3.30912128367756E-16,-1.4891045776549E-15,
-1.));
#3188=DIRECTION('ref_axis',(1.,4.44089209850065E-15,3.30912128367749E-16));
#3189=DIRECTION('',(3.30912128367756E-16,-1.4891045776549E-15,-1.));
#3190=DIRECTION('center_axis',(1.63132967211254E-12,0.,1.));
#3191=DIRECTION('ref_axis',(1.,0.,-1.63132967211254E-12));
#3192=DIRECTION('center_axis',(-0.0710310138165944,0.997474107471561,-1.58478292488074E-15));
#3193=DIRECTION('ref_axis',(0.997474107471561,0.0710310138165944,2.77479531461421E-16));
#3194=DIRECTION('',(0.997474107471561,0.0710310138165944,-1.62690364640265E-12));
#3195=DIRECTION('',(4.44890011871431E-16,-1.55711504155001E-15,-1.));
#3196=DIRECTION('center_axis',(-4.50391192997637E-16,1.57636917549173E-15,
1.));
#3197=DIRECTION('ref_axis',(-0.224462760448161,0.974482667455913,-1.1116785181475E-15));
#3198=DIRECTION('',(4.50391192997637E-16,-1.57636917549173E-15,-1.));
#3199=DIRECTION('center_axis',(4.44890011871431E-16,-1.55711504155001E-15,
-1.));
#3200=DIRECTION('ref_axis',(-1.,-8.76841894287265E-32,-4.44890011871431E-16));
#3201=DIRECTION('',(4.44890011871431E-16,-1.55711504155001E-15,-1.));
#3202=DIRECTION('',(4.44890011871431E-16,-1.55711504155001E-15,-1.));
#3203=DIRECTION('center_axis',(-0.0710310138165944,0.997474107471561,1.15875000479246E-13));
#3204=DIRECTION('ref_axis',(-0.997474107471561,-0.0710310138165944,1.62690364640265E-12));
#3205=DIRECTION('',(0.997474107471561,0.0710310138165944,-1.62690364640265E-12));
#3206=DIRECTION('',(1.63132967211254E-12,0.,1.));
#3207=DIRECTION('center_axis',(-0.0710310138165944,0.997474107471561,1.15875000479246E-13));
#3208=DIRECTION('ref_axis',(-0.997474107471561,-0.0710310138165944,1.62690364640265E-12));
#3209=DIRECTION('center_axis',(1.63132967211254E-12,0.,1.));
#3210=DIRECTION('ref_axis',(0.0110016823195258,-0.999939479661714,-1.79473708109984E-14));
#3211=DIRECTION('center_axis',(-1.63102343631414E-12,-5.80319776923114E-31,
-1.));
#3212=DIRECTION('ref_axis',(0.0110016823195258,-0.999939479661714,-1.79473708109984E-14));
#3213=DIRECTION('center_axis',(1.63132967211254E-12,0.,1.));
#3214=DIRECTION('ref_axis',(0.0110016823195258,-0.999939479661714,-1.79473708109984E-14));
#3215=DIRECTION('',(-1.63132967211254E-12,0.,-1.));
#3216=DIRECTION('',(1.63132967211254E-12,0.,1.));
#3217=DIRECTION('center_axis',(-0.422618261740699,-9.15513219141358E-17,
-0.90630778703665));
#3218=DIRECTION('ref_axis',(0.90630778703665,1.47890234381454E-16,-0.422618261740699));
#3219=DIRECTION('center_axis',(3.30912128367756E-16,-1.4891045776549E-15,
-1.));
#3220=DIRECTION('ref_axis',(1.,-8.58706007115642E-32,3.30912128367756E-16));
#3221=DIRECTION('center_axis',(0.422618261740699,9.15513219141358E-17,0.90630778703665));
#3222=DIRECTION('ref_axis',(0.90630778703665,-6.29322788158633E-16,-0.422618261740699));
#3223=DIRECTION('center_axis',(0.298836238730122,0.707106781186543,0.640856382055792));
#3224=DIRECTION('ref_axis',(0.249473611000981,0.590304853305282,-0.767660795910772));
#3225=DIRECTION('',(-3.30912128367756E-16,1.4891045776549E-15,1.));
#3226=DIRECTION('center_axis',(-0.422618261740699,-9.15513219141358E-17,
-0.90630778703665));
#3227=DIRECTION('ref_axis',(-0.90630778703665,0.,0.422618261740699));
#3228=DIRECTION('center_axis',(0.422618261740699,9.15513219141358E-17,0.90630778703665));
#3229=DIRECTION('ref_axis',(0.90630778703665,-6.29322788158633E-16,-0.422618261740699));
#3230=DIRECTION('',(2.16628882853689E-16,-1.,-3.52746465139994E-28));
#3231=DIRECTION('',(0.90630778703665,-7.06541606407697E-16,-0.422618261740699));
#3232=DIRECTION('center_axis',(-0.422618261740699,-9.15513219141358E-17,
-0.90630778703665));
#3233=DIRECTION('ref_axis',(-0.90630778703665,5.47166436787883E-16,0.422618261740699));
#3234=DIRECTION('',(-0.90630778703665,6.28036983473514E-16,0.422618261740699));
#3235=DIRECTION('center_axis',(3.30912128367756E-16,-1.4891045776549E-15,
-1.));
#3236=DIRECTION('ref_axis',(1.,-8.58706007115642E-32,3.30912128367756E-16));
#3237=DIRECTION('',(-3.30912128367756E-16,1.4891045776549E-15,1.));
#3238=DIRECTION('center_axis',(-1.63102343631414E-12,-5.80319776923114E-31,
-1.));
#3239=DIRECTION('ref_axis',(1.,-8.58706007115642E-32,3.30912128367756E-16));
#3240=DIRECTION('center_axis',(4.50391192997637E-16,-1.57636917549173E-15,
-1.));
#3241=DIRECTION('ref_axis',(-0.951984847755106,-0.306145144734795,5.38321780902889E-17));
#3242=DIRECTION('',(-1.63066895540281E-12,0.,-1.));
#3243=DIRECTION('center_axis',(-1.63102343631414E-12,-5.80319776923114E-31,
-1.));
#3244=DIRECTION('ref_axis',(-1.,0.,1.63102343631414E-12));
#3245=DIRECTION('center_axis',(1.,-1.38777878078144E-16,4.26182915826768E-16));
#3246=DIRECTION('ref_axis',(-1.38777878078145E-16,-1.,1.55026677539377E-15));
#3247=DIRECTION('center_axis',(-1.,1.38777878078144E-16,-4.26182915826768E-16));
#3248=DIRECTION('ref_axis',(-1.15307590165737E-12,-0.707106781186549,-0.707106781186546));
#3249=DIRECTION('',(1.38777878078145E-16,1.,6.47131873303389E-17));
#3250=DIRECTION('center_axis',(1.,0.,3.88578058618804E-16));
#3251=DIRECTION('ref_axis',(0.,-0.707106781186546,0.707106781186549));
#3252=DIRECTION('center_axis',(-1.,1.38777878078145E-16,-3.30912128367756E-16));
#3253=DIRECTION('ref_axis',(0.,-0.707106781186546,0.707106781186549));
#3254=DIRECTION('',(1.,0.,3.88578058618804E-16));
#3255=DIRECTION('center_axis',(-1.,1.38777878078145E-16,-3.30912128367756E-16));
#3256=DIRECTION('ref_axis',(1.38777878078145E-16,1.,-1.55026677539377E-15));
#3257=DIRECTION('',(3.30912128367756E-16,-1.70473166330707E-15,-1.));
#3258=DIRECTION('center_axis',(1.,-1.38777878078145E-16,3.30912128367756E-16));
#3259=DIRECTION('ref_axis',(-1.15307590165736E-12,0.707106781186546,-0.707106781186549));
#3260=DIRECTION('',(1.38777878078145E-16,1.,6.47131873303389E-17));
#3261=DIRECTION('',(3.30912128367756E-16,-1.4891045776549E-15,-1.));
#3262=DIRECTION('center_axis',(6.62421320193867E-31,1.,-1.70473166330707E-15));
#3263=DIRECTION('ref_axis',(1.,0.,3.88578058618804E-16));
#3264=DIRECTION('',(-1.,2.78111971680082E-27,1.63102343631414E-12));
#3265=DIRECTION('center_axis',(-1.,0.,-3.88578058618804E-16));
#3266=DIRECTION('ref_axis',(0.,0.707106781186549,0.707106781186546));
#3267=DIRECTION('',(-1.,0.,-3.88578058618804E-16));
#3268=DIRECTION('center_axis',(3.30912128367756E-16,-1.4891045776549E-15,
-1.));
#3269=DIRECTION('ref_axis',(1.,4.44089209850065E-15,3.30912128367749E-16));
#3270=DIRECTION('',(3.30912128367756E-16,-1.4891045776549E-15,-1.));
#3271=DIRECTION('center_axis',(1.63102343631414E-12,5.80319776923114E-31,
1.));
#3272=DIRECTION('ref_axis',(1.,4.44089209850065E-15,3.30912128367749E-16));
#3273=DIRECTION('center_axis',(0.4226182617407,-5.63729380860152E-31,-0.90630778703665));
#3274=DIRECTION('ref_axis',(0.90630778703665,4.6541378784193E-15,0.4226182617407));
#3275=DIRECTION('',(3.30912128367756E-16,-1.4891045776549E-15,-1.));
#3276=DIRECTION('center_axis',(-1.,2.78111971680082E-27,1.63102343631414E-12));
#3277=DIRECTION('ref_axis',(-1.15307590165737E-12,-0.707106781186549,-0.707106781186546));
#3278=DIRECTION('',(1.,-2.78111971680082E-27,-1.63102343631414E-12));
#3279=DIRECTION('center_axis',(-0.4226182617407,5.63729380860152E-31,0.90630778703665));
#3280=DIRECTION('ref_axis',(-0.90630778703665,0.,-0.4226182617407));
#3281=DIRECTION('center_axis',(-6.62421320193867E-31,-1.,1.70473166330707E-15));
#3282=DIRECTION('ref_axis',(-1.,0.,-3.88578058618804E-16));
#3283=DIRECTION('center_axis',(-1.63102343631414E-12,-5.80319776923114E-31,
-1.));
#3284=DIRECTION('ref_axis',(-1.,0.,1.63102343631414E-12));
#3285=DIRECTION('center_axis',(1.63102343631414E-12,5.80319776923114E-31,
1.));
#3286=DIRECTION('ref_axis',(-1.,2.22044604925031E-15,-3.30912128367759E-16));
#3287=DIRECTION('',(1.92034852515529E-46,1.,-5.80319776923114E-31));
#3288=DIRECTION('',(-1.,2.57038339043974E-27,1.63102343631414E-12));
#3289=DIRECTION('center_axis',(1.63102343631414E-12,5.80319776923114E-31,
1.));
#3290=DIRECTION('ref_axis',(0.272474869915044,-0.962162899547046,1.52292641729553E-15));
#3291=DIRECTION('',(-3.9514521542522E-31,1.,-5.8031977692247E-31));
#3292=DIRECTION('center_axis',(1.63102343631414E-12,5.80319776923114E-31,
1.));
#3293=DIRECTION('ref_axis',(-5.82160340894326E-31,-1.,1.4891045776549E-15));
#3294=DIRECTION('',(8.93975757403746E-32,1.,-5.8031977692326E-31));
#3295=DIRECTION('',(-1.,2.78111971682152E-27,1.63102343631414E-12));
#3296=DIRECTION('center_axis',(-1.,2.78111971682152E-27,1.63102343631414E-12));
#3297=DIRECTION('ref_axis',(-1.15056375372347E-12,-0.707106781186545,-0.70710678118655));
#3298=DIRECTION('center_axis',(-1.,8.93975757403744E-32,-3.30912128367756E-16));
#3299=DIRECTION('ref_axis',(-1.15056375372347E-12,-0.707106781186545,-0.70710678118655));
#3300=DIRECTION('',(1.,-2.78111971682152E-27,-1.63102343631414E-12));
#3301=DIRECTION('',(-1.,2.78111971682152E-27,1.63102343631414E-12));
#3302=DIRECTION('center_axis',(-6.62421320198798E-31,-1.,1.70473166331976E-15));
#3303=DIRECTION('ref_axis',(-1.,0.,-3.88578058618804E-16));
#3304=DIRECTION('',(3.30912128367756E-16,-1.70473166331976E-15,-1.));
#3305=DIRECTION('',(-1.,0.,-3.88578058618804E-16));
#3306=DIRECTION('center_axis',(-1.,0.,-3.88578058618804E-16));
#3307=DIRECTION('ref_axis',(0.,0.707106781186547,0.707106781186547));
#3308=DIRECTION('center_axis',(1.,-8.93975757403744E-32,3.30912128367756E-16));
#3309=DIRECTION('ref_axis',(0.,0.707106781186547,0.707106781186547));
#3310=DIRECTION('center_axis',(1.,-8.93975757403744E-32,3.30912128367756E-16));
#3311=DIRECTION('ref_axis',(-6.02399653923744E-31,-1.,1.55026677539377E-15));
#3312=DIRECTION('',(3.30912128367756E-16,-1.4891045776549E-15,-1.));
#3313=DIRECTION('center_axis',(1.,0.,3.88578058618804E-16));
#3314=DIRECTION('ref_axis',(0.,-0.707106781186546,0.707106781186549));
#3315=DIRECTION('',(1.,0.,3.88578058618804E-16));
#3316=DIRECTION('center_axis',(3.30912128367756E-16,-1.4891045776549E-15,
-1.));
#3317=DIRECTION('ref_axis',(-1.,2.22044604925031E-15,-3.30912128367759E-16));
#3318=DIRECTION('',(3.30912128367756E-16,-1.4891045776549E-15,-1.));
#3319=DIRECTION('',(3.30912128367756E-16,-1.4891045776549E-15,-1.));
#3320=DIRECTION('center_axis',(6.62421320198798E-31,1.,-1.70473166331976E-15));
#3321=DIRECTION('ref_axis',(1.,1.86689460688936E-60,3.88578058618804E-16));
#3322=DIRECTION('center_axis',(-1.63424829232711E-12,0.,-1.));
#3323=DIRECTION('ref_axis',(-1.,5.03094378536636E-31,1.08734895754217E-12));
#3324=DIRECTION('center_axis',(1.63102343631414E-12,5.80319776923114E-31,
1.));
#3325=DIRECTION('ref_axis',(-1.,5.03094378536005E-31,0.));
#3326=DIRECTION('',(0.707106781201496,8.65956056255211E-17,-0.7071067811716));
#3327=DIRECTION('center_axis',(1.63102343631414E-12,5.80319776923114E-31,
1.));
#3328=DIRECTION('ref_axis',(-1.,5.03094378536005E-31,1.63101855254023E-12));
#3329=DIRECTION('center_axis',(0.,-1.2947060889754E-15,-1.));
#3330=DIRECTION('ref_axis',(-1.,5.03094378536005E-31,0.));
#3331=DIRECTION('',(0.,1.2947060889754E-15,1.));
#3332=DIRECTION('center_axis',(-1.63091762310093E-12,0.,-1.));
#3333=DIRECTION('ref_axis',(-1.,6.47608592266391E-33,1.08722083558545E-12));
#3334=DIRECTION('center_axis',(1.63102343631414E-12,5.80319776923114E-31,
1.));
#3335=DIRECTION('ref_axis',(-1.,6.47608592203275E-33,-3.84365870164572E-16));
#3336=DIRECTION('',(0.707106781168517,8.65956056214825E-17,-0.707106781204578));
#3337=DIRECTION('center_axis',(1.63102343631414E-12,5.80319776923114E-31,
1.));
#3338=DIRECTION('ref_axis',(-1.,6.47608592203275E-33,1.63101855254023E-12));
#3339=DIRECTION('center_axis',(3.84365870164572E-16,-1.53746348065829E-15,
-1.));
#3340=DIRECTION('ref_axis',(-1.,6.47608592203275E-33,-3.84365870164572E-16));
#3341=DIRECTION('',(-3.84365870164572E-16,1.53746348065829E-15,1.));
#3342=DIRECTION('center_axis',(-1.630917623101E-12,0.,-1.));
#3343=DIRECTION('ref_axis',(-1.,5.45354604023779E-33,1.08722083558545E-12));
#3344=DIRECTION('center_axis',(1.63102343631414E-12,5.80319776923114E-31,
1.));
#3345=DIRECTION('ref_axis',(-1.,5.45354603960663E-33,-3.84365870164572E-16));
#3346=DIRECTION('',(0.707106781168532,8.65956056214843E-17,-0.707106781204563));
#3347=DIRECTION('center_axis',(1.63102343631414E-12,5.80319776923114E-31,
1.));
#3348=DIRECTION('ref_axis',(-1.,5.45354603960663E-33,1.63101855254023E-12));
#3349=DIRECTION('center_axis',(3.84365870164572E-16,-1.2947060889754E-15,
-1.));
#3350=DIRECTION('ref_axis',(-1.,5.45354603960663E-33,-3.84365870164572E-16));
#3351=DIRECTION('',(-3.84365870164572E-16,1.2947060889754E-15,1.));
#3352=DIRECTION('center_axis',(1.63101855254023E-12,0.,1.));
#3353=DIRECTION('ref_axis',(-1.,5.03094378536005E-31,1.63101855254023E-12));
#3354=DIRECTION('',(1.63101855254023E-12,0.,1.));
#3355=DIRECTION('center_axis',(1.63101855254023E-12,0.,1.));
#3356=DIRECTION('ref_axis',(-1.,5.45354603960663E-33,1.63101855254023E-12));
#3357=DIRECTION('',(1.63101855254023E-12,0.,1.));
#3358=DIRECTION('center_axis',(1.63101855254023E-12,0.,1.));
#3359=DIRECTION('ref_axis',(-1.,6.47608592203275E-33,1.63101855254023E-12));
#3360=DIRECTION('',(1.63101855254023E-12,0.,1.));
#3361=DIRECTION('center_axis',(3.84365870164572E-16,-1.53746348065829E-15,
-1.));
#3362=DIRECTION('ref_axis',(-1.,6.47608592203275E-33,-3.84365870164572E-16));
#3363=DIRECTION('center_axis',(0.4226182617407,-5.63729380860152E-31,-0.90630778703665));
#3364=DIRECTION('ref_axis',(-0.90630778703665,-6.49760143685611E-16,-0.4226182617407));
#3365=DIRECTION('center_axis',(3.84365870164572E-16,-1.2947060889754E-15,
-1.));
#3366=DIRECTION('ref_axis',(-1.,5.45354603960663E-33,-3.84365870164572E-16));
#3367=DIRECTION('center_axis',(0.4226182617407,-5.63729380860152E-31,-0.90630778703665));
#3368=DIRECTION('ref_axis',(-0.90630778703665,-5.47166436787883E-16,-0.4226182617407));
#3369=DIRECTION('center_axis',(0.,-1.2947060889754E-15,-1.));
#3370=DIRECTION('ref_axis',(1.,-1.22464679914736E-16,1.58555766770032E-31));
#3371=DIRECTION('center_axis',(-1.63069557856423E-12,0.,-1.));
#3372=DIRECTION('ref_axis',(-1.,6.87776606427367E-43,1.18619886277359E-12));
#3373=DIRECTION('center_axis',(0.4226182617407,-5.63729380860152E-31,-0.90630778703665));
#3374=DIRECTION('ref_axis',(0.90630778703665,1.08556694487945E-15,0.4226182617407));
#3375=DIRECTION('center_axis',(1.63102343631414E-12,5.80319776923114E-31,
1.));
#3376=DIRECTION('ref_axis',(-1.,9.45917103714338E-43,1.63102343631414E-12));
#3377=DIRECTION('center_axis',(0.4226182617407,-5.63729380860152E-31,-0.90630778703665));
#3378=DIRECTION('ref_axis',(0.90630778703665,1.08556694487945E-15,0.4226182617407));
#3379=DIRECTION('',(-0.707106781183847,8.65956056233599E-17,0.707106781189248));
#3380=DIRECTION('center_axis',(-1.63102343631414E-12,-5.80319776923114E-31,
-1.));
#3381=DIRECTION('ref_axis',(-1.,-5.98053003855876E-46,3.79412694186875E-61));
#3382=DIRECTION('center_axis',(0.4226182617407,-5.63729380860152E-31,-0.90630778703665));
#3383=DIRECTION('ref_axis',(-0.90630778703665,0.,-0.4226182617407));
#3384=DIRECTION('',(-0.90630778703665,-6.28036983473509E-16,-0.4226182617407));
#3385=DIRECTION('',(-8.93975757403744E-32,-1.,5.8031977692326E-31));
#3386=DIRECTION('center_axis',(-0.4226182617407,5.63729380860152E-31,0.90630778703665));
#3387=DIRECTION('ref_axis',(0.90630778703665,-1.38308475697168E-15,0.4226182617407));
#3388=DIRECTION('',(-8.93975757403744E-32,-1.,5.8031977692326E-31));
#3389=DIRECTION('center_axis',(0.4226182617407,-5.63729380860152E-31,-0.90630778703665));
#3390=DIRECTION('ref_axis',(-0.90630778703665,-1.55080992125635E-16,-0.4226182617407));
#3391=DIRECTION('center_axis',(0.4226182617407,-5.63729380860152E-31,-0.90630778703665));
#3392=DIRECTION('ref_axis',(-0.90630778703665,-1.55080992125635E-16,-0.4226182617407));
#3393=DIRECTION('',(-8.93975757403744E-32,-1.,5.8031977692326E-31));
#3394=DIRECTION('',(0.90630778703665,5.49532360539321E-16,0.4226182617407));
#3395=DIRECTION('center_axis',(0.29883623873012,-0.707106781186548,-0.640856382055788));
#3396=DIRECTION('ref_axis',(-0.906307787036649,0.,-0.4226182617407));
#3397=DIRECTION('',(-0.90630778703665,-6.29322788158633E-16,-0.4226182617407));
#3398=DIRECTION('center_axis',(-1.63069557856423E-12,0.,-1.));
#3399=DIRECTION('ref_axis',(-1.,6.87722237972471E-43,1.18619886277359E-12));
#3400=DIRECTION('center_axis',(1.63102343631414E-12,5.80319776923114E-31,
1.));
#3401=DIRECTION('ref_axis',(-1.,9.45862735259442E-43,1.63102343631414E-12));
#3402=DIRECTION('',(-0.707106781183848,8.659560562336E-17,0.707106781189247));
#3403=DIRECTION('center_axis',(-1.63102343631414E-12,-5.80319776923114E-31,
-1.));
#3404=DIRECTION('ref_axis',(-1.,-6.52421458751865E-46,4.13904757294773E-61));
#3405=DIRECTION('center_axis',(1.63102343631414E-12,5.80319776923114E-31,
1.));
#3406=DIRECTION('ref_axis',(-1.,9.45862735259442E-43,1.63102343631414E-12));
#3407=DIRECTION('center_axis',(5.78633365865516E-31,1.,-1.4891045776549E-15));
#3408=DIRECTION('ref_axis',(1.,-3.18456537612256E-47,3.88578058618804E-16));
#3409=DIRECTION('',(3.30912128367756E-16,-1.4891045776549E-15,-1.));
#3410=DIRECTION('center_axis',(-1.63102343631414E-12,-5.80319776923114E-31,
-1.));
#3411=DIRECTION('ref_axis',(-1.,0.,1.63102343631414E-12));
#3412=DIRECTION('center_axis',(1.63202784619898E-12,0.,1.));
#3413=DIRECTION('ref_axis',(-1.,-6.52421458751865E-46,1.63202784619898E-12));
#3414=DIRECTION('',(1.63202784619898E-12,0.,1.));
#3415=DIRECTION('center_axis',(1.63202784619898E-12,0.,1.));
#3416=DIRECTION('ref_axis',(-1.,-5.98053003855876E-46,1.63202784619898E-12));
#3417=DIRECTION('',(1.63202784619898E-12,0.,1.));
#3418=DIRECTION('center_axis',(1.63171063962052E-12,0.,1.));
#3419=DIRECTION('ref_axis',(-1.,-6.52421458751865E-46,1.63171063962052E-12));
#3420=DIRECTION('',(1.63171063962052E-12,0.,1.));
#3421=DIRECTION('center_axis',(1.63171063962052E-12,0.,1.));
#3422=DIRECTION('ref_axis',(-1.,-5.98053003855876E-46,1.63171063962052E-12));
#3423=DIRECTION('',(1.63171063962052E-12,0.,1.));
#3424=DIRECTION('center_axis',(4.50391192997637E-16,-1.57636917549173E-15,
-1.));
#3425=DIRECTION('ref_axis',(0.115748802595276,0.993278518190019,-1.51364139746391E-15));
#3426=DIRECTION('',(-1.63066895540281E-12,0.,-1.));
#3427=DIRECTION('center_axis',(4.50391192997637E-16,-1.57636917549173E-15,
-1.));
#3428=DIRECTION('ref_axis',(0.999652355046481,0.0263660586744622,4.08671974598653E-16));
#3429=DIRECTION('',(-1.63066895540281E-12,0.,-1.));
#3430=DIRECTION('center_axis',(4.50391192997637E-16,-1.57636917549173E-15,
-1.));
#3431=DIRECTION('ref_axis',(-0.4897069130498,-0.871887113857772,1.15385629000615E-15));
#3432=DIRECTION('center_axis',(0.,-1.,1.4891045776549E-15));
#3433=DIRECTION('ref_axis',(3.30912128367756E-16,-1.4891045776549E-15,-1.));
#3434=DIRECTION('',(3.30912128367756E-16,-1.4891045776549E-15,-1.));
#3435=DIRECTION('',(-3.30912128367756E-16,1.4891045776549E-15,1.));
#3436=DIRECTION('',(-1.,2.42876446527782E-27,1.63102343631414E-12));
#3437=DIRECTION('center_axis',(3.30912128367756E-16,-1.4891045776549E-15,
-1.));
#3438=DIRECTION('ref_axis',(1.,-8.58706007115641E-32,3.30912128367756E-16));
#3439=DIRECTION('',(-3.30912128367756E-16,1.4891045776549E-15,1.));
#3440=DIRECTION('center_axis',(-1.63102343631414E-12,-5.80319776923114E-31,
-1.));
#3441=DIRECTION('ref_axis',(1.,-8.58706007115641E-32,3.30912128367756E-16));
#3442=DIRECTION('center_axis',(-1.,-3.9514521542522E-31,-3.30912128367756E-16));
#3443=DIRECTION('ref_axis',(3.30912128367756E-16,-1.4891045776549E-15,-1.));
#3444=DIRECTION('',(3.30912128367756E-16,-1.4891045776549E-15,-1.));
#3445=DIRECTION('',(3.30912128367756E-16,-1.4891045776549E-15,-1.));
#3446=DIRECTION('center_axis',(3.30912128367756E-16,-1.4891045776549E-15,
-1.));
#3447=DIRECTION('ref_axis',(1.,-8.58706007115642E-32,3.30912128367756E-16));
#3448=DIRECTION('center_axis',(1.63102343631414E-12,5.80319776923114E-31,
1.));
#3449=DIRECTION('ref_axis',(1.,-8.58706007115642E-32,3.30912128367756E-16));
#3450=DIRECTION('center_axis',(3.30912128367756E-16,-1.4891045776549E-15,
-1.));
#3451=DIRECTION('ref_axis',(0.272474869915044,-0.962162899547046,1.52292641729553E-15));
#3452=DIRECTION('center_axis',(-1.63102343631414E-12,-5.80319776923114E-31,
-1.));
#3453=DIRECTION('ref_axis',(-1.,0.,1.63102343631414E-12));
#3454=DIRECTION('center_axis',(1.63102343631414E-12,5.80319776923114E-31,
1.));
#3455=DIRECTION('ref_axis',(-0.679316565814204,0.73384535387941,-1.31756656638166E-15));
#3456=DIRECTION('center_axis',(1.63102343631414E-12,5.80319776923114E-31,
1.));
#3457=DIRECTION('ref_axis',(1.,-8.58706007115642E-32,3.30912128367756E-16));
#3458=DIRECTION('',(1.,-2.57038339043974E-27,-1.63102343631414E-12));
#3459=DIRECTION('center_axis',(-1.,0.,-3.30912128367756E-16));
#3460=DIRECTION('ref_axis',(-3.30912128367756E-16,1.4891045776549E-15,1.));
#3461=DIRECTION('',(-3.30912128367756E-16,1.4891045776549E-15,1.));
#3462=DIRECTION('',(-2.33990209945714E-16,0.707106781186548,0.707106781186548));
#3463=DIRECTION('center_axis',(1.,0.,3.30912128367756E-16));
#3464=DIRECTION('ref_axis',(3.30912128367756E-16,-1.4891045776549E-15,-1.));
#3465=DIRECTION('',(3.30912128367756E-16,-1.4891045776549E-15,-1.));
#3466=DIRECTION('',(3.30912128367756E-16,-1.4891045776549E-15,-1.));
#3467=DIRECTION('',(-1.92034852515529E-46,-1.,5.80319776923114E-31));
#3468=DIRECTION('',(2.33990209945714E-16,-0.707106781186548,-0.707106781186548));
#3469=DIRECTION('center_axis',(5.78633365865516E-31,1.,-1.4891045776549E-15));
#3470=DIRECTION('ref_axis',(1.,-3.18456537612256E-47,3.88578058618804E-16));
#3471=DIRECTION('',(0.90630778703665,-6.29322788158633E-16,-0.422618261740699));
#3472=DIRECTION('',(1.,-2.42934309864368E-27,-1.63102343631414E-12));
#3473=DIRECTION('center_axis',(5.78633365865516E-31,1.,-1.4891045776549E-15));
#3474=DIRECTION('ref_axis',(1.,-3.18456537612256E-47,3.88578058618804E-16));
#3475=DIRECTION('',(1.,-2.42934309864368E-27,-1.63102343631414E-12));
#3476=DIRECTION('',(0.90630778703665,6.29322788158633E-16,0.4226182617407));
#3477=DIRECTION('center_axis',(-1.15330773209191E-12,0.707106781186548,
-0.707106781186548));
#3478=DIRECTION('ref_axis',(-1.,0.,1.63102343631414E-12));
#3479=DIRECTION('',(-0.154870435200959,-0.698575389024341,-0.698575389024088));
#3480=DIRECTION('center_axis',(-1.15330773209191E-12,0.707106781186548,
-0.707106781186548));
#3481=DIRECTION('ref_axis',(-1.,0.,1.63102343631414E-12));
#3482=DIRECTION('',(-1.,2.57038339043974E-27,1.63102343631414E-12));
#3483=DIRECTION('',(0.154870435199848,-0.698575389024211,-0.698575389024464));
#3484=DIRECTION('center_axis',(3.30912128367756E-16,-1.4891045776549E-15,
-1.));
#3485=DIRECTION('ref_axis',(2.22044604925031E-15,1.,-1.4891045776549E-15));
#3486=DIRECTION('center_axis',(1.63102343631414E-12,5.80319776923114E-31,
1.));
#3487=DIRECTION('ref_axis',(2.22044604925031E-15,1.,-1.4891045776549E-15));
#3488=DIRECTION('center_axis',(3.30912128367756E-16,-1.4891045776549E-15,
-1.));
#3489=DIRECTION('ref_axis',(1.,-8.58706007115642E-32,3.30912128367756E-16));
#3490=DIRECTION('',(-3.30912128367756E-16,1.4891045776549E-15,1.));
#3491=DIRECTION('',(3.30912128367756E-16,-1.4891045776549E-15,-1.));
#3492=DIRECTION('center_axis',(1.15330773209192E-12,0.707106781186548,0.707106781186547));
#3493=DIRECTION('ref_axis',(-2.33990209945714E-16,-0.707106781186547,0.707106781186548));
#3494=DIRECTION('center_axis',(-5.78633365865516E-31,-1.,1.4891045776549E-15));
#3495=DIRECTION('ref_axis',(-1.,3.18456537612256E-47,-3.88578058618804E-16));
#3496=DIRECTION('',(-1.,2.42934309864368E-27,1.63102343631414E-12));
#3497=DIRECTION('center_axis',(-1.63102343631414E-12,-5.80319776923114E-31,
-1.));
#3498=DIRECTION('ref_axis',(-1.,0.,1.63102343631414E-12));
#3499=DIRECTION('center_axis',(3.30912128367756E-16,-1.4891045776549E-15,
-1.));
#3500=DIRECTION('ref_axis',(-0.679316565814204,0.73384535387941,-1.31756656638166E-15));
#3501=DIRECTION('center_axis',(-1.15330773209192E-12,-0.707106781186548,
-0.707106781186547));
#3502=DIRECTION('ref_axis',(-1.,0.,1.63102343631415E-12));
#3503=DIRECTION('center_axis',(-0.298836238730122,-0.707106781186543,-0.640856382055792));
#3504=DIRECTION('ref_axis',(-0.90630778703665,0.,0.4226182617407));
#3505=DIRECTION('',(-0.90630778703665,6.29322788158633E-16,0.422618261740699));
#3506=DIRECTION('center_axis',(-5.78633365865516E-31,-1.,1.4891045776549E-15));
#3507=DIRECTION('ref_axis',(-1.,3.18456537612256E-47,-3.88578058618804E-16));
#3508=DIRECTION('center_axis',(-0.298836238730119,0.707106781186549,-0.640856382055788));
#3509=DIRECTION('ref_axis',(-0.90630778703665,0.,0.422618261740699));
#3510=DIRECTION('center_axis',(0.298836238730119,0.707106781186549,-0.640856382055787));
#3511=DIRECTION('ref_axis',(-0.90630778703665,0.,-0.422618261740699));
#3512=DIRECTION('center_axis',(3.30912128367756E-16,-1.4891045776549E-15,
-1.));
#3513=DIRECTION('ref_axis',(-5.82160340894326E-31,-1.,1.4891045776549E-15));
#3514=DIRECTION('center_axis',(-1.,-2.16628882853689E-16,-3.30912128367756E-16));
#3515=DIRECTION('ref_axis',(-2.16628882853688E-16,1.,-1.55026677539377E-15));
#3516=DIRECTION('center_axis',(1.,-8.93975757403744E-32,3.30912128367756E-16));
#3517=DIRECTION('ref_axis',(-6.02399653923744E-31,-1.,1.55026677539377E-15));
#3518=DIRECTION('',(-3.88578058618805E-16,1.55026679025645E-15,1.));
#3519=DIRECTION('',(-1.,0.,-3.88578058618804E-16));
#3520=CARTESIAN_POINT('',(0.,0.,0.));
#3521=CARTESIAN_POINT('',(0.,0.,0.));
#3522=CARTESIAN_POINT('Origin',(-60.0000000000163,21.100001013279,-28.8083316961057));
#3523=CARTESIAN_POINT('',(-36.2093973101799,21.100001013279,-28.8083316961057));
#3524=CARTESIAN_POINT('',(-28.0000000000163,21.100001013279,-28.8083316961057));
#3525=CARTESIAN_POINT('',(-53.0054783449477,21.100001013279,-28.8083316961057));
#3526=CARTESIAN_POINT('',(-28.0000000000163,21.100001013279,-42.2812));
#3527=CARTESIAN_POINT('',(-28.0000000000163,21.100001013279,-28.8083316961057));
#3528=CARTESIAN_POINT('',(-36.1426456520177,21.100001013279,-42.2811999999868));
#3529=CARTESIAN_POINT('',(-53.005478344962,21.100001013279,-42.2811999999593));
#3530=CARTESIAN_POINT('',(-36.1426456520047,21.100001013279,-34.3173316961057));
#3531=CARTESIAN_POINT('',(-36.1426456520161,21.100001013279,-41.2811999999868));
#3532=CARTESIAN_POINT('',(-36.2093973101888,21.100001013279,-34.3173316961057));
#3533=CARTESIAN_POINT('',(-36.502014807949,21.100001013279,-34.3173316961057));
#3534=CARTESIAN_POINT('',(-36.209397310182,21.100001013279,-30.1855816961061));
#3535=CARTESIAN_POINT('Origin',(-62.61326362567,5.1193644335835,-28.8083316961056));
#3536=CARTESIAN_POINT('',(-93.0792013839424,-13.9945196567896,-28.8083316961056));
#3537=CARTESIAN_POINT('',(-95.0109566898791,-13.1781245872863,-28.8083316961056));
#3538=CARTESIAN_POINT('',(-61.7734917236203,-27.2248842559942,-28.8083316961056));
#3539=CARTESIAN_POINT('',(1.05728800452704,-13.9945196567896,-28.8083316961056));
#3540=CARTESIAN_POINT('',(-95.0109566898792,-13.9945196567896,-28.8083316961056));
#3541=CARTESIAN_POINT('',(2.98904331012097,-13.1781245874311,-28.8083316961056));
#3542=CARTESIAN_POINT('',(-13.1738904841028,-20.008875572176,-28.8083316961056));
#3543=CARTESIAN_POINT('',(2.98904331012097,67.1890852738519,-28.8083316961057));
#3544=CARTESIAN_POINT('',(2.98904331012097,-13.9945196567896,-28.8083316961056));
#3545=CARTESIAN_POINT('',(1.05728800452678,68.0054803432105,-28.8083316961057));
#3546=CARTESIAN_POINT('',(-30.2484216560556,81.2358449425248,-28.8083316961057));
#3547=CARTESIAN_POINT('',(-93.0792013839421,68.0054803432105,-28.8083316961057));
#3548=CARTESIAN_POINT('',(2.98904331012097,68.0054803432105,-28.8083316961057));
#3549=CARTESIAN_POINT('',(-95.0109566898792,67.189085273707,-28.8083316961058));
#3550=CARTESIAN_POINT('',(-78.8480228955725,74.0198362584868,-28.8083316961058));
#3551=CARTESIAN_POINT('',(-95.0109566898792,68.0054803432105,-28.8083316961058));
#3552=CARTESIAN_POINT('',(-69.0250781569136,-10.8883278012006,-28.8083316961056));
#3553=CARTESIAN_POINT('',(-68.6262806485908,-10.7964686100959,-28.8083316961056));
#3554=CARTESIAN_POINT('Origin',(-67.9290038953915,-14.7352254100834,-28.8083316961056));
#3555=CARTESIAN_POINT('',(-70.584660378721,-11.0144844797334,-28.8083316961056));
#3556=CARTESIAN_POINT('Origin',(-70.1211524184357,-7.04143019231768,-28.8083316961056));
#3557=CARTESIAN_POINT('',(-72.9623411339618,18.3087506143876,-28.8083316961057));
#3558=CARTESIAN_POINT('Origin',(-68.846505527651,3.88446909807544,-28.8083316961056));
#3559=CARTESIAN_POINT('',(-73.0726881439206,18.3008927061669,-28.8083316961057));
#3560=CARTESIAN_POINT('',(-66.2232367578812,18.7886482001628,-28.8083316961057));
#3561=CARTESIAN_POINT('',(-73.1178312289673,18.2950929999908,-28.8083316961081));
#3562=CARTESIAN_POINT('Origin',(-71.2258481534798,3.74708264179893,-28.8083316960916));
#3563=CARTESIAN_POINT('',(-65.5574839487875,17.4701917380171,-28.8083316961057));
#3564=CARTESIAN_POINT('Origin',(-70.3048931769286,9.01777903988404,-28.8083316961057));
#3565=CARTESIAN_POINT('',(-53.0620530806028,15.3059235151265,-28.8083316961057));
#3566=CARTESIAN_POINT('Origin',(-56.2530526008414,34.0360469013147,-28.8083316961057));
#3567=CARTESIAN_POINT('',(-52.4878691342759,-6.46389582959901,-28.8083316961056));
#3568=CARTESIAN_POINT('Origin',(-51.2146323057279,4.4621678704912,-28.8083316961056));
#3569=CARTESIAN_POINT('',(-64.9807916051047,-9.36622090359443,-28.8083316961056));
#3570=CARTESIAN_POINT('Origin',(-54.6870963835862,-25.3361876752094,-28.8083316961056));
#3571=CARTESIAN_POINT('Origin',(-70.3556896857181,-1.02743275210794,-28.8083316961056));
#3572=CARTESIAN_POINT('',(-1.64001843378082,49.5487928159295,-28.8083316961057));
#3573=CARTESIAN_POINT('Origin',(-3.14001843378082,49.5487928159295,-28.8083316961057));
#3574=CARTESIAN_POINT('',(-87.3818949456343,49.5487928159295,-28.8083316961057));
#3575=CARTESIAN_POINT('Origin',(-88.8818949456343,49.5487928159295,-28.8083316961057));
#3576=CARTESIAN_POINT('',(-1.64001843378082,4.46216787049137,-28.8083316961056));
#3577=CARTESIAN_POINT('Origin',(-3.14001843378082,4.46216787049137,-28.8083316961056));
#3578=CARTESIAN_POINT('',(-36.2093973101799,21.1121678704912,-28.8083316961057));
#3579=CARTESIAN_POINT('',(-36.2093973101798,13.1157661520373,-28.8083316961056));
#3580=CARTESIAN_POINT('',(-37.3798673012383,21.1121678704912,-28.8083316961057));
#3581=CARTESIAN_POINT('Origin',(-36.7946323057091,17.7121678704912,-28.8083316961478));
#3582=CARTESIAN_POINT('',(-37.3798673012383,21.100001013279,-28.8083316961057));
#3583=CARTESIAN_POINT('',(-37.3798673012384,13.1157661520373,-28.8083316961056));
#3584=CARTESIAN_POINT('',(-60.0000000000163,21.100001013279,-28.8083316961057));
#3585=CARTESIAN_POINT('',(-53.0054783449477,21.100001013279,-28.8083316961057));
#3586=CARTESIAN_POINT('',(-64.2000000000163,25.300001013279,-28.8083316961057));
#3587=CARTESIAN_POINT('Origin',(-60.0000000000163,25.300001013279,-28.8083316961057));
#3588=CARTESIAN_POINT('',(-64.2000000000163,49.800001013279,-28.8083316961057));
#3589=CARTESIAN_POINT('',(-64.2000000000163,42.1527406782447,-28.8083316961057));
#3590=CARTESIAN_POINT('',(-67.0000000000163,49.800001013279,-28.8083316961057));
#3591=CARTESIAN_POINT('',(-55.1054783449477,49.800001013279,-28.8083316961057));
#3592=CARTESIAN_POINT('',(-67.0000000000163,25.300001013279,-28.8083316961057));
#3593=CARTESIAN_POINT('',(-67.0000000000163,42.1527406782447,-28.8083316961057));
#3594=CARTESIAN_POINT('',(-60.0000000000163,18.300001013279,-28.8083316961057));
#3595=CARTESIAN_POINT('Origin',(-60.0000000000163,25.300001013279,-28.8083316961057));
#3596=CARTESIAN_POINT('',(-60.0000000000163,16.7846202783998,-28.8083316961057));
#3597=CARTESIAN_POINT('',(-60.0000000000163,18.300001013279,-28.8083316961057));
#3598=CARTESIAN_POINT('',(-61.8864263856212,17.1349304494047,-28.8083316961057));
#3599=CARTESIAN_POINT('Origin',(-57.3704033844974,36.1994185459148,-28.8083316961057));
#3600=CARTESIAN_POINT('',(-80.070221097572,15.4518369137091,-28.808331696107));
#3601=CARTESIAN_POINT('Origin',(-70.3048931769286,9.01777903988404,-28.8083316961057));
#3602=CARTESIAN_POINT('',(-80.0375759577498,-7.98226765749066,-28.8083316961071));
#3603=CARTESIAN_POINT('Origin',(-71.2258481534798,3.74708264179893,-28.8083316960916));
#3604=CARTESIAN_POINT('',(-76.8952484613703,-10.9945196567896,-28.8083316961056));
#3605=CARTESIAN_POINT('Origin',(-70.3556896857181,-1.02743275210794,-28.8083316961056));
#3606=CARTESIAN_POINT('',(-90.1388630227911,-10.9945196567896,-28.8083316961056));
#3607=CARTESIAN_POINT('',(-21.5109566898791,-10.9945196567896,-28.8083316961056));
#3608=CARTESIAN_POINT('',(-90.7129998007898,-10.7518789696704,-28.8083316961056));
#3609=CARTESIAN_POINT('',(-60.2521884759801,-23.6251741029731,-28.8083316961056));
#3610=CARTESIAN_POINT('',(-90.7129997995694,-9.94681957175531,-28.8083316966747));
#3611=CARTESIAN_POINT('',(-90.7129998007898,16.7554803432105,-28.8083316961057));
#3612=CARTESIAN_POINT('',(-88.171302641113,-9.32928141995559,-28.8095806945573));
#3613=CARTESIAN_POINT('Ctrl Pts',(-88.1713878799575,-9.32748128671974,-28.8083316961056));
#3614=CARTESIAN_POINT('Ctrl Pts',(-88.6222745089609,-9.55108743809827,-28.8083316961056));
#3615=CARTESIAN_POINT('Ctrl Pts',(-89.1054254235033,-9.71471771272947,-28.8083316961056));
#3616=CARTESIAN_POINT('Ctrl Pts',(-89.9651478526213,-9.89404523142454,-28.8083316961056));
#3617=CARTESIAN_POINT('Ctrl Pts',(-90.3389757369944,-9.9374070727302,-28.8083316961056));
#3618=CARTESIAN_POINT('Ctrl Pts',(-90.7129998007899,-9.94681957043052,-28.8083316961056));
#3619=CARTESIAN_POINT('',(-88.1712910400148,-3.49659931936508,-28.8093531717626));
#3620=CARTESIAN_POINT('Origin',(-88.8818949456286,-6.41283212950863,-28.8083316960357));
#3621=CARTESIAN_POINT('',(-90.7129997995694,-2.87884468726194,-28.8083316966747));
#3622=CARTESIAN_POINT('Ctrl Pts',(-90.7129998007898,-2.87884468858673,-28.8083316961056));
#3623=CARTESIAN_POINT('Ctrl Pts',(-90.3504268047526,-2.8879690145907,-28.8083316961056));
#3624=CARTESIAN_POINT('Ctrl Pts',(-89.9880604981233,-2.92899460218606,-28.8083316961056));
#3625=CARTESIAN_POINT('Ctrl Pts',(-89.1273430973331,-3.10354777840504,-28.8083316961056));
#3626=CARTESIAN_POINT('Ctrl Pts',(-88.6324844441705,-3.26951345427385,-28.8083316961056));
#3627=CARTESIAN_POINT('Ctrl Pts',(-88.1713878799575,-3.49818297229752,-28.8083316961056));
#3628=CARTESIAN_POINT('',(-90.7129997995694,11.8031804282448,-28.8083316966747));
#3629=CARTESIAN_POINT('',(-90.7129998007898,16.7554803432105,-28.8083316961057));
#3630=CARTESIAN_POINT('',(-88.1713061499713,12.4207223234552,-28.8095896775961));
#3631=CARTESIAN_POINT('Ctrl Pts',(-88.1713878799575,12.4225187132802,-28.8083316961057));
#3632=CARTESIAN_POINT('Ctrl Pts',(-88.6222745089609,12.1989125619017,-28.8083316961057));
#3633=CARTESIAN_POINT('Ctrl Pts',(-89.1054254235034,12.0352822872705,-28.8083316961057));
#3634=CARTESIAN_POINT('Ctrl Pts',(-89.9651478526211,11.8559547685755,-28.8083316961057));
#3635=CARTESIAN_POINT('Ctrl Pts',(-90.3389757369943,11.8125929272698,-28.8083316961057));
#3636=CARTESIAN_POINT('Ctrl Pts',(-90.7129998007898,11.8031804295695,-28.8083316961057));
#3637=CARTESIAN_POINT('',(-88.1712911440701,18.2534041316406,-28.8093564675781));
#3638=CARTESIAN_POINT('Origin',(-88.8818949456284,15.3371678704914,-28.8083316960357));
#3639=CARTESIAN_POINT('',(-90.7129997995693,18.871155312738,-28.8083316966748));
#3640=CARTESIAN_POINT('Ctrl Pts',(-90.7129998007898,18.8711553114132,-28.8083316961057));
#3641=CARTESIAN_POINT('Ctrl Pts',(-90.3504268047525,18.8620309854092,-28.8083316961057));
#3642=CARTESIAN_POINT('Ctrl Pts',(-89.9880604981232,18.8210053978139,-28.8083316961057));
#3643=CARTESIAN_POINT('Ctrl Pts',(-89.1273430973331,18.6464522215949,-28.8083316961057));
#3644=CARTESIAN_POINT('Ctrl Pts',(-88.6324844441705,18.4804865457262,-28.8083316961057));
#3645=CARTESIAN_POINT('Ctrl Pts',(-88.1713878799575,18.2518170277025,-28.8083316961057));
#3646=CARTESIAN_POINT('',(-90.7129998007897,47.1724395152972,-28.8083316961057));
#3647=CARTESIAN_POINT('',(-90.7129998007898,16.7554803432105,-28.8083316961057));
#3648=CARTESIAN_POINT('',(-90.7129998007897,51.9251461165619,-28.8083316961057));
#3649=CARTESIAN_POINT('Origin',(-88.8818949456343,49.5487928159295,-28.8083316961057));
#3650=CARTESIAN_POINT('',(-90.7129998007896,64.7628396560912,-28.8083316961058));
#3651=CARTESIAN_POINT('',(-90.7129998007898,16.7554803432105,-28.8083316961057));
#3652=CARTESIAN_POINT('',(-90.1388630227908,65.0054803432105,-28.8083316961057));
#3653=CARTESIAN_POINT('',(-77.3267196479324,70.4201261054657,-28.8083316961058));
#3654=CARTESIAN_POINT('',(-60.0000000000163,65.0054803432105,-28.8083316961057));
#3655=CARTESIAN_POINT('',(-70.5109566898791,65.0054803432105,-28.8083316961057));
#3656=CARTESIAN_POINT('',(-60.0000000000163,64.300001013279,-28.8083316961057));
#3657=CARTESIAN_POINT('',(-60.0000000000163,64.300001013279,-28.8083316961057));
#3658=CARTESIAN_POINT('',(-66.5383484153273,59.800001013279,-28.8083316961057));
#3659=CARTESIAN_POINT('Origin',(-60.0000000000163,57.300001013279,-28.8083316961057));
#3660=CARTESIAN_POINT('',(-63.3749074061536,59.800001013279,-28.8083316961057));
#3661=CARTESIAN_POINT('',(-56.5054783449477,59.800001013279,-28.8083316961057));
#3662=CARTESIAN_POINT('',(-60.0000000000163,61.500001013279,-28.8083316961057));
#3663=CARTESIAN_POINT('Origin',(-60.0000000000163,57.300001013279,-28.8083316961057));
#3664=CARTESIAN_POINT('',(-28.0000000000163,61.500001013279,-28.8083316961057));
#3665=CARTESIAN_POINT('',(-37.0054783449477,61.500001013279,-28.8083316961057));
#3666=CARTESIAN_POINT('',(-23.8000000000163,57.300001013279,-28.8083316961057));
#3667=CARTESIAN_POINT('Origin',(-28.0000000000163,57.300001013279,-28.8083316961057));
#3668=CARTESIAN_POINT('',(-23.8000000000163,32.800001013279,-28.8083316961057));
#3669=CARTESIAN_POINT('',(-23.8000000000163,26.1527406782447,-28.8083316961057));
#3670=CARTESIAN_POINT('',(-21.0000000000163,32.800001013279,-28.8083316961057));
#3671=CARTESIAN_POINT('',(-34.9054783449477,32.800001013279,-28.8083316961057));
#3672=CARTESIAN_POINT('',(-21.0000000000163,57.300001013279,-28.8083316961057));
#3673=CARTESIAN_POINT('',(-21.0000000000163,26.1527406782447,-28.8083316961057));
#3674=CARTESIAN_POINT('',(-28.0000000000163,64.300001013279,-28.8083316961057));
#3675=CARTESIAN_POINT('Origin',(-28.0000000000163,57.300001013279,-28.8083316961057));
#3676=CARTESIAN_POINT('',(-28.0000000000163,65.0054803432105,-28.8083316961057));
#3677=CARTESIAN_POINT('',(-28.0000000000163,64.300001013279,-28.8083316961057));
#3678=CARTESIAN_POINT('',(-1.88305035662457,65.0054803432105,-28.8083316961057));
#3679=CARTESIAN_POINT('',(-70.5109566898791,65.0054803432105,-28.8083316961057));
#3680=CARTESIAN_POINT('',(-1.30891357862568,64.7628396560912,-28.8083316961057));
#3681=CARTESIAN_POINT('',(-31.7697249036958,77.6361347895037,-28.8083316961057));
#3682=CARTESIAN_POINT('',(-1.30891357862566,51.9251461165621,-28.8083316961057));
#3683=CARTESIAN_POINT('',(-1.30891357862561,37.2554803432106,-28.8083316961057));
#3684=CARTESIAN_POINT('',(-1.30891357862564,47.172439515297,-28.8083316961057));
#3685=CARTESIAN_POINT('Origin',(-3.14001843378082,49.5487928159295,-28.8083316961057));
#3686=CARTESIAN_POINT('',(-1.30891357862551,6.8385211711238,-28.8083316961056));
#3687=CARTESIAN_POINT('',(-1.30891357862561,37.2554803432106,-28.8083316961057));
#3688=CARTESIAN_POINT('',(-1.30891357862549,2.08581456985895,-28.8083316961056));
#3689=CARTESIAN_POINT('Origin',(-3.14001843378082,4.46216787049137,-28.8083316961056));
#3690=CARTESIAN_POINT('',(-1.30891357862545,-10.7518789696703,-28.8083316961056));
#3691=CARTESIAN_POINT('',(-1.30891357862561,37.2554803432106,-28.8083316961057));
#3692=CARTESIAN_POINT('',(-1.88305035662433,-10.9945196567896,-28.8083316961056));
#3693=CARTESIAN_POINT('',(-14.6951937317429,-16.4091654191549,-28.8083316961056));
#3694=CARTESIAN_POINT('',(-63.816130910066,-10.9945196567896,-28.8083316961056));
#3695=CARTESIAN_POINT('',(-21.5109566898791,-10.9945196567896,-28.8083316961056));
#3696=CARTESIAN_POINT('',(-60.7888856724519,-8.13973978410819,-28.8083316961056));
#3697=CARTESIAN_POINT('Origin',(-70.3556896857181,-1.02743275210794,-28.8083316961056));
#3698=CARTESIAN_POINT('',(-55.7099817729782,-7.73585791925412,-28.8083316961056));
#3699=CARTESIAN_POINT('Origin',(-56.9368058892513,-24.4443845691307,-28.8083316961056));
#3700=CARTESIAN_POINT('',(-42.1122400569859,13.7436793503118,-28.8083316961057));
#3701=CARTESIAN_POINT('Origin',(-51.2146323057279,4.4621678704912,-28.8083316961056));
#3702=CARTESIAN_POINT('',(-40.3826120806436,13.7436793503118,-28.8083316961056));
#3703=CARTESIAN_POINT('',(-42.1122400569859,13.7436793503118,-28.8083316961057));
#3704=CARTESIAN_POINT('',(-31.4770245544697,18.300001013279,-28.8083316961057));
#3705=CARTESIAN_POINT('Origin',(-36.7946323057278,17.7121678704912,-28.8083316961057));
#3706=CARTESIAN_POINT('',(-28.0000000000163,18.300001013279,-28.8083316961056));
#3707=CARTESIAN_POINT('',(-53.0054783449477,18.300001013279,-28.8083316961057));
#3708=CARTESIAN_POINT('',(-21.4616515847053,22.800001013279,-28.8083316961057));
#3709=CARTESIAN_POINT('Origin',(-28.0000000000163,25.300001013279,-28.8083316961057));
#3710=CARTESIAN_POINT('',(-24.6250925938791,22.800001013279,-28.8083316961057));
#3711=CARTESIAN_POINT('',(-33.5054783449477,22.800001013279,-28.8083316961057));
#3712=CARTESIAN_POINT('Origin',(-28.0000000000163,25.300001013279,-28.8083316961057));
#3713=CARTESIAN_POINT('Origin',(-60.0000000000163,21.100001013279,-28.8083316961057));
#3714=CARTESIAN_POINT('',(-37.3798673012473,21.100001013279,-34.3173316961057));
#3715=CARTESIAN_POINT('',(-37.3798673012451,21.100001013279,-32.9400816961052));
#3716=CARTESIAN_POINT('',(-37.4466189594314,21.100001013279,-34.3173316961057));
#3717=CARTESIAN_POINT('',(-38.8599712609414,21.100001013279,-34.3173316961057));
#3718=CARTESIAN_POINT('',(-37.4466189594444,21.100001013279,-42.2811999999847));
#3719=CARTESIAN_POINT('',(-37.4466189594428,21.100001013279,-41.2811999999846));
#3720=CARTESIAN_POINT('',(-60.0000000000163,21.100001013279,-42.2811999999946));
#3721=CARTESIAN_POINT('',(-53.005478344962,21.100001013279,-42.2811999999593));
#3722=CARTESIAN_POINT('',(-60.0000000000163,21.100001013279,-28.8083316961057));
#3723=CARTESIAN_POINT('Origin',(-37.3798673012473,21.1121678704911,-34.3173316961057));
#3724=CARTESIAN_POINT('',(-37.3798673012473,21.1121678704911,-34.3173316961057));
#3725=CARTESIAN_POINT('',(-37.3798673012587,21.1121678704911,-41.2811999999847));
#3726=CARTESIAN_POINT('',(-37.3798673012473,21.1121678704911,-34.3173316961057));
#3727=CARTESIAN_POINT('Origin',(-40.9253102161736,21.1121678704911,-34.3173316961057));
#3728=CARTESIAN_POINT('Origin',(-36.7946323057181,17.7121678704912,-34.3173316961057));
#3729=CARTESIAN_POINT('Origin',(-36.2093973101798,21.1121678704911,-28.8083316961057));
#3730=CARTESIAN_POINT('',(-36.2093973101888,21.1121678704911,-34.3173316961057));
#3731=CARTESIAN_POINT('',(-36.2093973101888,21.1121678704911,-34.3173316961057));
#3732=CARTESIAN_POINT('',(-36.2093973102001,21.1121678704911,-41.2811999999866));
#3733=CARTESIAN_POINT('Origin',(-36.2093973101888,21.1121678704911,-34.3173316961057));
#3734=CARTESIAN_POINT('Origin',(-36.7946323057181,17.7121678704912,-34.3173316961057));
#3735=CARTESIAN_POINT('Ctrl Pts',(-64.8627902515695,-10.5768590774109,-44.172616130706));
#3736=CARTESIAN_POINT('Ctrl Pts',(-65.9614566118569,-10.8795127416997,-43.6602995931467));
#3737=CARTESIAN_POINT('Ctrl Pts',(-67.4775124278057,-11.1127432365331,-42.9533511559794));
#3738=CARTESIAN_POINT('Ctrl Pts',(-69.3758918717209,-11.12265716864,-42.0681222831977));
#3739=CARTESIAN_POINT('Ctrl Pts',(-70.1906256209769,-11.0604537098599,-41.6882056965623));
#3740=CARTESIAN_POINT('Ctrl Pts',(-70.584660378721,-11.0144844797334,-41.504464271447));
#3741=CARTESIAN_POINT('Ctrl Pts',(-65.040823725283,-10.3172809102372,-44.1970777327962));
#3742=CARTESIAN_POINT('Ctrl Pts',(-66.0491876185624,-10.6159878174563,-43.5988122669072));
#3743=CARTESIAN_POINT('Ctrl Pts',(-67.4832209602067,-10.9370260453592,-42.843538745886));
#3744=CARTESIAN_POINT('Ctrl Pts',(-69.3552887538606,-11.0463993374372,-41.9683944766019));
#3745=CARTESIAN_POINT('Ctrl Pts',(-70.1727319308141,-11.0207181830333,-41.6089276481543));
#3746=CARTESIAN_POINT('Ctrl Pts',(-70.5711677179125,-10.9889064811201,-41.4397281314282));
#3747=CARTESIAN_POINT('Ctrl Pts',(-65.2551268661375,-9.78177340437962,-43.9881985575289));
#3748=CARTESIAN_POINT('Ctrl Pts',(-66.1107790986683,-10.1903220039315,-43.3258942870425));
#3749=CARTESIAN_POINT('Ctrl Pts',(-67.4548950545503,-10.6848142295474,-42.5752114076486));
#3750=CARTESIAN_POINT('Ctrl Pts',(-69.3113342762545,-10.9463399924168,-41.7743091191376));
#3751=CARTESIAN_POINT('Ctrl Pts',(-70.1392961347051,-10.9697897245125,-41.4617054239421));
#3752=CARTESIAN_POINT('Ctrl Pts',(-70.546795302114,-10.9565030104962,-41.3217203094458));
#3753=CARTESIAN_POINT('Ctrl Pts',(-65.1552805595999,-9.47680198831775,-43.4930699940272));
#3754=CARTESIAN_POINT('Ctrl Pts',(-66.0068691398893,-10.0016136918191,-42.8968682633613));
#3755=CARTESIAN_POINT('Ctrl Pts',(-67.3666917181183,-10.5834978759918,-42.2417063573184));
#3756=CARTESIAN_POINT('Ctrl Pts',(-69.2578571915775,-10.9132333014784,-41.5635172506333));
#3757=CARTESIAN_POINT('Ctrl Pts',(-70.1039905300919,-10.9539916444637,-41.3079680114153));
#3758=CARTESIAN_POINT('Ctrl Pts',(-70.52205222498,-10.946976682205,-41.2001023869781));
#3759=CARTESIAN_POINT('Ctrl Pts',(-65.0658361057571,-9.42042782627106,-43.2811999999863));
#3760=CARTESIAN_POINT('Ctrl Pts',(-65.9409578088791,-9.97199084200696,-42.7129613585642));
#3761=CARTESIAN_POINT('Ctrl Pts',(-67.3210249993202,-10.5712224957921,-42.0988027806715));
#3762=CARTESIAN_POINT('Ctrl Pts',(-69.2342496600791,-10.911096586578,-41.4731247741324));
#3763=CARTESIAN_POINT('Ctrl Pts',(-70.0887817500655,-10.9537827738578,-41.2420820267297));
#3764=CARTESIAN_POINT('Ctrl Pts',(-70.5115148703235,-10.9471422097582,-41.1479808512904));
#3765=CARTESIAN_POINT('',(-69.0250781569136,-10.8883278012006,-41.7984782061907));
#3766=CARTESIAN_POINT('',(-68.6262806485908,-10.7964686100959,-41.6757227951808));
#3767=CARTESIAN_POINT('Ctrl Pts',(-69.0250781569136,-10.8883278012006,-41.7984782061906));
#3768=CARTESIAN_POINT('Ctrl Pts',(-68.8957427511182,-10.8514770129008,-41.7584281420791));
#3769=CARTESIAN_POINT('Ctrl Pts',(-68.76463474614,-10.8211728270742,-41.7176121749711));
#3770=CARTESIAN_POINT('Ctrl Pts',(-68.6302560449848,-10.7971739251844,-41.6769256861298));
#3771=CARTESIAN_POINT('Ctrl Pts',(-68.6282685033086,-10.7968205193287,-41.6763241600326));
#3772=CARTESIAN_POINT('Ctrl Pts',(-68.6262806485908,-10.7964686100959,-41.6757227951808));
#3773=CARTESIAN_POINT('',(-65.0658361057558,-9.42042782627023,-43.2811999999832));
#3774=CARTESIAN_POINT('Ctrl Pts',(-68.6260970674835,-10.7963559089247,-41.6750350733699));
#3775=CARTESIAN_POINT('Ctrl Pts',(-68.419611200209,-10.7598943558201,-41.7425173181258));
#3776=CARTESIAN_POINT('Ctrl Pts',(-67.1342379403096,-10.4901186777666,-42.1819269034137));
#3777=CARTESIAN_POINT('Ctrl Pts',(-65.9409578088791,-9.97199084200696,-42.7129613585642));
#3778=CARTESIAN_POINT('Ctrl Pts',(-65.0658361057571,-9.42042782627106,-43.2811999999863));
#3779=CARTESIAN_POINT('',(-66.774438313058,-10.9717261570436,-43.2811999999368));
#3780=CARTESIAN_POINT('Ctrl Pts',(-65.0658361058291,-9.42042782631643,-43.2811999999396));
#3781=CARTESIAN_POINT('Ctrl Pts',(-65.3166857207162,-9.57853083026101,-43.2811999999392));
#3782=CARTESIAN_POINT('Ctrl Pts',(-65.5723409595869,-9.76101762623147,-43.2811999999387));
#3783=CARTESIAN_POINT('Ctrl Pts',(-65.9908782599303,-10.0921602035413,-43.2811999999381));
#3784=CARTESIAN_POINT('Ctrl Pts',(-66.1864796636229,-10.2599029062875,-43.2811999998414));
#3785=CARTESIAN_POINT('Ctrl Pts',(-66.5802732675212,-10.6544115937832,-43.2811999998408));
#3786=CARTESIAN_POINT('Ctrl Pts',(-66.7057268977189,-10.8290347809325,-43.2811999999369));
#3787=CARTESIAN_POINT('Ctrl Pts',(-66.774438313058,-10.9717261570432,-43.2811999999368));
#3788=CARTESIAN_POINT('',(-67.7411808102411,-11.0747507100925,-42.8304005700364));
#3789=CARTESIAN_POINT('Origin',(-68.846505527651,3.88446909807542,-42.3149791895602));
#3790=CARTESIAN_POINT('',(-70.584660378721,-11.0144844797334,-41.504464271447));
#3791=CARTESIAN_POINT('Ctrl Pts',(-67.7411780289124,-11.074761974204,-42.8304018669913));
#3792=CARTESIAN_POINT('Ctrl Pts',(-67.878863345401,-11.0849250133028,-42.7661981494971));
#3793=CARTESIAN_POINT('Ctrl Pts',(-68.4256043484883,-11.1176944695244,-42.5112486327302));
#3794=CARTESIAN_POINT('Ctrl Pts',(-69.3758918717209,-11.12265716864,-42.0681222831977));
#3795=CARTESIAN_POINT('Ctrl Pts',(-70.1906256209769,-11.0604537098599,-41.6882056965623));
#3796=CARTESIAN_POINT('Ctrl Pts',(-70.584660378721,-11.0144844797334,-41.504464271447));
#3797=CARTESIAN_POINT('Ctrl Pts',(-70.584660378721,-11.0144844797334,-41.504464271447));
#3798=CARTESIAN_POINT('Ctrl Pts',(-70.5740691614518,-11.0157200816553,-41.5094030371688));
#3799=CARTESIAN_POINT('Ctrl Pts',(-70.5634408548381,-11.0169170601362,-41.5142767642573));
#3800=CARTESIAN_POINT('Ctrl Pts',(-70.5286738632102,-11.0206907317157,-41.5299656887725));
#3801=CARTESIAN_POINT('Ctrl Pts',(-70.5043669827287,-11.0231067112522,-41.5405374305792));
#3802=CARTESIAN_POINT('Ctrl Pts',(-70.44785735354,-11.0281960257379,-41.5642928585936));
#3803=CARTESIAN_POINT('Ctrl Pts',(-70.4154763277374,-11.0307204699807,-41.5772950492137));
#3804=CARTESIAN_POINT('Ctrl Pts',(-70.2716668052739,-11.0401524033316,-41.6326363482435));
#3805=CARTESIAN_POINT('Ctrl Pts',(-70.1568574008034,-11.0429270980629,-41.6705756949401));
#3806=CARTESIAN_POINT('Ctrl Pts',(-69.8150734855401,-11.0361421098783,-41.7678351509528));
#3807=CARTESIAN_POINT('Ctrl Pts',(-69.6036343563667,-11.0119384576754,-41.807968315209));
#3808=CARTESIAN_POINT('Ctrl Pts',(-69.2610628210187,-10.9514293117619,-41.8369528851205));
#3809=CARTESIAN_POINT('Ctrl Pts',(-69.1246070026774,-10.9166859789355,-41.829298356553));
#3810=CARTESIAN_POINT('Ctrl Pts',(-69.0250781569136,-10.8883278012006,-41.7984782061907));
#3811=CARTESIAN_POINT('Origin',(-70.1211524184357,-7.04143019231768,-28.8083316961056));
#3812=CARTESIAN_POINT('',(-70.584660378721,-11.0144844797334,-28.8083316961056));
#3813=CARTESIAN_POINT('',(-69.0250781569136,-10.8883278012006,-28.8083316961056));
#3814=CARTESIAN_POINT('Origin',(-83.0372044219856,6.5054803432104,-35.6977476205603));
#3815=CARTESIAN_POINT('',(-66.774438313058,-11.9945196567896,-43.2811999999368));
#3816=CARTESIAN_POINT('',(-66.774438313058,16.7554803432104,-43.2811999999368));
#3817=CARTESIAN_POINT('',(-95.0109566898791,-11.9945196567896,-30.1142952411907));
#3818=CARTESIAN_POINT('',(-49.0258906477692,-11.9945196567896,-51.5574836973899));
#3819=CARTESIAN_POINT('',(-95.0109566898792,66.0054803432105,-30.1142952411907));
#3820=CARTESIAN_POINT('',(-95.0109566898791,6.5054803432104,-30.1142952411907));
#3821=CARTESIAN_POINT('',(-68.7836743040278,66.0054803432105,-42.3442778703069));
#3822=CARTESIAN_POINT('',(-89.2741870850895,66.0054803432105,-32.789394840975));
#3823=CARTESIAN_POINT('',(-68.7836743040278,19.6671444184006,-42.3442778703069));
#3824=CARTESIAN_POINT('',(-68.7836743040278,16.7554803432104,-42.3442778703069));
#3825=CARTESIAN_POINT('',(-71.0646508380917,18.6817899020073,-41.2806410444005));
#3826=CARTESIAN_POINT('Origin',(-64.3174571689742,9.01777903988402,-44.4269091233655));
#3827=CARTESIAN_POINT('',(-73.0726881440133,18.300892706463,-40.3442778707889));
#3828=CARTESIAN_POINT('Ctrl Pts',(-73.0726881438964,18.3008927061321,-40.3442778707933));
#3829=CARTESIAN_POINT('Ctrl Pts',(-72.4188506625208,18.4995212844799,-40.6491672955473));
#3830=CARTESIAN_POINT('Ctrl Pts',(-71.7445584333153,18.6273336611923,-40.9635949258601));
#3831=CARTESIAN_POINT('Ctrl Pts',(-71.0646508380695,18.6817899019623,-41.280641044361));
#3832=CARTESIAN_POINT('',(-72.9623411339534,18.3087506143895,-40.3957335266343));
#3833=CARTESIAN_POINT('',(-74.3184238819009,18.2121827619666,-39.7633817561745));
#3834=CARTESIAN_POINT('Origin',(-68.846505527651,3.88446909807542,-42.3149791895602));
#3835=CARTESIAN_POINT('',(-85.8818949456439,15.3371678704914,-34.3712466442975));
#3836=CARTESIAN_POINT('Origin',(-88.8818949456439,15.3371678704914,-32.9723236698325));
#3837=CARTESIAN_POINT('',(-85.8818949456441,-6.41283212950863,-34.3712466442974));
#3838=CARTESIAN_POINT('Origin',(-88.8818949456441,-6.41283212950863,-32.9723236698324));
#3839=CARTESIAN_POINT('',(-85.8818949456342,49.5487928159295,-34.371246644302));
#3840=CARTESIAN_POINT('Origin',(-88.8818949456343,49.5487928159295,-32.972323669837));
#3841=CARTESIAN_POINT('Ctrl Pts',(-66.2589575480734,18.7861044910853,-42.1598796563909));
#3842=CARTESIAN_POINT('Ctrl Pts',(-65.9632856970415,18.8071595452251,-42.2924752126743));
#3843=CARTESIAN_POINT('Ctrl Pts',(-65.3809886105384,18.8486254360051,-42.5735167583405));
#3844=CARTESIAN_POINT('Ctrl Pts',(-64.8000051593842,18.8899977816499,-42.8877110982752));
#3845=CARTESIAN_POINT('Ctrl Pts',(-64.502045592821,18.9112157460369,-43.0564976080431));
#3846=CARTESIAN_POINT('Ctrl Pts',(-64.4670349479733,18.9137088850359,-43.0763827902293));
#3847=CARTESIAN_POINT('Ctrl Pts',(-64.4058546985223,18.9180655847352,-43.1112765827719));
#3848=CARTESIAN_POINT('Ctrl Pts',(-64.3187446990189,18.9242687648799,-43.1613620709707));
#3849=CARTESIAN_POINT('Ctrl Pts',(-64.2320070892479,18.9304454268222,-43.2117584483789));
#3850=CARTESIAN_POINT('Ctrl Pts',(-64.1715505295623,18.9347505919329,-43.2471521119605));
#3851=CARTESIAN_POINT('Ctrl Pts',(-64.1369396712083,18.9372152617821,-43.2674910728826));
#3852=CARTESIAN_POINT('Ctrl Pts',(-64.1197999433906,18.9384357969662,-43.2775879805569));
#3853=CARTESIAN_POINT('Ctrl Pts',(-63.9908782311993,18.9476164261688,-43.3536307705665));
#3854=CARTESIAN_POINT('Ctrl Pts',(-63.7213449067333,18.9668101327031,-43.5126145189095));
#3855=CARTESIAN_POINT('Ctrl Pts',(-63.2774482261362,18.9984204081143,-43.7744394058204));
#3856=CARTESIAN_POINT('Ctrl Pts',(-62.9238763703082,19.0235985728291,-43.9829936370992));
#3857=CARTESIAN_POINT('Ctrl Pts',(-62.6738330306792,19.0414043802971,-44.1304777897955));
#3858=CARTESIAN_POINT('Ctrl Pts',(-62.5490464213209,19.0502905451681,-44.2040808795968));
#3859=CARTESIAN_POINT('Ctrl Pts',(-62.4253009332557,19.0591025708705,-44.2770710233609));
#3860=CARTESIAN_POINT('Ctrl Pts',(-62.3180553761951,19.0667396218859,-44.3403279119996));
#3861=CARTESIAN_POINT('Ctrl Pts',(-62.2571005468742,19.0710802692183,-44.3762809685612));
#3862=CARTESIAN_POINT('Ctrl Pts',(-62.2267182993354,19.0732438159495,-44.3942013888674));
#3863=CARTESIAN_POINT('Ctrl Pts',(-62.2115632096807,19.0743230232939,-44.4031402732632));
#3864=CARTESIAN_POINT('Ctrl Pts',(-66.3803955906519,18.4929099297066,-41.8425308750908));
#3865=CARTESIAN_POINT('Ctrl Pts',(-66.0972111901628,18.4701775737127,-41.9698346029261));
#3866=CARTESIAN_POINT('Ctrl Pts',(-65.5474275166638,18.4233787922061,-42.2543232963258));
#3867=CARTESIAN_POINT('Ctrl Pts',(-65.0259178502557,18.3872470803141,-42.6033595043224));
#3868=CARTESIAN_POINT('Ctrl Pts',(-64.7655704030814,18.3752558292405,-42.7964213100469));
#3869=CARTESIAN_POINT('Ctrl Pts',(-64.7350474939281,18.373897853422,-42.819222539544));
#3870=CARTESIAN_POINT('Ctrl Pts',(-64.6818177014127,18.3716447343115,-42.859304351075));
#3871=CARTESIAN_POINT('Ctrl Pts',(-64.6063796964513,18.368799226272,-42.9170822674855));
#3872=CARTESIAN_POINT('Ctrl Pts',(-64.5317403497193,18.3664841451436,-42.9755295430143));
#3873=CARTESIAN_POINT('Ctrl Pts',(-64.4799843034708,18.3651678103954,-43.016758217787));
#3874=CARTESIAN_POINT('Ctrl Pts',(-64.4504309655277,18.3645001679747,-43.0404908516336));
#3875=CARTESIAN_POINT('Ctrl Pts',(-64.4358190895403,18.3642006334339,-43.0522985456934));
#3876=CARTESIAN_POINT('Ctrl Pts',(-64.3259930890068,18.3619942844752,-43.1410202589475));
#3877=CARTESIAN_POINT('Ctrl Pts',(-64.0999363534626,18.3604964988772,-43.3275074603657));
#3878=CARTESIAN_POINT('Ctrl Pts',(-63.7350849361494,18.370815844732,-43.6423912861571));
#3879=CARTESIAN_POINT('Ctrl Pts',(-63.4506746386496,18.3925959004979,-43.8966331945742));
#3880=CARTESIAN_POINT('Ctrl Pts',(-63.2531671146024,18.4172860139712,-44.0777474732957));
#3881=CARTESIAN_POINT('Ctrl Pts',(-63.1550796502403,18.430881046558,-44.1681885640856));
#3882=CARTESIAN_POINT('Ctrl Pts',(-63.0582033366282,18.4461930842619,-44.2576667183266));
#3883=CARTESIAN_POINT('Ctrl Pts',(-62.9749065402274,18.4613495660594,-44.3351803802863));
#3884=CARTESIAN_POINT('Ctrl Pts',(-62.9277126234552,18.4704944173704,-44.3791759747286));
#3885=CARTESIAN_POINT('Ctrl Pts',(-62.9042280603749,18.4752216808529,-44.4010719189583));
#3886=CARTESIAN_POINT('Ctrl Pts',(-62.8925385262897,18.4776340981497,-44.4119978169957));
#3887=CARTESIAN_POINT('Ctrl Pts',(-66.544228517873,18.097359060999,-41.160691357131));
#3888=CARTESIAN_POINT('Ctrl Pts',(-66.2674918564277,18.0059053220533,-41.2500176427983));
#3889=CARTESIAN_POINT('Ctrl Pts',(-65.7430025385039,17.8113172404743,-41.4815728689023));
#3890=CARTESIAN_POINT('Ctrl Pts',(-65.2728214724577,17.6106240433669,-41.8178650276423));
#3891=CARTESIAN_POINT('Ctrl Pts',(-65.048554665033,17.513255000447,-42.0161466347215));
#3892=CARTESIAN_POINT('Ctrl Pts',(-65.0223061574614,17.5018518857435,-42.0396192989183));
#3893=CARTESIAN_POINT('Ctrl Pts',(-64.9767739833439,17.4820448971063,-42.0811229695547));
#3894=CARTESIAN_POINT('Ctrl Pts',(-64.9128524206906,17.4541925880465,-42.141574242383));
#3895=CARTESIAN_POINT('Ctrl Pts',(-64.8504478302316,17.4270016914312,-42.2035283431565));
#3896=CARTESIAN_POINT('Ctrl Pts',(-64.8075576249979,17.4083440272636,-42.2476312003453));
#3897=CARTESIAN_POINT('Ctrl Pts',(-64.7832166322409,17.397772235224,-42.2731192023624));
#3898=CARTESIAN_POINT('Ctrl Pts',(-64.7711744875803,17.392542931489,-42.2858566613933));
#3899=CARTESIAN_POINT('Ctrl Pts',(-64.6818376086667,17.3538636091901,-42.3813424977913));
#3900=CARTESIAN_POINT('Ctrl Pts',(-64.5103672702063,17.2811460398596,-42.581380169119));
#3901=CARTESIAN_POINT('Ctrl Pts',(-64.2437289102622,17.1736055083967,-42.9366724522401));
#3902=CARTESIAN_POINT('Ctrl Pts',(-64.0543458250007,17.1080929441577,-43.2377694730428));
#3903=CARTESIAN_POINT('Ctrl Pts',(-63.9307342554785,17.074701246907,-43.4598333205859));
#3904=CARTESIAN_POINT('Ctrl Pts',(-63.8706135918034,17.0599710943374,-43.5716023585198));
#3905=CARTESIAN_POINT('Ctrl Pts',(-63.81338198047,17.0484217731863,-43.6840443692009));
#3906=CARTESIAN_POINT('Ctrl Pts',(-63.7657697016958,17.041228039103,-43.7826349724003));
#3907=CARTESIAN_POINT('Ctrl Pts',(-63.7392858561066,17.0379745176658,-43.8389781093628));
#3908=CARTESIAN_POINT('Ctrl Pts',(-63.7262805877175,17.0366346705209,-43.8671531674399));
#3909=CARTESIAN_POINT('Ctrl Pts',(-63.719838397358,17.0360379052354,-43.8812313392286));
#3910=CARTESIAN_POINT('Ctrl Pts',(-66.5951968652553,17.9743033698995,-40.3751585256544));
#3911=CARTESIAN_POINT('Ctrl Pts',(-66.2932379180883,17.8492145757769,-40.4019128643713));
#3912=CARTESIAN_POINT('Ctrl Pts',(-65.7108722301115,17.5732036862744,-40.5200258161088));
#3913=CARTESIAN_POINT('Ctrl Pts',(-65.1723760102468,17.2492380287112,-40.7707143882165));
#3914=CARTESIAN_POINT('Ctrl Pts',(-64.912644771596,17.076551404888,-40.9355200769927));
#3915=CARTESIAN_POINT('Ctrl Pts',(-64.8822262564635,17.0562027400169,-40.9551357678186));
#3916=CARTESIAN_POINT('Ctrl Pts',(-64.8294069367158,17.0205540991056,-40.9900971937298));
#3917=CARTESIAN_POINT('Ctrl Pts',(-64.7551009763677,16.969510021405,-41.0418202389584));
#3918=CARTESIAN_POINT('Ctrl Pts',(-64.6824009543702,16.9184018593789,-41.095871237762));
#3919=CARTESIAN_POINT('Ctrl Pts',(-64.6323271679808,16.8825900409759,-41.1349255540007));
#3920=CARTESIAN_POINT('Ctrl Pts',(-64.6039198277768,16.8621023444653,-41.157624038083));
#3921=CARTESIAN_POINT('Ctrl Pts',(-64.5898061970842,16.8518633511298,-41.1690671833937));
#3922=CARTESIAN_POINT('Ctrl Pts',(-64.4861546096579,16.7765311718917,-41.2540556635098));
#3923=CARTESIAN_POINT('Ctrl Pts',(-64.2966464611989,16.6333654206326,-41.4269651619585));
#3924=CARTESIAN_POINT('Ctrl Pts',(-63.9928033955989,16.3865345935118,-41.7583416438892));
#3925=CARTESIAN_POINT('Ctrl Pts',(-63.7771708064314,16.1966137157061,-42.056172982143));
#3926=CARTESIAN_POINT('Ctrl Pts',(-63.6352612521153,16.0652210195136,-42.2890125586993));
#3927=CARTESIAN_POINT('Ctrl Pts',(-63.5663517757805,16.000525599756,-42.4078085977367));
#3928=CARTESIAN_POINT('Ctrl Pts',(-63.5006476075305,15.9376894657039,-42.5300811025011));
#3929=CARTESIAN_POINT('Ctrl Pts',(-63.4460481243833,15.8844351771589,-42.6398633112737));
#3930=CARTESIAN_POINT('Ctrl Pts',(-63.4156854880917,15.8545517971291,-42.7033747962425));
#3931=CARTESIAN_POINT('Ctrl Pts',(-63.4007818788589,15.8398016275839,-42.7353902795044));
#3932=CARTESIAN_POINT('Ctrl Pts',(-63.3934019193415,15.8324699931226,-42.7514568403658));
#3933=CARTESIAN_POINT('Ctrl Pts',(-66.5951968652548,17.9743033698992,-40.0385593127542));
#3934=CARTESIAN_POINT('Ctrl Pts',(-66.2770385808944,17.8425256210168,-40.0385593127549));
#3935=CARTESIAN_POINT('Ctrl Pts',(-65.657247347508,17.5462370208825,-40.1075112231989));
#3936=CARTESIAN_POINT('Ctrl Pts',(-65.0714487798158,17.1850280925619,-40.3216580590171));
#3937=CARTESIAN_POINT('Ctrl Pts',(-64.7859315692091,16.9879354715674,-40.4722535168417));
#3938=CARTESIAN_POINT('Ctrl Pts',(-64.7524685836571,16.96468893763,-40.4902391440301));
#3939=CARTESIAN_POINT('Ctrl Pts',(-64.6943088621168,16.9238701837174,-40.522430170575));
#3940=CARTESIAN_POINT('Ctrl Pts',(-64.6123280689198,16.8651746587746,-40.5704577639625));
#3941=CARTESIAN_POINT('Ctrl Pts',(-64.5319151437716,16.8060755731024,-40.6211652948986));
#3942=CARTESIAN_POINT('Ctrl Pts',(-64.4764089171889,16.7644913567228,-40.6580936615171));
#3943=CARTESIAN_POINT('Ctrl Pts',(-64.4448980865592,16.7406578347391,-40.679618565145));
#3944=CARTESIAN_POINT('Ctrl Pts',(-64.4292156502036,16.7287207096538,-40.690520075872));
#3945=CARTESIAN_POINT('Ctrl Pts',(-64.3143452900839,16.6410102130888,-40.7710625407783));
#3946=CARTESIAN_POINT('Ctrl Pts',(-64.1061754691234,16.474921575804,-40.932381955546));
#3947=CARTESIAN_POINT('Ctrl Pts',(-63.7661426771547,16.1803968127073,-41.2537953252694));
#3948=CARTESIAN_POINT('Ctrl Pts',(-63.5214799789246,15.9462669429974,-41.5502342375306));
#3949=CARTESIAN_POINT('Ctrl Pts',(-63.3579367146549,15.7797034090677,-41.7878390969724));
#3950=CARTESIAN_POINT('Ctrl Pts',(-63.2782193861077,15.6970697519208,-41.9097350738818));
#3951=CARTESIAN_POINT('Ctrl Pts',(-63.2017178623852,15.6156073350152,-42.0362502597921));
#3952=CARTESIAN_POINT('Ctrl Pts',(-63.1376673115741,15.5456675808438,-42.1508921843842));
#3953=CARTESIAN_POINT('Ctrl Pts',(-63.1019082490091,15.5061315524136,-42.2175133615532));
#3954=CARTESIAN_POINT('Ctrl Pts',(-63.0843107886631,15.4865143409019,-42.2511916029618));
#3955=CARTESIAN_POINT('Ctrl Pts',(-63.0755825172879,15.4767450705584,-42.268121985165));
#3956=CARTESIAN_POINT('',(-63.4738967037149,16.4616504552915,-43.2811999999739));
#3957=CARTESIAN_POINT('',(-65.5574839487937,17.4701917380205,-40.1706945172169));
#3958=CARTESIAN_POINT('Ctrl Pts',(-63.4738967037149,16.4616504552915,-43.2811999999739));
#3959=CARTESIAN_POINT('Ctrl Pts',(-63.5017711023161,16.4731032916594,-43.2201477670828));
#3960=CARTESIAN_POINT('Ctrl Pts',(-63.530211790821,16.4848664313559,-43.1595742414212));
#3961=CARTESIAN_POINT('Ctrl Pts',(-63.7701770831009,16.584826132694,-42.6614443214302));
#3962=CARTESIAN_POINT('Ctrl Pts',(-64.0144876522505,16.6912483190712,-42.235798790072));
#3963=CARTESIAN_POINT('Ctrl Pts',(-64.2739374843118,16.8120692629725,-41.8329635618273));
#3964=CARTESIAN_POINT('Ctrl Pts',(-64.7034149189172,17.012068887644,-41.1661346838871));
#3965=CARTESIAN_POINT('Ctrl Pts',(-65.0676612609485,17.2026142958811,-40.7231273066421));
#3966=CARTESIAN_POINT('Ctrl Pts',(-65.3727003067533,17.3674637300981,-40.3716343421528));
#3967=CARTESIAN_POINT('Ctrl Pts',(-65.460577802558,17.4158197696699,-40.2741310400345));
#3968=CARTESIAN_POINT('Ctrl Pts',(-65.5523709494792,17.4673207332533,-40.1761434652243));
#3969=CARTESIAN_POINT('Ctrl Pts',(-65.5549268813444,17.4687555273149,-40.1734180818882));
#3970=CARTESIAN_POINT('Ctrl Pts',(-65.5574839487875,17.4701917380171,-40.1706945172186));
#3971=CARTESIAN_POINT('',(-66.5951968652548,17.9743033698992,-40.0385593127542));
#3972=CARTESIAN_POINT('Ctrl Pts',(-65.5572072839419,17.470083248165,-40.1706496771746));
#3973=CARTESIAN_POINT('Ctrl Pts',(-65.5939617562267,17.4907397691691,-40.1608832155982));
#3974=CARTESIAN_POINT('Ctrl Pts',(-65.9287084498082,17.6760078625125,-40.07731111612));
#3975=CARTESIAN_POINT('Ctrl Pts',(-66.2770385808944,17.8425256210168,-40.0385593127549));
#3976=CARTESIAN_POINT('Ctrl Pts',(-66.5951968652548,17.9743033698992,-40.0385593127542));
#3977=CARTESIAN_POINT('',(-66.2589575480734,18.7861044910853,-42.1598796563909));
#3978=CARTESIAN_POINT('Origin',(-65.4472040284208,20.7459657675548,-40.0385593127542));
#3979=CARTESIAN_POINT('',(-64.1137139295111,18.9388691874239,-43.2811999999412));
#3980=CARTESIAN_POINT('Ctrl Pts',(-64.1137139340688,18.9388691870758,-43.281199999988));
#3981=CARTESIAN_POINT('Ctrl Pts',(-65.2403496608582,18.8586404600579,-42.6166795816062));
#3982=CARTESIAN_POINT('Ctrl Pts',(-66.2589575480877,18.7861044910843,-42.1598796563845));
#3983=CARTESIAN_POINT('Ctrl Pts',(-64.1137139341484,18.9388691870701,-43.2811999999411));
#3984=CARTESIAN_POINT('Ctrl Pts',(-64.0537987145881,18.4003362799295,-43.2811999999412));
#3985=CARTESIAN_POINT('Ctrl Pts',(-63.8740497720013,17.7220655691867,-43.2811999999415));
#3986=CARTESIAN_POINT('Ctrl Pts',(-63.6881015593876,17.0707939453859,-43.2811999999418));
#3987=CARTESIAN_POINT('Ctrl Pts',(-63.5889855243719,16.7608152843436,-43.281199999942));
#3988=CARTESIAN_POINT('Ctrl Pts',(-63.4738967037256,16.4616504552874,-43.2811999999422));
#3989=CARTESIAN_POINT('Origin',(-70.3048931769265,9.01777903988402,-40.0385593127765));
#3990=CARTESIAN_POINT('',(-68.8465055276509,18.6018429098455,-40.0385593127866));
#3991=CARTESIAN_POINT('Ctrl Pts',(-66.2589575480843,18.7861044910845,-42.1598796564155));
#3992=CARTESIAN_POINT('Ctrl Pts',(-66.4843913972056,18.7700511472115,-42.0587826919087));
#3993=CARTESIAN_POINT('Ctrl Pts',(-66.702489773588,18.7545201688431,-41.9523417553471));
#3994=CARTESIAN_POINT('Ctrl Pts',(-67.4381618055723,18.7021323124798,-41.5644096534339));
#3995=CARTESIAN_POINT('Ctrl Pts',(-68.0519686725637,18.658422582349,-41.1967581812357));
#3996=CARTESIAN_POINT('Ctrl Pts',(-68.5790404426268,18.6208893352189,-40.6563871185866));
#3997=CARTESIAN_POINT('Ctrl Pts',(-68.6983312956012,18.612394528023,-40.5085923711363));
#3998=CARTESIAN_POINT('Ctrl Pts',(-68.813105644999,18.6042213450433,-40.2694356100077));
#3999=CARTESIAN_POINT('Ctrl Pts',(-68.8465055276652,18.6018429098445,-40.1455233099265));
#4000=CARTESIAN_POINT('Ctrl Pts',(-68.8465055276651,18.6018429098445,-40.0385593127789));
#4001=CARTESIAN_POINT('Origin',(-70.3048931769265,9.01777903988402,-40.0385593127842));
#4002=CARTESIAN_POINT('Origin',(-70.3048931769286,9.01777903988404,-28.8083316961057));
#4003=CARTESIAN_POINT('',(-65.5574839487875,17.4701917380171,-35.2811999999388));
#4004=CARTESIAN_POINT('',(-73.1178312289593,18.2950929999933,-35.2811999999403));
#4005=CARTESIAN_POINT('',(-73.1178312289519,18.2950929999955,-41.2811999999225));
#4006=CARTESIAN_POINT('',(-68.8465055276615,18.6018429098455,-35.2811999999334));
#4007=CARTESIAN_POINT('Origin',(-70.3048931769286,9.01777903988403,-35.2811999999449));
#4008=CARTESIAN_POINT('',(-68.8465055276509,18.6018429098455,-28.8083316961057));
#4009=CARTESIAN_POINT('Origin',(-70.5109566898934,67.0054803432105,-42.2811999999307));
#4010=CARTESIAN_POINT('',(-25.3000255535513,66.2425202720129,-43.044160071202));
#4011=CARTESIAN_POINT('',(-27.4644216929406,66.0054803432105,-43.2812000000009));
#4012=CARTESIAN_POINT('Origin',(-27.4644216929243,76.0054803432105,-33.2812000000009));
#4013=CARTESIAN_POINT('',(-64.5574916866371,66.0054803432105,-43.2811999999404));
#4014=CARTESIAN_POINT('',(-70.510956689895,66.0054803432105,-43.2811999999307));
#4015=CARTESIAN_POINT('',(-66.7218878260098,66.2425202720094,-43.044160071138));
#4016=CARTESIAN_POINT('Origin',(-64.5574916866208,76.0054803432105,-33.2811999999404));
#4017=CARTESIAN_POINT('',(-66.3310489877705,68.0054803432105,-41.2811999999375));
#4018=CARTESIAN_POINT('',(-66.3051502056458,68.1223021999748,-41.1643781431733));
#4019=CARTESIAN_POINT('',(-25.690864391787,68.0054803432105,-41.2812000000038));
#4020=CARTESIAN_POINT('',(-70.5109566898917,68.0054803432105,-41.2811999999307));
#4021=CARTESIAN_POINT('',(-25.7718194228302,68.3706448901524,-40.9160354530617));
#4022=CARTESIAN_POINT('Origin',(-95.0109566898792,68.0054803432105,-28.8083316961058));
#4023=CARTESIAN_POINT('',(-88.428950561608,68.0054803432105,-30.9767792669017));
#4024=CARTESIAN_POINT('',(-43.8412592553979,68.0054803432105,-49.7448681234427));
#4025=CARTESIAN_POINT('Origin',(-88.8515688233488,67.0054803432105,-31.8830870539384));
#4026=CARTESIAN_POINT('Origin',(-64.5574916866208,76.0054803432105,-33.2811999999404));
#4027=CARTESIAN_POINT('',(-95.0109566898791,48.0770193832587,-49.8961631853827));
#4028=CARTESIAN_POINT('Origin',(-64.5574916866208,16.7554803432104,-33.2811999999404));
#4029=CARTESIAN_POINT('',(-64.5574916866371,59.8038519526093,-43.2811999999404));
#4030=CARTESIAN_POINT('',(-64.5574916866371,16.7554803432104,-43.2811999999404));
#4031=CARTESIAN_POINT('',(-65.180569806238,57.300001013279,-43.2617698061616));
#4032=CARTESIAN_POINT('Ctrl Pts',(-65.1805698062344,57.300001013279,-43.2617698061618));
#4033=CARTESIAN_POINT('Ctrl Pts',(-65.1805698062344,57.9800780906753,-43.2617698061618));
#4034=CARTESIAN_POINT('Ctrl Pts',(-65.0483117786419,58.7065517229541,-43.2730117530822));
#4035=CARTESIAN_POINT('Ctrl Pts',(-64.706811930048,59.5143163268208,-43.2802881233377));
#4036=CARTESIAN_POINT('Ctrl Pts',(-64.6357197731846,59.661461745382,-43.2811999999403));
#4037=CARTESIAN_POINT('Ctrl Pts',(-64.5574916866342,59.8038519526077,-43.2811999999404));
#4038=CARTESIAN_POINT('',(-65.1805698062385,25.300001013279,-43.2617698061616));
#4039=CARTESIAN_POINT('',(-65.1805698062385,16.7554803432104,-43.2617698061616));
#4040=CARTESIAN_POINT('',(-64.5574916866371,22.7961500739487,-43.2811999999404));
#4041=CARTESIAN_POINT('Ctrl Pts',(-64.5574916866371,22.7961500739487,-43.2811999999404));
#4042=CARTESIAN_POINT('Ctrl Pts',(-64.6357197731875,22.9385402811744,-43.2811999999403));
#4043=CARTESIAN_POINT('Ctrl Pts',(-64.706811930051,23.0856856997355,-43.2802881233377));
#4044=CARTESIAN_POINT('Ctrl Pts',(-65.048311778645,23.8934503036024,-43.2730117530821));
#4045=CARTESIAN_POINT('Ctrl Pts',(-65.1805698062381,24.6199239358825,-43.2617698061616));
#4046=CARTESIAN_POINT('Ctrl Pts',(-65.1805698062381,25.300001013279,-43.2617698061616));
#4047=CARTESIAN_POINT('',(-64.5574916866371,19.2023804672461,-43.2811999999403));
#4048=CARTESIAN_POINT('',(-64.5574916866371,16.7554803432104,-43.2811999999404));
#4049=CARTESIAN_POINT('Ctrl Pts',(-68.7836743040278,19.6671444184006,-42.3442778703069));
#4050=CARTESIAN_POINT('Ctrl Pts',(-68.6725546735829,19.703613343901,-42.3960938049547));
#4051=CARTESIAN_POINT('Ctrl Pts',(-68.5596085769039,19.7366137054774,-42.4462687975622));
#4052=CARTESIAN_POINT('Ctrl Pts',(-67.7470688998398,19.9439771533972,-42.7891298133064));
#4053=CARTESIAN_POINT('Ctrl Pts',(-66.9882136895445,19.9704441029758,-43.0082805861796));
#4054=CARTESIAN_POINT('Ctrl Pts',(-65.6998783078383,19.7302076960309,-43.2328564021574));
#4055=CARTESIAN_POINT('Ctrl Pts',(-65.1072946974149,19.5126467713426,-43.2811999999396));
#4056=CARTESIAN_POINT('Ctrl Pts',(-64.5574916866348,19.2023804672502,-43.2811999999404));
#4057=CARTESIAN_POINT('Origin',(-21.5109566898933,-12.9945196567896,-42.2812000000106));
#4058=CARTESIAN_POINT('',(-66.3310489877706,-13.9945196567896,-41.2811999999375));
#4059=CARTESIAN_POINT('',(-66.2500939567303,-14.3596842037161,-40.9160354530111));
#4060=CARTESIAN_POINT('',(-27.4644216929406,-11.9945196567896,-43.2812000000009));
#4061=CARTESIAN_POINT('',(-21.5109566898949,-11.9945196567896,-43.2812000000106));
#4062=CARTESIAN_POINT('',(-25.3000255535513,-12.2315595855921,-43.044160071202));
#4063=CARTESIAN_POINT('Origin',(-27.4644216929243,-21.9945196567896,-33.2812000000009));
#4064=CARTESIAN_POINT('',(-25.690864391787,-13.9945196567896,-41.2812000000038));
#4065=CARTESIAN_POINT('',(-25.7167631739145,-14.111341513567,-41.1643781432264));
#4066=CARTESIAN_POINT('',(-21.5109566898917,-13.9945196567896,-41.2812000000106));
#4067=CARTESIAN_POINT('Origin',(-3.17034455633687,-12.9945196567896,-31.8830870540644));
#4068=CARTESIAN_POINT('',(-23.2382390755173,-11.9945196567896,-42.3442778703674));
#4069=CARTESIAN_POINT('Origin',(-27.4644216929243,-21.9945196567896,-33.2812000000009));
#4070=CARTESIAN_POINT('',(2.98904331012097,-11.9945196567896,-30.1142952413506));
#4071=CARTESIAN_POINT('',(-2.74772629459617,-11.9945196567896,-32.789394841101));
#4072=CARTESIAN_POINT('',(2.98904331012098,5.93394130311409,-49.8961631854894));
#4073=CARTESIAN_POINT('',(-3.59296281807757,-13.9945196567896,-30.9767792670277));
#4074=CARTESIAN_POINT('Origin',(-27.4644216929243,37.2554803432104,-33.2812000000009));
#4075=CARTESIAN_POINT('',(-27.4644216929406,-9.15365570115495,-43.2812000000009));
#4076=CARTESIAN_POINT('',(-27.4644216929406,37.2554803432104,-43.2812000000009));
#4077=CARTESIAN_POINT('',(-23.2446323057459,-6.41283212950886,-42.3472563382252));
#4078=CARTESIAN_POINT('Ctrl Pts',(-27.4644216929406,-9.15365570115495,-43.2812000000009));
#4079=CARTESIAN_POINT('Ctrl Pts',(-27.4402004194523,-9.16443525393278,-43.2812000000009));
#4080=CARTESIAN_POINT('Ctrl Pts',(-27.4158328098798,-9.17489518249203,-43.2811119687048));
#4081=CARTESIAN_POINT('Ctrl Pts',(-27.0213897896353,-9.33805391537098,-43.2782289683713));
#4082=CARTESIAN_POINT('Ctrl Pts',(-26.6195961727311,-9.41283212950887,-43.2526086905733));
#4083=CARTESIAN_POINT('Ctrl Pts',(-25.8621431117291,-9.41283212950887,-43.1595202497149));
#4084=CARTESIAN_POINT('Ctrl Pts',(-25.4587715608413,-9.33547719746354,-43.0853473301962));
#4085=CARTESIAN_POINT('Ctrl Pts',(-24.7216857720812,-9.02818389709102,-42.9051979722367));
#4086=CARTESIAN_POINT('Ctrl Pts',(-24.3876305641059,-8.79847107498746,-42.8002335451655));
#4087=CARTESIAN_POINT('Ctrl Pts',(-23.8607022114295,-8.27154272231136,-42.6134470816957));
#4088=CARTESIAN_POINT('Ctrl Pts',(-23.6304857751386,-7.93796499817069,-42.5185784841103));
#4089=CARTESIAN_POINT('Ctrl Pts',(-23.3223463837895,-7.2002553570751,-42.3845751783794));
#4090=CARTESIAN_POINT('Ctrl Pts',(-23.2446323057459,-6.79570753522092,-42.3472563382252));
#4091=CARTESIAN_POINT('Ctrl Pts',(-23.2446323057459,-6.41283212950886,-42.3472563382252));
#4092=CARTESIAN_POINT('',(-27.4644216929406,-3.67200855786278,-43.2812000000009));
#4093=CARTESIAN_POINT('Ctrl Pts',(-23.2446323057459,-6.41283212950886,-42.3472563382252));
#4094=CARTESIAN_POINT('Ctrl Pts',(-23.2446323057459,-6.03269983630952,-42.3472563382252));
#4095=CARTESIAN_POINT('Ctrl Pts',(-23.3212531952547,-5.63080666994848,-42.3840384172884));
#4096=CARTESIAN_POINT('Ctrl Pts',(-23.6254202392601,-4.89710149999014,-42.5164357146403));
#4097=CARTESIAN_POINT('Ctrl Pts',(-23.8527566570293,-4.56488346840247,-42.6102763549441));
#4098=CARTESIAN_POINT('Ctrl Pts',(-24.3769345722385,-4.03513357667453,-42.7967885053982));
#4099=CARTESIAN_POINT('Ctrl Pts',(-24.7123545709929,-3.80253651536345,-42.9026177152119));
#4100=CARTESIAN_POINT('Ctrl Pts',(-25.4534268500731,-3.49127219024368,-43.084334807812));
#4101=CARTESIAN_POINT('Ctrl Pts',(-25.8594281983412,-3.41283212950887,-43.1591865959647));
#4102=CARTESIAN_POINT('Ctrl Pts',(-26.6185227630523,-3.41283212950887,-43.2524767721237));
#4103=CARTESIAN_POINT('Ctrl Pts',(-27.0192380089206,-3.48718563828263,-43.2781029987914));
#4104=CARTESIAN_POINT('Ctrl Pts',(-27.4138609989174,-3.64992329540176,-43.2811047002154));
#4105=CARTESIAN_POINT('Ctrl Pts',(-27.4392206958634,-3.66079298415733,-43.281200000001));
#4106=CARTESIAN_POINT('Ctrl Pts',(-27.4644216929406,-3.67200855786278,-43.2812000000009));
#4107=CARTESIAN_POINT('',(-27.4644216929406,12.5963442988451,-43.2812000000009));
#4108=CARTESIAN_POINT('',(-27.4644216929406,37.2554803432104,-43.2812000000009));
#4109=CARTESIAN_POINT('',(-23.2446323057459,15.3371678704911,-42.3472563382252));
#4110=CARTESIAN_POINT('Ctrl Pts',(-27.4644216929406,12.5963442988451,-43.2812000000009));
#4111=CARTESIAN_POINT('Ctrl Pts',(-27.4392206958634,12.5851287251396,-43.281200000001));
#4112=CARTESIAN_POINT('Ctrl Pts',(-27.4138609989174,12.574259036384,-43.2811047002154));
#4113=CARTESIAN_POINT('Ctrl Pts',(-27.0192380089206,12.4115213792649,-43.2781029987914));
#4114=CARTESIAN_POINT('Ctrl Pts',(-26.6185227630523,12.3371678704911,-43.2524767721237));
#4115=CARTESIAN_POINT('Ctrl Pts',(-25.8594281983412,12.3371678704911,-43.1591865959647));
#4116=CARTESIAN_POINT('Ctrl Pts',(-25.4534268500731,12.415607931226,-43.084334807812));
#4117=CARTESIAN_POINT('Ctrl Pts',(-24.7123545709929,12.7268722563457,-42.9026177152119));
#4118=CARTESIAN_POINT('Ctrl Pts',(-24.3769345722385,12.9594693176568,-42.7967885053982));
#4119=CARTESIAN_POINT('Ctrl Pts',(-23.8527566570293,13.4892192093847,-42.6102763549441));
#4120=CARTESIAN_POINT('Ctrl Pts',(-23.6254202392601,13.8214372409724,-42.5164357146403));
#4121=CARTESIAN_POINT('Ctrl Pts',(-23.3212531952547,14.5551424109308,-42.3840384172884));
#4122=CARTESIAN_POINT('Ctrl Pts',(-23.2446323057459,14.9570355772918,-42.3472563382252));
#4123=CARTESIAN_POINT('Ctrl Pts',(-23.2446323057459,15.3371678704911,-42.3472563382252));
#4124=CARTESIAN_POINT('',(-27.4644216929406,18.0779914421372,-43.2812000000009));
#4125=CARTESIAN_POINT('Ctrl Pts',(-23.2446323057459,15.3371678704911,-42.3472563382252));
#4126=CARTESIAN_POINT('Ctrl Pts',(-23.2446323057459,15.7173001636905,-42.3472563382252));
#4127=CARTESIAN_POINT('Ctrl Pts',(-23.3212531952547,16.1191933300515,-42.3840384172884));
#4128=CARTESIAN_POINT('Ctrl Pts',(-23.6254202392601,16.8528985000098,-42.5164357146403));
#4129=CARTESIAN_POINT('Ctrl Pts',(-23.8527566570293,17.1851165315975,-42.6102763549441));
#4130=CARTESIAN_POINT('Ctrl Pts',(-24.3769345722385,17.7148664233255,-42.7967885053982));
#4131=CARTESIAN_POINT('Ctrl Pts',(-24.7123545709929,17.9474634846366,-42.9026177152119));
#4132=CARTESIAN_POINT('Ctrl Pts',(-25.4534268500731,18.2587278097563,-43.084334807812));
#4133=CARTESIAN_POINT('Ctrl Pts',(-25.8594281983412,18.3371678704911,-43.1591865959647));
#4134=CARTESIAN_POINT('Ctrl Pts',(-26.6185227630523,18.3371678704911,-43.2524767721237));
#4135=CARTESIAN_POINT('Ctrl Pts',(-27.0192380089206,18.2628143617174,-43.2781029987914));
#4136=CARTESIAN_POINT('Ctrl Pts',(-27.4138609989174,18.1000767045982,-43.2811047002154));
#4137=CARTESIAN_POINT('Ctrl Pts',(-27.4392206958634,18.0892070158427,-43.281200000001));
#4138=CARTESIAN_POINT('Ctrl Pts',(-27.4644216929406,18.0779914421372,-43.2812000000009));
#4139=CARTESIAN_POINT('',(-27.4644216929406,20.1276557157385,-43.2812000000009));
#4140=CARTESIAN_POINT('',(-27.4644216929406,37.2554803432104,-43.2812000000009));
#4141=CARTESIAN_POINT('',(-27.3369030905301,20.1424532383291,-43.2803869172479));
#4142=CARTESIAN_POINT('Ctrl Pts',(-27.3369030905301,20.1424532383291,-43.2803869172479));
#4143=CARTESIAN_POINT('Ctrl Pts',(-27.3793462020853,20.1369959578836,-43.2809281898845));
#4144=CARTESIAN_POINT('Ctrl Pts',(-27.4218567515518,20.1320631668923,-43.281200000001));
#4145=CARTESIAN_POINT('Ctrl Pts',(-27.464421692939,20.1276557157386,-43.2812000000009));
#4146=CARTESIAN_POINT('',(-23.2382390763541,23.3768460295901,-42.3442778707576));
#4147=CARTESIAN_POINT('Ctrl Pts',(-23.2382390770617,23.3768460299309,-42.3442778710876));
#4148=CARTESIAN_POINT('Ctrl Pts',(-23.4281632798594,22.8754800168677,-42.4328409812817));
#4149=CARTESIAN_POINT('Ctrl Pts',(-23.9614313311008,21.9581440049199,-42.661999367393));
#4150=CARTESIAN_POINT('Ctrl Pts',(-25.2345902324213,20.7581627952946,-43.0755349121768));
#4151=CARTESIAN_POINT('Ctrl Pts',(-26.5512251685944,20.243474690403,-43.2703672475121));
#4152=CARTESIAN_POINT('Ctrl Pts',(-27.3369030905301,20.1424532383291,-43.2803869172479));
#4153=CARTESIAN_POINT('',(-23.2382390755173,37.2554803432104,-42.3442778703674));
#4154=CARTESIAN_POINT('Origin',(-46.0109566898873,27.0054803432104,-43.2811999999707));
#4155=CARTESIAN_POINT('',(-64.9807916051178,-9.36622090359444,-43.2811999999397));
#4156=CARTESIAN_POINT('Origin',(-70.3556896857181,-1.02743275210796,-43.2811999999706));
#4157=CARTESIAN_POINT('',(-52.4878691342889,-6.46389582959902,-43.2811999999601));
#4158=CARTESIAN_POINT('Origin',(-54.6870963835862,-25.3361876752094,-43.2811999999706));
#4159=CARTESIAN_POINT('',(-53.0620530806159,15.3059235151265,-43.2811999999592));
#4160=CARTESIAN_POINT('Origin',(-51.2146323057279,4.46216787049118,-43.2811999999706));
#4161=CARTESIAN_POINT('Origin',(-56.2530526008414,34.0360469013147,-43.2811999999707));
#4162=CARTESIAN_POINT('Origin',(-70.3048931769335,9.01777903988402,-43.281199999931));
#4163=CARTESIAN_POINT('',(-60.000000000018,20.1000010132801,-43.2811999999478));
#4164=CARTESIAN_POINT('Origin',(-60.000000000018,25.300001013279,-43.2811999999478));
#4165=CARTESIAN_POINT('',(-37.3430417168466,20.100001013279,-43.2811999999848));
#4166=CARTESIAN_POINT('',(-53.0054783449636,20.100001013279,-43.2811999999593));
#4167=CARTESIAN_POINT('',(-36.2462228946187,20.100001013279,-43.2811999999866));
#4168=CARTESIAN_POINT('Origin',(-36.7946323057327,17.7121678704912,-43.2811999999857));
#4169=CARTESIAN_POINT('',(-28.000000000018,20.100001013279,-43.2812));
#4170=CARTESIAN_POINT('',(-53.0054783449636,20.100001013279,-43.2811999999593));
#4171=CARTESIAN_POINT('Origin',(-28.0000000000179,25.300001013279,-43.2812));
#4172=CARTESIAN_POINT('Origin',(-26.2446323057474,15.3371678704911,-43.2812000000029));
#4173=CARTESIAN_POINT('Origin',(-26.2446323057474,-6.41283212950886,-43.2812000000029));
#4174=CARTESIAN_POINT('Origin',(-70.3048931769294,9.01777903988402,-40.7811999999675));
#4175=CARTESIAN_POINT('',(-68.8465055276525,18.6018429098689,-41.2811999995884));
#4176=CARTESIAN_POINT('Ctrl Pts',(-66.2589575480877,18.7861044910843,-42.1598796563845));
#4177=CARTESIAN_POINT('Ctrl Pts',(-67.6088220915621,18.6899794425042,-41.5545259866857));
#4178=CARTESIAN_POINT('Ctrl Pts',(-68.8465055293029,18.6018429097279,-41.2811999995717));
#4179=CARTESIAN_POINT('',(-71.016248791817,18.4473335734537,-41.043159595869));
#4180=CARTESIAN_POINT('Ctrl Pts',(-68.8465055276526,18.6018429098689,-41.2811999995884));
#4181=CARTESIAN_POINT('Ctrl Pts',(-69.9448619295988,18.5236279785962,-41.0386425423287));
#4182=CARTESIAN_POINT('Ctrl Pts',(-71.0162487917391,18.4473335721173,-41.0431595917943));
#4183=CARTESIAN_POINT('Ctrl Pts',(-71.0646508380966,18.6817899020072,-41.2806410443997));
#4184=CARTESIAN_POINT('Ctrl Pts',(-71.0488221944496,18.6031822745404,-41.2010346443649));
#4185=CARTESIAN_POINT('Ctrl Pts',(-71.0326895190425,18.5250167307075,-41.1218593975524));
#4186=CARTESIAN_POINT('Ctrl Pts',(-71.0162488038317,18.4473335730838,-41.04315959368));
#4187=CARTESIAN_POINT('Origin',(-60.0000000000171,25.300001013279,-42.7811999999712));
#4188=CARTESIAN_POINT('',(-64.2000000000163,25.300001013279,-42.281199999941));
#4189=CARTESIAN_POINT('',(-64.2000000000163,25.300001013279,-42.281199999941));
#4190=CARTESIAN_POINT('Origin',(-60.0000000000163,25.300001013279,-42.2811999999946));
#4191=CARTESIAN_POINT('',(-60.0000000000163,21.100001013279,-42.2811999999946));
#4192=CARTESIAN_POINT('Origin',(-46.0109566898873,27.0054803432104,-43.2811999999707));
#4193=CARTESIAN_POINT('',(-27.4644216929406,62.4723463108195,-43.2812000000009));
#4194=CARTESIAN_POINT('',(-27.4644216929406,37.2554803432104,-43.2812000000009));
#4195=CARTESIAN_POINT('',(-28.000000000018,62.5000010132791,-43.2812));
#4196=CARTESIAN_POINT('Origin',(-28.000000000018,57.300001013279,-43.2812));
#4197=CARTESIAN_POINT('',(-60.000000000018,62.500001013279,-43.2811999999478));
#4198=CARTESIAN_POINT('',(-37.0054783449636,62.500001013279,-43.2811999999854));
#4199=CARTESIAN_POINT('Origin',(-60.0000000000179,57.300001013279,-43.2811999999478));
#4200=CARTESIAN_POINT('Origin',(-64.7000000000163,42.1527406782447,-42.7811999999402));
#4201=CARTESIAN_POINT('',(-64.2000000000163,57.300001013279,-42.2811999999927));
#4202=CARTESIAN_POINT('',(-64.2000000000163,57.300001013279,-42.2811999999927));
#4203=CARTESIAN_POINT('',(-64.2000000000163,42.1527406782447,-42.281199999941));
#4204=CARTESIAN_POINT('Origin',(-36.7946323057319,17.7121678704912,-42.7811999999857));
#4205=CARTESIAN_POINT('Ctrl Pts',(-37.3430417168466,20.100001013279,-43.2811999999848));
#4206=CARTESIAN_POINT('Ctrl Pts',(-37.3804659905306,20.4301419406708,-42.951059072593));
#4207=CARTESIAN_POINT('Ctrl Pts',(-37.4151248381136,20.7697004689102,-42.6115005443535));
#4208=CARTESIAN_POINT('Ctrl Pts',(-37.4466189594445,21.100001013279,-42.2811999999846));
#4209=CARTESIAN_POINT('Origin',(-36.794632305731,17.7121678704912,-42.2811999999857));
#4210=CARTESIAN_POINT('Ctrl Pts',(-36.1426456520176,21.100001013279,-42.2811999999868));
#4211=CARTESIAN_POINT('Ctrl Pts',(-36.1741397733494,20.7697004689125,-42.6115005443532));
#4212=CARTESIAN_POINT('Ctrl Pts',(-36.2087986209336,20.4301419406715,-42.9510590725942));
#4213=CARTESIAN_POINT('Ctrl Pts',(-36.2462228946188,20.100001013279,-43.2811999999866));
#4214=CARTESIAN_POINT('Origin',(-28.0000000000172,57.300001013279,-42.7811999999707));
#4215=CARTESIAN_POINT('',(-27.5674175212231,61.4776645228309,-42.281199999942));
#4216=CARTESIAN_POINT('',(-27.4644216929406,62.4723463108195,-43.2812000000009));
#4217=CARTESIAN_POINT('',(-28.0000000000163,61.500001013279,-42.2811999999413));
#4218=CARTESIAN_POINT('Origin',(-28.0000000000163,57.300001013279,-42.2811999999413));
#4219=CARTESIAN_POINT('',(-28.0000000000163,61.500001013279,-42.2811999999413));
#4220=CARTESIAN_POINT('Origin',(-37.0054783449628,62.000001013279,-42.7811999999854));
#4221=CARTESIAN_POINT('',(-60.0000000000163,61.500001013279,-42.2811999999479));
#4222=CARTESIAN_POINT('',(-60.0000000000163,61.500001013279,-42.2811999999479));
#4223=CARTESIAN_POINT('',(-37.005478344962,61.500001013279,-42.2811999999854));
#4224=CARTESIAN_POINT('Origin',(-60.0000000000171,57.300001013279,-42.7811999999737));
#4225=CARTESIAN_POINT('Origin',(-60.0000000000163,57.300001013279,-42.2811999999996));
#4226=CARTESIAN_POINT('Origin',(-53.0054783449628,20.600001013279,-42.7811999999593));
#4227=CARTESIAN_POINT('Origin',(-53.0054783449628,20.600001013279,-42.7811999999593));
#4228=CARTESIAN_POINT('',(-28.0000000000163,21.100001013279,-42.2812));
#4229=CARTESIAN_POINT('Origin',(-28.0000000000171,25.300001013279,-42.7811999999704));
#4230=CARTESIAN_POINT('',(-27.5674175212231,21.1223375037271,-42.2811999999407));
#4231=CARTESIAN_POINT('',(-27.5674175212231,21.1223375037271,-42.2811999999407));
#4232=CARTESIAN_POINT('Origin',(-28.0000000000163,25.300001013279,-42.2811999999407));
#4233=CARTESIAN_POINT('Ctrl Pts',(-27.3369030905301,20.1424532383291,-43.2803869172479));
#4234=CARTESIAN_POINT('Ctrl Pts',(-26.5512251685944,20.243474690403,-43.2703672475121));
#4235=CARTESIAN_POINT('Ctrl Pts',(-25.2345902324213,20.7581627952946,-43.0755349121768));
#4236=CARTESIAN_POINT('Ctrl Pts',(-23.9614313311008,21.9581440049199,-42.661999367393));
#4237=CARTESIAN_POINT('Ctrl Pts',(-23.4281632798594,22.8754800168677,-42.4328409812817));
#4238=CARTESIAN_POINT('Ctrl Pts',(-23.2382390770617,23.3768460299309,-42.3442778710876));
#4239=CARTESIAN_POINT('Ctrl Pts',(-27.3794092913281,20.4730651869166,-42.9473246114989));
#4240=CARTESIAN_POINT('Ctrl Pts',(-26.664891652592,20.5649349477049,-42.940644831675));
#4241=CARTESIAN_POINT('Ctrl Pts',(-25.4577011094408,21.0247905822683,-42.7759550738385));
#4242=CARTESIAN_POINT('Ctrl Pts',(-24.2471288101036,22.1276480473678,-42.4140515596894));
#4243=CARTESIAN_POINT('Ctrl Pts',(-23.7264699428211,22.989825480444,-42.2099618087049));
#4244=CARTESIAN_POINT('Ctrl Pts',(-23.539218560827,23.4651782391827,-42.1307721698874));
#4245=CARTESIAN_POINT('Ctrl Pts',(-27.4219154921262,20.8036771355042,-42.6142623057499));
#4246=CARTESIAN_POINT('Ctrl Pts',(-26.7785581365897,20.8863952050068,-42.610922415838));
#4247=CARTESIAN_POINT('Ctrl Pts',(-25.6808119864603,21.291418369242,-42.4763752355002));
#4248=CARTESIAN_POINT('Ctrl Pts',(-24.5328262891064,22.2971520898156,-42.1661037519857));
#4249=CARTESIAN_POINT('Ctrl Pts',(-24.0247766057827,23.1041709440203,-41.9870826361281));
#4250=CARTESIAN_POINT('Ctrl Pts',(-23.8401980445924,23.5535104484344,-41.9172664686872));
#4251=CARTESIAN_POINT('Ctrl Pts',(-27.4644216929243,21.1342890840918,-42.2812000000009));
#4252=CARTESIAN_POINT('Ctrl Pts',(-26.8922246205873,21.2078554623087,-42.2812000000009));
#4253=CARTESIAN_POINT('Ctrl Pts',(-25.9039228634798,21.5580461562157,-42.1767953971619));
#4254=CARTESIAN_POINT('Ctrl Pts',(-24.8185237681092,22.4666561322635,-41.918155944282));
#4255=CARTESIAN_POINT('Ctrl Pts',(-24.3230832687444,23.2185164075966,-41.7642034635513));
#4256=CARTESIAN_POINT('Ctrl Pts',(-24.1411775283577,23.6418426576862,-41.703760767487));
#4257=CARTESIAN_POINT('',(-24.1411775283621,23.6418426576759,-41.7037607674884));
#4258=CARTESIAN_POINT('',(-24.1411775283621,23.6418426576759,-41.7037607674884));
#4259=CARTESIAN_POINT('',(-27.4644216929243,21.1342890840918,-42.2812000000009));
#4260=CARTESIAN_POINT('',(-27.3369030905301,20.1424532383291,-43.2803869172479));
#4261=CARTESIAN_POINT('Ctrl Pts',(-27.4644216929243,21.1342890840918,-42.2812000000009));
#4262=CARTESIAN_POINT('Ctrl Pts',(-26.8922246205873,21.2078554623087,-42.2812000000009));
#4263=CARTESIAN_POINT('Ctrl Pts',(-25.9039228634798,21.5580461562157,-42.1767953971619));
#4264=CARTESIAN_POINT('Ctrl Pts',(-24.8185237681092,22.4666561322635,-41.918155944282));
#4265=CARTESIAN_POINT('Ctrl Pts',(-24.3230832687444,23.2185164075966,-41.7642034635513));
#4266=CARTESIAN_POINT('Ctrl Pts',(-24.1411775283577,23.6418426576862,-41.703760767487));
#4267=CARTESIAN_POINT('Ctrl Pts',(-27.464421692939,20.1276557157386,-43.2812000000009));
#4268=CARTESIAN_POINT('Ctrl Pts',(-27.4218567515518,20.1320631668923,-43.281200000001));
#4269=CARTESIAN_POINT('Ctrl Pts',(-27.3793462020853,20.1369959578836,-43.2809281898845));
#4270=CARTESIAN_POINT('Ctrl Pts',(-27.3369030905301,20.1424532383291,-43.2803869172479));
#4271=CARTESIAN_POINT('Ctrl Pts',(-27.4987536357003,20.4592163117348,-42.9478666666575));
#4272=CARTESIAN_POINT('Ctrl Pts',(-27.4589172161969,20.4633412339684,-42.9478666666575));
#4273=CARTESIAN_POINT('Ctrl Pts',(-27.4191317064401,20.4679578495684,-42.9476854599132));
#4274=CARTESIAN_POINT('Ctrl Pts',(-27.3794092913281,20.4730651869166,-42.9473246114888));
#4275=CARTESIAN_POINT('Ctrl Pts',(-27.5330855784617,20.790776907731,-42.6145333333141));
#4276=CARTESIAN_POINT('Ctrl Pts',(-27.4959776808421,20.7946193010444,-42.6145333333141));
#4277=CARTESIAN_POINT('Ctrl Pts',(-27.4589172107948,20.7989197412532,-42.614442729942));
#4278=CARTESIAN_POINT('Ctrl Pts',(-27.4219154921262,20.8036771355042,-42.6142623057297));
#4279=CARTESIAN_POINT('Ctrl Pts',(-27.5674175212231,21.1223375037271,-42.2811999999707));
#4280=CARTESIAN_POINT('Ctrl Pts',(-27.5330381454873,21.1258973681205,-42.2811999999707));
#4281=CARTESIAN_POINT('Ctrl Pts',(-27.4987027151496,21.129881632938,-42.2811999999707));
#4282=CARTESIAN_POINT('Ctrl Pts',(-27.4644216929243,21.1342890840918,-42.2811999999707));
#4283=CARTESIAN_POINT('Ctrl Pts',(-27.5674175212231,21.1223375037271,-42.2811999999707));
#4284=CARTESIAN_POINT('Ctrl Pts',(-27.5330381454873,21.1258973681205,-42.2811999999707));
#4285=CARTESIAN_POINT('Ctrl Pts',(-27.4987027151496,21.129881632938,-42.2811999999707));
#4286=CARTESIAN_POINT('Ctrl Pts',(-27.4644216929243,21.1342890840918,-42.2811999999707));
#4287=CARTESIAN_POINT('Ctrl Pts',(-23.2382390770664,23.3768460299186,-42.3442778710898));
#4288=CARTESIAN_POINT('Ctrl Pts',(-23.0052424309908,23.9919156091861,-42.2356297507003));
#4289=CARTESIAN_POINT('Ctrl Pts',(-22.8859514668165,24.6636397929789,-42.1800034605571));
#4290=CARTESIAN_POINT('Ctrl Pts',(-22.8859514668165,25.300001013279,-42.1800034605571));
#4291=CARTESIAN_POINT('Ctrl Pts',(-23.5392185608316,23.465178239171,-42.1307721698893));
#4292=CARTESIAN_POINT('Ctrl Pts',(-23.309500898017,24.0483350820822,-42.0336233074323));
#4293=CARTESIAN_POINT('Ctrl Pts',(-23.1906343112164,24.6909886292507,-41.9818717375673));
#4294=CARTESIAN_POINT('Ctrl Pts',(-23.1906343112164,25.300001013279,-41.9818717375673));
#4295=CARTESIAN_POINT('Ctrl Pts',(-23.8401980445969,23.5535104484234,-41.9172664686889));
#4296=CARTESIAN_POINT('Ctrl Pts',(-23.6137593650433,24.1047545549784,-41.8316168641642));
#4297=CARTESIAN_POINT('Ctrl Pts',(-23.4953171556164,24.7183374655224,-41.7837400145774));
#4298=CARTESIAN_POINT('Ctrl Pts',(-23.4953171556164,25.300001013279,-41.7837400145774));
#4299=CARTESIAN_POINT('Ctrl Pts',(-24.1411775283621,23.6418426576759,-41.7037607674884));
#4300=CARTESIAN_POINT('Ctrl Pts',(-23.9180178320695,24.1611740278745,-41.6296104208961));
#4301=CARTESIAN_POINT('Ctrl Pts',(-23.8000000000163,24.7456863017942,-41.5856082915875));
#4302=CARTESIAN_POINT('Ctrl Pts',(-23.8000000000163,25.300001013279,-41.5856082915875));
#4303=CARTESIAN_POINT('',(-23.8000000000163,25.300001013279,-41.5856082915875));
#4304=CARTESIAN_POINT('',(-22.8859514668165,25.300001013279,-42.1800034605571));
#4305=CARTESIAN_POINT('',(-23.8000000000163,25.300001013279,-41.5856082915875));
#4306=CARTESIAN_POINT('Ctrl Pts',(-22.8859514668165,25.300001013279,-42.1800034605571));
#4307=CARTESIAN_POINT('Ctrl Pts',(-22.8859514668165,24.6636397929789,-42.1800034605571));
#4308=CARTESIAN_POINT('Ctrl Pts',(-23.0052424309908,23.9919156091861,-42.2356297507003));
#4309=CARTESIAN_POINT('Ctrl Pts',(-23.2382390770664,23.3768460299186,-42.3442778710898));
#4310=CARTESIAN_POINT('Ctrl Pts',(-24.1411775283621,23.6418426576759,-41.7037607674884));
#4311=CARTESIAN_POINT('Ctrl Pts',(-23.9180178320695,24.1611740278745,-41.6296104208961));
#4312=CARTESIAN_POINT('Ctrl Pts',(-23.8000000000163,24.7456863017942,-41.5856082915875));
#4313=CARTESIAN_POINT('Ctrl Pts',(-23.8000000000163,25.300001013279,-41.5856082915875));
#4314=CARTESIAN_POINT('Ctrl Pts',(-23.2382390770617,59.2231559966271,-42.3442778710876));
#4315=CARTESIAN_POINT('Ctrl Pts',(-23.4281632798601,59.7245220096922,-42.4328409812821));
#4316=CARTESIAN_POINT('Ctrl Pts',(-23.9614370336278,60.6417954675956,-42.6619764455679));
#4317=CARTESIAN_POINT('Ctrl Pts',(-25.234596626815,61.841736053799,-43.0754919590011));
#4318=CARTESIAN_POINT('Ctrl Pts',(-26.5512251686098,62.3565273361601,-43.2703672475139));
#4319=CARTESIAN_POINT('Ctrl Pts',(-27.3369030905503,62.4575487882315,-43.2803869172482));
#4320=CARTESIAN_POINT('Ctrl Pts',(-23.539218560827,59.1348237873753,-42.1307721698874));
#4321=CARTESIAN_POINT('Ctrl Pts',(-23.7264699428218,59.6101765461158,-42.2099618087052));
#4322=CARTESIAN_POINT('Ctrl Pts',(-24.247128381014,60.4722958866368,-42.4140313620127));
#4323=CARTESIAN_POINT('Ctrl Pts',(-25.4576966084501,61.5751169533461,-42.7759174196369));
#4324=CARTESIAN_POINT('Ctrl Pts',(-26.664891652606,62.0350670788577,-42.9406448316765));
#4325=CARTESIAN_POINT('Ctrl Pts',(-27.3794092913465,62.1269368396437,-42.9473246114991));
#4326=CARTESIAN_POINT('Ctrl Pts',(-23.8401980445924,59.0464915781235,-41.9172664686872));
#4327=CARTESIAN_POINT('Ctrl Pts',(-24.0247766057834,59.4958310825394,-41.9870826361284));
#4328=CARTESIAN_POINT('Ctrl Pts',(-24.5328197284002,60.302796305678,-42.1660862784575));
#4329=CARTESIAN_POINT('Ctrl Pts',(-25.6807965900851,61.3084978528932,-42.4763428802726));
#4330=CARTESIAN_POINT('Ctrl Pts',(-26.7785581366022,61.7136068215552,-42.6109224158392));
#4331=CARTESIAN_POINT('Ctrl Pts',(-27.4219154921428,61.7963248910559,-42.61426230575));
#4332=CARTESIAN_POINT('Ctrl Pts',(-24.1411775283577,58.9581593688717,-41.703760767487));
#4333=CARTESIAN_POINT('Ctrl Pts',(-24.323083268745,59.381485618963,-41.7642034635515));
#4334=CARTESIAN_POINT('Ctrl Pts',(-24.8185110757864,60.1332967247192,-41.9181411949023));
#4335=CARTESIAN_POINT('Ctrl Pts',(-25.9038965717202,61.0418787524403,-42.1767683409082));
#4336=CARTESIAN_POINT('Ctrl Pts',(-26.8922246205984,61.3921465642528,-42.2812000000018));
#4337=CARTESIAN_POINT('Ctrl Pts',(-27.464421692939,61.4657129424681,-42.2812000000009));
#4338=CARTESIAN_POINT('',(-23.2382390763541,59.2231559969679,-42.3442778707576));
#4339=CARTESIAN_POINT('',(-24.1411775283621,58.9581593688821,-41.7037607674884));
#4340=CARTESIAN_POINT('',(-23.2382390763541,59.2231559969679,-42.3442778707576));
#4341=CARTESIAN_POINT('',(-27.464421692939,61.4657129424681,-42.2812000000009));
#4342=CARTESIAN_POINT('Ctrl Pts',(-24.1411775283577,58.9581593688717,-41.703760767487));
#4343=CARTESIAN_POINT('Ctrl Pts',(-24.323083268745,59.381485618963,-41.7642034635515));
#4344=CARTESIAN_POINT('Ctrl Pts',(-24.8185110757864,60.1332967247192,-41.9181411949023));
#4345=CARTESIAN_POINT('Ctrl Pts',(-25.9038965717202,61.0418787524403,-42.1767683409082));
#4346=CARTESIAN_POINT('Ctrl Pts',(-26.8922246205984,61.3921465642528,-42.2812000000018));
#4347=CARTESIAN_POINT('Ctrl Pts',(-27.464421692939,61.4657129424681,-42.2812000000009));
#4348=CARTESIAN_POINT('',(-27.3369030905503,62.4575487882315,-43.2803869172482));
#4349=CARTESIAN_POINT('',(-27.464421692939,61.4657129424681,-42.2812000000009));
#4350=CARTESIAN_POINT('Ctrl Pts',(-27.3369030905503,62.4575487882315,-43.2803869172482));
#4351=CARTESIAN_POINT('Ctrl Pts',(-26.5512251686098,62.3565273361601,-43.2703672475139));
#4352=CARTESIAN_POINT('Ctrl Pts',(-25.234596626815,61.841736053799,-43.0754919590011));
#4353=CARTESIAN_POINT('Ctrl Pts',(-23.9614370336278,60.6417954675956,-42.6619764455679));
#4354=CARTESIAN_POINT('Ctrl Pts',(-23.4281632798601,59.7245220096922,-42.4328409812821));
#4355=CARTESIAN_POINT('Ctrl Pts',(-23.2382390770617,59.2231559966271,-42.3442778710876));
#4356=CARTESIAN_POINT('Ctrl Pts',(-22.8859514668165,57.300001013279,-42.1800034605571));
#4357=CARTESIAN_POINT('Ctrl Pts',(-22.8859514668165,57.9363622335792,-42.1800034605571));
#4358=CARTESIAN_POINT('Ctrl Pts',(-23.0052424309908,58.6080864173719,-42.2356297507003));
#4359=CARTESIAN_POINT('Ctrl Pts',(-23.2382390770664,59.2231559966394,-42.3442778710898));
#4360=CARTESIAN_POINT('Ctrl Pts',(-23.1906343112164,57.300001013279,-41.9818717375672));
#4361=CARTESIAN_POINT('Ctrl Pts',(-23.1906343112164,57.9090133973075,-41.9818717375672));
#4362=CARTESIAN_POINT('Ctrl Pts',(-23.309500898017,58.5516669444757,-42.0336233074322));
#4363=CARTESIAN_POINT('Ctrl Pts',(-23.5392185608316,59.134823787387,-42.1307721698893));
#4364=CARTESIAN_POINT('Ctrl Pts',(-23.4953171556164,57.300001013279,-41.7837400145774));
#4365=CARTESIAN_POINT('Ctrl Pts',(-23.4953171556164,57.8816645610357,-41.7837400145774));
#4366=CARTESIAN_POINT('Ctrl Pts',(-23.6137593650433,58.4952474715796,-41.8316168641642));
#4367=CARTESIAN_POINT('Ctrl Pts',(-23.8401980445969,59.0464915781345,-41.9172664686889));
#4368=CARTESIAN_POINT('Ctrl Pts',(-23.8000000000163,57.300001013279,-41.5856082915875));
#4369=CARTESIAN_POINT('Ctrl Pts',(-23.8000000000163,57.8543157247639,-41.5856082915875));
#4370=CARTESIAN_POINT('Ctrl Pts',(-23.9180178320695,58.4388279986835,-41.6296104208961));
#4371=CARTESIAN_POINT('Ctrl Pts',(-24.1411775283621,58.9581593688821,-41.7037607674884));
#4372=CARTESIAN_POINT('',(-22.8859514668165,57.300001013279,-42.1800034605571));
#4373=CARTESIAN_POINT('',(-23.8000000000163,57.300001013279,-41.5856082915875));
#4374=CARTESIAN_POINT('',(-22.8859514668165,57.300001013279,-42.1800034605571));
#4375=CARTESIAN_POINT('Ctrl Pts',(-23.8000000000163,57.300001013279,-41.5856082915875));
#4376=CARTESIAN_POINT('Ctrl Pts',(-23.8000000000163,57.8543157247639,-41.5856082915875));
#4377=CARTESIAN_POINT('Ctrl Pts',(-23.9180178320695,58.4388279986835,-41.6296104208961));
#4378=CARTESIAN_POINT('Ctrl Pts',(-24.1411775283621,58.9581593688821,-41.7037607674884));
#4379=CARTESIAN_POINT('Ctrl Pts',(-23.2382390770664,59.2231559966394,-42.3442778710898));
#4380=CARTESIAN_POINT('Ctrl Pts',(-23.0052424309908,58.6080864173719,-42.2356297507003));
#4381=CARTESIAN_POINT('Ctrl Pts',(-22.8859514668165,57.9363622335792,-42.1800034605571));
#4382=CARTESIAN_POINT('Ctrl Pts',(-22.8859514668165,57.300001013279,-42.1800034605571));
#4383=CARTESIAN_POINT('Ctrl Pts',(-22.8859514668165,25.300001013279,-42.1800034605571));
#4384=CARTESIAN_POINT('Ctrl Pts',(-22.8859514668165,35.9666676799457,-42.1800034605571));
#4385=CARTESIAN_POINT('Ctrl Pts',(-22.8859514668165,46.6333343466123,-42.1800034605571));
#4386=CARTESIAN_POINT('Ctrl Pts',(-22.8859514668165,57.300001013279,-42.1800034605571));
#4387=CARTESIAN_POINT('Ctrl Pts',(-23.1906343112164,25.300001013279,-41.9818717375672));
#4388=CARTESIAN_POINT('Ctrl Pts',(-23.1906343112164,35.9666676799457,-41.9818717375672));
#4389=CARTESIAN_POINT('Ctrl Pts',(-23.1906343112164,46.6333343466123,-41.9818717375672));
#4390=CARTESIAN_POINT('Ctrl Pts',(-23.1906343112164,57.300001013279,-41.9818717375672));
#4391=CARTESIAN_POINT('Ctrl Pts',(-23.4953171556164,25.300001013279,-41.7837400145774));
#4392=CARTESIAN_POINT('Ctrl Pts',(-23.4953171556164,35.9666676799457,-41.7837400145774));
#4393=CARTESIAN_POINT('Ctrl Pts',(-23.4953171556164,46.6333343466123,-41.7837400145774));
#4394=CARTESIAN_POINT('Ctrl Pts',(-23.4953171556164,57.300001013279,-41.7837400145774));
#4395=CARTESIAN_POINT('Ctrl Pts',(-23.8000000000163,25.300001013279,-41.5856082915875));
#4396=CARTESIAN_POINT('Ctrl Pts',(-23.8000000000163,35.9666676799457,-41.5856082915875));
#4397=CARTESIAN_POINT('Ctrl Pts',(-23.8000000000163,46.6333343466123,-41.5856082915875));
#4398=CARTESIAN_POINT('Ctrl Pts',(-23.8000000000163,57.300001013279,-41.5856082915875));
#4399=CARTESIAN_POINT('Ctrl Pts',(-22.8859514668165,57.300001013279,-42.1800034605571));
#4400=CARTESIAN_POINT('Ctrl Pts',(-22.8859514668165,46.6333343466123,-42.1800034605571));
#4401=CARTESIAN_POINT('Ctrl Pts',(-22.8859514668165,35.9666676799457,-42.1800034605571));
#4402=CARTESIAN_POINT('Ctrl Pts',(-22.8859514668165,25.300001013279,-42.1800034605571));
#4403=CARTESIAN_POINT('Ctrl Pts',(-23.8000000000163,25.300001013279,-41.5856082915875));
#4404=CARTESIAN_POINT('Ctrl Pts',(-23.8000000000163,35.9666676799457,-41.5856082915875));
#4405=CARTESIAN_POINT('Ctrl Pts',(-23.8000000000163,46.6333343466123,-41.5856082915875));
#4406=CARTESIAN_POINT('Ctrl Pts',(-23.8000000000163,57.300001013279,-41.5856082915875));
#4407=CARTESIAN_POINT('Ctrl Pts',(-27.3369030905503,62.4575487882315,-43.2803869172482));
#4408=CARTESIAN_POINT('Ctrl Pts',(-27.3793462020995,62.4630060686761,-43.2809281898846));
#4409=CARTESIAN_POINT('Ctrl Pts',(-27.4218567515599,62.4679388596665,-43.281200000001));
#4410=CARTESIAN_POINT('Ctrl Pts',(-27.464421692941,62.4723463108196,-43.2812000000009));
#4411=CARTESIAN_POINT('Ctrl Pts',(-27.3794092913465,62.1269368396437,-42.9473246114893));
#4412=CARTESIAN_POINT('Ctrl Pts',(-27.4191317064528,62.1320441769911,-42.9476854599136));
#4413=CARTESIAN_POINT('Ctrl Pts',(-27.458917216204,62.1366607925904,-42.9478666666578));
#4414=CARTESIAN_POINT('Ctrl Pts',(-27.4987536357017,62.1407857148234,-42.9478666666577));
#4415=CARTESIAN_POINT('Ctrl Pts',(-27.4219154921428,61.7963248910559,-42.6142623057304));
#4416=CARTESIAN_POINT('Ctrl Pts',(-27.4589172108061,61.8010822853061,-42.6144427299426));
#4417=CARTESIAN_POINT('Ctrl Pts',(-27.4959776808481,61.8053827255142,-42.6145333333147));
#4418=CARTESIAN_POINT('Ctrl Pts',(-27.5330855784624,61.8092251188271,-42.6145333333146));
#4419=CARTESIAN_POINT('Ctrl Pts',(-27.464421692939,61.4657129424681,-42.2811999999716));
#4420=CARTESIAN_POINT('Ctrl Pts',(-27.4987027151594,61.4701203936212,-42.2811999999715));
#4421=CARTESIAN_POINT('Ctrl Pts',(-27.5330381454922,61.474104658438,-42.2811999999715));
#4422=CARTESIAN_POINT('Ctrl Pts',(-27.5674175212231,61.4776645228309,-42.2811999999714));
#4423=CARTESIAN_POINT('Ctrl Pts',(-27.464421692941,62.4723463108196,-43.2812000000009));
#4424=CARTESIAN_POINT('Ctrl Pts',(-27.4218567515599,62.4679388596665,-43.281200000001));
#4425=CARTESIAN_POINT('Ctrl Pts',(-27.3793462020995,62.4630060686761,-43.2809281898846));
#4426=CARTESIAN_POINT('Ctrl Pts',(-27.3369030905503,62.4575487882315,-43.2803869172482));
#4427=CARTESIAN_POINT('Ctrl Pts',(-27.464421692939,61.4657129424681,-42.2811999999716));
#4428=CARTESIAN_POINT('Ctrl Pts',(-27.4987027151594,61.4701203936212,-42.2811999999715));
#4429=CARTESIAN_POINT('Ctrl Pts',(-27.5330381454922,61.474104658438,-42.2811999999715));
#4430=CARTESIAN_POINT('Ctrl Pts',(-27.5674175212231,61.4776645228309,-42.2811999999714));
#4431=CARTESIAN_POINT('Origin',(-8.98470895768878,47.5054803432105,-35.697747620681));
#4432=CARTESIAN_POINT('',(-23.2382390755173,66.0054803432105,-42.3442778703674));
#4433=CARTESIAN_POINT('',(-23.2382390755173,37.2554803432104,-42.3442778703674));
#4434=CARTESIAN_POINT('',(2.98904331012097,66.0054803432105,-30.1142952413506));
#4435=CARTESIAN_POINT('',(-42.9960227319165,66.0054803432105,-51.557483697516));
#4436=CARTESIAN_POINT('',(2.98904331012097,47.5054803432105,-30.1142952413506));
#4437=CARTESIAN_POINT('',(-0.140018433780817,49.5487928159295,-31.5734006953718));
#4438=CARTESIAN_POINT('Origin',(-3.14001843378082,49.5487928159295,-32.9723236698368));
#4439=CARTESIAN_POINT('',(-0.140018433780817,4.46216787049136,-31.5734006953718));
#4440=CARTESIAN_POINT('Origin',(-3.14001843378082,4.46216787049136,-32.9723236698368));
#4441=CARTESIAN_POINT('Origin',(-27.4644216929243,37.2554803432104,-33.2812000000009));
#4442=CARTESIAN_POINT('Origin',(-27.4644216929243,76.0054803432105,-33.2812000000009));
#4443=CARTESIAN_POINT('Origin',(-60.0000000000163,25.300001013279,-28.8083316961057));
#4444=CARTESIAN_POINT('',(-64.2000000000163,25.300001013279,-28.8083316961057));
#4445=CARTESIAN_POINT('Origin',(-64.2000000000163,57.300001013279,-28.8083316961057));
#4446=CARTESIAN_POINT('',(-64.2000000000163,57.300001013279,-35.781199999941));
#4447=CARTESIAN_POINT('',(-64.2000000000163,57.300001013279,-28.8083316961057));
#4448=CARTESIAN_POINT('',(-64.2000000000163,52.300001013279,-35.781199999941));
#4449=CARTESIAN_POINT('Origin',(-64.2000000000277,54.800001013279,-35.781199999941));
#4450=CARTESIAN_POINT('',(-64.2000000000163,52.300001013279,-31.3083316961057));
#4451=CARTESIAN_POINT('',(-64.2000000000163,52.300001013279,-28.8083316961057));
#4452=CARTESIAN_POINT('Origin',(-64.2000000000163,49.800001013279,-31.3083316961057));
#4453=CARTESIAN_POINT('Origin',(-60.0000000000163,57.300001013279,-28.8083316961057));
#4454=CARTESIAN_POINT('',(-60.0000000000163,61.500001013279,-28.8083316961057));
#4455=CARTESIAN_POINT('',(-64.2000000000163,57.300001013279,-31.3083316961057));
#4456=CARTESIAN_POINT('Ctrl Pts',(-64.2000000000163,57.300001013279,-31.3083316961057));
#4457=CARTESIAN_POINT('Ctrl Pts',(-64.2000000000163,57.300001013279,-31.0768601862918));
#4458=CARTESIAN_POINT('Ctrl Pts',(-64.2004778009725,57.3342254623847,-30.8263980577101));
#4459=CARTESIAN_POINT('Ctrl Pts',(-64.1968359745059,57.478194446448,-30.3483716262007));
#4460=CARTESIAN_POINT('Ctrl Pts',(-64.192079968,57.587939457596,-30.1208125267306));
#4461=CARTESIAN_POINT('Ctrl Pts',(-64.1666707249155,57.8434992672922,-29.734858214391));
#4462=CARTESIAN_POINT('Ctrl Pts',(-64.1440114393447,58.0103598231652,-29.5454574544133));
#4463=CARTESIAN_POINT('Ctrl Pts',(-64.0611431885845,58.3883744047807,-29.2303877330963));
#4464=CARTESIAN_POINT('Ctrl Pts',(-63.9997755553133,58.5992305478489,-29.1046672634035));
#4465=CARTESIAN_POINT('Ctrl Pts',(-63.8388753569535,59.0200391706365,-28.9210113236879));
#4466=CARTESIAN_POINT('Ctrl Pts',(-63.7231691476803,59.2626900612749,-28.855577521993));
#4467=CARTESIAN_POINT('Ctrl Pts',(-63.516793205864,59.5993934178728,-28.8141675960499));
#4468=CARTESIAN_POINT('Ctrl Pts',(-63.4475333329289,59.7019587020184,-28.8083316961057));
#4469=CARTESIAN_POINT('Ctrl Pts',(-63.3749074061536,59.800001013279,-28.8083316961057));
#4470=CARTESIAN_POINT('',(-64.2000000000163,57.300001013279,-28.8083316961057));
#4471=CARTESIAN_POINT('Origin',(-28.0000000000163,61.500001013279,-28.8083316961057));
#4472=CARTESIAN_POINT('',(-28.0000000000163,61.500001013279,-28.8083316961057));
#4473=CARTESIAN_POINT('Origin',(-28.0000000000163,57.300001013279,-28.8083316961057));
#4474=CARTESIAN_POINT('',(-23.8000000000163,57.300001013279,-28.8083316961057));
#4475=CARTESIAN_POINT('Origin',(-43.4186409936572,67.0054803432105,-50.6511759104794));
#4476=CARTESIAN_POINT('',(2.98904331012097,61.8973768438713,-34.647085931334));
#4477=CARTESIAN_POINT('Origin',(-23.8000000000163,25.300001013279,-28.8083316961057));
#4478=CARTESIAN_POINT('',(-23.8000000000163,25.300001013279,-35.7812000000069));
#4479=CARTESIAN_POINT('',(-23.8000000000163,25.300001013279,-28.8083316961057));
#4480=CARTESIAN_POINT('',(-23.8000000000163,30.300001013279,-35.7812000000069));
#4481=CARTESIAN_POINT('Origin',(-23.8000000000277,27.800001013279,-35.7812000000069));
#4482=CARTESIAN_POINT('',(-23.8000000000163,30.300001013279,-31.3083316961057));
#4483=CARTESIAN_POINT('',(-23.8000000000163,30.300001013279,-28.8083316961057));
#4484=CARTESIAN_POINT('Origin',(-23.8000000000163,32.800001013279,-31.3083316961057));
#4485=CARTESIAN_POINT('Origin',(2.98904331012096,-13.9945196567896,-28.8083316961056));
#4486=CARTESIAN_POINT('',(-48.1806541242878,-13.9945196567896,-49.7448681233167));
#4487=CARTESIAN_POINT('Origin',(-48.6032723860285,-12.9945196567896,-50.6511759103533));
#4488=CARTESIAN_POINT('',(-95.0109566898791,-7.88641615740231,-34.6470859312272));
#4489=CARTESIAN_POINT('Origin',(-28.0000000000163,25.300001013279,-28.8083316961057));
#4490=CARTESIAN_POINT('',(-23.8000000000163,25.300001013279,-31.3083316961057));
#4491=CARTESIAN_POINT('Ctrl Pts',(-23.8000000000163,25.300001013279,-31.3083316961057));
#4492=CARTESIAN_POINT('Ctrl Pts',(-23.8000000000163,25.300001013279,-31.0768601862917));
#4493=CARTESIAN_POINT('Ctrl Pts',(-23.7995221990602,25.2657765641733,-30.8263980577101));
#4494=CARTESIAN_POINT('Ctrl Pts',(-23.8031640255268,25.12180758011,-30.3483716262006));
#4495=CARTESIAN_POINT('Ctrl Pts',(-23.8079200320327,25.012062568962,-30.1208125267305));
#4496=CARTESIAN_POINT('Ctrl Pts',(-23.8333292751172,24.7565027592658,-29.734858214391));
#4497=CARTESIAN_POINT('Ctrl Pts',(-23.855988560688,24.5896422033928,-29.5454574544132));
#4498=CARTESIAN_POINT('Ctrl Pts',(-23.9388568114482,24.2116276217774,-29.2303877330962));
#4499=CARTESIAN_POINT('Ctrl Pts',(-24.0002244447194,24.0007714787092,-29.1046672634035));
#4500=CARTESIAN_POINT('Ctrl Pts',(-24.1611246430792,23.5799628559215,-28.9210113236878));
#4501=CARTESIAN_POINT('Ctrl Pts',(-24.2768308523524,23.3373119652831,-28.855577521993));
#4502=CARTESIAN_POINT('Ctrl Pts',(-24.4832067941687,23.0006086086852,-28.8141675960498));
#4503=CARTESIAN_POINT('Ctrl Pts',(-24.5524666671038,22.8980433245396,-28.8083316961057));
#4504=CARTESIAN_POINT('Ctrl Pts',(-24.6250925938791,22.800001013279,-28.8083316961057));
#4505=CARTESIAN_POINT('',(-23.8000000000163,25.300001013279,-28.8083316961057));
#4506=CARTESIAN_POINT('Origin',(-36.7946323057294,17.7121678704912,-41.2811999999857));
#4507=CARTESIAN_POINT('Ctrl Pts',(-71.0646508376933,18.6817899020395,-41.2806410445877));
#4508=CARTESIAN_POINT('Ctrl Pts',(-71.7445584330817,18.6273336612855,-40.9635949260204));
#4509=CARTESIAN_POINT('Ctrl Pts',(-72.4188506624301,18.4995212845587,-40.6491672956408));
#4510=CARTESIAN_POINT('Ctrl Pts',(-73.0726881439399,18.3008927061676,-40.344277870824));
#4511=CARTESIAN_POINT('Ctrl Pts',(-71.026411034751,18.6052499631464,-41.2117821188717));
#4512=CARTESIAN_POINT('Ctrl Pts',(-71.701987632701,18.5535298247558,-40.8968173932816));
#4513=CARTESIAN_POINT('Ctrl Pts',(-72.372436523839,18.4288955916522,-40.5843646165284));
#4514=CARTESIAN_POINT('Ctrl Pts',(-73.0229248961405,18.2337113683209,-40.2813273667401));
#4515=CARTESIAN_POINT('Ctrl Pts',(-70.9881712318087,18.5287100242534,-41.1429231931558));
#4516=CARTESIAN_POINT('Ctrl Pts',(-71.6594168323204,18.4797259882261,-40.8300398605428));
#4517=CARTESIAN_POINT('Ctrl Pts',(-72.3260223852479,18.3582698987457,-40.519561937416));
#4518=CARTESIAN_POINT('Ctrl Pts',(-72.9731616483411,18.1665300304743,-40.2183768626563));
#4519=CARTESIAN_POINT('Ctrl Pts',(-70.9499314288664,18.4521700853603,-41.0740642674398));
#4520=CARTESIAN_POINT('Ctrl Pts',(-71.6168460319397,18.4059221516965,-40.763262327804));
#4521=CARTESIAN_POINT('Ctrl Pts',(-72.2796082466568,18.2876442058391,-40.4547592583037));
#4522=CARTESIAN_POINT('Ctrl Pts',(-72.9233984005416,18.0993486926277,-40.1554263585725));
#4523=CARTESIAN_POINT('',(-72.9623411307504,18.3087506149508,-40.3695337286139));
#4524=CARTESIAN_POINT('Ctrl Pts',(-72.9623411307234,18.3087506146182,-40.3695337285969));
#4525=CARTESIAN_POINT('Ctrl Pts',(-72.3055477054838,18.3555214555988,-40.5238401309746));
#4526=CARTESIAN_POINT('Ctrl Pts',(-71.6625085012586,18.4013128463305,-40.745756805196));
#4527=CARTESIAN_POINT('Ctrl Pts',(-71.0162487922343,18.4473335720585,-41.0431595969919));
#4528=CARTESIAN_POINT('Ctrl Pts',(-72.9623408927037,18.3087490624275,-40.3695338426762));
#4529=CARTESIAN_POINT('Ctrl Pts',(-72.9990525904354,18.3061357859202,-40.3609087954095));
#4530=CARTESIAN_POINT('Ctrl Pts',(-73.0358343547769,18.3035170971036,-40.352490027711));
#4531=CARTESIAN_POINT('Ctrl Pts',(-73.0726881439394,18.3008927061669,-40.3442778708233));
#4532=CARTESIAN_POINT('Origin',(-72.9623411339618,18.3087506143876,-28.8083316961057));
#4533=CARTESIAN_POINT('',(-72.9623411339582,18.3087506143886,-35.2811999999267));
#4534=CARTESIAN_POINT('',(-65.8704695493717,18.8137690652306,-35.2811999999383));
#4535=CARTESIAN_POINT('',(-72.9623411339618,18.3087506143876,-28.8083316961057));
#4536=CARTESIAN_POINT('Origin',(-67.9290038953915,-14.7352254100834,-28.8083316961056));
#4537=CARTESIAN_POINT('',(-68.6262806485908,-10.7964686100959,-28.8083316961056));
#4538=CARTESIAN_POINT('Origin',(-68.846505527651,3.88446909807544,-28.8083316961056));
#4539=CARTESIAN_POINT('',(-72.9623411339618,18.3087506143876,-28.8083316961057));
#4540=CARTESIAN_POINT('',(-72.9623411339618,18.3087506143876,-28.8083316961057));
#4541=CARTESIAN_POINT('Origin',(-68.8465055276713,18.6018429098455,-41.2811999999334));
#4542=CARTESIAN_POINT('',(-73.0726881439312,18.3008927061669,-35.2811999999265));
#4543=CARTESIAN_POINT('',(-65.8704695493717,18.8137690652306,-35.2811999999383));
#4544=CARTESIAN_POINT('',(-73.072688143941,18.3008927061669,-41.2811999999265));
#4545=CARTESIAN_POINT('Origin',(-68.8465055276713,18.6018429098455,-41.2811999999334));
#4546=CARTESIAN_POINT('Origin',(-71.2258481535001,3.74708264179893,-41.2811999999295));
#4547=CARTESIAN_POINT('Origin',(-71.2258481534903,3.74708264179893,-35.2811999999295));
#4548=CARTESIAN_POINT('Origin',(-71.2258481535001,3.74708264179893,-41.2811999999295));
#4549=CARTESIAN_POINT('',(-80.0375759577403,-7.98226765750389,-33.7863635881701));
#4550=CARTESIAN_POINT('',(-80.037575957726,-7.98226765752384,-41.2811999999122));
#4551=CARTESIAN_POINT('',(-80.070221097564,15.4518369137213,-33.7711409094688));
#4552=CARTESIAN_POINT('',(-80.0702210975518,15.4518369137397,-41.2811999999123));
#4553=CARTESIAN_POINT('Origin',(-71.2258481534946,3.74708264179893,-37.8953397448672));
#4554=CARTESIAN_POINT('Origin',(-70.3556896857181,-1.02743275210794,-28.8083316961056));
#4555=CARTESIAN_POINT('',(-77.2508906332919,-10.7518789696704,-35.0858162958285));
#4556=CARTESIAN_POINT('Origin',(-70.3556896857181,-1.02743275210795,-38.3011013021998));
#4557=CARTESIAN_POINT('',(-76.8952484613703,-10.9945196567896,-34.9839305877492));
#4558=CARTESIAN_POINT('Origin',(-70.3556896857181,-1.02743275210797,-49.0308405327963));
#4559=CARTESIAN_POINT('',(-76.8952484613703,-10.9945196567896,-28.8083316961056));
#4560=CARTESIAN_POINT('Origin',(-81.7693496367635,6.5054803432104,-32.9788242594503));
#4561=CARTESIAN_POINT('',(-70.3983681661609,20.7117942847782,-38.2811999999309));
#4562=CARTESIAN_POINT('Origin',(-70.3048931769286,9.01777903988402,-38.3247881032559));
#4563=CARTESIAN_POINT('',(-70.3983681661609,64.7628396560912,-38.2811999999309));
#4564=CARTESIAN_POINT('',(-70.3983681661609,16.7554803432104,-38.2811999999309));
#4565=CARTESIAN_POINT('',(-84.8878409683154,64.7628396560912,-31.5246478696577));
#4566=CARTESIAN_POINT('Origin',(-88.8818949456343,49.5487928159295,-29.6621899129495));
#4567=CARTESIAN_POINT('Ctrl Pts',(-90.7129997993316,11.8031804287781,-28.8083316967856));
#4568=CARTESIAN_POINT('Ctrl Pts',(-90.2512820897595,11.5525807473968,-29.0236342006649));
#4569=CARTESIAN_POINT('Ctrl Pts',(-89.7434842160704,11.4005680901965,-29.2603997756514));
#4570=CARTESIAN_POINT('Ctrl Pts',(-89.2273048990701,11.3531645615057,-29.501046464102));
#4571=CARTESIAN_POINT('Ctrl Pts',(-88.9936373700606,11.3317056129374,-29.6099840274693));
#4572=CARTESIAN_POINT('Ctrl Pts',(-88.758251529071,11.3316839666974,-29.7197172353997));
#4573=CARTESIAN_POINT('Ctrl Pts',(-88.5246418720269,11.3536596991825,-29.8286161587171));
#4574=CARTESIAN_POINT('Ctrl Pts',(-87.8672684484815,11.4154990198741,-30.1350557937364));
#4575=CARTESIAN_POINT('Ctrl Pts',(-87.2239611985094,11.6515222413998,-30.4348859545645));
#4576=CARTESIAN_POINT('Ctrl Pts',(-86.6728708959112,12.0374034345096,-30.6916704251983));
#4577=CARTESIAN_POINT('Ctrl Pts',(-86.5954102445777,12.0916424737646,-30.7277637700709));
#4578=CARTESIAN_POINT('Ctrl Pts',(-86.5197714934366,12.148842279121,-30.7630067318773));
#4579=CARTESIAN_POINT('Ctrl Pts',(-86.4461716780243,12.2089353508524,-30.7972981832038));
#4580=CARTESIAN_POINT('Ctrl Pts',(-86.1475683038885,12.45274022836,-30.936422758622));
#4581=CARTESIAN_POINT('Ctrl Pts',(-85.8825264382143,12.7441688281917,-31.0598842477176));
#4582=CARTESIAN_POINT('Ctrl Pts',(-85.6629306754333,13.0714895040084,-31.1621573969835));
#4583=CARTESIAN_POINT('Ctrl Pts',(-85.4433549266378,13.3987803477774,-31.2644212250617));
#4584=CARTESIAN_POINT('Ctrl Pts',(-85.269216616794,13.761955600521,-31.3455012461656));
#4585=CARTESIAN_POINT('Ctrl Pts',(-85.152987439598,14.1455711765295,-31.3996049018434));
#4586=CARTESIAN_POINT('Ctrl Pts',(-85.0275322124346,14.5596374238572,-31.4580032023147));
#4587=CARTESIAN_POINT('Ctrl Pts',(-84.9695426441773,14.9975185871413,-31.4849743879448));
#4588=CARTESIAN_POINT('Ctrl Pts',(-84.9792753556793,15.4335532915851,-31.4804159747114));
#4589=CARTESIAN_POINT('Ctrl Pts',(-84.9875721120832,15.8052558459763,-31.4765301054776));
#4590=CARTESIAN_POINT('Ctrl Pts',(-85.0450821194178,16.1756182824873,-31.4497319827157));
#4591=CARTESIAN_POINT('Ctrl Pts',(-85.1519868182538,16.5287339005422,-31.3999404189974));
#4592=CARTESIAN_POINT('Ctrl Pts',(-85.2681012315384,16.9122700150303,-31.3458593704501));
#4593=CARTESIAN_POINT('Ctrl Pts',(-85.4424900419535,17.2754615360555,-31.2646512247717));
#4594=CARTESIAN_POINT('Ctrl Pts',(-85.6622762365979,17.6028581406309,-31.1623059255706));
#4595=CARTESIAN_POINT('Ctrl Pts',(-85.8819939423337,17.9301527231655,-31.0599925188087));
#4596=CARTESIAN_POINT('Ctrl Pts',(-86.1470818503982,18.2216736232118,-30.9365536406461));
#4597=CARTESIAN_POINT('Ctrl Pts',(-86.4457957331442,18.4655849281729,-30.7974475001263));
#4598=CARTESIAN_POINT('Ctrl Pts',(-86.4983464042649,18.5084945601317,-30.7729755171903));
#4599=CARTESIAN_POINT('Ctrl Pts',(-86.5519376960777,18.5499306148576,-30.7480187006845));
#4600=CARTESIAN_POINT('Ctrl Pts',(-86.6064910262734,18.589868446825,-30.722613651033));
#4601=CARTESIAN_POINT('Ctrl Pts',(-86.842837587723,18.7628949004508,-30.612548947246));
#4602=CARTESIAN_POINT('Ctrl Pts',(-87.0971105959803,18.9076711233061,-30.4940860942484));
#4603=CARTESIAN_POINT('Ctrl Pts',(-87.3628879504776,19.0222974366213,-30.370232844159));
#4604=CARTESIAN_POINT('Ctrl Pts',(-87.6504043444553,19.1462995146828,-30.2362491196409));
#4605=CARTESIAN_POINT('Ctrl Pts',(-87.9513848713195,19.2350189683368,-30.0959567838868));
#4606=CARTESIAN_POINT('Ctrl Pts',(-88.2577489055229,19.2860295704175,-29.9531365840229));
#4607=CARTESIAN_POINT('Ctrl Pts',(-88.3462839004795,19.3007709332857,-29.9118635093047));
#4608=CARTESIAN_POINT('Ctrl Pts',(-88.4352687347118,19.3123629241311,-29.8703791848332));
#4609=CARTESIAN_POINT('Ctrl Pts',(-88.5245088995428,19.3207464756817,-29.8287745573272));
#4610=CARTESIAN_POINT('Ctrl Pts',(-88.8442685978934,19.3507858858507,-29.6796994949211));
#4611=CARTESIAN_POINT('Ctrl Pts',(-89.1673056481998,19.3396366105614,-29.5290805623632));
#4612=CARTESIAN_POINT('Ctrl Pts',(-89.4846995487208,19.288746795199,-29.3810861796117));
#4613=CARTESIAN_POINT('Ctrl Pts',(-89.7971479741406,19.2386499198217,-29.2353977722863));
#4614=CARTESIAN_POINT('Ctrl Pts',(-90.1041296048163,19.1500409692407,-29.0922517868538));
#4615=CARTESIAN_POINT('Ctrl Pts',(-90.3971286458811,19.0242540211363,-28.9556246366902));
#4616=CARTESIAN_POINT('Ctrl Pts',(-90.5044344057895,18.9781867575581,-28.905587339233));
#4617=CARTESIAN_POINT('Ctrl Pts',(-90.6098645396471,18.9271325092674,-28.8564244582023));
#4618=CARTESIAN_POINT('Ctrl Pts',(-90.7129997993316,18.8711553122046,-28.8083316967856));
#4619=CARTESIAN_POINT('Ctrl Pts',(-90.7129997993317,-9.94681957122196,-28.8083316967856));
#4620=CARTESIAN_POINT('Ctrl Pts',(-90.2511787970162,-10.1974753152754,-29.0236823668621));
#4621=CARTESIAN_POINT('Ctrl Pts',(-89.7432562813037,-10.3495021001065,-29.2605061766173));
#4622=CARTESIAN_POINT('Ctrl Pts',(-89.2269565206929,-10.3968710896872,-29.5012092666772));
#4623=CARTESIAN_POINT('Ctrl Pts',(-88.9934023757513,-10.4182989978566,-29.610094082578));
#4624=CARTESIAN_POINT('Ctrl Pts',(-88.7581332461778,-10.418310434933,-29.7197730251893));
#4625=CARTESIAN_POINT('Ctrl Pts',(-88.5246384678032,-10.396345907031,-29.8286185742336));
#4626=CARTESIAN_POINT('Ctrl Pts',(-87.867212825747,-10.3345027944829,-30.1350830504997));
#4627=CARTESIAN_POINT('Ctrl Pts',(-87.2238549060024,-10.0984464168478,-30.4349375764969));
#4628=CARTESIAN_POINT('Ctrl Pts',(-86.6727341938508,-9.71251130711647,-30.6917371821723));
#4629=CARTESIAN_POINT('Ctrl Pts',(-86.595317435747,-9.65829841985777,-30.7278102103046));
#4630=CARTESIAN_POINT('Ctrl Pts',(-86.5197207126457,-9.60112803736487,-30.7630337301611));
#4631=CARTESIAN_POINT('Ctrl Pts',(-86.4461607073547,-9.54106755709795,-30.7973067782886));
#4632=CARTESIAN_POINT('Ctrl Pts',(-86.1475559764183,-9.29726192550439,-30.936432574623));
#4633=CARTESIAN_POINT('Ctrl Pts',(-85.8825128450586,-9.00583279109508,-31.0598953079454));
#4634=CARTESIAN_POINT('Ctrl Pts',(-85.6629152081845,-8.67851185446246,-31.1621699675965));
#4635=CARTESIAN_POINT('Ctrl Pts',(-85.4433375168456,-8.35122064761816,-31.2644353378815));
#4636=CARTESIAN_POINT('Ctrl Pts',(-85.2691966851679,-7.98804527580311,-31.3455171513477));
#4637=CARTESIAN_POINT('Ctrl Pts',(-85.1529676115441,-7.60442970640075,-31.3996212389072));
#4638=CARTESIAN_POINT('Ctrl Pts',(-85.027400145213,-7.18999265039402,-31.4580723043866));
#4639=CARTESIAN_POINT('Ctrl Pts',(-84.9694222979741,-6.75169815122901,-31.4850383471158));
#4640=CARTESIAN_POINT('Ctrl Pts',(-84.9792893249292,-6.31527668073834,-31.4804174736289));
#4641=CARTESIAN_POINT('Ctrl Pts',(-84.9876842385127,-5.94396721260647,-31.4764860124321));
#4642=CARTESIAN_POINT('Ctrl Pts',(-85.0451901151196,-5.57401190185449,-31.4496897427556));
#4643=CARTESIAN_POINT('Ctrl Pts',(-85.1519864772516,-5.22126750463941,-31.3999483386807));
#4644=CARTESIAN_POINT('Ctrl Pts',(-85.2681052217162,-4.83773162660174,-31.3458649478818));
#4645=CARTESIAN_POINT('Ctrl Pts',(-85.4424977985219,-4.47454072057753,-31.26465448658));
#4646=CARTESIAN_POINT('Ctrl Pts',(-85.6622855486896,-4.14714436824991,-31.1623077408447));
#4647=CARTESIAN_POINT('Ctrl Pts',(-85.8820049825907,-3.81984977999457,-31.0599928073808));
#4648=CARTESIAN_POINT('Ctrl Pts',(-86.1470924749411,-3.52832856265467,-30.9365532454246));
#4649=CARTESIAN_POINT('Ctrl Pts',(-86.4458062628643,-3.28441703775171,-30.797446206662));
#4650=CARTESIAN_POINT('Ctrl Pts',(-86.4983550894142,-3.24150885964329,-30.772974916928));
#4651=CARTESIAN_POINT('Ctrl Pts',(-86.5519444744686,-3.2000741589359,-30.7480188204867));
#4652=CARTESIAN_POINT('Ctrl Pts',(-86.6064958381603,-3.16013757918909,-30.7226145168449));
#4653=CARTESIAN_POINT('Ctrl Pts',(-86.8431825890895,-2.98686126373498,-30.6123906529177));
#4654=CARTESIAN_POINT('Ctrl Pts',(-87.0978482283079,-2.84191605207225,-30.4937442716373));
#4655=CARTESIAN_POINT('Ctrl Pts',(-87.364042500416,-2.72721042831232,-30.369696242042));
#4656=CARTESIAN_POINT('Ctrl Pts',(-87.6520261534842,-2.603115554684,-30.2354942382354));
#4657=CARTESIAN_POINT('Ctrl Pts',(-87.9535038848021,-2.51441224433424,-30.0949697424799));
#4658=CARTESIAN_POINT('Ctrl Pts',(-88.2603580306159,-2.46353827192531,-29.9519207575642));
#4659=CARTESIAN_POINT('Ctrl Pts',(-88.3480353891504,-2.44900206448011,-29.9110474067898));
#4660=CARTESIAN_POINT('Ctrl Pts',(-88.4361519269116,-2.43755448739507,-29.8699678158768));
#4661=CARTESIAN_POINT('Ctrl Pts',(-88.5245187715797,-2.42925290156167,-29.8287702947905));
#4662=CARTESIAN_POINT('Ctrl Pts',(-88.8447618800965,-2.39916779823032,-29.6794697028615));
#4663=CARTESIAN_POINT('Ctrl Pts',(-89.1682915882301,-2.41039656235908,-29.5286209614984));
#4664=CARTESIAN_POINT('Ctrl Pts',(-89.4861474007414,-2.46148429130692,-29.3804111324601));
#4665=CARTESIAN_POINT('Ctrl Pts',(-89.7990805684026,-2.51178082268682,-29.2344966345844));
#4666=CARTESIAN_POINT('Ctrl Pts',(-90.1065160937693,-2.60071160573,-29.0911389663077));
#4667=CARTESIAN_POINT('Ctrl Pts',(-90.399897562093,-2.72693572188165,-28.9543334759527));
#4668=CARTESIAN_POINT('Ctrl Pts',(-90.5062481124878,-2.77269186422607,-28.9047415938225));
#4669=CARTESIAN_POINT('Ctrl Pts',(-90.6107516882789,-2.82334899525325,-28.8560107740014));
#4670=CARTESIAN_POINT('Ctrl Pts',(-90.7129997993317,-2.8788446877953,-28.8083316967856));
#4671=CARTESIAN_POINT('',(-64.7636927496553,-10.7518789696704,-40.9086922978652));
#4672=CARTESIAN_POINT('Origin',(-70.3048931769286,9.01777903988404,-28.8083316961057));
#4673=CARTESIAN_POINT('',(-61.8864263856212,17.1349304494047,-38.2811999999448));
#4674=CARTESIAN_POINT('',(-61.8864263856212,17.1349304494047,-28.8083316961057));
#4675=CARTESIAN_POINT('Origin',(-70.3048931769286,9.01777903988402,-38.2811999999706));
#4676=CARTESIAN_POINT('Origin',(-70.3556896857181,-1.02743275210794,-28.8083316961056));
#4677=CARTESIAN_POINT('',(-64.9807916051047,-9.36622090359444,-35.2811999999397));
#4678=CARTESIAN_POINT('Origin',(-61.8160305786422,3.88190091752489,-35.2811999999449));
#4679=CARTESIAN_POINT('Origin',(-21.0000000000163,30.300001013279,-28.8083316961057));
#4680=CARTESIAN_POINT('',(-21.0000000000163,28.9701616393359,-37.9904360917921));
#4681=CARTESIAN_POINT('',(-21.0000000000163,26.6298403872221,-37.9904360917921));
#4682=CARTESIAN_POINT('Origin',(-21.0000000000277,27.800001013279,-35.7812000000115));
#4683=CARTESIAN_POINT('',(-21.0000000000163,36.4027406782447,-37.9904360917921));
#4684=CARTESIAN_POINT('Origin',(-34.9054783449477,32.800001013279,-31.3083316961057));
#4685=CARTESIAN_POINT('',(-21.0000000000163,30.300001013279,-31.3083316961057));
#4686=CARTESIAN_POINT('Origin',(-21.0000000000163,32.800001013279,-31.3083316961057));
#4687=CARTESIAN_POINT('',(-34.9054783449477,30.300001013279,-31.3083316961057));
#4688=CARTESIAN_POINT('Origin',(-21.0000000000163,25.300001013279,-28.8083316961057));
#4689=CARTESIAN_POINT('',(-21.0000000000163,30.300001013279,-35.7812000000115));
#4690=CARTESIAN_POINT('',(-21.0000000000163,30.300001013279,-28.8083316961057));
#4691=CARTESIAN_POINT('Origin',(-21.0000000000277,27.800001013279,-35.7812000000115));
#4692=CARTESIAN_POINT('',(-21.0000000000163,57.300001013279,-37.9904360917921));
#4693=CARTESIAN_POINT('',(-21.0000000000163,36.4027406782447,-37.9904360917921));
#4694=CARTESIAN_POINT('',(-21.0000000000163,57.300001013279,-28.8083316961057));
#4695=CARTESIAN_POINT('Origin',(-23.8000000000163,30.300001013279,-28.8083316961057));
#4696=CARTESIAN_POINT('',(-23.10000000002,30.300001013279,-35.781200000008));
#4697=CARTESIAN_POINT('Origin',(-33.5054783449477,22.800001013279,-31.3083316961057));
#4698=CARTESIAN_POINT('',(-21.0000000000163,25.300001013279,-31.3083316961057));
#4699=CARTESIAN_POINT('Ctrl Pts',(-21.4616515847053,22.800001013279,-28.8083316961057));
#4700=CARTESIAN_POINT('Ctrl Pts',(-21.3463326493645,23.1015991645354,-28.8083316961057));
#4701=CARTESIAN_POINT('Ctrl Pts',(-21.2461862273086,23.4326699110606,-28.8667036681598));
#4702=CARTESIAN_POINT('Ctrl Pts',(-21.1048052107729,24.052116990376,-29.1188058748008));
#4703=CARTESIAN_POINT('Ctrl Pts',(-21.0623517947693,24.3400770022975,-29.3128737791914));
#4704=CARTESIAN_POINT('Ctrl Pts',(-21.015100516289,24.7893115274915,-29.7621083043854));
#4705=CARTESIAN_POINT('Ctrl Pts',(-21.0060696511295,24.9818028605525,-30.0430592082791));
#4706=CARTESIAN_POINT('Ctrl Pts',(-20.9991171553058,25.2371431644598,-30.6590921471086));
#4707=CARTESIAN_POINT('Ctrl Pts',(-21.0000000000163,25.300001013279,-30.9941564294182));
#4708=CARTESIAN_POINT('Ctrl Pts',(-21.0000000000163,25.300001013279,-31.3083316961057));
#4709=CARTESIAN_POINT('',(-33.5054783449477,25.300001013279,-31.3083316961057));
#4710=CARTESIAN_POINT('Origin',(-28.0000000000163,25.300001013279,-28.8083316961057));
#4711=CARTESIAN_POINT('',(-28.0000000000163,18.300001013279,-33.7249909306543));
#4712=CARTESIAN_POINT('',(-28.0000000000163,18.300001013279,-28.8083316961057));
#4713=CARTESIAN_POINT('',(-21.8240588371194,22.0048908857665,-38.2811999999807));
#4714=CARTESIAN_POINT('Ctrl Pts',(-21.8240588371259,22.0048908857544,-38.2811999999945));
#4715=CARTESIAN_POINT('Ctrl Pts',(-21.934821369288,21.7972914868839,-38.0469688498929));
#4716=CARTESIAN_POINT('Ctrl Pts',(-22.0548184092268,21.5976240813101,-37.814317047756));
#4717=CARTESIAN_POINT('Ctrl Pts',(-22.4664403981943,20.982574940465,-37.0742372497186));
#4718=CARTESIAN_POINT('Ctrl Pts',(-22.8255740088665,20.5516983581797,-36.5148956804354));
#4719=CARTESIAN_POINT('Ctrl Pts',(-23.6566543942184,19.7812678825078,-35.4217571362893));
#4720=CARTESIAN_POINT('Ctrl Pts',(-24.1267207807627,19.441687008765,-34.8865508373109));
#4721=CARTESIAN_POINT('Ctrl Pts',(-24.9085132866835,19.0112605033504,-34.1855243359744));
#4722=CARTESIAN_POINT('Ctrl Pts',(-25.2431489963118,18.8539171185679,-33.9223114388515));
#4723=CARTESIAN_POINT('Ctrl Pts',(-25.9765742092415,18.587477315689,-33.5252043001354));
#4724=CARTESIAN_POINT('Ctrl Pts',(-26.3785094991187,18.4778722422862,-33.3974918094003));
#4725=CARTESIAN_POINT('Ctrl Pts',(-27.1922260843569,18.3345022002945,-33.3974918093977));
#4726=CARTESIAN_POINT('Ctrl Pts',(-27.6074178908764,18.3001363282252,-33.5252043001307));
#4727=CARTESIAN_POINT('Ctrl Pts',(-27.9983860693306,18.3000011528988,-33.724168608784));
#4728=CARTESIAN_POINT('Ctrl Pts',(-27.9991930829143,18.300001013279,-33.7245796292023));
#4729=CARTESIAN_POINT('Ctrl Pts',(-28.000000000016,18.300001013279,-33.7249909306549));
#4730=CARTESIAN_POINT('',(-21.623545213425,22.4119524758481,-38.2812000000104));
#4731=CARTESIAN_POINT('Origin',(-28.0000000000163,25.300001013279,-38.2811999999707));
#4732=CARTESIAN_POINT('',(-21.1586044720808,26.7816579457012,-38.0643945650454));
#4733=CARTESIAN_POINT('Origin',(-28.0000000000163,25.300001013279,-41.2545896988771));
#4734=CARTESIAN_POINT('',(-21.0000000000163,25.300001013279,-35.7812000000115));
#4735=CARTESIAN_POINT('Ctrl Pts',(-21.0000000000163,25.300001013279,-35.7812000000115));
#4736=CARTESIAN_POINT('Ctrl Pts',(-21.0000000000163,25.300001013279,-36.095375266699));
#4737=CARTESIAN_POINT('Ctrl Pts',(-20.9991171553058,25.3628588620982,-36.4304395490085));
#4738=CARTESIAN_POINT('Ctrl Pts',(-21.0060696511295,25.6181991660055,-37.0464724878381));
#4739=CARTESIAN_POINT('Ctrl Pts',(-21.015100516289,25.8106904990665,-37.3274233917317));
#4740=CARTESIAN_POINT('Ctrl Pts',(-21.0603829113383,26.2412061569249,-37.75793904959));
#4741=CARTESIAN_POINT('Ctrl Pts',(-21.097768268422,26.500753142801,-37.9391063063139));
#4742=CARTESIAN_POINT('Ctrl Pts',(-21.1586044749738,26.7816579472308,-38.0643945602341));
#4743=CARTESIAN_POINT('',(-21.0000000000163,25.300001013279,-28.8083316961057));
#4744=CARTESIAN_POINT('Origin',(-21.70000000002,27.800001013279,-35.7812000000103));
#4745=CARTESIAN_POINT('',(-21.70000000002,25.300001013279,-35.7812000000103));
#4746=CARTESIAN_POINT('Origin',(-16.2622779121699,27.800001013279,-35.7812000000192));
#4747=CARTESIAN_POINT('Origin',(-21.0000000000163,25.300001013279,-28.8083316961057));
#4748=CARTESIAN_POINT('Origin',(-46.0109566898791,27.0054803432104,-38.2811999999707));
#4749=CARTESIAN_POINT('',(-66.5383484153273,54.800001013279,-38.2811999999372));
#4750=CARTESIAN_POINT('',(-60.0000000000163,64.300001013279,-38.2811999999478));
#4751=CARTESIAN_POINT('Origin',(-60.0000000000163,57.300001013279,-38.2811999999707));
#4752=CARTESIAN_POINT('',(-60.0000000000163,64.7628396560912,-38.2811999999478));
#4753=CARTESIAN_POINT('',(-60.0000000000163,45.6527406782447,-38.2811999999478));
#4754=CARTESIAN_POINT('',(-58.260956689883,64.7628396560912,-38.2811999999507));
#4755=CARTESIAN_POINT('',(-60.0000000000163,16.7846202783998,-38.2811999999478));
#4756=CARTESIAN_POINT('Origin',(-57.3704033844974,36.1994185459148,-38.2811999999707));
#4757=CARTESIAN_POINT('',(-60.0000000000163,18.300001013279,-38.2811999999478));
#4758=CARTESIAN_POINT('',(-60.0000000000163,22.6527406782447,-38.2811999999478));
#4759=CARTESIAN_POINT('',(-67.0000000000163,25.300001013279,-38.2811999999364));
#4760=CARTESIAN_POINT('Origin',(-60.0000000000163,25.300001013279,-38.2811999999707));
#4761=CARTESIAN_POINT('',(-67.0000000000163,54.800001013279,-38.2811999999364));
#4762=CARTESIAN_POINT('',(-67.0000000000163,42.1527406782447,-38.2811999999364));
#4763=CARTESIAN_POINT('',(-55.1054783449554,54.800001013279,-38.2811999999558));
#4764=CARTESIAN_POINT('Origin',(-55.1054783449514,54.800001013279,-35.7811999999558));
#4765=CARTESIAN_POINT('',(-67.0000000000163,52.300001013279,-35.7811999999364));
#4766=CARTESIAN_POINT('Origin',(-67.0000000000277,54.800001013279,-35.7811999999364));
#4767=CARTESIAN_POINT('',(-55.1054783449514,52.300001013279,-35.7811999999558));
#4768=CARTESIAN_POINT('',(-67.0000000000163,57.300001013279,-35.7811999999364));
#4769=CARTESIAN_POINT('',(-56.5054783449514,57.300001013279,-35.7811999999536));
#4770=CARTESIAN_POINT('Ctrl Pts',(-67.0000000000163,57.300001013279,-35.7811999999364));
#4771=CARTESIAN_POINT('Ctrl Pts',(-67.0000000000163,57.300001013279,-36.0953752666239));
#4772=CARTESIAN_POINT('Ctrl Pts',(-67.0008828447268,57.2371431644598,-36.4304395489335));
#4773=CARTESIAN_POINT('Ctrl Pts',(-66.9939303489032,56.9818028605526,-37.046472487763));
#4774=CARTESIAN_POINT('Ctrl Pts',(-66.9848994837437,56.7893115274916,-37.3274233916566));
#4775=CARTESIAN_POINT('Ctrl Pts',(-66.9376482052634,56.3400770022976,-37.7766579168507));
#4776=CARTESIAN_POINT('Ctrl Pts',(-66.8951947892597,56.0521169903761,-37.9707258212414));
#4777=CARTESIAN_POINT('Ctrl Pts',(-66.7538137727241,55.4326699110607,-38.2228280278826));
#4778=CARTESIAN_POINT('Ctrl Pts',(-66.6536673506682,55.1015991645355,-38.281199999937));
#4779=CARTESIAN_POINT('Ctrl Pts',(-66.5383484153273,54.800001013279,-38.2811999999372));
#4780=CARTESIAN_POINT('Origin',(-64.2000000000163,52.300001013279,-28.8083316961057));
#4781=CARTESIAN_POINT('',(-67.0000000000163,52.300001013279,-31.3083316961057));
#4782=CARTESIAN_POINT('',(-67.0000000000163,52.300001013279,-28.8083316961057));
#4783=CARTESIAN_POINT('',(-55.1054783449477,52.300001013279,-31.3083316961057));
#4784=CARTESIAN_POINT('Origin',(-55.1054783449477,49.800001013279,-31.3083316961057));
#4785=CARTESIAN_POINT('Origin',(-67.0000000000163,49.800001013279,-31.3083316961057));
#4786=CARTESIAN_POINT('Origin',(-67.0000000000163,57.300001013279,-28.8083316961057));
#4787=CARTESIAN_POINT('',(-67.0000000000163,25.300001013279,-28.8083316961057));
#4788=CARTESIAN_POINT('Origin',(-56.5054783449477,59.800001013279,-31.3083316961057));
#4789=CARTESIAN_POINT('',(-67.0000000000163,57.300001013279,-31.3083316961057));
#4790=CARTESIAN_POINT('Ctrl Pts',(-66.5383484153273,59.800001013279,-28.8083316961057));
#4791=CARTESIAN_POINT('Ctrl Pts',(-66.6536673506682,59.4984028620226,-28.8083316961057));
#4792=CARTESIAN_POINT('Ctrl Pts',(-66.7538137727241,59.1673321154974,-28.8667036681599));
#4793=CARTESIAN_POINT('Ctrl Pts',(-66.8951947892597,58.547885036182,-29.1188058748009));
#4794=CARTESIAN_POINT('Ctrl Pts',(-66.9376482052633,58.2599250242605,-29.3128737791915));
#4795=CARTESIAN_POINT('Ctrl Pts',(-66.9848994837437,57.8106904990665,-29.7621083043855));
#4796=CARTESIAN_POINT('Ctrl Pts',(-66.9939303489032,57.6181991660055,-30.0430592082792));
#4797=CARTESIAN_POINT('Ctrl Pts',(-67.0008828447268,57.3628588620982,-30.6590921471087));
#4798=CARTESIAN_POINT('Ctrl Pts',(-67.0000000000163,57.300001013279,-30.9941564294182));
#4799=CARTESIAN_POINT('Ctrl Pts',(-67.0000000000163,57.300001013279,-31.3083316961057));
#4800=CARTESIAN_POINT('',(-56.5054783449477,57.300001013279,-31.3083316961057));
#4801=CARTESIAN_POINT('Origin',(-60.0000000000163,57.300001013279,-28.8083316961057));
#4802=CARTESIAN_POINT('',(-60.0000000000163,64.300001013279,-28.8083316961057));
#4803=CARTESIAN_POINT('',(-67.0000000000163,57.300001013279,-28.8083316961057));
#4804=CARTESIAN_POINT('Origin',(-67.0000000000163,57.300001013279,-28.8083316961057));
#4805=CARTESIAN_POINT('Origin',(-88.8818949456355,49.5487928159295,-30.5311999999369));
#4806=CARTESIAN_POINT('',(-87.3818949456343,49.5487928159295,-29.7811999999731));
#4807=CARTESIAN_POINT('Origin',(-88.8818949456343,49.5487928159295,-29.7811999999731));
#4808=CARTESIAN_POINT('',(-85.8818949456179,49.5487928159295,-31.2811999999056));
#4809=CARTESIAN_POINT('',(-86.6318949456379,49.5487928159295,-30.5311999999394));
#4810=CARTESIAN_POINT('Origin',(-88.8818949456179,49.5487928159295,-31.2811999999007));
#4811=CARTESIAN_POINT('Origin',(-88.8818949456343,49.5487928159295,-28.8083316961057));
#4812=CARTESIAN_POINT('',(-87.3818949456343,49.5487928159295,-28.8083316961057));
#4813=CARTESIAN_POINT('Origin',(-3.14001843378204,4.46216787049137,-30.5312000000068));
#4814=CARTESIAN_POINT('',(-1.64001843378082,4.46216787049137,-29.7811999999731));
#4815=CARTESIAN_POINT('Origin',(-3.14001843378082,4.46216787049137,-29.7811999999731));
#4816=CARTESIAN_POINT('',(-0.140018433764503,4.46216787049135,-31.2812000000455));
#4817=CARTESIAN_POINT('',(-0.890018433784489,4.46216787049137,-30.5312000000093));
#4818=CARTESIAN_POINT('Origin',(-3.1400184337645,4.46216787049135,-31.2812000000406));
#4819=CARTESIAN_POINT('Origin',(-3.14001843378082,4.46216787049137,-28.8083316961056));
#4820=CARTESIAN_POINT('',(-1.64001843378082,4.46216787049137,-28.8083316961056));
#4821=CARTESIAN_POINT('Origin',(-3.14001843378204,49.5487928159295,-30.5312000000069));
#4822=CARTESIAN_POINT('',(-1.64001843378082,49.5487928159295,-29.7811999999731));
#4823=CARTESIAN_POINT('Origin',(-3.14001843378082,49.5487928159295,-29.7811999999731));
#4824=CARTESIAN_POINT('',(-0.140018433764503,49.5487928159295,-31.2812000000455));
#4825=CARTESIAN_POINT('',(-0.890018433784489,49.5487928159295,-30.5312000000093));
#4826=CARTESIAN_POINT('Origin',(-3.1400184337645,49.5487928159295,-31.2812000000406));
#4827=CARTESIAN_POINT('Origin',(-3.14001843378082,49.5487928159295,-28.8083316961057));
#4828=CARTESIAN_POINT('',(-1.64001843378082,49.5487928159295,-28.8083316961057));
#4829=CARTESIAN_POINT('Origin',(-88.8818949456343,49.5487928159295,-41.2811999999707));
#4830=CARTESIAN_POINT('',(-85.8818949456342,49.5487928159295,-41.2811999999756));
#4831=CARTESIAN_POINT('Origin',(-3.14001843378082,49.5487928159295,-41.2811999999707));
#4832=CARTESIAN_POINT('',(-0.140018433780814,49.5487928159295,-41.2811999999756));
#4833=CARTESIAN_POINT('Origin',(-3.14001843378082,4.46216787049135,-41.2811999999706));
#4834=CARTESIAN_POINT('',(-0.140018433780814,4.46216787049135,-41.2811999999755));
#4835=CARTESIAN_POINT('Origin',(-3.14001843378082,4.46216787049137,-28.8083316961056));
#4836=CARTESIAN_POINT('Origin',(-3.14001843378082,4.46216787049137,-29.6621899129493));
#4837=CARTESIAN_POINT('Origin',(-3.14001843378082,49.5487928159295,-28.8083316961057));
#4838=CARTESIAN_POINT('Origin',(-3.14001843378082,49.5487928159295,-29.6621899129493));
#4839=CARTESIAN_POINT('Origin',(-88.8818949456343,49.5487928159295,-28.8083316961057));
#4840=CARTESIAN_POINT('Ctrl Pts',(-90.7129998007898,18.8711553114132,-28.8083316961057));
#4841=CARTESIAN_POINT('Ctrl Pts',(-90.0423681030111,19.2351441437188,-29.1210523925814));
#4842=CARTESIAN_POINT('Ctrl Pts',(-88.5062891088422,19.5472195184424,-29.8373377910933));
#4843=CARTESIAN_POINT('Ctrl Pts',(-86.677394900384,18.805251896291,-30.6901651664527));
#4844=CARTESIAN_POINT('Ctrl Pts',(-85.6165935011752,17.6394176610102,-31.1848249826853));
#4845=CARTESIAN_POINT('Ctrl Pts',(-84.9185559608747,16.1863566889923,-31.5103252334071));
#4846=CARTESIAN_POINT('Ctrl Pts',(-84.9202642816721,14.4879483777327,-31.5095286303367));
#4847=CARTESIAN_POINT('Ctrl Pts',(-85.6171945689721,13.0349998991506,-31.1845447001685));
#4848=CARTESIAN_POINT('Ctrl Pts',(-86.6776706753344,11.8693931472458,-30.6900365704814));
#4849=CARTESIAN_POINT('Ctrl Pts',(-88.5064857998816,11.1269735692418,-29.8372460725554));
#4850=CARTESIAN_POINT('Ctrl Pts',(-90.0423681030111,11.4391915972639,-29.1210523925814));
#4851=CARTESIAN_POINT('Ctrl Pts',(-90.7129998007898,11.8031804295695,-28.8083316961057));
#4852=CARTESIAN_POINT('Ctrl Pts',(-90.4814760351734,18.6186198319264,-28.6057640936694));
#4853=CARTESIAN_POINT('Ctrl Pts',(-89.8373386948883,18.9419428444449,-28.8845474963566));
#4854=CARTESIAN_POINT('Ctrl Pts',(-88.368359166019,19.1812841205641,-29.5157673862668));
#4855=CARTESIAN_POINT('Ctrl Pts',(-86.6909670744217,18.3907726604056,-30.1804751468483));
#4856=CARTESIAN_POINT('Ctrl Pts',(-85.7873945724073,17.2964727609968,-30.4925281192503));
#4857=CARTESIAN_POINT('Ctrl Pts',(-85.2312856931238,16.0297138928636,-30.6688103447149));
#4858=CARTESIAN_POINT('Ctrl Pts',(-85.2314330516971,14.6447299577918,-30.6690565323123));
#4859=CARTESIAN_POINT('Ctrl Pts',(-85.7874773997616,13.3779398067774,-30.4926162963825));
#4860=CARTESIAN_POINT('Ctrl Pts',(-86.6912344498653,12.2840717219053,-30.1802263206186));
#4861=CARTESIAN_POINT('Ctrl Pts',(-88.3682582759289,11.4927744799752,-29.5159660674869));
#4862=CARTESIAN_POINT('Ctrl Pts',(-89.8373386948883,11.7323928965379,-28.8845474963566));
#4863=CARTESIAN_POINT('Ctrl Pts',(-90.4814760351734,12.0557159090564,-28.6057640936694));
#4864=CARTESIAN_POINT('Ctrl Pts',(-90.249952269557,18.3660843524395,-28.4031964912331));
#4865=CARTESIAN_POINT('Ctrl Pts',(-89.6323092867655,18.6487415451709,-28.6480426001319));
#4866=CARTESIAN_POINT('Ctrl Pts',(-88.2304292231958,18.8153487226857,-29.1941969814403));
#4867=CARTESIAN_POINT('Ctrl Pts',(-86.7045392484594,17.9762934245201,-29.6707851272439));
#4868=CARTESIAN_POINT('Ctrl Pts',(-85.9581956436393,16.9535278609835,-29.8002312558154));
#4869=CARTESIAN_POINT('Ctrl Pts',(-85.544015425373,15.873071096735,-29.8272954560226));
#4870=CARTESIAN_POINT('Ctrl Pts',(-85.5426018217221,14.801511537851,-29.8285844342878));
#4871=CARTESIAN_POINT('Ctrl Pts',(-85.957760230551,13.7208797144042,-29.8006878925964));
#4872=CARTESIAN_POINT('Ctrl Pts',(-86.7047982243961,12.6987502965648,-29.6704160707558));
#4873=CARTESIAN_POINT('Ctrl Pts',(-88.2300307519761,11.8585753907087,-29.1946860624185));
#4874=CARTESIAN_POINT('Ctrl Pts',(-89.6323092867655,12.0255941958118,-28.6480426001319));
#4875=CARTESIAN_POINT('Ctrl Pts',(-90.249952269557,12.3082513885432,-28.4031964912331));
#4876=CARTESIAN_POINT('Ctrl Pts',(-90.0184285039406,18.1135488729527,-28.2006288887968));
#4877=CARTESIAN_POINT('Ctrl Pts',(-89.4272798786427,18.355540245897,-28.4115377039072));
#4878=CARTESIAN_POINT('Ctrl Pts',(-88.0924992803726,18.4494133248074,-28.8726265766139));
#4879=CARTESIAN_POINT('Ctrl Pts',(-86.7181114224971,17.5618141886347,-29.1610951076395));
#4880=CARTESIAN_POINT('Ctrl Pts',(-86.1289967148713,16.6105829609701,-29.1079343923804));
#4881=CARTESIAN_POINT('Ctrl Pts',(-85.8567451576222,15.7164283006063,-28.9857805673303));
#4882=CARTESIAN_POINT('Ctrl Pts',(-85.8537705917471,14.9582931179101,-28.9881123362634));
#4883=CARTESIAN_POINT('Ctrl Pts',(-86.1280430613405,14.063819622031,-29.1087594888103));
#4884=CARTESIAN_POINT('Ctrl Pts',(-86.718361998927,13.1134288712242,-29.160605820893));
#4885=CARTESIAN_POINT('Ctrl Pts',(-88.0918032280233,12.2243763014422,-28.87340605735));
#4886=CARTESIAN_POINT('Ctrl Pts',(-89.4272798786427,12.3187954950858,-28.4115377039071));
#4887=CARTESIAN_POINT('Ctrl Pts',(-90.0184285039406,12.56078686803,-28.2006288887968));
#4888=CARTESIAN_POINT('',(-85.8784924516262,15.3371795551622,-28.9966570296953));
#4889=CARTESIAN_POINT('Ctrl Pts',(-88.1712911440701,18.2534041316406,-28.8093564675781));
#4890=CARTESIAN_POINT('Ctrl Pts',(-88.1646261409448,18.2517684987774,-28.8112604768316));
#4891=CARTESIAN_POINT('Ctrl Pts',(-87.5487524448823,18.0982539204862,-28.9867529129206));
#4892=CARTESIAN_POINT('Ctrl Pts',(-86.7181114224971,17.5618141886347,-29.1610951076395));
#4893=CARTESIAN_POINT('Ctrl Pts',(-86.1289967148713,16.6105829609701,-29.1079343923804));
#4894=CARTESIAN_POINT('Ctrl Pts',(-85.9247892673737,15.9399052880638,-29.0163105975798));
#4895=CARTESIAN_POINT('Ctrl Pts',(-85.8784284738601,15.5381186169311,-28.9967319069664));
#4896=CARTESIAN_POINT('Ctrl Pts',(-85.8780293736738,15.3371811454408,-28.9970634312279));
#4897=CARTESIAN_POINT('Ctrl Pts',(-85.8780293736738,15.3371811454408,-28.9970634312279));
#4898=CARTESIAN_POINT('Ctrl Pts',(-85.8776304936619,15.1363545266224,-28.9973947725949));
#4899=CARTESIAN_POINT('Ctrl Pts',(-85.9223576281061,14.734613044314,-29.0182824464849));
#4900=CARTESIAN_POINT('Ctrl Pts',(-86.1280430613405,14.063819622031,-29.1087594888103));
#4901=CARTESIAN_POINT('Ctrl Pts',(-86.718361998927,13.1134288712242,-29.160605820893));
#4902=CARTESIAN_POINT('Ctrl Pts',(-87.5485354314439,12.5760430640211,-28.987008575909));
#4903=CARTESIAN_POINT('Ctrl Pts',(-88.1645249556135,12.4223871901261,-28.8115265285309));
#4904=CARTESIAN_POINT('Ctrl Pts',(-88.1713061499713,12.4207223234552,-28.8095896775961));
#4905=CARTESIAN_POINT('Ctrl Pts',(-90.7129998007898,-2.87884468858673,-28.8083316961056));
#4906=CARTESIAN_POINT('Ctrl Pts',(-90.0423681030111,-2.51485585628112,-29.1210523925813));
#4907=CARTESIAN_POINT('Ctrl Pts',(-88.5063034768202,-2.20277837525045,-29.8373310911952));
#4908=CARTESIAN_POINT('Ctrl Pts',(-86.6774042165454,-2.9447523206847,-30.6901608222553));
#4909=CARTESIAN_POINT('Ctrl Pts',(-85.6166065992208,-4.11058896327667,-31.1848188749663));
#4910=CARTESIAN_POINT('Ctrl Pts',(-84.9185562502247,-5.56364594260051,-31.510325098481));
#4911=CARTESIAN_POINT('Ctrl Pts',(-84.9202426721202,-7.26205036507035,-31.5095387070362));
#4912=CARTESIAN_POINT('Ctrl Pts',(-85.6171811323357,-8.71499813342559,-31.184550965775));
#4913=CARTESIAN_POINT('Ctrl Pts',(-86.6776607741322,-9.88060760811623,-30.6900411874878));
#4914=CARTESIAN_POINT('Ctrl Pts',(-88.5064827323922,-10.6230349873353,-29.8372475029491));
#4915=CARTESIAN_POINT('Ctrl Pts',(-90.0423681030112,-10.3108084027361,-29.1210523925813));
#4916=CARTESIAN_POINT('Ctrl Pts',(-90.7129998007899,-9.94681957043052,-28.8083316961056));
#4917=CARTESIAN_POINT('Ctrl Pts',(-90.4814760351734,-3.13138016807357,-28.6057640936694));
#4918=CARTESIAN_POINT('Ctrl Pts',(-89.8373386948884,-2.80805715555508,-28.8845474963566));
#4919=CARTESIAN_POINT('Ctrl Pts',(-88.3683660671692,-2.56871536908722,-29.5157629472827));
#4920=CARTESIAN_POINT('Ctrl Pts',(-86.6909745174182,-3.35923507824385,-30.1804682589479));
#4921=CARTESIAN_POINT('Ctrl Pts',(-85.7874049157252,-4.45353984057641,-30.4925180820984));
#4922=CARTESIAN_POINT('Ctrl Pts',(-85.2312935489462,-5.72029194321431,-30.6687999727342));
#4923=CARTESIAN_POINT('Ctrl Pts',(-85.2314381285858,-7.10526961791688,-30.6690437707678));
#4924=CARTESIAN_POINT('Ctrl Pts',(-85.7874831695348,-8.37205675191552,-30.4926044599808));
#4925=CARTESIAN_POINT('Ctrl Pts',(-86.6912372653334,-9.4659290549437,-30.1802195209991));
#4926=CARTESIAN_POINT('Ctrl Pts',(-88.3682604074872,-10.2572357692425,-29.5159622924474));
#4927=CARTESIAN_POINT('Ctrl Pts',(-89.8373386948884,-10.0176071034622,-28.8845474963566));
#4928=CARTESIAN_POINT('Ctrl Pts',(-90.4814760351735,-9.69428409094368,-28.6057640936693));
#4929=CARTESIAN_POINT('Ctrl Pts',(-90.249952269557,-3.38391564756041,-28.4031964912331));
#4930=CARTESIAN_POINT('Ctrl Pts',(-89.6323092867656,-3.10125845482904,-28.6480426001318));
#4931=CARTESIAN_POINT('Ctrl Pts',(-88.2304286575182,-2.93465236292399,-29.1941948033702));
#4932=CARTESIAN_POINT('Ctrl Pts',(-86.7045448182911,-3.77371783580299,-29.6707756956406));
#4933=CARTESIAN_POINT('Ctrl Pts',(-85.9582032322296,-4.79649071787615,-29.8002172892304));
#4934=CARTESIAN_POINT('Ctrl Pts',(-85.5440308476677,-5.87693794382809,-29.8272748469874));
#4935=CARTESIAN_POINT('Ctrl Pts',(-85.5426335850514,-6.94848887076341,-29.8285488344994));
#4936=CARTESIAN_POINT('Ctrl Pts',(-85.9577852067339,-8.02911537040545,-29.8006579541867));
#4937=CARTESIAN_POINT('Ctrl Pts',(-86.7048137565346,-9.05125050177117,-29.6703978545104));
#4938=CARTESIAN_POINT('Ctrl Pts',(-88.2300380825822,-9.89143655114968,-29.1946770819456));
#4939=CARTESIAN_POINT('Ctrl Pts',(-89.6323092867656,-9.72440580418822,-28.6480426001318));
#4940=CARTESIAN_POINT('Ctrl Pts',(-90.2499522695571,-9.44174861145684,-28.4031964912331));
#4941=CARTESIAN_POINT('Ctrl Pts',(-90.0184285039406,-3.63645112704725,-28.2006288887968));
#4942=CARTESIAN_POINT('Ctrl Pts',(-89.4272798786428,-3.39445975410299,-28.4115377039071));
#4943=CARTESIAN_POINT('Ctrl Pts',(-88.0924912478672,-3.30058935676076,-28.8726266594577));
#4944=CARTESIAN_POINT('Ctrl Pts',(-86.718115119164,-4.18820059336213,-29.1610831323332));
#4945=CARTESIAN_POINT('Ctrl Pts',(-86.1290015487339,-5.13944159517589,-29.1079164963624));
#4946=CARTESIAN_POINT('Ctrl Pts',(-85.8567681463893,-6.03358394444188,-28.9857497212407));
#4947=CARTESIAN_POINT('Ctrl Pts',(-85.8538290415171,-6.79170812360994,-28.988053898231));
#4948=CARTESIAN_POINT('Ctrl Pts',(-86.128087243933,-7.68617398889539,-29.1087114483925));
#4949=CARTESIAN_POINT('Ctrl Pts',(-86.7183902477358,-8.63657194859865,-29.1605761880216));
#4950=CARTESIAN_POINT('Ctrl Pts',(-88.0918157576772,-9.52563733305687,-28.8733918714438));
#4951=CARTESIAN_POINT('Ctrl Pts',(-89.4272798786428,-9.43120450491426,-28.4115377039071));
#4952=CARTESIAN_POINT('Ctrl Pts',(-90.0184285039407,-9.18921313197,-28.2006288887968));
#4953=CARTESIAN_POINT('',(-85.8785256912137,-6.41282073786467,-28.9966198291358));
#4954=CARTESIAN_POINT('Ctrl Pts',(-88.1712910400148,-3.49659931936508,-28.8093531717626));
#4955=CARTESIAN_POINT('Ctrl Pts',(-88.1646248424245,-3.4982352701674,-28.8112574991735));
#4956=CARTESIAN_POINT('Ctrl Pts',(-87.5487501297225,-3.65175285282848,-28.9867479991854));
#4957=CARTESIAN_POINT('Ctrl Pts',(-86.718115119164,-4.18820059336213,-29.1610831323332));
#4958=CARTESIAN_POINT('Ctrl Pts',(-86.1290015487339,-5.13944159517589,-29.1079164963624));
#4959=CARTESIAN_POINT('Ctrl Pts',(-85.9248084637724,-5.81010758663365,-29.0162833224864));
#4960=CARTESIAN_POINT('Ctrl Pts',(-85.878462281479,-6.21188658651358,-28.9966931540461));
#4961=CARTESIAN_POINT('Ctrl Pts',(-85.8780687599613,-6.41281919295369,-28.9970197473654));
#4962=CARTESIAN_POINT('Ctrl Pts',(-85.8780687599613,-6.41281919295369,-28.9970197473654));
#4963=CARTESIAN_POINT('Ctrl Pts',(-85.8776754469287,-6.61364534666253,-28.9973461676577));
#4964=CARTESIAN_POINT('Ctrl Pts',(-85.9224117594503,-7.01538384086981,-29.0182262783325));
#4965=CARTESIAN_POINT('Ctrl Pts',(-86.128087243933,-7.68617398889539,-29.1087114483925));
#4966=CARTESIAN_POINT('Ctrl Pts',(-86.7183902477358,-8.63657194859865,-29.1605761880216));
#4967=CARTESIAN_POINT('Ctrl Pts',(-87.5485494222967,-9.17396242252691,-28.9869892745186));
#4968=CARTESIAN_POINT('Ctrl Pts',(-88.1645268078248,-9.32761782176713,-28.8115159525131));
#4969=CARTESIAN_POINT('Ctrl Pts',(-88.171302641113,-9.32928141995558,-28.8095806945573));
#4970=CARTESIAN_POINT('Origin',(-26.2446323057319,-6.41283212950886,-35.7811999999949));
#4971=CARTESIAN_POINT('',(-21.623545213425,0.117524222570751,-38.2812000000104));
#4972=CARTESIAN_POINT('',(-19.3191768982935,-6.41283212950886,-37.2066554074549));
#4973=CARTESIAN_POINT('Origin',(-32.2956707776982,-6.41283212950887,-43.2576938794228));
#4974=CARTESIAN_POINT('',(-32.9656941652009,-10.7518789696703,-38.2811999999919));
#4975=CARTESIAN_POINT('Origin',(-26.244632305736,-6.41283212950886,-38.2812000000029));
#4976=CARTESIAN_POINT('',(-32.5044056971123,-10.9945196567896,-38.0385593128734));
#4977=CARTESIAN_POINT('Ctrl Pts',(-32.5044056969694,-10.9945196568622,-38.0385593128009));
#4978=CARTESIAN_POINT('Ctrl Pts',(-32.7350499311484,-10.8775105670466,-38.1555684026161));
#4979=CARTESIAN_POINT('Ctrl Pts',(-32.9656941653272,-10.7518789696015,-38.2812000000607));
#4980=CARTESIAN_POINT('',(-20.6121287541099,-10.9945196567896,-37.5418443830385));
#4981=CARTESIAN_POINT('Ctrl Pts',(-20.6121287541099,-10.9945196567896,-37.5418443830385));
#4982=CARTESIAN_POINT('Ctrl Pts',(-26.3616008900941,-10.9945196567896,-33.0816449134308));
#4983=CARTESIAN_POINT('Ctrl Pts',(-32.5044056971975,-10.9945196567896,-38.0385593129421));
#4984=CARTESIAN_POINT('',(-20.281900816426,-10.7518789696703,-37.655580943169));
#4985=CARTESIAN_POINT('Ctrl Pts',(-20.281900816426,-10.7518789696703,-37.655580943169));
#4986=CARTESIAN_POINT('Ctrl Pts',(-20.4462432060343,-10.8757236671986,-37.5955675533697));
#4987=CARTESIAN_POINT('Ctrl Pts',(-20.6121287541099,-10.9945196567896,-37.5418443830385));
#4988=CARTESIAN_POINT('Origin',(-32.2956707776982,-6.41283212950887,-43.2576938794228));
#4989=CARTESIAN_POINT('',(-23.2446323057278,-6.41283212950886,-33.281199999987));
#4990=CARTESIAN_POINT('',(-20.744632305736,-6.41283212950887,-35.7812000000015));
#4991=CARTESIAN_POINT('Origin',(-26.2446323057278,-6.41283212950886,-33.281199999987));
#4992=CARTESIAN_POINT('Origin',(-10.2525637429109,47.5054803432105,-32.9788242595711));
#4993=CARTESIAN_POINT('',(-21.623545213425,64.7628396560912,-38.2812000000104));
#4994=CARTESIAN_POINT('',(-27.2582206300247,64.7628396560912,-40.9086922979886));
#4995=CARTESIAN_POINT('',(-21.623545213425,60.1880495507099,-38.2812000000104));
#4996=CARTESIAN_POINT('',(-21.623545213425,37.2554803432104,-38.2812000000104));
#4997=CARTESIAN_POINT('Origin',(-28.0000000000163,57.300001013279,-41.2545896988771));
#4998=CARTESIAN_POINT('',(-21.623545213425,21.8675242225708,-38.2812000000104));
#4999=CARTESIAN_POINT('',(-21.623545213425,37.2554803432104,-38.2812000000104));
#5000=CARTESIAN_POINT('',(-19.3191768982935,15.3371678704911,-37.2066554074549));
#5001=CARTESIAN_POINT('Origin',(-32.2956707776982,15.3371678704911,-43.2576938794228));
#5002=CARTESIAN_POINT('',(-21.623545213425,8.80681151841151,-38.2812000000104));
#5003=CARTESIAN_POINT('Origin',(-32.2956707776982,15.3371678704911,-43.2576938794228));
#5004=CARTESIAN_POINT('',(-21.623545213425,37.2554803432104,-38.2812000000104));
#5005=CARTESIAN_POINT('',(-7.13407241136456,-10.7518789696703,-31.5246478697811));
#5006=CARTESIAN_POINT('Origin',(-4.06685327252723,-10.87319931323,-29.960517907897));
#5007=CARTESIAN_POINT('',(-0.999634133689902,-10.9945196567896,-28.3963879460129));
#5008=CARTESIAN_POINT('Origin',(-26.2446323057319,15.3371678704911,-35.7811999999949));
#5009=CARTESIAN_POINT('',(-31.4770245544697,18.300001013279,-36.2942116311679));
#5010=CARTESIAN_POINT('',(-33.9488234469359,13.1818398537553,-38.2811999999753));
#5011=CARTESIAN_POINT('Ctrl Pts',(-31.4770245544696,18.300001013278,-36.2942116311696));
#5012=CARTESIAN_POINT('Ctrl Pts',(-31.4594998933929,18.1414708679072,-36.2008483875819));
#5013=CARTESIAN_POINT('Ctrl Pts',(-31.4485278805597,17.9768382298984,-36.1143496947672));
#5014=CARTESIAN_POINT('Ctrl Pts',(-31.4380478758807,17.3942579472576,-35.8548566063193));
#5015=CARTESIAN_POINT('Ctrl Pts',(-31.4813341879548,16.9543844123093,-35.7452244589934));
#5016=CARTESIAN_POINT('Ctrl Pts',(-31.6691709747942,16.1199936328753,-35.7452244589928));
#5017=CARTESIAN_POINT('Ctrl Pts',(-31.8185551273426,15.704004682868,-35.8548566063182));
#5018=CARTESIAN_POINT('Ctrl Pts',(-32.1869464996407,14.9620238951126,-36.2237834053451));
#5019=CARTESIAN_POINT('Ctrl Pts',(-32.4057429839545,14.633409455323,-36.4779917214034));
#5020=CARTESIAN_POINT('Ctrl Pts',(-32.9673951890052,13.9331642696907,-37.1387895258141));
#5021=CARTESIAN_POINT('Ctrl Pts',(-33.3819640032095,13.5566096438913,-37.6353200116236));
#5022=CARTESIAN_POINT('Ctrl Pts',(-33.8708996224089,13.2314942429155,-38.1928119051768));
#5023=CARTESIAN_POINT('Ctrl Pts',(-33.9097516090188,13.2063835472944,-38.2369604227599));
#5024=CARTESIAN_POINT('Ctrl Pts',(-33.9488234469281,13.1818398537602,-38.2811999999849));
#5025=CARTESIAN_POINT('Origin',(-26.244632305736,15.3371678704911,-38.2812000000029));
#5026=CARTESIAN_POINT('',(-23.2446323057278,15.3371678704911,-33.281199999987));
#5027=CARTESIAN_POINT('',(-20.744632305736,15.3371678704911,-35.7812000000015));
#5028=CARTESIAN_POINT('Origin',(-26.2446323057278,15.3371678704911,-33.281199999987));
#5029=CARTESIAN_POINT('Origin',(-26.244632305736,15.3371678704911,-38.2812000000029));
#5030=CARTESIAN_POINT('Ctrl Pts',(-31.4770245544697,18.300001013279,-36.2942116311679));
#5031=CARTESIAN_POINT('Ctrl Pts',(-29.2661938904037,18.300001013279,-34.3703947587668));
#5032=CARTESIAN_POINT('Ctrl Pts',(-28.0000000000163,18.300001013279,-33.7249909306543));
#5033=CARTESIAN_POINT('Origin',(-60.0000000000163,18.300001013279,-28.8083316961057));
#5034=CARTESIAN_POINT('',(-31.4770245544697,18.300001013279,-28.8083316961056));
#5035=CARTESIAN_POINT('Origin',(-46.0109566898791,27.0054803432104,-38.2811999999707));
#5036=CARTESIAN_POINT('Origin',(-26.2446323057441,15.3371678704911,-41.2812000000029));
#5037=CARTESIAN_POINT('',(-23.2446323057441,15.3371678704911,-41.2812000000078));
#5038=CARTESIAN_POINT('Origin',(-26.2446323057441,-6.41283212950886,-41.2812000000029));
#5039=CARTESIAN_POINT('',(-23.2446323057441,-6.41283212950886,-41.2812000000078));
#5040=CARTESIAN_POINT('Origin',(-88.8818949456439,15.3371678704914,-38.2811999999518));
#5041=CARTESIAN_POINT('',(-85.8818949456439,15.3371678704914,-38.2811999999567));
#5042=CARTESIAN_POINT('Origin',(-88.8818949456441,-6.41283212950863,-38.2811999999518));
#5043=CARTESIAN_POINT('',(-85.8818949456441,-6.41283212950863,-38.2811999999567));
#5044=CARTESIAN_POINT('Origin',(-54.6870963835862,-25.3361876752094,-28.8083316961056));
#5045=CARTESIAN_POINT('',(-52.4878691342759,-6.46389582959902,-35.2811999999601));
#5046=CARTESIAN_POINT('Origin',(-51.2146323057279,4.4621678704912,-28.8083316961056));
#5047=CARTESIAN_POINT('',(-53.0620530806028,15.3059235151265,-35.2811999999592));
#5048=CARTESIAN_POINT('Origin',(-56.2530526008414,34.0360469013147,-28.8083316961057));
#5049=CARTESIAN_POINT('Origin',(-42.1122400569859,13.7436793503118,-28.8083316961057));
#5050=CARTESIAN_POINT('',(-40.3826120806436,13.7436793503118,-38.2811999999855));
#5051=CARTESIAN_POINT('',(-40.3826120806436,13.7436793503118,-28.8083316961056));
#5052=CARTESIAN_POINT('',(-42.1122400569859,13.7436793503118,-38.2811999999855));
#5053=CARTESIAN_POINT('',(-42.1122400569859,13.7436793503118,-28.8083316961057));
#5054=CARTESIAN_POINT('',(-44.0615983734402,13.7436793503118,-38.2811999999738));
#5055=CARTESIAN_POINT('Origin',(-51.2146323057279,4.4621678704912,-28.8083316961056));
#5056=CARTESIAN_POINT('',(-55.7099817729782,-7.73585791925414,-38.2811999999549));
#5057=CARTESIAN_POINT('',(-55.7099817729782,-7.73585791925412,-28.8083316961056));
#5058=CARTESIAN_POINT('Origin',(-51.2146323057279,4.46216787049118,-38.2811999999706));
#5059=CARTESIAN_POINT('Origin',(-60.0000000000163,18.300001013279,-28.8083316961057));
#5060=CARTESIAN_POINT('',(-60.0000000000163,16.7846202783998,-28.8083316961057));
#5061=CARTESIAN_POINT('',(-60.0000000000163,18.300001013279,-28.8083316961057));
#5062=CARTESIAN_POINT('Origin',(-36.7946323057278,17.7121678704912,-28.8083316961057));
#5063=CARTESIAN_POINT('Origin',(-36.7946323057278,17.7121678704912,-38.2811999999706));
#5064=CARTESIAN_POINT('Origin',(-57.3704033844974,36.1994185459148,-28.8083316961057));
#5065=CARTESIAN_POINT('Origin',(-46.0109566898791,27.0054803432104,-38.2811999999707));
#5066=CARTESIAN_POINT('',(-60.7888856724519,-8.1397397841082,-38.2811999999466));
#5067=CARTESIAN_POINT('Origin',(-56.9368058892513,-24.4443845691307,-38.2811999999706));
#5068=CARTESIAN_POINT('',(-63.4604887381443,-10.7518789696703,-38.2811999999422));
#5069=CARTESIAN_POINT('Origin',(-70.3556896857181,-1.02743275210795,-38.2811999999706));
#5070=CARTESIAN_POINT('',(-33.7609566898829,-10.7518789696703,-38.2811999999906));
#5071=CARTESIAN_POINT('Origin',(-60.0000000000163,64.300001013279,-38.2811999999478));
#5072=CARTESIAN_POINT('',(-60.0000000000163,65.0054803432105,-38.0385593128286));
#5073=CARTESIAN_POINT('',(-60.0000000000163,65.0054803432105,-33.5447658480268));
#5074=CARTESIAN_POINT('',(-60.0000000000163,64.7077901671723,-38.3362494888668));
#5075=CARTESIAN_POINT('Origin',(-28.0000000000163,64.300001013279,-28.8083316961057));
#5076=CARTESIAN_POINT('',(-28.0000000000163,65.0054803432105,-38.0385593128807));
#5077=CARTESIAN_POINT('',(-28.0000000000163,65.0054803432105,-28.8083316961057));
#5078=CARTESIAN_POINT('',(-28.0000000000163,64.300001013279,-38.2812));
#5079=CARTESIAN_POINT('',(-28.0000000000163,64.300001013279,-28.8083316961057));
#5080=CARTESIAN_POINT('',(-28.0000000000163,64.7628396560912,-38.2812));
#5081=CARTESIAN_POINT('',(-28.0000000000163,45.6527406782447,-38.2812));
#5082=CARTESIAN_POINT('',(-28.0000000000163,67.0760072431589,-35.9680324129323));
#5083=CARTESIAN_POINT('Origin',(-95.0109566898792,65.0054803432105,-28.8083316961057));
#5084=CARTESIAN_POINT('',(-70.3445760208864,65.0054803432105,-38.0385593128117));
#5085=CARTESIAN_POINT('',(-91.0222792460014,65.0054803432105,-28.3963879458843));
#5086=CARTESIAN_POINT('',(-82.7609566898903,65.0054803432105,-38.0385593127914));
#5087=CARTESIAN_POINT('Origin',(-95.0109566898792,65.0054803432105,-28.8083316961057));
#5088=CARTESIAN_POINT('',(-21.6773373586992,65.0054803432105,-38.0385593128911));
#5089=CARTESIAN_POINT('',(-82.7609566898903,65.0054803432105,-38.0385593127914));
#5090=CARTESIAN_POINT('',(-61.3720787896703,65.0054803432105,-56.5485212306354));
#5091=CARTESIAN_POINT('Origin',(-70.5109566898867,64.8841599996508,-38.1598796563711));
#5092=CARTESIAN_POINT('',(-70.1404756878866,65.9261174508699,-37.1179222051526));
#5093=CARTESIAN_POINT('Origin',(-70.5109566898867,64.8841599996508,-38.1598796563711));
#5094=CARTESIAN_POINT('',(-58.260956689883,64.7628396560912,-38.2811999999507));
#5095=CARTESIAN_POINT('',(-21.936493940616,66.1744601410464,-36.8695795150547));
#5096=CARTESIAN_POINT('Origin',(-28.0000000000163,57.300001013279,-28.8083316961057));
#5097=CARTESIAN_POINT('Origin',(-28.0000000000163,57.300001013279,-38.2811999999707));
#5098=CARTESIAN_POINT('Origin',(-70.3556896857181,-1.02743275210794,-28.8083316961056));
#5099=CARTESIAN_POINT('',(-60.7888856724519,-8.13973978410819,-28.8083316961056));
#5100=CARTESIAN_POINT('',(-63.816130910066,-10.9945196567896,-38.0385593128223));
#5101=CARTESIAN_POINT('',(-63.816130910066,-10.9945196567896,-28.8083316961056));
#5102=CARTESIAN_POINT('Origin',(-70.3556896857181,-1.02743275210797,-48.0056462174934));
#5103=CARTESIAN_POINT('Origin',(2.98904331012096,-10.9945196567896,-28.8083316961056));
#5104=CARTESIAN_POINT('',(-9.26095668989024,-10.9945196567896,-38.0385593129113));
#5105=CARTESIAN_POINT('Origin',(-46.0109566898791,27.0054803432104,-38.2811999999707));
#5106=CARTESIAN_POINT('Origin',(-56.9368058892513,-24.4443845691307,-28.8083316961056));
#5107=CARTESIAN_POINT('Origin',(-21.5109566898866,-10.87319931323,-38.159879656451));
#5108=CARTESIAN_POINT('Origin',(-47.7067636698382,-10.87319931323,-48.7286067641859));
#5109=CARTESIAN_POINT('',(-30.649834590021,-10.9945196567897,-56.5485212305067));
#5110=CARTESIAN_POINT('Origin',(2.98904331012096,-10.9945196567896,-28.8083316961056));
#5111=CARTESIAN_POINT('Origin',(-87.9550601071584,64.8841599996509,-29.960517907771));
#5112=CARTESIAN_POINT('Origin',(-44.3151497098475,64.8841599996508,-48.728606764312));
#5113=CARTESIAN_POINT('Origin',(-60.0000000000163,25.300001013279,-28.8083316961057));
#5114=CARTESIAN_POINT('Origin',(-95.0109566898791,-13.9945196567896,-28.8083316961056));
#5115=CARTESIAN_POINT('Origin',(2.98904331012097,68.0054803432105,-28.8083316961057));
#5116=CARTESIAN_POINT('',(-63.1725013899779,53.6701523854773,0.862360413349811));
#5117=UNCERTAINTY_MEASURE_WITH_UNIT(LENGTH_MEASURE(0.01),#5123,
'DISTANCE_ACCURACY_VALUE',
'Maximum model space distance between geometric entities at asserted c
onnectivities');
#5118=UNCERTAINTY_MEASURE_WITH_UNIT(LENGTH_MEASURE(0.01),#5123,
'DISTANCE_ACCURACY_VALUE',
'Maximum model space distance between geometric entities at asserted c
onnectivities');
#5119=UNCERTAINTY_MEASURE_WITH_UNIT(LENGTH_MEASURE(0.01),#5123,
'DISTANCE_ACCURACY_VALUE',
'Maximum model space distance between geometric entities at asserted c
onnectivities');
#5120=(
GEOMETRIC_REPRESENTATION_CONTEXT(3)
GLOBAL_UNCERTAINTY_ASSIGNED_CONTEXT((#5117))
GLOBAL_UNIT_ASSIGNED_CONTEXT((#5123,#5125,#5126))
REPRESENTATION_CONTEXT('','3D')
);
#5121=(
GEOMETRIC_REPRESENTATION_CONTEXT(3)
GLOBAL_UNCERTAINTY_ASSIGNED_CONTEXT((#5118))
GLOBAL_UNIT_ASSIGNED_CONTEXT((#5123,#5125,#5126))
REPRESENTATION_CONTEXT('','3D')
);
#5122=(
GEOMETRIC_REPRESENTATION_CONTEXT(3)
GLOBAL_UNCERTAINTY_ASSIGNED_CONTEXT((#5119))
GLOBAL_UNIT_ASSIGNED_CONTEXT((#5123,#5125,#5126))
REPRESENTATION_CONTEXT('','3D')
);
#5123=(
LENGTH_UNIT()
NAMED_UNIT(*)
SI_UNIT(.MILLI.,.METRE.)
);
#5124=(
LENGTH_UNIT()
NAMED_UNIT(*)
SI_UNIT($,.METRE.)
);
#5125=(
NAMED_UNIT(*)
PLANE_ANGLE_UNIT()
SI_UNIT($,.RADIAN.)
);
#5126=(
NAMED_UNIT(*)
SI_UNIT($,.STERADIAN.)
SOLID_ANGLE_UNIT()
);
#5127=SHAPE_DEFINITION_REPRESENTATION(#5129,#5132);
#5128=SHAPE_DEFINITION_REPRESENTATION(#5130,#5133);
#5129=PRODUCT_DEFINITION_SHAPE('',$,#5135);
#5130=PRODUCT_DEFINITION_SHAPE('',$,#5136);
#5131=PRODUCT_DEFINITION_SHAPE($,$,#16);
#5132=SHAPE_REPRESENTATION('',(#2590,#2829),#5120);
#5133=SHAPE_REPRESENTATION('',(#2591),#5121);
#5134=PRODUCT_DEFINITION_CONTEXT('part definition',#5142,'design');
#5135=PRODUCT_DEFINITION('montagem_case_drone','montagem_case_drone v6',
#5137,#5134);
#5136=PRODUCT_DEFINITION('jetson_case v1','jetson_case v1',#5138,#5134);
#5137=PRODUCT_DEFINITION_FORMATION('',$,#5144);
#5138=PRODUCT_DEFINITION_FORMATION('',$,#5145);
#5139=PRODUCT_RELATED_PRODUCT_CATEGORY('montagem_case_drone v6',
'montagem_case_drone v6',(#5144));
#5140=PRODUCT_RELATED_PRODUCT_CATEGORY('jetson_case v1',
'jetson_case v1',(#5145));
#5141=APPLICATION_PROTOCOL_DEFINITION('international standard',
'automotive_design',2009,#5142);
#5142=APPLICATION_CONTEXT(
'Core Data for Automotive Mechanical Design Process');
#5143=PRODUCT_CONTEXT('part definition',#5142,'mechanical');
#5144=PRODUCT('montagem_case_drone','montagem_case_drone v6',$,(#5143));
#5145=PRODUCT('jetson_case v1','jetson_case v1',$,(#5143));
#5146=PRESENTATION_STYLE_ASSIGNMENT((#5149));
#5147=PRESENTATION_STYLE_ASSIGNMENT((#5150));
#5148=PRESENTATION_STYLE_ASSIGNMENT((#5151));
#5149=SURFACE_STYLE_USAGE(.BOTH.,#5152);
#5150=SURFACE_STYLE_USAGE(.BOTH.,#5153);
#5151=SURFACE_STYLE_USAGE(.BOTH.,#5154);
#5152=SURFACE_SIDE_STYLE('',(#5155));
#5153=SURFACE_SIDE_STYLE('',(#5156));
#5154=SURFACE_SIDE_STYLE('',(#5157));
#5155=SURFACE_STYLE_FILL_AREA(#5158);
#5156=SURFACE_STYLE_FILL_AREA(#5159);
#5157=SURFACE_STYLE_FILL_AREA(#5160);
#5158=FILL_AREA_STYLE('A\X\E7o - Acetinado',(#5161));
#5159=FILL_AREA_STYLE('Pl\X\E1stico - Transl\X\FAcido com brilho (Verd
e)',(#5162));
#5160=FILL_AREA_STYLE(
'Resina Tough2000 (com impressoras 3D Formlabs SLA)',(#5163));
#5161=FILL_AREA_STYLE_COLOUR('A\X\E7o - Acetinado',#5164);
#5162=FILL_AREA_STYLE_COLOUR(
'Pl\X\E1stico - Transl\X\FAcido com brilho (Verde)',#5165);
#5163=FILL_AREA_STYLE_COLOUR(
'Resina Tough2000 (com impressoras 3D Formlabs SLA)',#5166);
#5164=COLOUR_RGB('A\X\E7o - Acetinado',0.627450980392157,0.627450980392157,
0.627450980392157);
#5165=COLOUR_RGB('Pl\X\E1stico - Transl\X\FAcido com brilho (Verde)',0.266666666666667,
0.588235294117647,0.282352941176471);
#5166=COLOUR_RGB('Resina Tough2000 (com impressoras 3D Formlabs SLA)',0.247058823529412,
0.247058823529412,0.247058823529412);
ENDSEC;
END-ISO-10303-21;
