ISO-10303-21;
HEADER;
/* Generated by software containing ST-Developer
 * from STEP Tools, Inc. (www.steptools.com) 
 */

FILE_DESCRIPTION(
/* description */ (''),
/* implementation_level */ '2;1');

FILE_NAME(
/* name */ 'case_drone_topo.step',
/* time_stamp */ '2026-07-09T15:59:41-03:00',
/* author */ (''),
/* organization */ (''),
/* preprocessor_version */ 'ST-DEVELOPER v20.1',
/* originating_system */ 'Autodesk Translation Framework v15.8.0.0',
/* authorisation */ '');

FILE_SCHEMA (('AUTOMOTIVE_DESIGN { 1 0 10303 214 3 1 1 }'));
ENDSEC;

DATA;
#10=MECHANICAL_DESIGN_GEOMETRIC_PRESENTATION_REPRESENTATION('',(#17),#13767);
#11=ITEM_DEFINED_TRANSFORMATION($,$,#8028,#8814);
#12=(
REPRESENTATION_RELATIONSHIP($,$,#13778,#13777)
REPRESENTATION_RELATIONSHIP_WITH_TRANSFORMATION(#11)
SHAPE_REPRESENTATION_RELATIONSHIP()
);
#13=CONTEXT_DEPENDENT_SHAPE_REPRESENTATION(#12,#13776);
#14=NEXT_ASSEMBLY_USAGE_OCCURRENCE('jetson_case v1:1',
'jetson_case v1:1','jetson_case v1:1',#13780,#13781,'jetson_case v1:1');
#15=SHAPE_REPRESENTATION_RELATIONSHIP('SRR','None',#13778,#16);
#16=ADVANCED_BREP_SHAPE_REPRESENTATION('',(#18),#13766);
#17=STYLED_ITEM('',(#13793),#18);
#18=MANIFOLD_SOLID_BREP('Corpo25',#8014);
#19=CONICAL_SURFACE('',#8205,4.00000000000164,0.785398163380365);
#20=CONICAL_SURFACE('',#8232,4.00000000000163,0.785398163415331);
#21=CONICAL_SURFACE('',#8236,4.00000000000163,0.785398163415349);
#22=TOROIDAL_SURFACE('',#8106,8.90009496359605,5.);
#23=TOROIDAL_SURFACE('',#8110,8.90009496359605,5.);
#24=TOROIDAL_SURFACE('',#8118,8.90009496359604,5.);
#25=TOROIDAL_SURFACE('',#8122,8.90009496359605,5.);
#26=B_SPLINE_SURFACE_WITH_KNOTS('',3,3,((#11535,#11536,#11537,#11538,#11539,
#11540),(#11541,#11542,#11543,#11544,#11545,#11546),(#11547,#11548,#11549,
#11550,#11551,#11552),(#11553,#11554,#11555,#11556,#11557,#11558),(#11559,
#11560,#11561,#11562,#11563,#11564)),.UNSPECIFIED.,.F.,.F.,.F.,(4,1,4),
(4,1,1,4),(0.,0.571428571428571,1.),(-0.596048493064409,-0.340599138893948,
-0.170299569446974,0.),.UNSPECIFIED.);
#27=B_SPLINE_SURFACE_WITH_KNOTS('',3,3,((#11580,#11581,#11582,#11583,#11584,
#11585),(#11586,#11587,#11588,#11589,#11590,#11591),(#11592,#11593,#11594,
#11595,#11596,#11597),(#11598,#11599,#11600,#11601,#11602,#11603),(#11604,
#11605,#11606,#11607,#11608,#11609)),.UNSPECIFIED.,.F.,.F.,.F.,(4,1,4),
(4,1,1,4),(0.,0.571428571428571,1.),(0.,0.170396400921304,0.340792801842608,
0.596387403224565),.UNSPECIFIED.);
#28=B_SPLINE_SURFACE_WITH_KNOTS('',3,3,((#11625,#11626,#11627,#11628,#11629),
(#11630,#11631,#11632,#11633,#11634),(#11635,#11636,#11637,#11638,#11639),
(#11640,#11641,#11642,#11643,#11644),(#11645,#11646,#11647,#11648,#11649)),
 .UNSPECIFIED.,.F.,.F.,.F.,(4,1,4),(4,1,4),(0.153282117222598,0.637120907381113,
1.),(-5.18221343424034,-4.97637099817069,-4.77052856210103),
 .UNSPECIFIED.);
#29=B_SPLINE_SURFACE_WITH_KNOTS('',3,3,((#11662,#11663,#11664,#11665,#11666),
(#11667,#11668,#11669,#11670,#11671),(#11672,#11673,#11674,#11675,#11676),
(#11677,#11678,#11679,#11680,#11681),(#11682,#11683,#11684,#11685,#11686)),
 .UNSPECIFIED.,.F.,.F.,.F.,(4,1,4),(4,1,4),(0.,0.362879092618887,0.846717882777403),
(0.,0.175938635803362,0.410523483541179),.UNSPECIFIED.);
#30=FACE_BOUND('',#2639,.T.);
#31=FACE_BOUND('',#2640,.T.);
#32=FACE_BOUND('',#2641,.T.);
#33=FACE_BOUND('',#2642,.T.);
#34=FACE_BOUND('',#2643,.T.);
#35=FACE_BOUND('',#2644,.T.);
#36=FACE_BOUND('',#2646,.T.);
#37=FACE_BOUND('',#2647,.T.);
#38=FACE_BOUND('',#2648,.T.);
#39=FACE_BOUND('',#2649,.T.);
#40=FACE_BOUND('',#2650,.T.);
#41=FACE_BOUND('',#2651,.T.);
#42=FACE_BOUND('',#2652,.T.);
#43=FACE_BOUND('',#2653,.T.);
#44=FACE_BOUND('',#2654,.T.);
#45=FACE_BOUND('',#2655,.T.);
#46=FACE_BOUND('',#2656,.T.);
#47=FACE_BOUND('',#2657,.T.);
#48=FACE_BOUND('',#2674,.T.);
#49=FACE_BOUND('',#2682,.T.);
#50=FACE_BOUND('',#2683,.T.);
#51=FACE_BOUND('',#2684,.T.);
#52=FACE_BOUND('',#2685,.T.);
#53=FACE_BOUND('',#2686,.T.);
#54=FACE_BOUND('',#2687,.T.);
#55=FACE_BOUND('',#2688,.T.);
#56=FACE_BOUND('',#2689,.T.);
#57=FACE_BOUND('',#2690,.T.);
#58=FACE_BOUND('',#2691,.T.);
#59=FACE_BOUND('',#2692,.T.);
#60=FACE_BOUND('',#2693,.T.);
#61=FACE_BOUND('',#2694,.T.);
#62=FACE_BOUND('',#2704,.T.);
#63=FACE_BOUND('',#2705,.T.);
#64=FACE_BOUND('',#2706,.T.);
#65=FACE_BOUND('',#2707,.T.);
#66=FACE_BOUND('',#2708,.T.);
#67=FACE_BOUND('',#2709,.T.);
#68=FACE_BOUND('',#2710,.T.);
#69=FACE_BOUND('',#2711,.T.);
#70=FACE_BOUND('',#2719,.T.);
#71=FACE_BOUND('',#2722,.T.);
#72=FACE_BOUND('',#2725,.T.);
#73=FACE_BOUND('',#2935,.T.);
#74=FACE_BOUND('',#2936,.T.);
#75=FACE_BOUND('',#2937,.T.);
#76=FACE_BOUND('',#2938,.T.);
#77=FACE_BOUND('',#2939,.T.);
#78=FACE_BOUND('',#3004,.T.);
#79=FACE_BOUND('',#3005,.T.);
#80=FACE_BOUND('',#3006,.T.);
#81=FACE_BOUND('',#3007,.T.);
#82=FACE_BOUND('',#3008,.T.);
#83=FACE_BOUND('',#3009,.T.);
#84=FACE_BOUND('',#3010,.T.);
#85=FACE_BOUND('',#3011,.T.);
#86=FACE_BOUND('',#3013,.T.);
#87=FACE_BOUND('',#3014,.T.);
#88=FACE_BOUND('',#3015,.T.);
#89=FACE_BOUND('',#3016,.T.);
#90=FACE_BOUND('',#3040,.T.);
#91=FACE_BOUND('',#3041,.T.);
#92=FACE_BOUND('',#3042,.T.);
#93=FACE_BOUND('',#3043,.T.);
#94=FACE_BOUND('',#3044,.T.);
#95=FACE_BOUND('',#3045,.T.);
#96=FACE_BOUND('',#3046,.T.);
#97=FACE_BOUND('',#3047,.T.);
#98=FACE_BOUND('',#3053,.T.);
#99=FACE_BOUND('',#3055,.T.);
#100=FACE_BOUND('',#3057,.T.);
#101=FACE_BOUND('',#3059,.T.);
#102=FACE_BOUND('',#3063,.T.);
#103=FACE_BOUND('',#3064,.T.);
#104=FACE_BOUND('',#3065,.T.);
#105=FACE_BOUND('',#3066,.T.);
#106=FACE_BOUND('',#3067,.T.);
#107=FACE_BOUND('',#3068,.T.);
#108=FACE_BOUND('',#3069,.T.);
#109=FACE_BOUND('',#3070,.T.);
#110=FACE_BOUND('',#3071,.T.);
#111=FACE_BOUND('',#3072,.T.);
#112=FACE_BOUND('',#3073,.T.);
#113=FACE_BOUND('',#3074,.T.);
#114=FACE_BOUND('',#3079,.T.);
#115=FACE_BOUND('',#3080,.T.);
#116=FACE_BOUND('',#3081,.T.);
#117=FACE_BOUND('',#3082,.T.);
#118=FACE_BOUND('',#3083,.T.);
#119=FACE_BOUND('',#3086,.T.);
#120=FACE_BOUND('',#3087,.T.);
#121=FACE_BOUND('',#3088,.T.);
#122=FACE_BOUND('',#3089,.T.);
#123=FACE_BOUND('',#3090,.T.);
#124=FACE_BOUND('',#3091,.T.);
#125=ELLIPSE('',#8046,4.35861698905249,2.49999999999986);
#126=ELLIPSE('',#8631,4.35861698905299,2.50000000000014);
#127=PLANE('',#8041);
#128=PLANE('',#8049);
#129=PLANE('',#8050);
#130=PLANE('',#8075);
#131=PLANE('',#8129);
#132=PLANE('',#8132);
#133=PLANE('',#8139);
#134=PLANE('',#8142);
#135=PLANE('',#8147);
#136=PLANE('',#8196);
#137=PLANE('',#8197);
#138=PLANE('',#8200);
#139=PLANE('',#8203);
#140=PLANE('',#8204);
#141=PLANE('',#8208);
#142=PLANE('',#8242);
#143=PLANE('',#8245);
#144=PLANE('',#8248);
#145=PLANE('',#8252);
#146=PLANE('',#8256);
#147=PLANE('',#8260);
#148=PLANE('',#8264);
#149=PLANE('',#8268);
#150=PLANE('',#8272);
#151=PLANE('',#8276);
#152=PLANE('',#8280);
#153=PLANE('',#8284);
#154=PLANE('',#8288);
#155=PLANE('',#8292);
#156=PLANE('',#8296);
#157=PLANE('',#8300);
#158=PLANE('',#8304);
#159=PLANE('',#8308);
#160=PLANE('',#8312);
#161=PLANE('',#8316);
#162=PLANE('',#8320);
#163=PLANE('',#8324);
#164=PLANE('',#8328);
#165=PLANE('',#8332);
#166=PLANE('',#8336);
#167=PLANE('',#8340);
#168=PLANE('',#8344);
#169=PLANE('',#8348);
#170=PLANE('',#8352);
#171=PLANE('',#8356);
#172=PLANE('',#8360);
#173=PLANE('',#8364);
#174=PLANE('',#8368);
#175=PLANE('',#8372);
#176=PLANE('',#8376);
#177=PLANE('',#8377);
#178=PLANE('',#8380);
#179=PLANE('',#8383);
#180=PLANE('',#8386);
#181=PLANE('',#8389);
#182=PLANE('',#8392);
#183=PLANE('',#8395);
#184=PLANE('',#8398);
#185=PLANE('',#8401);
#186=PLANE('',#8404);
#187=PLANE('',#8407);
#188=PLANE('',#8410);
#189=PLANE('',#8413);
#190=PLANE('',#8416);
#191=PLANE('',#8419);
#192=PLANE('',#8422);
#193=PLANE('',#8425);
#194=PLANE('',#8428);
#195=PLANE('',#8431);
#196=PLANE('',#8434);
#197=PLANE('',#8437);
#198=PLANE('',#8440);
#199=PLANE('',#8443);
#200=PLANE('',#8446);
#201=PLANE('',#8449);
#202=PLANE('',#8452);
#203=PLANE('',#8455);
#204=PLANE('',#8458);
#205=PLANE('',#8461);
#206=PLANE('',#8464);
#207=PLANE('',#8467);
#208=PLANE('',#8470);
#209=PLANE('',#8473);
#210=PLANE('',#8476);
#211=PLANE('',#8479);
#212=PLANE('',#8482);
#213=PLANE('',#8485);
#214=PLANE('',#8488);
#215=PLANE('',#8491);
#216=PLANE('',#8494);
#217=PLANE('',#8497);
#218=PLANE('',#8500);
#219=PLANE('',#8503);
#220=PLANE('',#8506);
#221=PLANE('',#8509);
#222=PLANE('',#8512);
#223=PLANE('',#8515);
#224=PLANE('',#8518);
#225=PLANE('',#8524);
#226=PLANE('',#8528);
#227=PLANE('',#8532);
#228=PLANE('',#8536);
#229=PLANE('',#8540);
#230=PLANE('',#8544);
#231=PLANE('',#8548);
#232=PLANE('',#8552);
#233=PLANE('',#8556);
#234=PLANE('',#8560);
#235=PLANE('',#8564);
#236=PLANE('',#8568);
#237=PLANE('',#8572);
#238=PLANE('',#8576);
#239=PLANE('',#8580);
#240=PLANE('',#8584);
#241=PLANE('',#8588);
#242=PLANE('',#8592);
#243=PLANE('',#8596);
#244=PLANE('',#8600);
#245=PLANE('',#8604);
#246=PLANE('',#8608);
#247=PLANE('',#8612);
#248=PLANE('',#8616);
#249=PLANE('',#8617);
#250=PLANE('',#8618);
#251=PLANE('',#8621);
#252=PLANE('',#8624);
#253=PLANE('',#8627);
#254=PLANE('',#8630);
#255=PLANE('',#8634);
#256=PLANE('',#8637);
#257=PLANE('',#8640);
#258=PLANE('',#8643);
#259=PLANE('',#8646);
#260=PLANE('',#8649);
#261=PLANE('',#8652);
#262=PLANE('',#8655);
#263=PLANE('',#8658);
#264=PLANE('',#8661);
#265=PLANE('',#8664);
#266=PLANE('',#8667);
#267=PLANE('',#8670);
#268=PLANE('',#8673);
#269=PLANE('',#8676);
#270=PLANE('',#8679);
#271=PLANE('',#8682);
#272=PLANE('',#8685);
#273=PLANE('',#8688);
#274=PLANE('',#8700);
#275=PLANE('',#8702);
#276=PLANE('',#8704);
#277=PLANE('',#8708);
#278=PLANE('',#8709);
#279=PLANE('',#8710);
#280=PLANE('',#8723);
#281=PLANE('',#8724);
#282=PLANE('',#8725);
#283=PLANE('',#8726);
#284=PLANE('',#8727);
#285=PLANE('',#8728);
#286=PLANE('',#8729);
#287=PLANE('',#8730);
#288=PLANE('',#8731);
#289=PLANE('',#8732);
#290=PLANE('',#8733);
#291=PLANE('',#8734);
#292=PLANE('',#8735);
#293=PLANE('',#8736);
#294=PLANE('',#8737);
#295=PLANE('',#8738);
#296=PLANE('',#8739);
#297=PLANE('',#8740);
#298=PLANE('',#8741);
#299=PLANE('',#8742);
#300=PLANE('',#8743);
#301=PLANE('',#8744);
#302=PLANE('',#8745);
#303=PLANE('',#8746);
#304=PLANE('',#8747);
#305=PLANE('',#8748);
#306=PLANE('',#8749);
#307=PLANE('',#8750);
#308=PLANE('',#8756);
#309=PLANE('',#8761);
#310=PLANE('',#8765);
#311=PLANE('',#8769);
#312=PLANE('',#8771);
#313=PLANE('',#8773);
#314=PLANE('',#8775);
#315=PLANE('',#8778);
#316=PLANE('',#8779);
#317=PLANE('',#8781);
#318=PLANE('',#8791);
#319=PLANE('',#8792);
#320=PLANE('',#8804);
#321=PLANE('',#8811);
#322=PLANE('',#8813);
#323=LINE('',#11199,#1083);
#324=LINE('',#11262,#1084);
#325=LINE('',#11282,#1085);
#326=LINE('',#11286,#1086);
#327=LINE('',#11289,#1087);
#328=LINE('',#11292,#1088);
#329=LINE('',#11293,#1089);
#330=LINE('',#11296,#1090);
#331=LINE('',#11300,#1091);
#332=LINE('',#11303,#1092);
#333=LINE('',#11309,#1093);
#334=LINE('',#11312,#1094);
#335=LINE('',#11314,#1095);
#336=LINE('',#11318,#1096);
#337=LINE('',#11341,#1097);
#338=LINE('',#11342,#1098);
#339=LINE('',#11345,#1099);
#340=LINE('',#11347,#1100);
#341=LINE('',#11349,#1101);
#342=LINE('',#11351,#1102);
#343=LINE('',#11353,#1103);
#344=LINE('',#11355,#1104);
#345=LINE('',#11357,#1105);
#346=LINE('',#11359,#1106);
#347=LINE('',#11360,#1107);
#348=LINE('',#11363,#1108);
#349=LINE('',#11367,#1109);
#350=LINE('',#11371,#1110);
#351=LINE('',#11375,#1111);
#352=LINE('',#11379,#1112);
#353=LINE('',#11383,#1113);
#354=LINE('',#11387,#1114);
#355=LINE('',#11391,#1115);
#356=LINE('',#11395,#1116);
#357=LINE('',#11399,#1117);
#358=LINE('',#11403,#1118);
#359=LINE('',#11407,#1119);
#360=LINE('',#11411,#1120);
#361=LINE('',#11415,#1121);
#362=LINE('',#11419,#1122);
#363=LINE('',#11423,#1123);
#364=LINE('',#11427,#1124);
#365=LINE('',#11431,#1125);
#366=LINE('',#11435,#1126);
#367=LINE('',#11439,#1127);
#368=LINE('',#11443,#1128);
#369=LINE('',#11447,#1129);
#370=LINE('',#11451,#1130);
#371=LINE('',#11455,#1131);
#372=LINE('',#11462,#1132);
#373=LINE('',#11466,#1133);
#374=LINE('',#11470,#1134);
#375=LINE('',#11473,#1135);
#376=LINE('',#11498,#1136);
#377=LINE('',#11502,#1137);
#378=LINE('',#11506,#1138);
#379=LINE('',#11510,#1139);
#380=LINE('',#11514,#1140);
#381=LINE('',#11520,#1141);
#382=LINE('',#11524,#1142);
#383=LINE('',#11531,#1143);
#384=LINE('',#11534,#1144);
#385=LINE('',#11579,#1145);
#386=LINE('',#11613,#1146);
#387=LINE('',#11661,#1147);
#388=LINE('',#11690,#1148);
#389=LINE('',#11713,#1149);
#390=LINE('',#11714,#1150);
#391=LINE('',#11719,#1151);
#392=LINE('',#11720,#1152);
#393=LINE('',#11734,#1153);
#394=LINE('',#11735,#1154);
#395=LINE('',#11738,#1155);
#396=LINE('',#11742,#1156);
#397=LINE('',#11743,#1157);
#398=LINE('',#11749,#1158);
#399=LINE('',#11753,#1159);
#400=LINE('',#11757,#1160);
#401=LINE('',#11761,#1161);
#402=LINE('',#11767,#1162);
#403=LINE('',#11768,#1163);
#404=LINE('',#11771,#1164);
#405=LINE('',#11772,#1165);
#406=LINE('',#11775,#1166);
#407=LINE('',#11778,#1167);
#408=LINE('',#11781,#1168);
#409=LINE('',#11782,#1169);
#410=LINE('',#11786,#1170);
#411=LINE('',#11790,#1171);
#412=LINE('',#11794,#1172);
#413=LINE('',#11796,#1173);
#414=LINE('',#11798,#1174);
#415=LINE('',#11799,#1175);
#416=LINE('',#11800,#1176);
#417=LINE('',#11801,#1177);
#418=LINE('',#11804,#1178);
#419=LINE('',#11808,#1179);
#420=LINE('',#11812,#1180);
#421=LINE('',#11816,#1181);
#422=LINE('',#11820,#1182);
#423=LINE('',#11824,#1183);
#424=LINE('',#11828,#1184);
#425=LINE('',#11832,#1185);
#426=LINE('',#11836,#1186);
#427=LINE('',#11840,#1187);
#428=LINE('',#11844,#1188);
#429=LINE('',#11848,#1189);
#430=LINE('',#11852,#1190);
#431=LINE('',#11856,#1191);
#432=LINE('',#11860,#1192);
#433=LINE('',#11864,#1193);
#434=LINE('',#11868,#1194);
#435=LINE('',#11872,#1195);
#436=LINE('',#11876,#1196);
#437=LINE('',#11880,#1197);
#438=LINE('',#11884,#1198);
#439=LINE('',#11888,#1199);
#440=LINE('',#11892,#1200);
#441=LINE('',#11896,#1201);
#442=LINE('',#11900,#1202);
#443=LINE('',#11904,#1203);
#444=LINE('',#11908,#1204);
#445=LINE('',#11912,#1205);
#446=LINE('',#11916,#1206);
#447=LINE('',#11920,#1207);
#448=LINE('',#11924,#1208);
#449=LINE('',#11928,#1209);
#450=LINE('',#11932,#1210);
#451=LINE('',#11936,#1211);
#452=LINE('',#11940,#1212);
#453=LINE('',#11944,#1213);
#454=LINE('',#11948,#1214);
#455=LINE('',#11952,#1215);
#456=LINE('',#11956,#1216);
#457=LINE('',#11960,#1217);
#458=LINE('',#11964,#1218);
#459=LINE('',#11968,#1219);
#460=LINE('',#11972,#1220);
#461=LINE('',#11976,#1221);
#462=LINE('',#11980,#1222);
#463=LINE('',#11984,#1223);
#464=LINE('',#11988,#1224);
#465=LINE('',#11992,#1225);
#466=LINE('',#12000,#1226);
#467=LINE('',#12001,#1227);
#468=LINE('',#12004,#1228);
#469=LINE('',#12005,#1229);
#470=LINE('',#12009,#1230);
#471=LINE('',#12012,#1231);
#472=LINE('',#12013,#1232);
#473=LINE('',#12016,#1233);
#474=LINE('',#12017,#1234);
#475=LINE('',#12022,#1235);
#476=LINE('',#12026,#1236);
#477=LINE('',#12029,#1237);
#478=LINE('',#12032,#1238);
#479=LINE('',#12036,#1239);
#480=LINE('',#12040,#1240);
#481=LINE('',#12044,#1241);
#482=LINE('',#12050,#1242);
#483=LINE('',#12055,#1243);
#484=LINE('',#12061,#1244);
#485=LINE('',#12065,#1245);
#486=LINE('',#12069,#1246);
#487=LINE('',#12073,#1247);
#488=LINE('',#12090,#1248);
#489=LINE('',#12093,#1249);
#490=LINE('',#12098,#1250);
#491=LINE('',#12101,#1251);
#492=LINE('',#12106,#1252);
#493=LINE('',#12110,#1253);
#494=LINE('',#12115,#1254);
#495=LINE('',#12120,#1255);
#496=LINE('',#12127,#1256);
#497=LINE('',#12130,#1257);
#498=LINE('',#12133,#1258);
#499=LINE('',#12135,#1259);
#500=LINE('',#12136,#1260);
#501=LINE('',#12141,#1261);
#502=LINE('',#12145,#1262);
#503=LINE('',#12147,#1263);
#504=LINE('',#12148,#1264);
#505=LINE('',#12153,#1265);
#506=LINE('',#12157,#1266);
#507=LINE('',#12159,#1267);
#508=LINE('',#12160,#1268);
#509=LINE('',#12165,#1269);
#510=LINE('',#12168,#1270);
#511=LINE('',#12169,#1271);
#512=LINE('',#12175,#1272);
#513=LINE('',#12178,#1273);
#514=LINE('',#12181,#1274);
#515=LINE('',#12183,#1275);
#516=LINE('',#12184,#1276);
#517=LINE('',#12189,#1277);
#518=LINE('',#12193,#1278);
#519=LINE('',#12195,#1279);
#520=LINE('',#12196,#1280);
#521=LINE('',#12201,#1281);
#522=LINE('',#12205,#1282);
#523=LINE('',#12207,#1283);
#524=LINE('',#12208,#1284);
#525=LINE('',#12213,#1285);
#526=LINE('',#12216,#1286);
#527=LINE('',#12217,#1287);
#528=LINE('',#12223,#1288);
#529=LINE('',#12226,#1289);
#530=LINE('',#12229,#1290);
#531=LINE('',#12231,#1291);
#532=LINE('',#12232,#1292);
#533=LINE('',#12237,#1293);
#534=LINE('',#12241,#1294);
#535=LINE('',#12243,#1295);
#536=LINE('',#12244,#1296);
#537=LINE('',#12249,#1297);
#538=LINE('',#12253,#1298);
#539=LINE('',#12255,#1299);
#540=LINE('',#12256,#1300);
#541=LINE('',#12261,#1301);
#542=LINE('',#12264,#1302);
#543=LINE('',#12265,#1303);
#544=LINE('',#12271,#1304);
#545=LINE('',#12274,#1305);
#546=LINE('',#12277,#1306);
#547=LINE('',#12279,#1307);
#548=LINE('',#12280,#1308);
#549=LINE('',#12285,#1309);
#550=LINE('',#12289,#1310);
#551=LINE('',#12291,#1311);
#552=LINE('',#12292,#1312);
#553=LINE('',#12297,#1313);
#554=LINE('',#12301,#1314);
#555=LINE('',#12303,#1315);
#556=LINE('',#12304,#1316);
#557=LINE('',#12309,#1317);
#558=LINE('',#12312,#1318);
#559=LINE('',#12313,#1319);
#560=LINE('',#12319,#1320);
#561=LINE('',#12322,#1321);
#562=LINE('',#12325,#1322);
#563=LINE('',#12327,#1323);
#564=LINE('',#12328,#1324);
#565=LINE('',#12333,#1325);
#566=LINE('',#12337,#1326);
#567=LINE('',#12339,#1327);
#568=LINE('',#12340,#1328);
#569=LINE('',#12345,#1329);
#570=LINE('',#12349,#1330);
#571=LINE('',#12351,#1331);
#572=LINE('',#12352,#1332);
#573=LINE('',#12357,#1333);
#574=LINE('',#12360,#1334);
#575=LINE('',#12361,#1335);
#576=LINE('',#12367,#1336);
#577=LINE('',#12370,#1337);
#578=LINE('',#12373,#1338);
#579=LINE('',#12375,#1339);
#580=LINE('',#12376,#1340);
#581=LINE('',#12381,#1341);
#582=LINE('',#12385,#1342);
#583=LINE('',#12387,#1343);
#584=LINE('',#12388,#1344);
#585=LINE('',#12393,#1345);
#586=LINE('',#12397,#1346);
#587=LINE('',#12399,#1347);
#588=LINE('',#12400,#1348);
#589=LINE('',#12405,#1349);
#590=LINE('',#12408,#1350);
#591=LINE('',#12409,#1351);
#592=LINE('',#12415,#1352);
#593=LINE('',#12418,#1353);
#594=LINE('',#12421,#1354);
#595=LINE('',#12423,#1355);
#596=LINE('',#12424,#1356);
#597=LINE('',#12429,#1357);
#598=LINE('',#12433,#1358);
#599=LINE('',#12435,#1359);
#600=LINE('',#12436,#1360);
#601=LINE('',#12441,#1361);
#602=LINE('',#12445,#1362);
#603=LINE('',#12447,#1363);
#604=LINE('',#12448,#1364);
#605=LINE('',#12453,#1365);
#606=LINE('',#12456,#1366);
#607=LINE('',#12457,#1367);
#608=LINE('',#12463,#1368);
#609=LINE('',#12466,#1369);
#610=LINE('',#12469,#1370);
#611=LINE('',#12471,#1371);
#612=LINE('',#12472,#1372);
#613=LINE('',#12477,#1373);
#614=LINE('',#12481,#1374);
#615=LINE('',#12483,#1375);
#616=LINE('',#12484,#1376);
#617=LINE('',#12489,#1377);
#618=LINE('',#12493,#1378);
#619=LINE('',#12495,#1379);
#620=LINE('',#12496,#1380);
#621=LINE('',#12501,#1381);
#622=LINE('',#12504,#1382);
#623=LINE('',#12505,#1383);
#624=LINE('',#12509,#1384);
#625=LINE('',#12510,#1385);
#626=LINE('',#12511,#1386);
#627=LINE('',#12515,#1387);
#628=LINE('',#12518,#1388);
#629=LINE('',#12519,#1389);
#630=LINE('',#12523,#1390);
#631=LINE('',#12526,#1391);
#632=LINE('',#12527,#1392);
#633=LINE('',#12531,#1393);
#634=LINE('',#12534,#1394);
#635=LINE('',#12535,#1395);
#636=LINE('',#12541,#1396);
#637=LINE('',#12542,#1397);
#638=LINE('',#12543,#1398);
#639=LINE('',#12547,#1399);
#640=LINE('',#12550,#1400);
#641=LINE('',#12551,#1401);
#642=LINE('',#12555,#1402);
#643=LINE('',#12558,#1403);
#644=LINE('',#12559,#1404);
#645=LINE('',#12563,#1405);
#646=LINE('',#12566,#1406);
#647=LINE('',#12567,#1407);
#648=LINE('',#12573,#1408);
#649=LINE('',#12574,#1409);
#650=LINE('',#12575,#1410);
#651=LINE('',#12579,#1411);
#652=LINE('',#12582,#1412);
#653=LINE('',#12583,#1413);
#654=LINE('',#12587,#1414);
#655=LINE('',#12590,#1415);
#656=LINE('',#12591,#1416);
#657=LINE('',#12595,#1417);
#658=LINE('',#12598,#1418);
#659=LINE('',#12599,#1419);
#660=LINE('',#12605,#1420);
#661=LINE('',#12606,#1421);
#662=LINE('',#12607,#1422);
#663=LINE('',#12611,#1423);
#664=LINE('',#12614,#1424);
#665=LINE('',#12615,#1425);
#666=LINE('',#12619,#1426);
#667=LINE('',#12622,#1427);
#668=LINE('',#12623,#1428);
#669=LINE('',#12627,#1429);
#670=LINE('',#12630,#1430);
#671=LINE('',#12631,#1431);
#672=LINE('',#12637,#1432);
#673=LINE('',#12638,#1433);
#674=LINE('',#12639,#1434);
#675=LINE('',#12643,#1435);
#676=LINE('',#12646,#1436);
#677=LINE('',#12647,#1437);
#678=LINE('',#12651,#1438);
#679=LINE('',#12654,#1439);
#680=LINE('',#12655,#1440);
#681=LINE('',#12659,#1441);
#682=LINE('',#12662,#1442);
#683=LINE('',#12663,#1443);
#684=LINE('',#12669,#1444);
#685=LINE('',#12670,#1445);
#686=LINE('',#12671,#1446);
#687=LINE('',#12675,#1447);
#688=LINE('',#12678,#1448);
#689=LINE('',#12679,#1449);
#690=LINE('',#12683,#1450);
#691=LINE('',#12686,#1451);
#692=LINE('',#12687,#1452);
#693=LINE('',#12691,#1453);
#694=LINE('',#12694,#1454);
#695=LINE('',#12695,#1455);
#696=LINE('',#12701,#1456);
#697=LINE('',#12702,#1457);
#698=LINE('',#12703,#1458);
#699=LINE('',#12707,#1459);
#700=LINE('',#12710,#1460);
#701=LINE('',#12711,#1461);
#702=LINE('',#12715,#1462);
#703=LINE('',#12718,#1463);
#704=LINE('',#12719,#1464);
#705=LINE('',#12723,#1465);
#706=LINE('',#12726,#1466);
#707=LINE('',#12727,#1467);
#708=LINE('',#12733,#1468);
#709=LINE('',#12734,#1469);
#710=LINE('',#12735,#1470);
#711=LINE('',#12739,#1471);
#712=LINE('',#12742,#1472);
#713=LINE('',#12743,#1473);
#714=LINE('',#12747,#1474);
#715=LINE('',#12750,#1475);
#716=LINE('',#12751,#1476);
#717=LINE('',#12755,#1477);
#718=LINE('',#12758,#1478);
#719=LINE('',#12759,#1479);
#720=LINE('',#12765,#1480);
#721=LINE('',#12766,#1481);
#722=LINE('',#12767,#1482);
#723=LINE('',#12771,#1483);
#724=LINE('',#12774,#1484);
#725=LINE('',#12775,#1485);
#726=LINE('',#12779,#1486);
#727=LINE('',#12782,#1487);
#728=LINE('',#12783,#1488);
#729=LINE('',#12787,#1489);
#730=LINE('',#12790,#1490);
#731=LINE('',#12791,#1491);
#732=LINE('',#12797,#1492);
#733=LINE('',#12798,#1493);
#734=LINE('',#12799,#1494);
#735=LINE('',#12803,#1495);
#736=LINE('',#12806,#1496);
#737=LINE('',#12807,#1497);
#738=LINE('',#12811,#1498);
#739=LINE('',#12814,#1499);
#740=LINE('',#12815,#1500);
#741=LINE('',#12819,#1501);
#742=LINE('',#12822,#1502);
#743=LINE('',#12823,#1503);
#744=LINE('',#12829,#1504);
#745=LINE('',#12830,#1505);
#746=LINE('',#12831,#1506);
#747=LINE('',#12835,#1507);
#748=LINE('',#12838,#1508);
#749=LINE('',#12839,#1509);
#750=LINE('',#12843,#1510);
#751=LINE('',#12846,#1511);
#752=LINE('',#12847,#1512);
#753=LINE('',#12851,#1513);
#754=LINE('',#12854,#1514);
#755=LINE('',#12855,#1515);
#756=LINE('',#12861,#1516);
#757=LINE('',#12862,#1517);
#758=LINE('',#12863,#1518);
#759=LINE('',#12867,#1519);
#760=LINE('',#12870,#1520);
#761=LINE('',#12871,#1521);
#762=LINE('',#12875,#1522);
#763=LINE('',#12878,#1523);
#764=LINE('',#12879,#1524);
#765=LINE('',#12883,#1525);
#766=LINE('',#12886,#1526);
#767=LINE('',#12887,#1527);
#768=LINE('',#12895,#1528);
#769=LINE('',#12898,#1529);
#770=LINE('',#12901,#1530);
#771=LINE('',#12903,#1531);
#772=LINE('',#12904,#1532);
#773=LINE('',#12910,#1533);
#774=LINE('',#12913,#1534);
#775=LINE('',#12915,#1535);
#776=LINE('',#12916,#1536);
#777=LINE('',#12922,#1537);
#778=LINE('',#12925,#1538);
#779=LINE('',#12927,#1539);
#780=LINE('',#12928,#1540);
#781=LINE('',#12933,#1541);
#782=LINE('',#12936,#1542);
#783=LINE('',#12937,#1543);
#784=LINE('',#12943,#1544);
#785=LINE('',#12946,#1545);
#786=LINE('',#12949,#1546);
#787=LINE('',#12951,#1547);
#788=LINE('',#12952,#1548);
#789=LINE('',#12958,#1549);
#790=LINE('',#12961,#1550);
#791=LINE('',#12963,#1551);
#792=LINE('',#12964,#1552);
#793=LINE('',#12970,#1553);
#794=LINE('',#12973,#1554);
#795=LINE('',#12975,#1555);
#796=LINE('',#12976,#1556);
#797=LINE('',#12981,#1557);
#798=LINE('',#12984,#1558);
#799=LINE('',#12985,#1559);
#800=LINE('',#12991,#1560);
#801=LINE('',#12994,#1561);
#802=LINE('',#12997,#1562);
#803=LINE('',#12999,#1563);
#804=LINE('',#13000,#1564);
#805=LINE('',#13006,#1565);
#806=LINE('',#13009,#1566);
#807=LINE('',#13011,#1567);
#808=LINE('',#13012,#1568);
#809=LINE('',#13018,#1569);
#810=LINE('',#13021,#1570);
#811=LINE('',#13023,#1571);
#812=LINE('',#13024,#1572);
#813=LINE('',#13029,#1573);
#814=LINE('',#13032,#1574);
#815=LINE('',#13033,#1575);
#816=LINE('',#13039,#1576);
#817=LINE('',#13042,#1577);
#818=LINE('',#13045,#1578);
#819=LINE('',#13047,#1579);
#820=LINE('',#13048,#1580);
#821=LINE('',#13054,#1581);
#822=LINE('',#13057,#1582);
#823=LINE('',#13059,#1583);
#824=LINE('',#13060,#1584);
#825=LINE('',#13066,#1585);
#826=LINE('',#13069,#1586);
#827=LINE('',#13071,#1587);
#828=LINE('',#13072,#1588);
#829=LINE('',#13077,#1589);
#830=LINE('',#13080,#1590);
#831=LINE('',#13081,#1591);
#832=LINE('',#13087,#1592);
#833=LINE('',#13090,#1593);
#834=LINE('',#13093,#1594);
#835=LINE('',#13095,#1595);
#836=LINE('',#13096,#1596);
#837=LINE('',#13102,#1597);
#838=LINE('',#13105,#1598);
#839=LINE('',#13107,#1599);
#840=LINE('',#13108,#1600);
#841=LINE('',#13114,#1601);
#842=LINE('',#13117,#1602);
#843=LINE('',#13119,#1603);
#844=LINE('',#13120,#1604);
#845=LINE('',#13125,#1605);
#846=LINE('',#13128,#1606);
#847=LINE('',#13129,#1607);
#848=LINE('',#13135,#1608);
#849=LINE('',#13138,#1609);
#850=LINE('',#13141,#1610);
#851=LINE('',#13143,#1611);
#852=LINE('',#13144,#1612);
#853=LINE('',#13150,#1613);
#854=LINE('',#13153,#1614);
#855=LINE('',#13154,#1615);
#856=LINE('',#13155,#1616);
#857=LINE('',#13161,#1617);
#858=LINE('',#13164,#1618);
#859=LINE('',#13166,#1619);
#860=LINE('',#13167,#1620);
#861=LINE('',#13172,#1621);
#862=LINE('',#13175,#1622);
#863=LINE('',#13176,#1623);
#864=LINE('',#13179,#1624);
#865=LINE('',#13180,#1625);
#866=LINE('',#13184,#1626);
#867=LINE('',#13185,#1627);
#868=LINE('',#13186,#1628);
#869=LINE('',#13190,#1629);
#870=LINE('',#13193,#1630);
#871=LINE('',#13194,#1631);
#872=LINE('',#13198,#1632);
#873=LINE('',#13201,#1633);
#874=LINE('',#13202,#1634);
#875=LINE('',#13206,#1635);
#876=LINE('',#13209,#1636);
#877=LINE('',#13210,#1637);
#878=LINE('',#13216,#1638);
#879=LINE('',#13217,#1639);
#880=LINE('',#13219,#1640);
#881=LINE('',#13250,#1641);
#882=LINE('',#13254,#1642);
#883=LINE('',#13255,#1643);
#884=LINE('',#13259,#1644);
#885=LINE('',#13262,#1645);
#886=LINE('',#13263,#1646);
#887=LINE('',#13267,#1647);
#888=LINE('',#13270,#1648);
#889=LINE('',#13271,#1649);
#890=LINE('',#13277,#1650);
#891=LINE('',#13278,#1651);
#892=LINE('',#13279,#1652);
#893=LINE('',#13283,#1653);
#894=LINE('',#13286,#1654);
#895=LINE('',#13287,#1655);
#896=LINE('',#13291,#1656);
#897=LINE('',#13294,#1657);
#898=LINE('',#13295,#1658);
#899=LINE('',#13299,#1659);
#900=LINE('',#13302,#1660);
#901=LINE('',#13303,#1661);
#902=LINE('',#13309,#1662);
#903=LINE('',#13310,#1663);
#904=LINE('',#13311,#1664);
#905=LINE('',#13315,#1665);
#906=LINE('',#13318,#1666);
#907=LINE('',#13319,#1667);
#908=LINE('',#13323,#1668);
#909=LINE('',#13326,#1669);
#910=LINE('',#13327,#1670);
#911=LINE('',#13331,#1671);
#912=LINE('',#13334,#1672);
#913=LINE('',#13335,#1673);
#914=LINE('',#13341,#1674);
#915=LINE('',#13342,#1675);
#916=LINE('',#13343,#1676);
#917=LINE('',#13347,#1677);
#918=LINE('',#13350,#1678);
#919=LINE('',#13351,#1679);
#920=LINE('',#13355,#1680);
#921=LINE('',#13358,#1681);
#922=LINE('',#13359,#1682);
#923=LINE('',#13363,#1683);
#924=LINE('',#13366,#1684);
#925=LINE('',#13367,#1685);
#926=LINE('',#13373,#1686);
#927=LINE('',#13374,#1687);
#928=LINE('',#13375,#1688);
#929=LINE('',#13379,#1689);
#930=LINE('',#13382,#1690);
#931=LINE('',#13383,#1691);
#932=LINE('',#13387,#1692);
#933=LINE('',#13390,#1693);
#934=LINE('',#13391,#1694);
#935=LINE('',#13395,#1695);
#936=LINE('',#13398,#1696);
#937=LINE('',#13399,#1697);
#938=LINE('',#13403,#1698);
#939=LINE('',#13406,#1699);
#940=LINE('',#13408,#1700);
#941=LINE('',#13411,#1701);
#942=LINE('',#13413,#1702);
#943=LINE('',#13415,#1703);
#944=LINE('',#13417,#1704);
#945=LINE('',#13419,#1705);
#946=LINE('',#13420,#1706);
#947=LINE('',#13422,#1707);
#948=LINE('',#13424,#1708);
#949=LINE('',#13425,#1709);
#950=LINE('',#13427,#1710);
#951=LINE('',#13429,#1711);
#952=LINE('',#13432,#1712);
#953=LINE('',#13435,#1713);
#954=LINE('',#13440,#1714);
#955=LINE('',#13442,#1715);
#956=LINE('',#13444,#1716);
#957=LINE('',#13446,#1717);
#958=LINE('',#13448,#1718);
#959=LINE('',#13450,#1719);
#960=LINE('',#13452,#1720);
#961=LINE('',#13454,#1721);
#962=LINE('',#13456,#1722);
#963=LINE('',#13458,#1723);
#964=LINE('',#13460,#1724);
#965=LINE('',#13462,#1725);
#966=LINE('',#13464,#1726);
#967=LINE('',#13466,#1727);
#968=LINE('',#13468,#1728);
#969=LINE('',#13470,#1729);
#970=LINE('',#13472,#1730);
#971=LINE('',#13474,#1731);
#972=LINE('',#13476,#1732);
#973=LINE('',#13478,#1733);
#974=LINE('',#13480,#1734);
#975=LINE('',#13482,#1735);
#976=LINE('',#13484,#1736);
#977=LINE('',#13486,#1737);
#978=LINE('',#13488,#1738);
#979=LINE('',#13490,#1739);
#980=LINE('',#13492,#1740);
#981=LINE('',#13494,#1741);
#982=LINE('',#13496,#1742);
#983=LINE('',#13497,#1743);
#984=LINE('',#13498,#1744);
#985=LINE('',#13502,#1745);
#986=LINE('',#13503,#1746);
#987=LINE('',#13505,#1747);
#988=LINE('',#13506,#1748);
#989=LINE('',#13508,#1749);
#990=LINE('',#13512,#1750);
#991=LINE('',#13515,#1751);
#992=LINE('',#13517,#1752);
#993=LINE('',#13521,#1753);
#994=LINE('',#13526,#1754);
#995=LINE('',#13527,#1755);
#996=LINE('',#13529,#1756);
#997=LINE('',#13530,#1757);
#998=LINE('',#13532,#1758);
#999=LINE('',#13546,#1759);
#1000=LINE('',#13547,#1760);
#1001=LINE('',#13550,#1761);
#1002=LINE('',#13552,#1762);
#1003=LINE('',#13553,#1763);
#1004=LINE('',#13555,#1764);
#1005=LINE('',#13557,#1765);
#1006=LINE('',#13561,#1766);
#1007=LINE('',#13562,#1767);
#1008=LINE('',#13563,#1768);
#1009=LINE('',#13566,#1769);
#1010=LINE('',#13567,#1770);
#1011=LINE('',#13570,#1771);
#1012=LINE('',#13571,#1772);
#1013=LINE('',#13575,#1773);
#1014=LINE('',#13576,#1774);
#1015=LINE('',#13577,#1775);
#1016=LINE('',#13580,#1776);
#1017=LINE('',#13581,#1777);
#1018=LINE('',#13583,#1778);
#1019=LINE('',#13587,#1779);
#1020=LINE('',#13588,#1780);
#1021=LINE('',#13589,#1781);
#1022=LINE('',#13592,#1782);
#1023=LINE('',#13593,#1783);
#1024=LINE('',#13596,#1784);
#1025=LINE('',#13597,#1785);
#1026=LINE('',#13601,#1786);
#1027=LINE('',#13602,#1787);
#1028=LINE('',#13603,#1788);
#1029=LINE('',#13607,#1789);
#1030=LINE('',#13608,#1790);
#1031=LINE('',#13609,#1791);
#1032=LINE('',#13611,#1792);
#1033=LINE('',#13615,#1793);
#1034=LINE('',#13616,#1794);
#1035=LINE('',#13617,#1795);
#1036=LINE('',#13620,#1796);
#1037=LINE('',#13621,#1797);
#1038=LINE('',#13624,#1798);
#1039=LINE('',#13625,#1799);
#1040=LINE('',#13628,#1800);
#1041=LINE('',#13629,#1801);
#1042=LINE('',#13632,#1802);
#1043=LINE('',#13633,#1803);
#1044=LINE('',#13636,#1804);
#1045=LINE('',#13637,#1805);
#1046=LINE('',#13639,#1806);
#1047=LINE('',#13640,#1807);
#1048=LINE('',#13641,#1808);
#1049=LINE('',#13642,#1809);
#1050=LINE('',#13643,#1810);
#1051=LINE('',#13644,#1811);
#1052=LINE('',#13662,#1812);
#1053=LINE('',#13675,#1813);
#1054=LINE('',#13679,#1814);
#1055=LINE('',#13680,#1815);
#1056=LINE('',#13682,#1816);
#1057=LINE('',#13684,#1817);
#1058=LINE('',#13686,#1818);
#1059=LINE('',#13688,#1819);
#1060=LINE('',#13690,#1820);
#1061=LINE('',#13694,#1821);
#1062=LINE('',#13697,#1822);
#1063=LINE('',#13698,#1823);
#1064=LINE('',#13699,#1824);
#1065=LINE('',#13702,#1825);
#1066=LINE('',#13706,#1826);
#1067=LINE('',#13708,#1827);
#1068=LINE('',#13710,#1828);
#1069=LINE('',#13712,#1829);
#1070=LINE('',#13730,#1830);
#1071=LINE('',#13734,#1831);
#1072=LINE('',#13738,#1832);
#1073=LINE('',#13741,#1833);
#1074=LINE('',#13742,#1834);
#1075=LINE('',#13744,#1835);
#1076=LINE('',#13747,#1836);
#1077=LINE('',#13749,#1837);
#1078=LINE('',#13751,#1838);
#1079=LINE('',#13753,#1839);
#1080=LINE('',#13755,#1840);
#1081=LINE('',#13757,#1841);
#1082=LINE('',#13759,#1842);
#1083=VECTOR('',#8825,4.60487122897646);
#1084=VECTOR('',#8834,4.60487122897646);
#1085=VECTOR('',#8841,10.);
#1086=VECTOR('',#8844,10.);
#1087=VECTOR('',#8847,10.);
#1088=VECTOR('',#8850,10.);
#1089=VECTOR('',#8851,10.);
#1090=VECTOR('',#8854,10.);
#1091=VECTOR('',#8857,10.);
#1092=VECTOR('',#8860,10.);
#1093=VECTOR('',#8865,10.);
#1094=VECTOR('',#8868,10.);
#1095=VECTOR('',#8869,10.);
#1096=VECTOR('',#8872,10.);
#1097=VECTOR('',#8875,10.);
#1098=VECTOR('',#8876,10.);
#1099=VECTOR('',#8879,10.);
#1100=VECTOR('',#8880,10.);
#1101=VECTOR('',#8881,10.);
#1102=VECTOR('',#8882,10.);
#1103=VECTOR('',#8883,10.);
#1104=VECTOR('',#8884,10.);
#1105=VECTOR('',#8885,10.);
#1106=VECTOR('',#8886,10.);
#1107=VECTOR('',#8887,10.);
#1108=VECTOR('',#8888,10.);
#1109=VECTOR('',#8891,10.);
#1110=VECTOR('',#8894,10.);
#1111=VECTOR('',#8897,10.);
#1112=VECTOR('',#8900,10.);
#1113=VECTOR('',#8903,10.);
#1114=VECTOR('',#8906,10.);
#1115=VECTOR('',#8909,10.);
#1116=VECTOR('',#8912,10.);
#1117=VECTOR('',#8915,10.);
#1118=VECTOR('',#8918,10.);
#1119=VECTOR('',#8921,10.);
#1120=VECTOR('',#8924,10.);
#1121=VECTOR('',#8927,10.);
#1122=VECTOR('',#8930,10.);
#1123=VECTOR('',#8933,10.);
#1124=VECTOR('',#8936,10.);
#1125=VECTOR('',#8939,10.);
#1126=VECTOR('',#8942,10.);
#1127=VECTOR('',#8945,10.);
#1128=VECTOR('',#8948,10.);
#1129=VECTOR('',#8951,10.);
#1130=VECTOR('',#8954,10.);
#1131=VECTOR('',#8957,10.);
#1132=VECTOR('',#8964,10.);
#1133=VECTOR('',#8967,10.);
#1134=VECTOR('',#8970,10.);
#1135=VECTOR('',#8973,10.);
#1136=VECTOR('',#8996,10.);
#1137=VECTOR('',#8999,10.);
#1138=VECTOR('',#9002,10.);
#1139=VECTOR('',#9005,10.);
#1140=VECTOR('',#9008,10.);
#1141=VECTOR('',#9013,10.);
#1142=VECTOR('',#9016,10.);
#1143=VECTOR('',#9023,5.);
#1144=VECTOR('',#9026,10.);
#1145=VECTOR('',#9029,10.);
#1146=VECTOR('',#9032,10.);
#1147=VECTOR('',#9035,10.);
#1148=VECTOR('',#9038,10.);
#1149=VECTOR('',#9059,10.);
#1150=VECTOR('',#9060,5.);
#1151=VECTOR('',#9065,5.);
#1152=VECTOR('',#9066,10.);
#1153=VECTOR('',#9085,10.);
#1154=VECTOR('',#9086,5.);
#1155=VECTOR('',#9089,10.);
#1156=VECTOR('',#9094,10.);
#1157=VECTOR('',#9095,10.);
#1158=VECTOR('',#9102,10.);
#1159=VECTOR('',#9105,10.);
#1160=VECTOR('',#9108,10.);
#1161=VECTOR('',#9111,10.);
#1162=VECTOR('',#9118,10.);
#1163=VECTOR('',#9119,10.);
#1164=VECTOR('',#9122,10.);
#1165=VECTOR('',#9123,10.);
#1166=VECTOR('',#9126,10.);
#1167=VECTOR('',#9129,10.);
#1168=VECTOR('',#9132,10.);
#1169=VECTOR('',#9133,10.);
#1170=VECTOR('',#9138,10.);
#1171=VECTOR('',#9143,10.);
#1172=VECTOR('',#9146,10.);
#1173=VECTOR('',#9147,10.);
#1174=VECTOR('',#9148,10.);
#1175=VECTOR('',#9149,10.);
#1176=VECTOR('',#9150,10.);
#1177=VECTOR('',#9151,10.);
#1178=VECTOR('',#9152,10.);
#1179=VECTOR('',#9155,10.);
#1180=VECTOR('',#9158,10.);
#1181=VECTOR('',#9161,10.);
#1182=VECTOR('',#9164,10.);
#1183=VECTOR('',#9167,10.);
#1184=VECTOR('',#9170,10.);
#1185=VECTOR('',#9173,10.);
#1186=VECTOR('',#9176,10.);
#1187=VECTOR('',#9179,10.);
#1188=VECTOR('',#9182,10.);
#1189=VECTOR('',#9185,10.);
#1190=VECTOR('',#9188,10.);
#1191=VECTOR('',#9191,10.);
#1192=VECTOR('',#9194,10.);
#1193=VECTOR('',#9197,10.);
#1194=VECTOR('',#9200,10.);
#1195=VECTOR('',#9203,10.);
#1196=VECTOR('',#9206,10.);
#1197=VECTOR('',#9209,10.);
#1198=VECTOR('',#9212,10.);
#1199=VECTOR('',#9215,10.);
#1200=VECTOR('',#9218,10.);
#1201=VECTOR('',#9221,10.);
#1202=VECTOR('',#9224,10.);
#1203=VECTOR('',#9227,10.);
#1204=VECTOR('',#9230,10.);
#1205=VECTOR('',#9233,10.);
#1206=VECTOR('',#9236,10.);
#1207=VECTOR('',#9239,10.);
#1208=VECTOR('',#9242,10.);
#1209=VECTOR('',#9245,10.);
#1210=VECTOR('',#9248,10.);
#1211=VECTOR('',#9251,10.);
#1212=VECTOR('',#9254,10.);
#1213=VECTOR('',#9257,10.);
#1214=VECTOR('',#9260,10.);
#1215=VECTOR('',#9263,10.);
#1216=VECTOR('',#9266,10.);
#1217=VECTOR('',#9269,10.);
#1218=VECTOR('',#9272,10.);
#1219=VECTOR('',#9275,10.);
#1220=VECTOR('',#9278,10.);
#1221=VECTOR('',#9281,10.);
#1222=VECTOR('',#9284,10.);
#1223=VECTOR('',#9287,10.);
#1224=VECTOR('',#9290,10.);
#1225=VECTOR('',#9293,10.);
#1226=VECTOR('',#9304,10.);
#1227=VECTOR('',#9305,10.);
#1228=VECTOR('',#9308,10.);
#1229=VECTOR('',#9309,10.);
#1230=VECTOR('',#9314,10.);
#1231=VECTOR('',#9317,10.);
#1232=VECTOR('',#9318,10.);
#1233=VECTOR('',#9321,5.);
#1234=VECTOR('',#9322,10.);
#1235=VECTOR('',#9327,4.00000000000776);
#1236=VECTOR('',#9332,10.);
#1237=VECTOR('',#9335,10.);
#1238=VECTOR('',#9338,10.);
#1239=VECTOR('',#9341,10.);
#1240=VECTOR('',#9344,10.);
#1241=VECTOR('',#9347,10.);
#1242=VECTOR('',#9352,10.);
#1243=VECTOR('',#9357,10.);
#1244=VECTOR('',#9362,10.);
#1245=VECTOR('',#9365,10.);
#1246=VECTOR('',#9368,10.);
#1247=VECTOR('',#9371,10.);
#1248=VECTOR('',#9390,3.00000000000001);
#1249=VECTOR('',#9393,4.00000000000775);
#1250=VECTOR('',#9400,3.);
#1251=VECTOR('',#9403,4.00000000000775);
#1252=VECTOR('',#9410,3.);
#1253=VECTOR('',#9415,1.5);
#1254=VECTOR('',#9422,1.5);
#1255=VECTOR('',#9429,1.5);
#1256=VECTOR('',#9436,10.);
#1257=VECTOR('',#9439,10.);
#1258=VECTOR('',#9442,10.);
#1259=VECTOR('',#9443,10.);
#1260=VECTOR('',#9444,10.);
#1261=VECTOR('',#9449,10.);
#1262=VECTOR('',#9454,10.);
#1263=VECTOR('',#9455,10.);
#1264=VECTOR('',#9456,10.);
#1265=VECTOR('',#9461,10.);
#1266=VECTOR('',#9466,10.);
#1267=VECTOR('',#9467,10.);
#1268=VECTOR('',#9468,10.);
#1269=VECTOR('',#9473,10.);
#1270=VECTOR('',#9478,10.);
#1271=VECTOR('',#9479,10.);
#1272=VECTOR('',#9484,10.);
#1273=VECTOR('',#9487,10.);
#1274=VECTOR('',#9490,10.);
#1275=VECTOR('',#9491,10.);
#1276=VECTOR('',#9492,10.);
#1277=VECTOR('',#9497,10.);
#1278=VECTOR('',#9502,10.);
#1279=VECTOR('',#9503,10.);
#1280=VECTOR('',#9504,10.);
#1281=VECTOR('',#9509,10.);
#1282=VECTOR('',#9514,10.);
#1283=VECTOR('',#9515,10.);
#1284=VECTOR('',#9516,10.);
#1285=VECTOR('',#9521,10.);
#1286=VECTOR('',#9526,10.);
#1287=VECTOR('',#9527,10.);
#1288=VECTOR('',#9532,10.);
#1289=VECTOR('',#9535,10.);
#1290=VECTOR('',#9538,10.);
#1291=VECTOR('',#9539,10.);
#1292=VECTOR('',#9540,10.);
#1293=VECTOR('',#9545,10.);
#1294=VECTOR('',#9550,10.);
#1295=VECTOR('',#9551,10.);
#1296=VECTOR('',#9552,10.);
#1297=VECTOR('',#9557,10.);
#1298=VECTOR('',#9562,10.);
#1299=VECTOR('',#9563,10.);
#1300=VECTOR('',#9564,10.);
#1301=VECTOR('',#9569,10.);
#1302=VECTOR('',#9574,10.);
#1303=VECTOR('',#9575,10.);
#1304=VECTOR('',#9580,10.);
#1305=VECTOR('',#9583,10.);
#1306=VECTOR('',#9586,10.);
#1307=VECTOR('',#9587,10.);
#1308=VECTOR('',#9588,10.);
#1309=VECTOR('',#9593,10.);
#1310=VECTOR('',#9598,10.);
#1311=VECTOR('',#9599,10.);
#1312=VECTOR('',#9600,10.);
#1313=VECTOR('',#9605,10.);
#1314=VECTOR('',#9610,10.);
#1315=VECTOR('',#9611,10.);
#1316=VECTOR('',#9612,10.);
#1317=VECTOR('',#9617,10.);
#1318=VECTOR('',#9622,10.);
#1319=VECTOR('',#9623,10.);
#1320=VECTOR('',#9628,10.);
#1321=VECTOR('',#9631,10.);
#1322=VECTOR('',#9634,10.);
#1323=VECTOR('',#9635,10.);
#1324=VECTOR('',#9636,10.);
#1325=VECTOR('',#9641,10.);
#1326=VECTOR('',#9646,10.);
#1327=VECTOR('',#9647,10.);
#1328=VECTOR('',#9648,10.);
#1329=VECTOR('',#9653,10.);
#1330=VECTOR('',#9658,10.);
#1331=VECTOR('',#9659,10.);
#1332=VECTOR('',#9660,10.);
#1333=VECTOR('',#9665,10.);
#1334=VECTOR('',#9670,10.);
#1335=VECTOR('',#9671,10.);
#1336=VECTOR('',#9676,10.);
#1337=VECTOR('',#9679,10.);
#1338=VECTOR('',#9682,10.);
#1339=VECTOR('',#9683,10.);
#1340=VECTOR('',#9684,10.);
#1341=VECTOR('',#9689,10.);
#1342=VECTOR('',#9694,10.);
#1343=VECTOR('',#9695,10.);
#1344=VECTOR('',#9696,10.);
#1345=VECTOR('',#9701,10.);
#1346=VECTOR('',#9706,10.);
#1347=VECTOR('',#9707,10.);
#1348=VECTOR('',#9708,10.);
#1349=VECTOR('',#9713,10.);
#1350=VECTOR('',#9718,10.);
#1351=VECTOR('',#9719,10.);
#1352=VECTOR('',#9724,10.);
#1353=VECTOR('',#9727,10.);
#1354=VECTOR('',#9730,10.);
#1355=VECTOR('',#9731,10.);
#1356=VECTOR('',#9732,10.);
#1357=VECTOR('',#9737,10.);
#1358=VECTOR('',#9742,10.);
#1359=VECTOR('',#9743,10.);
#1360=VECTOR('',#9744,10.);
#1361=VECTOR('',#9749,10.);
#1362=VECTOR('',#9754,10.);
#1363=VECTOR('',#9755,10.);
#1364=VECTOR('',#9756,10.);
#1365=VECTOR('',#9761,10.);
#1366=VECTOR('',#9766,10.);
#1367=VECTOR('',#9767,10.);
#1368=VECTOR('',#9772,10.);
#1369=VECTOR('',#9775,10.);
#1370=VECTOR('',#9778,10.);
#1371=VECTOR('',#9779,10.);
#1372=VECTOR('',#9780,10.);
#1373=VECTOR('',#9785,10.);
#1374=VECTOR('',#9790,10.);
#1375=VECTOR('',#9791,10.);
#1376=VECTOR('',#9792,10.);
#1377=VECTOR('',#9797,10.);
#1378=VECTOR('',#9802,10.);
#1379=VECTOR('',#9803,10.);
#1380=VECTOR('',#9804,10.);
#1381=VECTOR('',#9809,10.);
#1382=VECTOR('',#9814,10.);
#1383=VECTOR('',#9815,10.);
#1384=VECTOR('',#9818,10.);
#1385=VECTOR('',#9819,10.);
#1386=VECTOR('',#9820,10.);
#1387=VECTOR('',#9825,10.);
#1388=VECTOR('',#9828,10.);
#1389=VECTOR('',#9829,10.);
#1390=VECTOR('',#9834,10.);
#1391=VECTOR('',#9837,10.);
#1392=VECTOR('',#9838,10.);
#1393=VECTOR('',#9843,10.);
#1394=VECTOR('',#9846,10.);
#1395=VECTOR('',#9847,10.);
#1396=VECTOR('',#9854,10.);
#1397=VECTOR('',#9855,10.);
#1398=VECTOR('',#9856,10.);
#1399=VECTOR('',#9861,10.);
#1400=VECTOR('',#9864,10.);
#1401=VECTOR('',#9865,10.);
#1402=VECTOR('',#9870,10.);
#1403=VECTOR('',#9873,10.);
#1404=VECTOR('',#9874,10.);
#1405=VECTOR('',#9879,10.);
#1406=VECTOR('',#9882,10.);
#1407=VECTOR('',#9883,10.);
#1408=VECTOR('',#9890,10.);
#1409=VECTOR('',#9891,10.);
#1410=VECTOR('',#9892,10.);
#1411=VECTOR('',#9897,10.);
#1412=VECTOR('',#9900,10.);
#1413=VECTOR('',#9901,10.);
#1414=VECTOR('',#9906,10.);
#1415=VECTOR('',#9909,10.);
#1416=VECTOR('',#9910,10.);
#1417=VECTOR('',#9915,10.);
#1418=VECTOR('',#9918,10.);
#1419=VECTOR('',#9919,10.);
#1420=VECTOR('',#9926,10.);
#1421=VECTOR('',#9927,10.);
#1422=VECTOR('',#9928,10.);
#1423=VECTOR('',#9933,10.);
#1424=VECTOR('',#9936,10.);
#1425=VECTOR('',#9937,10.);
#1426=VECTOR('',#9942,10.);
#1427=VECTOR('',#9945,10.);
#1428=VECTOR('',#9946,10.);
#1429=VECTOR('',#9951,10.);
#1430=VECTOR('',#9954,10.);
#1431=VECTOR('',#9955,10.);
#1432=VECTOR('',#9962,10.);
#1433=VECTOR('',#9963,10.);
#1434=VECTOR('',#9964,10.);
#1435=VECTOR('',#9969,10.);
#1436=VECTOR('',#9972,10.);
#1437=VECTOR('',#9973,10.);
#1438=VECTOR('',#9978,10.);
#1439=VECTOR('',#9981,10.);
#1440=VECTOR('',#9982,10.);
#1441=VECTOR('',#9987,10.);
#1442=VECTOR('',#9990,10.);
#1443=VECTOR('',#9991,10.);
#1444=VECTOR('',#9998,10.);
#1445=VECTOR('',#9999,10.);
#1446=VECTOR('',#10000,10.);
#1447=VECTOR('',#10005,10.);
#1448=VECTOR('',#10008,10.);
#1449=VECTOR('',#10009,10.);
#1450=VECTOR('',#10014,10.);
#1451=VECTOR('',#10017,10.);
#1452=VECTOR('',#10018,10.);
#1453=VECTOR('',#10023,10.);
#1454=VECTOR('',#10026,10.);
#1455=VECTOR('',#10027,10.);
#1456=VECTOR('',#10034,10.);
#1457=VECTOR('',#10035,10.);
#1458=VECTOR('',#10036,10.);
#1459=VECTOR('',#10041,10.);
#1460=VECTOR('',#10044,10.);
#1461=VECTOR('',#10045,10.);
#1462=VECTOR('',#10050,10.);
#1463=VECTOR('',#10053,10.);
#1464=VECTOR('',#10054,10.);
#1465=VECTOR('',#10059,10.);
#1466=VECTOR('',#10062,10.);
#1467=VECTOR('',#10063,10.);
#1468=VECTOR('',#10070,10.);
#1469=VECTOR('',#10071,10.);
#1470=VECTOR('',#10072,10.);
#1471=VECTOR('',#10077,10.);
#1472=VECTOR('',#10080,10.);
#1473=VECTOR('',#10081,10.);
#1474=VECTOR('',#10086,10.);
#1475=VECTOR('',#10089,10.);
#1476=VECTOR('',#10090,10.);
#1477=VECTOR('',#10095,10.);
#1478=VECTOR('',#10098,10.);
#1479=VECTOR('',#10099,10.);
#1480=VECTOR('',#10106,10.);
#1481=VECTOR('',#10107,10.);
#1482=VECTOR('',#10108,10.);
#1483=VECTOR('',#10113,10.);
#1484=VECTOR('',#10116,10.);
#1485=VECTOR('',#10117,10.);
#1486=VECTOR('',#10122,10.);
#1487=VECTOR('',#10125,10.);
#1488=VECTOR('',#10126,10.);
#1489=VECTOR('',#10131,10.);
#1490=VECTOR('',#10134,10.);
#1491=VECTOR('',#10135,10.);
#1492=VECTOR('',#10142,10.);
#1493=VECTOR('',#10143,10.);
#1494=VECTOR('',#10144,10.);
#1495=VECTOR('',#10149,10.);
#1496=VECTOR('',#10152,10.);
#1497=VECTOR('',#10153,10.);
#1498=VECTOR('',#10158,10.);
#1499=VECTOR('',#10161,10.);
#1500=VECTOR('',#10162,10.);
#1501=VECTOR('',#10167,10.);
#1502=VECTOR('',#10170,10.);
#1503=VECTOR('',#10171,10.);
#1504=VECTOR('',#10178,10.);
#1505=VECTOR('',#10179,10.);
#1506=VECTOR('',#10180,10.);
#1507=VECTOR('',#10185,10.);
#1508=VECTOR('',#10188,10.);
#1509=VECTOR('',#10189,10.);
#1510=VECTOR('',#10194,10.);
#1511=VECTOR('',#10197,10.);
#1512=VECTOR('',#10198,10.);
#1513=VECTOR('',#10203,10.);
#1514=VECTOR('',#10206,10.);
#1515=VECTOR('',#10207,10.);
#1516=VECTOR('',#10214,10.);
#1517=VECTOR('',#10215,10.);
#1518=VECTOR('',#10216,10.);
#1519=VECTOR('',#10221,10.);
#1520=VECTOR('',#10224,10.);
#1521=VECTOR('',#10225,10.);
#1522=VECTOR('',#10230,10.);
#1523=VECTOR('',#10233,10.);
#1524=VECTOR('',#10234,10.);
#1525=VECTOR('',#10239,10.);
#1526=VECTOR('',#10242,10.);
#1527=VECTOR('',#10243,10.);
#1528=VECTOR('',#10252,10.);
#1529=VECTOR('',#10255,10.);
#1530=VECTOR('',#10258,10.);
#1531=VECTOR('',#10259,10.);
#1532=VECTOR('',#10260,10.);
#1533=VECTOR('',#10267,10.);
#1534=VECTOR('',#10270,10.);
#1535=VECTOR('',#10271,10.);
#1536=VECTOR('',#10272,10.);
#1537=VECTOR('',#10279,10.);
#1538=VECTOR('',#10282,10.);
#1539=VECTOR('',#10283,10.);
#1540=VECTOR('',#10284,10.);
#1541=VECTOR('',#10289,10.);
#1542=VECTOR('',#10294,10.);
#1543=VECTOR('',#10295,10.);
#1544=VECTOR('',#10300,10.);
#1545=VECTOR('',#10303,10.);
#1546=VECTOR('',#10306,10.);
#1547=VECTOR('',#10307,10.);
#1548=VECTOR('',#10308,10.);
#1549=VECTOR('',#10315,10.);
#1550=VECTOR('',#10318,10.);
#1551=VECTOR('',#10319,10.);
#1552=VECTOR('',#10320,10.);
#1553=VECTOR('',#10327,10.);
#1554=VECTOR('',#10330,10.);
#1555=VECTOR('',#10331,10.);
#1556=VECTOR('',#10332,10.);
#1557=VECTOR('',#10337,10.);
#1558=VECTOR('',#10342,10.);
#1559=VECTOR('',#10343,10.);
#1560=VECTOR('',#10348,10.);
#1561=VECTOR('',#10351,10.);
#1562=VECTOR('',#10354,10.);
#1563=VECTOR('',#10355,10.);
#1564=VECTOR('',#10356,10.);
#1565=VECTOR('',#10363,10.);
#1566=VECTOR('',#10366,10.);
#1567=VECTOR('',#10367,10.);
#1568=VECTOR('',#10368,10.);
#1569=VECTOR('',#10375,10.);
#1570=VECTOR('',#10378,10.);
#1571=VECTOR('',#10379,10.);
#1572=VECTOR('',#10380,10.);
#1573=VECTOR('',#10385,10.);
#1574=VECTOR('',#10390,10.);
#1575=VECTOR('',#10391,10.);
#1576=VECTOR('',#10396,10.);
#1577=VECTOR('',#10399,10.);
#1578=VECTOR('',#10402,10.);
#1579=VECTOR('',#10403,10.);
#1580=VECTOR('',#10404,10.);
#1581=VECTOR('',#10411,10.);
#1582=VECTOR('',#10414,10.);
#1583=VECTOR('',#10415,10.);
#1584=VECTOR('',#10416,10.);
#1585=VECTOR('',#10423,10.);
#1586=VECTOR('',#10426,10.);
#1587=VECTOR('',#10427,10.);
#1588=VECTOR('',#10428,10.);
#1589=VECTOR('',#10433,10.);
#1590=VECTOR('',#10438,10.);
#1591=VECTOR('',#10439,10.);
#1592=VECTOR('',#10444,10.);
#1593=VECTOR('',#10447,10.);
#1594=VECTOR('',#10450,10.);
#1595=VECTOR('',#10451,10.);
#1596=VECTOR('',#10452,10.);
#1597=VECTOR('',#10459,10.);
#1598=VECTOR('',#10462,10.);
#1599=VECTOR('',#10463,10.);
#1600=VECTOR('',#10464,10.);
#1601=VECTOR('',#10471,10.);
#1602=VECTOR('',#10474,10.);
#1603=VECTOR('',#10475,10.);
#1604=VECTOR('',#10476,10.);
#1605=VECTOR('',#10481,10.);
#1606=VECTOR('',#10486,10.);
#1607=VECTOR('',#10487,10.);
#1608=VECTOR('',#10492,10.);
#1609=VECTOR('',#10495,10.);
#1610=VECTOR('',#10498,10.);
#1611=VECTOR('',#10499,10.);
#1612=VECTOR('',#10500,10.);
#1613=VECTOR('',#10507,10.);
#1614=VECTOR('',#10510,10.);
#1615=VECTOR('',#10511,10.);
#1616=VECTOR('',#10512,10.);
#1617=VECTOR('',#10519,10.);
#1618=VECTOR('',#10522,10.);
#1619=VECTOR('',#10523,10.);
#1620=VECTOR('',#10524,10.);
#1621=VECTOR('',#10529,10.);
#1622=VECTOR('',#10534,10.);
#1623=VECTOR('',#10535,10.);
#1624=VECTOR('',#10538,10.);
#1625=VECTOR('',#10539,10.);
#1626=VECTOR('',#10542,10.);
#1627=VECTOR('',#10543,10.);
#1628=VECTOR('',#10544,10.);
#1629=VECTOR('',#10549,10.);
#1630=VECTOR('',#10552,10.);
#1631=VECTOR('',#10553,10.);
#1632=VECTOR('',#10558,10.);
#1633=VECTOR('',#10561,10.);
#1634=VECTOR('',#10562,10.);
#1635=VECTOR('',#10567,10.);
#1636=VECTOR('',#10570,10.);
#1637=VECTOR('',#10571,10.);
#1638=VECTOR('',#10578,10.);
#1639=VECTOR('',#10579,10.);
#1640=VECTOR('',#10580,10.);
#1641=VECTOR('',#10585,10.);
#1642=VECTOR('',#10590,10.);
#1643=VECTOR('',#10591,10.);
#1644=VECTOR('',#10596,10.);
#1645=VECTOR('',#10599,10.);
#1646=VECTOR('',#10600,10.);
#1647=VECTOR('',#10605,10.);
#1648=VECTOR('',#10608,10.);
#1649=VECTOR('',#10609,10.);
#1650=VECTOR('',#10616,10.);
#1651=VECTOR('',#10617,10.);
#1652=VECTOR('',#10618,10.);
#1653=VECTOR('',#10623,10.);
#1654=VECTOR('',#10626,10.);
#1655=VECTOR('',#10627,10.);
#1656=VECTOR('',#10632,10.);
#1657=VECTOR('',#10635,10.);
#1658=VECTOR('',#10636,10.);
#1659=VECTOR('',#10641,10.);
#1660=VECTOR('',#10644,10.);
#1661=VECTOR('',#10645,10.);
#1662=VECTOR('',#10652,10.);
#1663=VECTOR('',#10653,10.);
#1664=VECTOR('',#10654,10.);
#1665=VECTOR('',#10659,10.);
#1666=VECTOR('',#10662,10.);
#1667=VECTOR('',#10663,10.);
#1668=VECTOR('',#10668,10.);
#1669=VECTOR('',#10671,10.);
#1670=VECTOR('',#10672,10.);
#1671=VECTOR('',#10677,10.);
#1672=VECTOR('',#10680,10.);
#1673=VECTOR('',#10681,10.);
#1674=VECTOR('',#10688,10.);
#1675=VECTOR('',#10689,10.);
#1676=VECTOR('',#10690,10.);
#1677=VECTOR('',#10695,10.);
#1678=VECTOR('',#10698,10.);
#1679=VECTOR('',#10699,10.);
#1680=VECTOR('',#10704,10.);
#1681=VECTOR('',#10707,10.);
#1682=VECTOR('',#10708,10.);
#1683=VECTOR('',#10713,10.);
#1684=VECTOR('',#10716,10.);
#1685=VECTOR('',#10717,10.);
#1686=VECTOR('',#10724,10.);
#1687=VECTOR('',#10725,10.);
#1688=VECTOR('',#10726,10.);
#1689=VECTOR('',#10731,10.);
#1690=VECTOR('',#10734,10.);
#1691=VECTOR('',#10735,10.);
#1692=VECTOR('',#10740,10.);
#1693=VECTOR('',#10743,10.);
#1694=VECTOR('',#10744,10.);
#1695=VECTOR('',#10749,10.);
#1696=VECTOR('',#10752,10.);
#1697=VECTOR('',#10753,10.);
#1698=VECTOR('',#10760,10.);
#1699=VECTOR('',#10765,10.);
#1700=VECTOR('',#10766,10.);
#1701=VECTOR('',#10771,0.999999999999996);
#1702=VECTOR('',#10774,1.);
#1703=VECTOR('',#10777,0.999999999999996);
#1704=VECTOR('',#10780,1.);
#1705=VECTOR('',#10783,10.);
#1706=VECTOR('',#10784,10.);
#1707=VECTOR('',#10787,10.);
#1708=VECTOR('',#10790,10.);
#1709=VECTOR('',#10791,10.);
#1710=VECTOR('',#10794,10.);
#1711=VECTOR('',#10797,10.);
#1712=VECTOR('',#10802,5.);
#1713=VECTOR('',#10807,10.);
#1714=VECTOR('',#10812,10.);
#1715=VECTOR('',#10813,10.);
#1716=VECTOR('',#10814,10.);
#1717=VECTOR('',#10815,10.);
#1718=VECTOR('',#10816,10.);
#1719=VECTOR('',#10817,10.);
#1720=VECTOR('',#10818,10.);
#1721=VECTOR('',#10819,10.);
#1722=VECTOR('',#10820,10.);
#1723=VECTOR('',#10821,10.);
#1724=VECTOR('',#10822,10.);
#1725=VECTOR('',#10823,10.);
#1726=VECTOR('',#10824,10.);
#1727=VECTOR('',#10825,10.);
#1728=VECTOR('',#10826,10.);
#1729=VECTOR('',#10827,10.);
#1730=VECTOR('',#10828,10.);
#1731=VECTOR('',#10829,10.);
#1732=VECTOR('',#10830,10.);
#1733=VECTOR('',#10831,10.);
#1734=VECTOR('',#10832,10.);
#1735=VECTOR('',#10833,10.);
#1736=VECTOR('',#10834,10.);
#1737=VECTOR('',#10835,10.);
#1738=VECTOR('',#10836,10.);
#1739=VECTOR('',#10837,10.);
#1740=VECTOR('',#10838,10.);
#1741=VECTOR('',#10839,10.);
#1742=VECTOR('',#10840,10.);
#1743=VECTOR('',#10841,10.);
#1744=VECTOR('',#10842,10.);
#1745=VECTOR('',#10845,10.);
#1746=VECTOR('',#10846,10.);
#1747=VECTOR('',#10847,10.);
#1748=VECTOR('',#10848,10.);
#1749=VECTOR('',#10849,10.);
#1750=VECTOR('',#10852,10.);
#1751=VECTOR('',#10855,10.);
#1752=VECTOR('',#10856,10.);
#1753=VECTOR('',#10859,10.);
#1754=VECTOR('',#10864,10.);
#1755=VECTOR('',#10865,10.);
#1756=VECTOR('',#10866,10.);
#1757=VECTOR('',#10867,10.);
#1758=VECTOR('',#10868,10.);
#1759=VECTOR('',#10885,10.);
#1760=VECTOR('',#10886,10.);
#1761=VECTOR('',#10889,10.);
#1762=VECTOR('',#10890,10.);
#1763=VECTOR('',#10891,10.);
#1764=VECTOR('',#10894,10.);
#1765=VECTOR('',#10897,10.);
#1766=VECTOR('',#10900,10.);
#1767=VECTOR('',#10901,10.);
#1768=VECTOR('',#10902,10.);
#1769=VECTOR('',#10905,10.);
#1770=VECTOR('',#10906,10.);
#1771=VECTOR('',#10909,10.);
#1772=VECTOR('',#10910,10.);
#1773=VECTOR('',#10913,10.);
#1774=VECTOR('',#10914,10.);
#1775=VECTOR('',#10915,10.);
#1776=VECTOR('',#10918,10.);
#1777=VECTOR('',#10919,10.);
#1778=VECTOR('',#10922,10.);
#1779=VECTOR('',#10925,10.);
#1780=VECTOR('',#10926,10.);
#1781=VECTOR('',#10927,10.);
#1782=VECTOR('',#10930,10.);
#1783=VECTOR('',#10931,10.);
#1784=VECTOR('',#10934,10.);
#1785=VECTOR('',#10935,10.);
#1786=VECTOR('',#10938,10.);
#1787=VECTOR('',#10939,10.);
#1788=VECTOR('',#10940,10.);
#1789=VECTOR('',#10943,10.);
#1790=VECTOR('',#10944,10.);
#1791=VECTOR('',#10945,10.);
#1792=VECTOR('',#10948,10.);
#1793=VECTOR('',#10951,10.);
#1794=VECTOR('',#10952,10.);
#1795=VECTOR('',#10953,10.);
#1796=VECTOR('',#10956,10.);
#1797=VECTOR('',#10957,10.);
#1798=VECTOR('',#10960,10.);
#1799=VECTOR('',#10961,10.);
#1800=VECTOR('',#10964,10.);
#1801=VECTOR('',#10965,10.);
#1802=VECTOR('',#10968,10.);
#1803=VECTOR('',#10969,10.);
#1804=VECTOR('',#10972,10.);
#1805=VECTOR('',#10973,10.);
#1806=VECTOR('',#10976,10.);
#1807=VECTOR('',#10977,10.);
#1808=VECTOR('',#10978,10.);
#1809=VECTOR('',#10979,10.);
#1810=VECTOR('',#10980,10.);
#1811=VECTOR('',#10981,10.);
#1812=VECTOR('',#11010,10.);
#1813=VECTOR('',#11027,10.);
#1814=VECTOR('',#11032,10.);
#1815=VECTOR('',#11033,10.);
#1816=VECTOR('',#11036,10.);
#1817=VECTOR('',#11039,10.);
#1818=VECTOR('',#11042,10.);
#1819=VECTOR('',#11045,10.);
#1820=VECTOR('',#11048,10.);
#1821=VECTOR('',#11053,10.);
#1822=VECTOR('',#11058,10.);
#1823=VECTOR('',#11059,10.);
#1824=VECTOR('',#11060,10.);
#1825=VECTOR('',#11065,10.);
#1826=VECTOR('',#11072,1.29999554769256);
#1827=VECTOR('',#11075,1.29999453178854);
#1828=VECTOR('',#11078,1.30367549069689);
#1829=VECTOR('',#11081,1.29577035909108);
#1830=VECTOR('',#11108,10.);
#1831=VECTOR('',#11111,10.);
#1832=VECTOR('',#11114,10.);
#1833=VECTOR('',#11119,10.);
#1834=VECTOR('',#11120,10.);
#1835=VECTOR('',#11123,10.);
#1836=VECTOR('',#11128,2.50000000000014);
#1837=VECTOR('',#11131,2.49999999999986);
#1838=VECTOR('',#11134,2.50000000000014);
#1839=VECTOR('',#11137,2.49999999999986);
#1840=VECTOR('',#11140,10.);
#1841=VECTOR('',#11143,10.);
#1842=VECTOR('',#11146,10.);
#1843=CIRCLE('',#8031,4.60487122897646);
#1844=CIRCLE('',#8032,4.60487122897646);
#1845=CIRCLE('',#8033,4.60487122897646);
#1846=CIRCLE('',#8035,4.60487122897646);
#1847=CIRCLE('',#8036,4.60487122897646);
#1848=CIRCLE('',#8037,4.60487122897646);
#1849=CIRCLE('',#8039,1.50000000000063);
#1850=CIRCLE('',#8040,1.50000000000063);
#1851=CIRCLE('',#8043,3.50000000000065);
#1852=CIRCLE('',#8044,3.50000000000065);
#1853=CIRCLE('',#8047,2.49999999999986);
#1854=CIRCLE('',#8048,2.49999999999986);
#1855=CIRCLE('',#8051,1.00000000000001);
#1856=CIRCLE('',#8052,0.999999999999988);
#1857=CIRCLE('',#8053,0.999999999999991);
#1858=CIRCLE('',#8054,0.999999999999999);
#1859=CIRCLE('',#8055,1.);
#1860=CIRCLE('',#8056,0.999999999999988);
#1861=CIRCLE('',#8057,0.999999999999995);
#1862=CIRCLE('',#8058,0.999999999999999);
#1863=CIRCLE('',#8059,1.);
#1864=CIRCLE('',#8060,0.999999999999988);
#1865=CIRCLE('',#8061,0.999999999999995);
#1866=CIRCLE('',#8062,0.999999999999999);
#1867=CIRCLE('',#8063,1.);
#1868=CIRCLE('',#8064,0.999999999999988);
#1869=CIRCLE('',#8065,0.999999999999995);
#1870=CIRCLE('',#8066,0.999999999999999);
#1871=CIRCLE('',#8067,1.);
#1872=CIRCLE('',#8068,0.999999999999988);
#1873=CIRCLE('',#8069,0.999999999999996);
#1874=CIRCLE('',#8070,0.999999999999999);
#1875=CIRCLE('',#8071,1.);
#1876=CIRCLE('',#8072,0.999999999999988);
#1877=CIRCLE('',#8073,0.999999999999995);
#1878=CIRCLE('',#8074,0.999999999999999);
#1879=CIRCLE('',#8076,6.50000000000063);
#1880=CIRCLE('',#8077,6.50000000000063);
#1881=CIRCLE('',#8078,6.50000000000063);
#1882=CIRCLE('',#8079,6.50000000000063);
#1883=CIRCLE('',#8080,2.49999999999986);
#1884=CIRCLE('',#8081,2.50000000000014);
#1885=CIRCLE('',#8082,2.49999999999986);
#1886=CIRCLE('',#8083,2.50000000000014);
#1887=CIRCLE('',#8084,1.);
#1888=CIRCLE('',#8085,0.999999999999996);
#1889=CIRCLE('',#8086,1.);
#1890=CIRCLE('',#8087,0.999999999999996);
#1891=CIRCLE('',#8088,1.5);
#1892=CIRCLE('',#8089,1.5);
#1893=CIRCLE('',#8090,1.5);
#1894=CIRCLE('',#8091,5.);
#1895=CIRCLE('',#8092,2.);
#1896=CIRCLE('',#8093,2.);
#1897=CIRCLE('',#8094,2.);
#1898=CIRCLE('',#8095,5.);
#1899=CIRCLE('',#8096,5.);
#1900=CIRCLE('',#8097,5.);
#1901=CIRCLE('',#8098,5.);
#1902=CIRCLE('',#8100,5.);
#1903=CIRCLE('',#8101,5.);
#1904=CIRCLE('',#8102,5.);
#1905=CIRCLE('',#8103,5.);
#1906=CIRCLE('',#8104,5.);
#1907=CIRCLE('',#8105,5.);
#1908=CIRCLE('',#8107,5.);
#1909=CIRCLE('',#8108,4.31513134992577);
#1910=CIRCLE('',#8109,8.90009496359605);
#1911=CIRCLE('',#8111,5.);
#1912=CIRCLE('',#8112,8.90009496359605);
#1913=CIRCLE('',#8113,4.31513134992577);
#1914=CIRCLE('',#8115,5.);
#1915=CIRCLE('',#8117,5.);
#1916=CIRCLE('',#8119,5.);
#1917=CIRCLE('',#8120,4.31513134992576);
#1918=CIRCLE('',#8121,8.90009496359604);
#1919=CIRCLE('',#8123,5.);
#1920=CIRCLE('',#8124,8.90009496359605);
#1921=CIRCLE('',#8125,4.31513134992577);
#1922=CIRCLE('',#8128,4.);
#1923=CIRCLE('',#8131,4.);
#1924=CIRCLE('',#8133,2.);
#1925=CIRCLE('',#8134,2.);
#1926=CIRCLE('',#8135,2.);
#1927=CIRCLE('',#8136,2.);
#1928=CIRCLE('',#8138,2.);
#1929=CIRCLE('',#8141,2.);
#1930=CIRCLE('',#8144,2.);
#1931=CIRCLE('',#8146,2.);
#1932=CIRCLE('',#8148,0.999999999999988);
#1933=CIRCLE('',#8149,0.999999999999998);
#1934=CIRCLE('',#8150,1.);
#1935=CIRCLE('',#8151,1.);
#1936=CIRCLE('',#8152,0.999999999999988);
#1937=CIRCLE('',#8153,0.999999999999998);
#1938=CIRCLE('',#8154,1.);
#1939=CIRCLE('',#8155,1.);
#1940=CIRCLE('',#8156,0.999999999999988);
#1941=CIRCLE('',#8157,0.999999999999998);
#1942=CIRCLE('',#8158,1.);
#1943=CIRCLE('',#8159,1.);
#1944=CIRCLE('',#8160,0.999999999999988);
#1945=CIRCLE('',#8161,0.999999999999998);
#1946=CIRCLE('',#8162,1.);
#1947=CIRCLE('',#8163,1.);
#1948=CIRCLE('',#8164,0.999999999999988);
#1949=CIRCLE('',#8165,0.999999999999998);
#1950=CIRCLE('',#8166,1.);
#1951=CIRCLE('',#8167,1.);
#1952=CIRCLE('',#8168,0.999999999999988);
#1953=CIRCLE('',#8169,0.999999999999998);
#1954=CIRCLE('',#8170,1.);
#1955=CIRCLE('',#8171,1.);
#1956=CIRCLE('',#8172,0.999999999999988);
#1957=CIRCLE('',#8173,0.999999999999998);
#1958=CIRCLE('',#8174,1.);
#1959=CIRCLE('',#8175,1.);
#1960=CIRCLE('',#8176,0.999999999999988);
#1961=CIRCLE('',#8177,0.999999999999998);
#1962=CIRCLE('',#8178,1.);
#1963=CIRCLE('',#8179,1.);
#1964=CIRCLE('',#8180,0.999999999999988);
#1965=CIRCLE('',#8181,0.999999999999998);
#1966=CIRCLE('',#8182,1.);
#1967=CIRCLE('',#8183,1.);
#1968=CIRCLE('',#8184,0.999999999999988);
#1969=CIRCLE('',#8185,0.999999999999998);
#1970=CIRCLE('',#8186,1.);
#1971=CIRCLE('',#8187,1.);
#1972=CIRCLE('',#8188,0.999999999999988);
#1973=CIRCLE('',#8189,0.999999999999998);
#1974=CIRCLE('',#8190,1.);
#1975=CIRCLE('',#8191,1.);
#1976=CIRCLE('',#8192,0.999999999999988);
#1977=CIRCLE('',#8193,0.999999999999998);
#1978=CIRCLE('',#8194,1.);
#1979=CIRCLE('',#8195,1.);
#1980=CIRCLE('',#8199,5.);
#1981=CIRCLE('',#8202,5.);
#1982=CIRCLE('',#8206,5.00000000000327);
#1983=CIRCLE('',#8207,3.00000000000001);
#1984=CIRCLE('',#8209,1.50000000000063);
#1985=CIRCLE('',#8210,2.49999999999986);
#1986=CIRCLE('',#8211,2.50000000000014);
#1987=CIRCLE('',#8212,1.50000000000063);
#1988=CIRCLE('',#8213,1.50000000000063);
#1989=CIRCLE('',#8214,2.49999999999986);
#1990=CIRCLE('',#8215,2.49999999999986);
#1991=CIRCLE('',#8216,2.50000000000014);
#1992=CIRCLE('',#8217,2.50000000000014);
#1993=CIRCLE('',#8218,5.);
#1994=CIRCLE('',#8219,5.);
#1995=CIRCLE('',#8220,2.);
#1996=CIRCLE('',#8221,2.);
#1997=CIRCLE('',#8222,2.);
#1998=CIRCLE('',#8223,5.);
#1999=CIRCLE('',#8224,5.00000000000326);
#2000=CIRCLE('',#8225,5.00000000000326);
#2001=CIRCLE('',#8226,0.999999999999996);
#2002=CIRCLE('',#8227,1.);
#2003=CIRCLE('',#8228,0.999999999999996);
#2004=CIRCLE('',#8229,1.);
#2005=CIRCLE('',#8231,3.00000000000001);
#2006=CIRCLE('',#8233,3.);
#2007=CIRCLE('',#8235,3.);
#2008=CIRCLE('',#8237,3.);
#2009=CIRCLE('',#8239,3.);
#2010=CIRCLE('',#8241,1.5);
#2011=CIRCLE('',#8244,1.5);
#2012=CIRCLE('',#8247,1.5);
#2013=CIRCLE('',#8250,1.);
#2014=CIRCLE('',#8251,1.);
#2015=CIRCLE('',#8254,0.999999999999988);
#2016=CIRCLE('',#8255,0.999999999999988);
#2017=CIRCLE('',#8258,0.999999999999998);
#2018=CIRCLE('',#8259,0.999999999999998);
#2019=CIRCLE('',#8262,1.);
#2020=CIRCLE('',#8263,1.);
#2021=CIRCLE('',#8266,1.);
#2022=CIRCLE('',#8267,1.);
#2023=CIRCLE('',#8270,0.999999999999988);
#2024=CIRCLE('',#8271,0.999999999999988);
#2025=CIRCLE('',#8274,0.999999999999998);
#2026=CIRCLE('',#8275,0.999999999999998);
#2027=CIRCLE('',#8278,1.);
#2028=CIRCLE('',#8279,1.);
#2029=CIRCLE('',#8282,1.);
#2030=CIRCLE('',#8283,1.);
#2031=CIRCLE('',#8286,0.999999999999988);
#2032=CIRCLE('',#8287,0.999999999999988);
#2033=CIRCLE('',#8290,0.999999999999998);
#2034=CIRCLE('',#8291,0.999999999999998);
#2035=CIRCLE('',#8294,1.);
#2036=CIRCLE('',#8295,1.);
#2037=CIRCLE('',#8298,1.);
#2038=CIRCLE('',#8299,1.);
#2039=CIRCLE('',#8302,0.999999999999988);
#2040=CIRCLE('',#8303,0.999999999999988);
#2041=CIRCLE('',#8306,0.999999999999998);
#2042=CIRCLE('',#8307,0.999999999999998);
#2043=CIRCLE('',#8310,1.);
#2044=CIRCLE('',#8311,1.);
#2045=CIRCLE('',#8314,1.);
#2046=CIRCLE('',#8315,1.);
#2047=CIRCLE('',#8318,0.999999999999988);
#2048=CIRCLE('',#8319,0.999999999999988);
#2049=CIRCLE('',#8322,0.999999999999998);
#2050=CIRCLE('',#8323,0.999999999999998);
#2051=CIRCLE('',#8326,1.);
#2052=CIRCLE('',#8327,1.);
#2053=CIRCLE('',#8330,1.);
#2054=CIRCLE('',#8331,1.);
#2055=CIRCLE('',#8334,0.999999999999988);
#2056=CIRCLE('',#8335,0.999999999999988);
#2057=CIRCLE('',#8338,0.999999999999998);
#2058=CIRCLE('',#8339,0.999999999999998);
#2059=CIRCLE('',#8342,1.);
#2060=CIRCLE('',#8343,1.);
#2061=CIRCLE('',#8346,1.);
#2062=CIRCLE('',#8347,1.);
#2063=CIRCLE('',#8350,0.999999999999988);
#2064=CIRCLE('',#8351,0.999999999999988);
#2065=CIRCLE('',#8354,0.999999999999998);
#2066=CIRCLE('',#8355,0.999999999999998);
#2067=CIRCLE('',#8358,1.);
#2068=CIRCLE('',#8359,1.);
#2069=CIRCLE('',#8362,1.);
#2070=CIRCLE('',#8363,1.);
#2071=CIRCLE('',#8366,0.999999999999988);
#2072=CIRCLE('',#8367,0.999999999999988);
#2073=CIRCLE('',#8370,0.999999999999998);
#2074=CIRCLE('',#8371,0.999999999999998);
#2075=CIRCLE('',#8374,1.);
#2076=CIRCLE('',#8375,1.);
#2077=CIRCLE('',#8379,0.999999999999998);
#2078=CIRCLE('',#8382,0.999999999999988);
#2079=CIRCLE('',#8385,1.);
#2080=CIRCLE('',#8388,1.);
#2081=CIRCLE('',#8391,0.999999999999998);
#2082=CIRCLE('',#8394,0.999999999999988);
#2083=CIRCLE('',#8397,1.);
#2084=CIRCLE('',#8400,1.);
#2085=CIRCLE('',#8403,0.999999999999998);
#2086=CIRCLE('',#8406,0.999999999999988);
#2087=CIRCLE('',#8409,1.);
#2088=CIRCLE('',#8412,1.);
#2089=CIRCLE('',#8415,0.999999999999998);
#2090=CIRCLE('',#8418,0.999999999999988);
#2091=CIRCLE('',#8421,1.);
#2092=CIRCLE('',#8424,1.);
#2093=CIRCLE('',#8427,0.999999999999998);
#2094=CIRCLE('',#8430,0.999999999999988);
#2095=CIRCLE('',#8433,1.);
#2096=CIRCLE('',#8436,1.);
#2097=CIRCLE('',#8439,0.999999999999998);
#2098=CIRCLE('',#8442,0.999999999999988);
#2099=CIRCLE('',#8445,1.);
#2100=CIRCLE('',#8448,1.);
#2101=CIRCLE('',#8451,0.999999999999998);
#2102=CIRCLE('',#8454,0.999999999999988);
#2103=CIRCLE('',#8457,1.);
#2104=CIRCLE('',#8460,1.);
#2105=CIRCLE('',#8463,0.999999999999998);
#2106=CIRCLE('',#8466,0.999999999999988);
#2107=CIRCLE('',#8469,1.);
#2108=CIRCLE('',#8472,1.);
#2109=CIRCLE('',#8475,0.999999999999998);
#2110=CIRCLE('',#8478,0.999999999999988);
#2111=CIRCLE('',#8481,1.);
#2112=CIRCLE('',#8484,1.);
#2113=CIRCLE('',#8487,0.999999999999998);
#2114=CIRCLE('',#8490,0.999999999999988);
#2115=CIRCLE('',#8493,1.);
#2116=CIRCLE('',#8496,1.);
#2117=CIRCLE('',#8499,0.999999999999998);
#2118=CIRCLE('',#8502,0.999999999999988);
#2119=CIRCLE('',#8505,1.);
#2120=CIRCLE('',#8508,1.);
#2121=CIRCLE('',#8511,0.999999999999998);
#2122=CIRCLE('',#8514,0.999999999999988);
#2123=CIRCLE('',#8517,1.);
#2124=CIRCLE('',#8520,1.);
#2125=CIRCLE('',#8522,0.999999999999995);
#2126=CIRCLE('',#8523,0.999999999999995);
#2127=CIRCLE('',#8526,0.999999999999988);
#2128=CIRCLE('',#8527,0.999999999999988);
#2129=CIRCLE('',#8530,1.);
#2130=CIRCLE('',#8531,1.);
#2131=CIRCLE('',#8534,0.999999999999999);
#2132=CIRCLE('',#8535,0.999999999999999);
#2133=CIRCLE('',#8538,0.999999999999991);
#2134=CIRCLE('',#8539,0.999999999999991);
#2135=CIRCLE('',#8542,0.999999999999988);
#2136=CIRCLE('',#8543,0.999999999999988);
#2137=CIRCLE('',#8546,1.00000000000001);
#2138=CIRCLE('',#8547,1.00000000000001);
#2139=CIRCLE('',#8550,0.999999999999999);
#2140=CIRCLE('',#8551,0.999999999999999);
#2141=CIRCLE('',#8554,0.999999999999995);
#2142=CIRCLE('',#8555,0.999999999999995);
#2143=CIRCLE('',#8558,0.999999999999988);
#2144=CIRCLE('',#8559,0.999999999999988);
#2145=CIRCLE('',#8562,1.);
#2146=CIRCLE('',#8563,1.);
#2147=CIRCLE('',#8566,0.999999999999999);
#2148=CIRCLE('',#8567,0.999999999999999);
#2149=CIRCLE('',#8570,0.999999999999995);
#2150=CIRCLE('',#8571,0.999999999999995);
#2151=CIRCLE('',#8574,0.999999999999988);
#2152=CIRCLE('',#8575,0.999999999999988);
#2153=CIRCLE('',#8578,1.);
#2154=CIRCLE('',#8579,1.);
#2155=CIRCLE('',#8582,0.999999999999999);
#2156=CIRCLE('',#8583,0.999999999999999);
#2157=CIRCLE('',#8586,0.999999999999995);
#2158=CIRCLE('',#8587,0.999999999999995);
#2159=CIRCLE('',#8590,0.999999999999988);
#2160=CIRCLE('',#8591,0.999999999999988);
#2161=CIRCLE('',#8594,1.);
#2162=CIRCLE('',#8595,1.);
#2163=CIRCLE('',#8598,0.999999999999999);
#2164=CIRCLE('',#8599,0.999999999999999);
#2165=CIRCLE('',#8602,0.999999999999996);
#2166=CIRCLE('',#8603,0.999999999999996);
#2167=CIRCLE('',#8606,0.999999999999988);
#2168=CIRCLE('',#8607,0.999999999999988);
#2169=CIRCLE('',#8610,1.);
#2170=CIRCLE('',#8611,1.);
#2171=CIRCLE('',#8614,0.999999999999999);
#2172=CIRCLE('',#8615,0.999999999999999);
#2173=CIRCLE('',#8620,0.999999999999988);
#2174=CIRCLE('',#8623,1.);
#2175=CIRCLE('',#8626,0.999999999999999);
#2176=CIRCLE('',#8629,0.999999999999995);
#2177=CIRCLE('',#8633,1.);
#2178=CIRCLE('',#8636,0.999999999999999);
#2179=CIRCLE('',#8639,0.999999999999996);
#2180=CIRCLE('',#8642,0.999999999999988);
#2181=CIRCLE('',#8645,0.999999999999988);
#2182=CIRCLE('',#8648,1.);
#2183=CIRCLE('',#8651,0.999999999999999);
#2184=CIRCLE('',#8654,0.999999999999995);
#2185=CIRCLE('',#8657,0.999999999999988);
#2186=CIRCLE('',#8660,1.);
#2187=CIRCLE('',#8663,0.999999999999999);
#2188=CIRCLE('',#8666,0.999999999999995);
#2189=CIRCLE('',#8669,0.999999999999988);
#2190=CIRCLE('',#8672,1.);
#2191=CIRCLE('',#8675,0.999999999999999);
#2192=CIRCLE('',#8678,0.999999999999995);
#2193=CIRCLE('',#8681,0.999999999999988);
#2194=CIRCLE('',#8684,1.00000000000001);
#2195=CIRCLE('',#8687,0.999999999999999);
#2196=CIRCLE('',#8690,0.999999999999991);
#2197=CIRCLE('',#8692,2.50000000000014);
#2198=CIRCLE('',#8693,2.50000000000014);
#2199=CIRCLE('',#8694,2.50000000000014);
#2200=CIRCLE('',#8711,2.49999999999986);
#2201=CIRCLE('',#8712,1.50000000000063);
#2202=CIRCLE('',#8713,1.50000000000063);
#2203=CIRCLE('',#8714,2.50000000000014);
#2204=CIRCLE('',#8715,1.50000000000063);
#2205=CIRCLE('',#8716,3.50000000000051);
#2206=CIRCLE('',#8717,3.50000000000065);
#2207=CIRCLE('',#8718,3.50000000000051);
#2208=CIRCLE('',#8719,1.5);
#2209=CIRCLE('',#8720,1.49999898409598);
#2210=CIRCLE('',#8721,1.50367994300433);
#2211=CIRCLE('',#8722,1.49577481139852);
#2212=CIRCLE('',#8751,2.49999999999986);
#2213=CIRCLE('',#8752,2.49999999999986);
#2214=CIRCLE('',#8753,2.49999999999986);
#2215=CIRCLE('',#8754,2.49999999999986);
#2216=CIRCLE('',#8755,1.5);
#2217=CIRCLE('',#8757,2.50000000000014);
#2218=CIRCLE('',#8758,2.50000000000014);
#2219=CIRCLE('',#8759,2.50000000000014);
#2220=CIRCLE('',#8760,1.49999898409598);
#2221=CIRCLE('',#8762,2.50000000000014);
#2222=CIRCLE('',#8763,2.50000000000014);
#2223=CIRCLE('',#8764,1.49577481139852);
#2224=CIRCLE('',#8766,2.49999999999986);
#2225=CIRCLE('',#8767,2.49999999999986);
#2226=CIRCLE('',#8768,1.50367994300433);
#2227=CIRCLE('',#8777,3.50000000000051);
#2228=CIRCLE('',#8788,3.50000000000051);
#2229=CIRCLE('',#8790,3.50000000000065);
#2230=CIRCLE('',#8793,2.50000000000014);
#2231=CIRCLE('',#8794,2.49999999999986);
#2232=CIRCLE('',#8795,2.50000000000014);
#2233=CIRCLE('',#8796,2.50000000000014);
#2234=CIRCLE('',#8797,2.49999999999986);
#2235=CIRCLE('',#8798,2.49999999999986);
#2236=CIRCLE('',#8799,6.50000000000063);
#2237=CIRCLE('',#8800,6.50000000000063);
#2238=CIRCLE('',#8801,6.50000000000063);
#2239=CIRCLE('',#8802,6.50000000000063);
#2240=FACE_OUTER_BOUND('',#2630,.T.);
#2241=FACE_OUTER_BOUND('',#2631,.T.);
#2242=FACE_OUTER_BOUND('',#2632,.T.);
#2243=FACE_OUTER_BOUND('',#2633,.T.);
#2244=FACE_OUTER_BOUND('',#2634,.T.);
#2245=FACE_OUTER_BOUND('',#2635,.T.);
#2246=FACE_OUTER_BOUND('',#2636,.T.);
#2247=FACE_OUTER_BOUND('',#2637,.T.);
#2248=FACE_OUTER_BOUND('',#2638,.T.);
#2249=FACE_OUTER_BOUND('',#2645,.T.);
#2250=FACE_OUTER_BOUND('',#2658,.T.);
#2251=FACE_OUTER_BOUND('',#2659,.T.);
#2252=FACE_OUTER_BOUND('',#2660,.T.);
#2253=FACE_OUTER_BOUND('',#2661,.T.);
#2254=FACE_OUTER_BOUND('',#2662,.T.);
#2255=FACE_OUTER_BOUND('',#2663,.T.);
#2256=FACE_OUTER_BOUND('',#2664,.T.);
#2257=FACE_OUTER_BOUND('',#2665,.T.);
#2258=FACE_OUTER_BOUND('',#2666,.T.);
#2259=FACE_OUTER_BOUND('',#2667,.T.);
#2260=FACE_OUTER_BOUND('',#2668,.T.);
#2261=FACE_OUTER_BOUND('',#2669,.T.);
#2262=FACE_OUTER_BOUND('',#2670,.T.);
#2263=FACE_OUTER_BOUND('',#2671,.T.);
#2264=FACE_OUTER_BOUND('',#2672,.T.);
#2265=FACE_OUTER_BOUND('',#2673,.T.);
#2266=FACE_OUTER_BOUND('',#2675,.T.);
#2267=FACE_OUTER_BOUND('',#2676,.T.);
#2268=FACE_OUTER_BOUND('',#2677,.T.);
#2269=FACE_OUTER_BOUND('',#2678,.T.);
#2270=FACE_OUTER_BOUND('',#2679,.T.);
#2271=FACE_OUTER_BOUND('',#2680,.T.);
#2272=FACE_OUTER_BOUND('',#2681,.T.);
#2273=FACE_OUTER_BOUND('',#2695,.T.);
#2274=FACE_OUTER_BOUND('',#2696,.T.);
#2275=FACE_OUTER_BOUND('',#2697,.T.);
#2276=FACE_OUTER_BOUND('',#2698,.T.);
#2277=FACE_OUTER_BOUND('',#2699,.T.);
#2278=FACE_OUTER_BOUND('',#2700,.T.);
#2279=FACE_OUTER_BOUND('',#2701,.T.);
#2280=FACE_OUTER_BOUND('',#2702,.T.);
#2281=FACE_OUTER_BOUND('',#2703,.T.);
#2282=FACE_OUTER_BOUND('',#2712,.T.);
#2283=FACE_OUTER_BOUND('',#2713,.T.);
#2284=FACE_OUTER_BOUND('',#2714,.T.);
#2285=FACE_OUTER_BOUND('',#2715,.T.);
#2286=FACE_OUTER_BOUND('',#2716,.T.);
#2287=FACE_OUTER_BOUND('',#2717,.T.);
#2288=FACE_OUTER_BOUND('',#2718,.T.);
#2289=FACE_OUTER_BOUND('',#2720,.T.);
#2290=FACE_OUTER_BOUND('',#2721,.T.);
#2291=FACE_OUTER_BOUND('',#2723,.T.);
#2292=FACE_OUTER_BOUND('',#2724,.T.);
#2293=FACE_OUTER_BOUND('',#2726,.T.);
#2294=FACE_OUTER_BOUND('',#2727,.T.);
#2295=FACE_OUTER_BOUND('',#2728,.T.);
#2296=FACE_OUTER_BOUND('',#2729,.T.);
#2297=FACE_OUTER_BOUND('',#2730,.T.);
#2298=FACE_OUTER_BOUND('',#2731,.T.);
#2299=FACE_OUTER_BOUND('',#2732,.T.);
#2300=FACE_OUTER_BOUND('',#2733,.T.);
#2301=FACE_OUTER_BOUND('',#2734,.T.);
#2302=FACE_OUTER_BOUND('',#2735,.T.);
#2303=FACE_OUTER_BOUND('',#2736,.T.);
#2304=FACE_OUTER_BOUND('',#2737,.T.);
#2305=FACE_OUTER_BOUND('',#2738,.T.);
#2306=FACE_OUTER_BOUND('',#2739,.T.);
#2307=FACE_OUTER_BOUND('',#2740,.T.);
#2308=FACE_OUTER_BOUND('',#2741,.T.);
#2309=FACE_OUTER_BOUND('',#2742,.T.);
#2310=FACE_OUTER_BOUND('',#2743,.T.);
#2311=FACE_OUTER_BOUND('',#2744,.T.);
#2312=FACE_OUTER_BOUND('',#2745,.T.);
#2313=FACE_OUTER_BOUND('',#2746,.T.);
#2314=FACE_OUTER_BOUND('',#2747,.T.);
#2315=FACE_OUTER_BOUND('',#2748,.T.);
#2316=FACE_OUTER_BOUND('',#2749,.T.);
#2317=FACE_OUTER_BOUND('',#2750,.T.);
#2318=FACE_OUTER_BOUND('',#2751,.T.);
#2319=FACE_OUTER_BOUND('',#2752,.T.);
#2320=FACE_OUTER_BOUND('',#2753,.T.);
#2321=FACE_OUTER_BOUND('',#2754,.T.);
#2322=FACE_OUTER_BOUND('',#2755,.T.);
#2323=FACE_OUTER_BOUND('',#2756,.T.);
#2324=FACE_OUTER_BOUND('',#2757,.T.);
#2325=FACE_OUTER_BOUND('',#2758,.T.);
#2326=FACE_OUTER_BOUND('',#2759,.T.);
#2327=FACE_OUTER_BOUND('',#2760,.T.);
#2328=FACE_OUTER_BOUND('',#2761,.T.);
#2329=FACE_OUTER_BOUND('',#2762,.T.);
#2330=FACE_OUTER_BOUND('',#2763,.T.);
#2331=FACE_OUTER_BOUND('',#2764,.T.);
#2332=FACE_OUTER_BOUND('',#2765,.T.);
#2333=FACE_OUTER_BOUND('',#2766,.T.);
#2334=FACE_OUTER_BOUND('',#2767,.T.);
#2335=FACE_OUTER_BOUND('',#2768,.T.);
#2336=FACE_OUTER_BOUND('',#2769,.T.);
#2337=FACE_OUTER_BOUND('',#2770,.T.);
#2338=FACE_OUTER_BOUND('',#2771,.T.);
#2339=FACE_OUTER_BOUND('',#2772,.T.);
#2340=FACE_OUTER_BOUND('',#2773,.T.);
#2341=FACE_OUTER_BOUND('',#2774,.T.);
#2342=FACE_OUTER_BOUND('',#2775,.T.);
#2343=FACE_OUTER_BOUND('',#2776,.T.);
#2344=FACE_OUTER_BOUND('',#2777,.T.);
#2345=FACE_OUTER_BOUND('',#2778,.T.);
#2346=FACE_OUTER_BOUND('',#2779,.T.);
#2347=FACE_OUTER_BOUND('',#2780,.T.);
#2348=FACE_OUTER_BOUND('',#2781,.T.);
#2349=FACE_OUTER_BOUND('',#2782,.T.);
#2350=FACE_OUTER_BOUND('',#2783,.T.);
#2351=FACE_OUTER_BOUND('',#2784,.T.);
#2352=FACE_OUTER_BOUND('',#2785,.T.);
#2353=FACE_OUTER_BOUND('',#2786,.T.);
#2354=FACE_OUTER_BOUND('',#2787,.T.);
#2355=FACE_OUTER_BOUND('',#2788,.T.);
#2356=FACE_OUTER_BOUND('',#2789,.T.);
#2357=FACE_OUTER_BOUND('',#2790,.T.);
#2358=FACE_OUTER_BOUND('',#2791,.T.);
#2359=FACE_OUTER_BOUND('',#2792,.T.);
#2360=FACE_OUTER_BOUND('',#2793,.T.);
#2361=FACE_OUTER_BOUND('',#2794,.T.);
#2362=FACE_OUTER_BOUND('',#2795,.T.);
#2363=FACE_OUTER_BOUND('',#2796,.T.);
#2364=FACE_OUTER_BOUND('',#2797,.T.);
#2365=FACE_OUTER_BOUND('',#2798,.T.);
#2366=FACE_OUTER_BOUND('',#2799,.T.);
#2367=FACE_OUTER_BOUND('',#2800,.T.);
#2368=FACE_OUTER_BOUND('',#2801,.T.);
#2369=FACE_OUTER_BOUND('',#2802,.T.);
#2370=FACE_OUTER_BOUND('',#2803,.T.);
#2371=FACE_OUTER_BOUND('',#2804,.T.);
#2372=FACE_OUTER_BOUND('',#2805,.T.);
#2373=FACE_OUTER_BOUND('',#2806,.T.);
#2374=FACE_OUTER_BOUND('',#2807,.T.);
#2375=FACE_OUTER_BOUND('',#2808,.T.);
#2376=FACE_OUTER_BOUND('',#2809,.T.);
#2377=FACE_OUTER_BOUND('',#2810,.T.);
#2378=FACE_OUTER_BOUND('',#2811,.T.);
#2379=FACE_OUTER_BOUND('',#2812,.T.);
#2380=FACE_OUTER_BOUND('',#2813,.T.);
#2381=FACE_OUTER_BOUND('',#2814,.T.);
#2382=FACE_OUTER_BOUND('',#2815,.T.);
#2383=FACE_OUTER_BOUND('',#2816,.T.);
#2384=FACE_OUTER_BOUND('',#2817,.T.);
#2385=FACE_OUTER_BOUND('',#2818,.T.);
#2386=FACE_OUTER_BOUND('',#2819,.T.);
#2387=FACE_OUTER_BOUND('',#2820,.T.);
#2388=FACE_OUTER_BOUND('',#2821,.T.);
#2389=FACE_OUTER_BOUND('',#2822,.T.);
#2390=FACE_OUTER_BOUND('',#2823,.T.);
#2391=FACE_OUTER_BOUND('',#2824,.T.);
#2392=FACE_OUTER_BOUND('',#2825,.T.);
#2393=FACE_OUTER_BOUND('',#2826,.T.);
#2394=FACE_OUTER_BOUND('',#2827,.T.);
#2395=FACE_OUTER_BOUND('',#2828,.T.);
#2396=FACE_OUTER_BOUND('',#2829,.T.);
#2397=FACE_OUTER_BOUND('',#2830,.T.);
#2398=FACE_OUTER_BOUND('',#2831,.T.);
#2399=FACE_OUTER_BOUND('',#2832,.T.);
#2400=FACE_OUTER_BOUND('',#2833,.T.);
#2401=FACE_OUTER_BOUND('',#2834,.T.);
#2402=FACE_OUTER_BOUND('',#2835,.T.);
#2403=FACE_OUTER_BOUND('',#2836,.T.);
#2404=FACE_OUTER_BOUND('',#2837,.T.);
#2405=FACE_OUTER_BOUND('',#2838,.T.);
#2406=FACE_OUTER_BOUND('',#2839,.T.);
#2407=FACE_OUTER_BOUND('',#2840,.T.);
#2408=FACE_OUTER_BOUND('',#2841,.T.);
#2409=FACE_OUTER_BOUND('',#2842,.T.);
#2410=FACE_OUTER_BOUND('',#2843,.T.);
#2411=FACE_OUTER_BOUND('',#2844,.T.);
#2412=FACE_OUTER_BOUND('',#2845,.T.);
#2413=FACE_OUTER_BOUND('',#2846,.T.);
#2414=FACE_OUTER_BOUND('',#2847,.T.);
#2415=FACE_OUTER_BOUND('',#2848,.T.);
#2416=FACE_OUTER_BOUND('',#2849,.T.);
#2417=FACE_OUTER_BOUND('',#2850,.T.);
#2418=FACE_OUTER_BOUND('',#2851,.T.);
#2419=FACE_OUTER_BOUND('',#2852,.T.);
#2420=FACE_OUTER_BOUND('',#2853,.T.);
#2421=FACE_OUTER_BOUND('',#2854,.T.);
#2422=FACE_OUTER_BOUND('',#2855,.T.);
#2423=FACE_OUTER_BOUND('',#2856,.T.);
#2424=FACE_OUTER_BOUND('',#2857,.T.);
#2425=FACE_OUTER_BOUND('',#2858,.T.);
#2426=FACE_OUTER_BOUND('',#2859,.T.);
#2427=FACE_OUTER_BOUND('',#2860,.T.);
#2428=FACE_OUTER_BOUND('',#2861,.T.);
#2429=FACE_OUTER_BOUND('',#2862,.T.);
#2430=FACE_OUTER_BOUND('',#2863,.T.);
#2431=FACE_OUTER_BOUND('',#2864,.T.);
#2432=FACE_OUTER_BOUND('',#2865,.T.);
#2433=FACE_OUTER_BOUND('',#2866,.T.);
#2434=FACE_OUTER_BOUND('',#2867,.T.);
#2435=FACE_OUTER_BOUND('',#2868,.T.);
#2436=FACE_OUTER_BOUND('',#2869,.T.);
#2437=FACE_OUTER_BOUND('',#2870,.T.);
#2438=FACE_OUTER_BOUND('',#2871,.T.);
#2439=FACE_OUTER_BOUND('',#2872,.T.);
#2440=FACE_OUTER_BOUND('',#2873,.T.);
#2441=FACE_OUTER_BOUND('',#2874,.T.);
#2442=FACE_OUTER_BOUND('',#2875,.T.);
#2443=FACE_OUTER_BOUND('',#2876,.T.);
#2444=FACE_OUTER_BOUND('',#2877,.T.);
#2445=FACE_OUTER_BOUND('',#2878,.T.);
#2446=FACE_OUTER_BOUND('',#2879,.T.);
#2447=FACE_OUTER_BOUND('',#2880,.T.);
#2448=FACE_OUTER_BOUND('',#2881,.T.);
#2449=FACE_OUTER_BOUND('',#2882,.T.);
#2450=FACE_OUTER_BOUND('',#2883,.T.);
#2451=FACE_OUTER_BOUND('',#2884,.T.);
#2452=FACE_OUTER_BOUND('',#2885,.T.);
#2453=FACE_OUTER_BOUND('',#2886,.T.);
#2454=FACE_OUTER_BOUND('',#2887,.T.);
#2455=FACE_OUTER_BOUND('',#2888,.T.);
#2456=FACE_OUTER_BOUND('',#2889,.T.);
#2457=FACE_OUTER_BOUND('',#2890,.T.);
#2458=FACE_OUTER_BOUND('',#2891,.T.);
#2459=FACE_OUTER_BOUND('',#2892,.T.);
#2460=FACE_OUTER_BOUND('',#2893,.T.);
#2461=FACE_OUTER_BOUND('',#2894,.T.);
#2462=FACE_OUTER_BOUND('',#2895,.T.);
#2463=FACE_OUTER_BOUND('',#2896,.T.);
#2464=FACE_OUTER_BOUND('',#2897,.T.);
#2465=FACE_OUTER_BOUND('',#2898,.T.);
#2466=FACE_OUTER_BOUND('',#2899,.T.);
#2467=FACE_OUTER_BOUND('',#2900,.T.);
#2468=FACE_OUTER_BOUND('',#2901,.T.);
#2469=FACE_OUTER_BOUND('',#2902,.T.);
#2470=FACE_OUTER_BOUND('',#2903,.T.);
#2471=FACE_OUTER_BOUND('',#2904,.T.);
#2472=FACE_OUTER_BOUND('',#2905,.T.);
#2473=FACE_OUTER_BOUND('',#2906,.T.);
#2474=FACE_OUTER_BOUND('',#2907,.T.);
#2475=FACE_OUTER_BOUND('',#2908,.T.);
#2476=FACE_OUTER_BOUND('',#2909,.T.);
#2477=FACE_OUTER_BOUND('',#2910,.T.);
#2478=FACE_OUTER_BOUND('',#2911,.T.);
#2479=FACE_OUTER_BOUND('',#2912,.T.);
#2480=FACE_OUTER_BOUND('',#2913,.T.);
#2481=FACE_OUTER_BOUND('',#2914,.T.);
#2482=FACE_OUTER_BOUND('',#2915,.T.);
#2483=FACE_OUTER_BOUND('',#2916,.T.);
#2484=FACE_OUTER_BOUND('',#2917,.T.);
#2485=FACE_OUTER_BOUND('',#2918,.T.);
#2486=FACE_OUTER_BOUND('',#2919,.T.);
#2487=FACE_OUTER_BOUND('',#2920,.T.);
#2488=FACE_OUTER_BOUND('',#2921,.T.);
#2489=FACE_OUTER_BOUND('',#2922,.T.);
#2490=FACE_OUTER_BOUND('',#2923,.T.);
#2491=FACE_OUTER_BOUND('',#2924,.T.);
#2492=FACE_OUTER_BOUND('',#2925,.T.);
#2493=FACE_OUTER_BOUND('',#2926,.T.);
#2494=FACE_OUTER_BOUND('',#2927,.T.);
#2495=FACE_OUTER_BOUND('',#2928,.T.);
#2496=FACE_OUTER_BOUND('',#2929,.T.);
#2497=FACE_OUTER_BOUND('',#2930,.T.);
#2498=FACE_OUTER_BOUND('',#2931,.T.);
#2499=FACE_OUTER_BOUND('',#2932,.T.);
#2500=FACE_OUTER_BOUND('',#2933,.T.);
#2501=FACE_OUTER_BOUND('',#2934,.T.);
#2502=FACE_OUTER_BOUND('',#2940,.T.);
#2503=FACE_OUTER_BOUND('',#2941,.T.);
#2504=FACE_OUTER_BOUND('',#2942,.T.);
#2505=FACE_OUTER_BOUND('',#2943,.T.);
#2506=FACE_OUTER_BOUND('',#2944,.T.);
#2507=FACE_OUTER_BOUND('',#2945,.T.);
#2508=FACE_OUTER_BOUND('',#2946,.T.);
#2509=FACE_OUTER_BOUND('',#2947,.T.);
#2510=FACE_OUTER_BOUND('',#2948,.T.);
#2511=FACE_OUTER_BOUND('',#2949,.T.);
#2512=FACE_OUTER_BOUND('',#2950,.T.);
#2513=FACE_OUTER_BOUND('',#2951,.T.);
#2514=FACE_OUTER_BOUND('',#2952,.T.);
#2515=FACE_OUTER_BOUND('',#2953,.T.);
#2516=FACE_OUTER_BOUND('',#2954,.T.);
#2517=FACE_OUTER_BOUND('',#2955,.T.);
#2518=FACE_OUTER_BOUND('',#2956,.T.);
#2519=FACE_OUTER_BOUND('',#2957,.T.);
#2520=FACE_OUTER_BOUND('',#2958,.T.);
#2521=FACE_OUTER_BOUND('',#2959,.T.);
#2522=FACE_OUTER_BOUND('',#2960,.T.);
#2523=FACE_OUTER_BOUND('',#2961,.T.);
#2524=FACE_OUTER_BOUND('',#2962,.T.);
#2525=FACE_OUTER_BOUND('',#2963,.T.);
#2526=FACE_OUTER_BOUND('',#2964,.T.);
#2527=FACE_OUTER_BOUND('',#2965,.T.);
#2528=FACE_OUTER_BOUND('',#2966,.T.);
#2529=FACE_OUTER_BOUND('',#2967,.T.);
#2530=FACE_OUTER_BOUND('',#2968,.T.);
#2531=FACE_OUTER_BOUND('',#2969,.T.);
#2532=FACE_OUTER_BOUND('',#2970,.T.);
#2533=FACE_OUTER_BOUND('',#2971,.T.);
#2534=FACE_OUTER_BOUND('',#2972,.T.);
#2535=FACE_OUTER_BOUND('',#2973,.T.);
#2536=FACE_OUTER_BOUND('',#2974,.T.);
#2537=FACE_OUTER_BOUND('',#2975,.T.);
#2538=FACE_OUTER_BOUND('',#2976,.T.);
#2539=FACE_OUTER_BOUND('',#2977,.T.);
#2540=FACE_OUTER_BOUND('',#2978,.T.);
#2541=FACE_OUTER_BOUND('',#2979,.T.);
#2542=FACE_OUTER_BOUND('',#2980,.T.);
#2543=FACE_OUTER_BOUND('',#2981,.T.);
#2544=FACE_OUTER_BOUND('',#2982,.T.);
#2545=FACE_OUTER_BOUND('',#2983,.T.);
#2546=FACE_OUTER_BOUND('',#2984,.T.);
#2547=FACE_OUTER_BOUND('',#2985,.T.);
#2548=FACE_OUTER_BOUND('',#2986,.T.);
#2549=FACE_OUTER_BOUND('',#2987,.T.);
#2550=FACE_OUTER_BOUND('',#2988,.T.);
#2551=FACE_OUTER_BOUND('',#2989,.T.);
#2552=FACE_OUTER_BOUND('',#2990,.T.);
#2553=FACE_OUTER_BOUND('',#2991,.T.);
#2554=FACE_OUTER_BOUND('',#2992,.T.);
#2555=FACE_OUTER_BOUND('',#2993,.T.);
#2556=FACE_OUTER_BOUND('',#2994,.T.);
#2557=FACE_OUTER_BOUND('',#2995,.T.);
#2558=FACE_OUTER_BOUND('',#2996,.T.);
#2559=FACE_OUTER_BOUND('',#2997,.T.);
#2560=FACE_OUTER_BOUND('',#2998,.T.);
#2561=FACE_OUTER_BOUND('',#2999,.T.);
#2562=FACE_OUTER_BOUND('',#3000,.T.);
#2563=FACE_OUTER_BOUND('',#3001,.T.);
#2564=FACE_OUTER_BOUND('',#3002,.T.);
#2565=FACE_OUTER_BOUND('',#3003,.T.);
#2566=FACE_OUTER_BOUND('',#3012,.T.);
#2567=FACE_OUTER_BOUND('',#3017,.T.);
#2568=FACE_OUTER_BOUND('',#3018,.T.);
#2569=FACE_OUTER_BOUND('',#3019,.T.);
#2570=FACE_OUTER_BOUND('',#3020,.T.);
#2571=FACE_OUTER_BOUND('',#3021,.T.);
#2572=FACE_OUTER_BOUND('',#3022,.T.);
#2573=FACE_OUTER_BOUND('',#3023,.T.);
#2574=FACE_OUTER_BOUND('',#3024,.T.);
#2575=FACE_OUTER_BOUND('',#3025,.T.);
#2576=FACE_OUTER_BOUND('',#3026,.T.);
#2577=FACE_OUTER_BOUND('',#3027,.T.);
#2578=FACE_OUTER_BOUND('',#3028,.T.);
#2579=FACE_OUTER_BOUND('',#3029,.T.);
#2580=FACE_OUTER_BOUND('',#3030,.T.);
#2581=FACE_OUTER_BOUND('',#3031,.T.);
#2582=FACE_OUTER_BOUND('',#3032,.T.);
#2583=FACE_OUTER_BOUND('',#3033,.T.);
#2584=FACE_OUTER_BOUND('',#3034,.T.);
#2585=FACE_OUTER_BOUND('',#3035,.T.);
#2586=FACE_OUTER_BOUND('',#3036,.T.);
#2587=FACE_OUTER_BOUND('',#3037,.T.);
#2588=FACE_OUTER_BOUND('',#3038,.T.);
#2589=FACE_OUTER_BOUND('',#3039,.T.);
#2590=FACE_OUTER_BOUND('',#3048,.T.);
#2591=FACE_OUTER_BOUND('',#3049,.T.);
#2592=FACE_OUTER_BOUND('',#3050,.T.);
#2593=FACE_OUTER_BOUND('',#3051,.T.);
#2594=FACE_OUTER_BOUND('',#3052,.T.);
#2595=FACE_OUTER_BOUND('',#3054,.T.);
#2596=FACE_OUTER_BOUND('',#3056,.T.);
#2597=FACE_OUTER_BOUND('',#3058,.T.);
#2598=FACE_OUTER_BOUND('',#3060,.T.);
#2599=FACE_OUTER_BOUND('',#3061,.T.);
#2600=FACE_OUTER_BOUND('',#3062,.T.);
#2601=FACE_OUTER_BOUND('',#3075,.T.);
#2602=FACE_OUTER_BOUND('',#3076,.T.);
#2603=FACE_OUTER_BOUND('',#3077,.T.);
#2604=FACE_OUTER_BOUND('',#3078,.T.);
#2605=FACE_OUTER_BOUND('',#3084,.T.);
#2606=FACE_OUTER_BOUND('',#3085,.T.);
#2607=FACE_OUTER_BOUND('',#3092,.T.);
#2608=FACE_OUTER_BOUND('',#3093,.T.);
#2609=FACE_OUTER_BOUND('',#3094,.T.);
#2610=FACE_OUTER_BOUND('',#3095,.T.);
#2611=FACE_OUTER_BOUND('',#3096,.T.);
#2612=FACE_OUTER_BOUND('',#3097,.T.);
#2613=FACE_OUTER_BOUND('',#3098,.T.);
#2614=FACE_OUTER_BOUND('',#3099,.T.);
#2615=FACE_OUTER_BOUND('',#3100,.T.);
#2616=FACE_OUTER_BOUND('',#3101,.T.);
#2617=FACE_OUTER_BOUND('',#3102,.T.);
#2618=FACE_OUTER_BOUND('',#3103,.T.);
#2619=FACE_OUTER_BOUND('',#3104,.T.);
#2620=FACE_OUTER_BOUND('',#3105,.T.);
#2621=FACE_OUTER_BOUND('',#3106,.T.);
#2622=FACE_OUTER_BOUND('',#3107,.T.);
#2623=FACE_OUTER_BOUND('',#3108,.T.);
#2624=FACE_OUTER_BOUND('',#3109,.T.);
#2625=FACE_OUTER_BOUND('',#3110,.T.);
#2626=FACE_OUTER_BOUND('',#3111,.T.);
#2627=FACE_OUTER_BOUND('',#3112,.T.);
#2628=FACE_OUTER_BOUND('',#3113,.T.);
#2629=FACE_OUTER_BOUND('',#3114,.T.);
#2630=EDGE_LOOP('',(#5085));
#2631=EDGE_LOOP('',(#5086,#5087,#5088,#5089,#5090,#5091,#5092,#5093,#5094));
#2632=EDGE_LOOP('',(#5095,#5096,#5097,#5098,#5099,#5100,#5101,#5102,#5103,
#5104));
#2633=EDGE_LOOP('',(#5105,#5106,#5107,#5108,#5109,#5110,#5111));
#2634=EDGE_LOOP('',(#5112,#5113,#5114,#5115));
#2635=EDGE_LOOP('',(#5116,#5117,#5118,#5119,#5120,#5121,#5122));
#2636=EDGE_LOOP('',(#5123,#5124,#5125,#5126,#5127,#5128,#5129,#5130,#5131));
#2637=EDGE_LOOP('',(#5132,#5133,#5134,#5135));
#2638=EDGE_LOOP('',(#5136,#5137,#5138,#5139,#5140,#5141,#5142,#5143,#5144,
#5145));
#2639=EDGE_LOOP('',(#5146,#5147,#5148,#5149,#5150,#5151,#5152,#5153));
#2640=EDGE_LOOP('',(#5154,#5155,#5156,#5157,#5158,#5159,#5160,#5161));
#2641=EDGE_LOOP('',(#5162,#5163,#5164,#5165,#5166,#5167,#5168,#5169));
#2642=EDGE_LOOP('',(#5170,#5171,#5172,#5173,#5174,#5175,#5176,#5177));
#2643=EDGE_LOOP('',(#5178,#5179,#5180,#5181,#5182,#5183,#5184,#5185));
#2644=EDGE_LOOP('',(#5186,#5187,#5188,#5189,#5190,#5191,#5192,#5193));
#2645=EDGE_LOOP('',(#5194,#5195,#5196,#5197,#5198,#5199,#5200,#5201));
#2646=EDGE_LOOP('',(#5202));
#2647=EDGE_LOOP('',(#5203));
#2648=EDGE_LOOP('',(#5204));
#2649=EDGE_LOOP('',(#5205));
#2650=EDGE_LOOP('',(#5206));
#2651=EDGE_LOOP('',(#5207));
#2652=EDGE_LOOP('',(#5208));
#2653=EDGE_LOOP('',(#5209));
#2654=EDGE_LOOP('',(#5210));
#2655=EDGE_LOOP('',(#5211));
#2656=EDGE_LOOP('',(#5212));
#2657=EDGE_LOOP('',(#5213,#5214,#5215,#5216,#5217,#5218,#5219,#5220,#5221,
#5222,#5223,#5224,#5225,#5226,#5227));
#2658=EDGE_LOOP('',(#5228,#5229,#5230,#5231));
#2659=EDGE_LOOP('',(#5232,#5233,#5234,#5235,#5236));
#2660=EDGE_LOOP('',(#5237,#5238,#5239,#5240,#5241));
#2661=EDGE_LOOP('',(#5242,#5243,#5244,#5245));
#2662=EDGE_LOOP('',(#5246,#5247,#5248,#5249));
#2663=EDGE_LOOP('',(#5250,#5251,#5252,#5253));
#2664=EDGE_LOOP('',(#5254,#5255,#5256,#5257));
#2665=EDGE_LOOP('',(#5258,#5259,#5260,#5261));
#2666=EDGE_LOOP('',(#5262,#5263,#5264,#5265));
#2667=EDGE_LOOP('',(#5266,#5267,#5268,#5269));
#2668=EDGE_LOOP('',(#5270,#5271,#5272,#5273));
#2669=EDGE_LOOP('',(#5274,#5275,#5276,#5277));
#2670=EDGE_LOOP('',(#5278,#5279,#5280));
#2671=EDGE_LOOP('',(#5281,#5282,#5283,#5284));
#2672=EDGE_LOOP('',(#5285,#5286,#5287));
#2673=EDGE_LOOP('',(#5288,#5289,#5290,#5291,#5292,#5293,#5294,#5295,#5296,
#5297,#5298,#5299,#5300,#5301));
#2674=EDGE_LOOP('',(#5302,#5303,#5304,#5305,#5306,#5307,#5308,#5309));
#2675=EDGE_LOOP('',(#5310,#5311,#5312,#5313));
#2676=EDGE_LOOP('',(#5314,#5315,#5316,#5317));
#2677=EDGE_LOOP('',(#5318,#5319,#5320,#5321));
#2678=EDGE_LOOP('',(#5322,#5323,#5324,#5325));
#2679=EDGE_LOOP('',(#5326,#5327,#5328,#5329));
#2680=EDGE_LOOP('',(#5330,#5331,#5332,#5333));
#2681=EDGE_LOOP('',(#5334,#5335,#5336,#5337));
#2682=EDGE_LOOP('',(#5338,#5339,#5340,#5341,#5342,#5343,#5344,#5345));
#2683=EDGE_LOOP('',(#5346,#5347,#5348,#5349,#5350,#5351,#5352,#5353));
#2684=EDGE_LOOP('',(#5354,#5355,#5356,#5357,#5358,#5359,#5360,#5361));
#2685=EDGE_LOOP('',(#5362,#5363,#5364,#5365,#5366,#5367,#5368,#5369));
#2686=EDGE_LOOP('',(#5370,#5371,#5372,#5373,#5374,#5375,#5376,#5377));
#2687=EDGE_LOOP('',(#5378,#5379,#5380,#5381,#5382,#5383,#5384,#5385));
#2688=EDGE_LOOP('',(#5386,#5387,#5388,#5389,#5390,#5391,#5392,#5393));
#2689=EDGE_LOOP('',(#5394,#5395,#5396,#5397,#5398,#5399,#5400,#5401));
#2690=EDGE_LOOP('',(#5402,#5403,#5404,#5405,#5406,#5407,#5408,#5409));
#2691=EDGE_LOOP('',(#5410,#5411,#5412,#5413,#5414,#5415,#5416,#5417));
#2692=EDGE_LOOP('',(#5418,#5419,#5420,#5421,#5422,#5423,#5424,#5425));
#2693=EDGE_LOOP('',(#5426,#5427,#5428,#5429,#5430,#5431,#5432,#5433));
#2694=EDGE_LOOP('',(#5434,#5435,#5436,#5437,#5438,#5439,#5440,#5441));
#2695=EDGE_LOOP('',(#5442,#5443,#5444,#5445));
#2696=EDGE_LOOP('',(#5446,#5447,#5448,#5449));
#2697=EDGE_LOOP('',(#5450,#5451,#5452,#5453));
#2698=EDGE_LOOP('',(#5454,#5455,#5456,#5457));
#2699=EDGE_LOOP('',(#5458,#5459,#5460,#5461));
#2700=EDGE_LOOP('',(#5462,#5463,#5464,#5465));
#2701=EDGE_LOOP('',(#5466,#5467,#5468,#5469));
#2702=EDGE_LOOP('',(#5470,#5471,#5472,#5473));
#2703=EDGE_LOOP('',(#5474,#5475,#5476,#5477,#5478,#5479,#5480,#5481,#5482,
#5483,#5484,#5485,#5486,#5487,#5488,#5489,#5490,#5491));
#2704=EDGE_LOOP('',(#5492,#5493,#5494,#5495,#5496,#5497,#5498,#5499,#5500,
#5501,#5502,#5503,#5504,#5505,#5506));
#2705=EDGE_LOOP('',(#5507));
#2706=EDGE_LOOP('',(#5508));
#2707=EDGE_LOOP('',(#5509));
#2708=EDGE_LOOP('',(#5510));
#2709=EDGE_LOOP('',(#5511));
#2710=EDGE_LOOP('',(#5512));
#2711=EDGE_LOOP('',(#5513));
#2712=EDGE_LOOP('',(#5514,#5515,#5516,#5517));
#2713=EDGE_LOOP('',(#5518,#5519,#5520,#5521));
#2714=EDGE_LOOP('',(#5522,#5523,#5524,#5525));
#2715=EDGE_LOOP('',(#5526,#5527,#5528,#5529));
#2716=EDGE_LOOP('',(#5530,#5531,#5532,#5533));
#2717=EDGE_LOOP('',(#5534,#5535,#5536,#5537));
#2718=EDGE_LOOP('',(#5538));
#2719=EDGE_LOOP('',(#5539));
#2720=EDGE_LOOP('',(#5540,#5541,#5542,#5543));
#2721=EDGE_LOOP('',(#5544));
#2722=EDGE_LOOP('',(#5545));
#2723=EDGE_LOOP('',(#5546,#5547,#5548,#5549));
#2724=EDGE_LOOP('',(#5550));
#2725=EDGE_LOOP('',(#5551));
#2726=EDGE_LOOP('',(#5552,#5553,#5554,#5555));
#2727=EDGE_LOOP('',(#5556,#5557,#5558,#5559));
#2728=EDGE_LOOP('',(#5560,#5561,#5562,#5563));
#2729=EDGE_LOOP('',(#5564,#5565,#5566,#5567));
#2730=EDGE_LOOP('',(#5568,#5569,#5570,#5571));
#2731=EDGE_LOOP('',(#5572,#5573,#5574,#5575));
#2732=EDGE_LOOP('',(#5576,#5577,#5578,#5579));
#2733=EDGE_LOOP('',(#5580,#5581,#5582,#5583));
#2734=EDGE_LOOP('',(#5584,#5585,#5586,#5587));
#2735=EDGE_LOOP('',(#5588,#5589,#5590,#5591));
#2736=EDGE_LOOP('',(#5592,#5593,#5594,#5595));
#2737=EDGE_LOOP('',(#5596,#5597,#5598,#5599));
#2738=EDGE_LOOP('',(#5600,#5601,#5602,#5603));
#2739=EDGE_LOOP('',(#5604,#5605,#5606,#5607));
#2740=EDGE_LOOP('',(#5608,#5609,#5610,#5611));
#2741=EDGE_LOOP('',(#5612,#5613,#5614,#5615));
#2742=EDGE_LOOP('',(#5616,#5617,#5618,#5619));
#2743=EDGE_LOOP('',(#5620,#5621,#5622,#5623));
#2744=EDGE_LOOP('',(#5624,#5625,#5626,#5627));
#2745=EDGE_LOOP('',(#5628,#5629,#5630,#5631));
#2746=EDGE_LOOP('',(#5632,#5633,#5634,#5635));
#2747=EDGE_LOOP('',(#5636,#5637,#5638,#5639));
#2748=EDGE_LOOP('',(#5640,#5641,#5642,#5643));
#2749=EDGE_LOOP('',(#5644,#5645,#5646,#5647));
#2750=EDGE_LOOP('',(#5648,#5649,#5650,#5651));
#2751=EDGE_LOOP('',(#5652,#5653,#5654,#5655));
#2752=EDGE_LOOP('',(#5656,#5657,#5658,#5659));
#2753=EDGE_LOOP('',(#5660,#5661,#5662,#5663));
#2754=EDGE_LOOP('',(#5664,#5665,#5666,#5667));
#2755=EDGE_LOOP('',(#5668,#5669,#5670,#5671));
#2756=EDGE_LOOP('',(#5672,#5673,#5674,#5675));
#2757=EDGE_LOOP('',(#5676,#5677,#5678,#5679));
#2758=EDGE_LOOP('',(#5680,#5681,#5682,#5683));
#2759=EDGE_LOOP('',(#5684,#5685,#5686,#5687));
#2760=EDGE_LOOP('',(#5688,#5689,#5690,#5691));
#2761=EDGE_LOOP('',(#5692,#5693,#5694,#5695));
#2762=EDGE_LOOP('',(#5696,#5697,#5698,#5699));
#2763=EDGE_LOOP('',(#5700,#5701,#5702,#5703));
#2764=EDGE_LOOP('',(#5704,#5705,#5706,#5707));
#2765=EDGE_LOOP('',(#5708,#5709,#5710,#5711));
#2766=EDGE_LOOP('',(#5712,#5713,#5714,#5715));
#2767=EDGE_LOOP('',(#5716,#5717,#5718,#5719));
#2768=EDGE_LOOP('',(#5720,#5721,#5722,#5723));
#2769=EDGE_LOOP('',(#5724,#5725,#5726,#5727));
#2770=EDGE_LOOP('',(#5728,#5729,#5730,#5731));
#2771=EDGE_LOOP('',(#5732,#5733,#5734,#5735));
#2772=EDGE_LOOP('',(#5736,#5737,#5738,#5739));
#2773=EDGE_LOOP('',(#5740,#5741,#5742,#5743));
#2774=EDGE_LOOP('',(#5744,#5745,#5746,#5747));
#2775=EDGE_LOOP('',(#5748,#5749,#5750,#5751));
#2776=EDGE_LOOP('',(#5752,#5753,#5754,#5755));
#2777=EDGE_LOOP('',(#5756,#5757,#5758,#5759));
#2778=EDGE_LOOP('',(#5760,#5761,#5762,#5763));
#2779=EDGE_LOOP('',(#5764,#5765,#5766,#5767));
#2780=EDGE_LOOP('',(#5768,#5769,#5770,#5771));
#2781=EDGE_LOOP('',(#5772,#5773,#5774,#5775));
#2782=EDGE_LOOP('',(#5776,#5777,#5778,#5779));
#2783=EDGE_LOOP('',(#5780,#5781,#5782,#5783));
#2784=EDGE_LOOP('',(#5784,#5785,#5786,#5787));
#2785=EDGE_LOOP('',(#5788,#5789,#5790,#5791));
#2786=EDGE_LOOP('',(#5792,#5793,#5794,#5795));
#2787=EDGE_LOOP('',(#5796,#5797,#5798,#5799));
#2788=EDGE_LOOP('',(#5800,#5801,#5802,#5803));
#2789=EDGE_LOOP('',(#5804,#5805,#5806,#5807));
#2790=EDGE_LOOP('',(#5808,#5809,#5810,#5811));
#2791=EDGE_LOOP('',(#5812,#5813,#5814,#5815));
#2792=EDGE_LOOP('',(#5816,#5817,#5818,#5819));
#2793=EDGE_LOOP('',(#5820,#5821,#5822,#5823));
#2794=EDGE_LOOP('',(#5824,#5825,#5826,#5827));
#2795=EDGE_LOOP('',(#5828,#5829,#5830,#5831));
#2796=EDGE_LOOP('',(#5832,#5833,#5834,#5835));
#2797=EDGE_LOOP('',(#5836,#5837,#5838,#5839));
#2798=EDGE_LOOP('',(#5840,#5841,#5842,#5843));
#2799=EDGE_LOOP('',(#5844,#5845,#5846,#5847));
#2800=EDGE_LOOP('',(#5848,#5849,#5850,#5851));
#2801=EDGE_LOOP('',(#5852,#5853,#5854,#5855));
#2802=EDGE_LOOP('',(#5856,#5857,#5858,#5859));
#2803=EDGE_LOOP('',(#5860,#5861,#5862,#5863));
#2804=EDGE_LOOP('',(#5864,#5865,#5866,#5867));
#2805=EDGE_LOOP('',(#5868,#5869,#5870,#5871));
#2806=EDGE_LOOP('',(#5872,#5873,#5874,#5875));
#2807=EDGE_LOOP('',(#5876,#5877,#5878,#5879));
#2808=EDGE_LOOP('',(#5880,#5881,#5882,#5883));
#2809=EDGE_LOOP('',(#5884,#5885,#5886,#5887));
#2810=EDGE_LOOP('',(#5888,#5889,#5890,#5891));
#2811=EDGE_LOOP('',(#5892,#5893,#5894,#5895));
#2812=EDGE_LOOP('',(#5896,#5897,#5898,#5899));
#2813=EDGE_LOOP('',(#5900,#5901,#5902,#5903));
#2814=EDGE_LOOP('',(#5904,#5905,#5906,#5907));
#2815=EDGE_LOOP('',(#5908,#5909,#5910,#5911));
#2816=EDGE_LOOP('',(#5912,#5913,#5914,#5915));
#2817=EDGE_LOOP('',(#5916,#5917,#5918,#5919));
#2818=EDGE_LOOP('',(#5920,#5921,#5922,#5923));
#2819=EDGE_LOOP('',(#5924,#5925,#5926,#5927));
#2820=EDGE_LOOP('',(#5928,#5929,#5930,#5931));
#2821=EDGE_LOOP('',(#5932,#5933,#5934,#5935));
#2822=EDGE_LOOP('',(#5936,#5937,#5938,#5939));
#2823=EDGE_LOOP('',(#5940,#5941,#5942,#5943));
#2824=EDGE_LOOP('',(#5944,#5945,#5946,#5947));
#2825=EDGE_LOOP('',(#5948,#5949,#5950,#5951));
#2826=EDGE_LOOP('',(#5952,#5953,#5954,#5955));
#2827=EDGE_LOOP('',(#5956,#5957,#5958,#5959));
#2828=EDGE_LOOP('',(#5960,#5961,#5962,#5963));
#2829=EDGE_LOOP('',(#5964,#5965,#5966,#5967));
#2830=EDGE_LOOP('',(#5968,#5969,#5970,#5971));
#2831=EDGE_LOOP('',(#5972,#5973,#5974,#5975));
#2832=EDGE_LOOP('',(#5976,#5977,#5978,#5979));
#2833=EDGE_LOOP('',(#5980,#5981,#5982,#5983));
#2834=EDGE_LOOP('',(#5984,#5985,#5986,#5987));
#2835=EDGE_LOOP('',(#5988,#5989,#5990,#5991));
#2836=EDGE_LOOP('',(#5992,#5993,#5994,#5995));
#2837=EDGE_LOOP('',(#5996,#5997,#5998,#5999));
#2838=EDGE_LOOP('',(#6000,#6001,#6002,#6003));
#2839=EDGE_LOOP('',(#6004,#6005,#6006,#6007));
#2840=EDGE_LOOP('',(#6008,#6009,#6010,#6011));
#2841=EDGE_LOOP('',(#6012,#6013,#6014,#6015));
#2842=EDGE_LOOP('',(#6016,#6017,#6018,#6019));
#2843=EDGE_LOOP('',(#6020,#6021,#6022,#6023));
#2844=EDGE_LOOP('',(#6024,#6025,#6026,#6027));
#2845=EDGE_LOOP('',(#6028,#6029,#6030,#6031));
#2846=EDGE_LOOP('',(#6032,#6033,#6034,#6035));
#2847=EDGE_LOOP('',(#6036,#6037,#6038,#6039));
#2848=EDGE_LOOP('',(#6040,#6041,#6042,#6043));
#2849=EDGE_LOOP('',(#6044,#6045,#6046,#6047));
#2850=EDGE_LOOP('',(#6048,#6049,#6050,#6051));
#2851=EDGE_LOOP('',(#6052,#6053,#6054,#6055));
#2852=EDGE_LOOP('',(#6056,#6057,#6058,#6059));
#2853=EDGE_LOOP('',(#6060,#6061,#6062,#6063));
#2854=EDGE_LOOP('',(#6064,#6065,#6066,#6067));
#2855=EDGE_LOOP('',(#6068,#6069,#6070,#6071));
#2856=EDGE_LOOP('',(#6072,#6073,#6074,#6075));
#2857=EDGE_LOOP('',(#6076,#6077,#6078,#6079));
#2858=EDGE_LOOP('',(#6080,#6081,#6082,#6083));
#2859=EDGE_LOOP('',(#6084,#6085,#6086,#6087));
#2860=EDGE_LOOP('',(#6088,#6089,#6090,#6091));
#2861=EDGE_LOOP('',(#6092,#6093,#6094,#6095));
#2862=EDGE_LOOP('',(#6096,#6097,#6098,#6099));
#2863=EDGE_LOOP('',(#6100,#6101,#6102,#6103));
#2864=EDGE_LOOP('',(#6104,#6105,#6106,#6107));
#2865=EDGE_LOOP('',(#6108,#6109,#6110,#6111));
#2866=EDGE_LOOP('',(#6112,#6113,#6114,#6115));
#2867=EDGE_LOOP('',(#6116,#6117,#6118,#6119));
#2868=EDGE_LOOP('',(#6120,#6121,#6122,#6123));
#2869=EDGE_LOOP('',(#6124,#6125,#6126,#6127));
#2870=EDGE_LOOP('',(#6128,#6129,#6130,#6131));
#2871=EDGE_LOOP('',(#6132,#6133,#6134,#6135));
#2872=EDGE_LOOP('',(#6136,#6137,#6138,#6139));
#2873=EDGE_LOOP('',(#6140,#6141,#6142,#6143));
#2874=EDGE_LOOP('',(#6144,#6145,#6146,#6147));
#2875=EDGE_LOOP('',(#6148,#6149,#6150,#6151));
#2876=EDGE_LOOP('',(#6152,#6153,#6154,#6155));
#2877=EDGE_LOOP('',(#6156,#6157,#6158,#6159));
#2878=EDGE_LOOP('',(#6160,#6161,#6162,#6163));
#2879=EDGE_LOOP('',(#6164,#6165,#6166,#6167));
#2880=EDGE_LOOP('',(#6168,#6169,#6170,#6171));
#2881=EDGE_LOOP('',(#6172,#6173,#6174,#6175));
#2882=EDGE_LOOP('',(#6176,#6177,#6178,#6179));
#2883=EDGE_LOOP('',(#6180,#6181,#6182,#6183));
#2884=EDGE_LOOP('',(#6184,#6185,#6186,#6187));
#2885=EDGE_LOOP('',(#6188,#6189,#6190,#6191));
#2886=EDGE_LOOP('',(#6192,#6193,#6194,#6195));
#2887=EDGE_LOOP('',(#6196,#6197,#6198,#6199));
#2888=EDGE_LOOP('',(#6200,#6201,#6202,#6203));
#2889=EDGE_LOOP('',(#6204,#6205,#6206,#6207));
#2890=EDGE_LOOP('',(#6208,#6209,#6210,#6211));
#2891=EDGE_LOOP('',(#6212,#6213,#6214,#6215));
#2892=EDGE_LOOP('',(#6216,#6217,#6218,#6219));
#2893=EDGE_LOOP('',(#6220,#6221,#6222,#6223));
#2894=EDGE_LOOP('',(#6224,#6225,#6226,#6227));
#2895=EDGE_LOOP('',(#6228,#6229,#6230,#6231));
#2896=EDGE_LOOP('',(#6232,#6233,#6234,#6235));
#2897=EDGE_LOOP('',(#6236,#6237,#6238,#6239));
#2898=EDGE_LOOP('',(#6240,#6241,#6242,#6243));
#2899=EDGE_LOOP('',(#6244,#6245,#6246,#6247));
#2900=EDGE_LOOP('',(#6248,#6249,#6250,#6251));
#2901=EDGE_LOOP('',(#6252,#6253,#6254,#6255));
#2902=EDGE_LOOP('',(#6256,#6257,#6258,#6259));
#2903=EDGE_LOOP('',(#6260,#6261,#6262,#6263));
#2904=EDGE_LOOP('',(#6264,#6265,#6266,#6267));
#2905=EDGE_LOOP('',(#6268,#6269,#6270,#6271));
#2906=EDGE_LOOP('',(#6272,#6273,#6274,#6275));
#2907=EDGE_LOOP('',(#6276,#6277,#6278,#6279));
#2908=EDGE_LOOP('',(#6280,#6281,#6282,#6283));
#2909=EDGE_LOOP('',(#6284,#6285,#6286,#6287));
#2910=EDGE_LOOP('',(#6288,#6289,#6290,#6291));
#2911=EDGE_LOOP('',(#6292,#6293,#6294,#6295));
#2912=EDGE_LOOP('',(#6296,#6297,#6298,#6299));
#2913=EDGE_LOOP('',(#6300,#6301,#6302,#6303));
#2914=EDGE_LOOP('',(#6304,#6305,#6306,#6307));
#2915=EDGE_LOOP('',(#6308,#6309,#6310,#6311));
#2916=EDGE_LOOP('',(#6312,#6313,#6314,#6315));
#2917=EDGE_LOOP('',(#6316,#6317,#6318,#6319));
#2918=EDGE_LOOP('',(#6320,#6321,#6322,#6323));
#2919=EDGE_LOOP('',(#6324,#6325,#6326,#6327));
#2920=EDGE_LOOP('',(#6328,#6329,#6330,#6331));
#2921=EDGE_LOOP('',(#6332,#6333,#6334,#6335));
#2922=EDGE_LOOP('',(#6336,#6337,#6338,#6339));
#2923=EDGE_LOOP('',(#6340,#6341,#6342,#6343));
#2924=EDGE_LOOP('',(#6344,#6345,#6346,#6347));
#2925=EDGE_LOOP('',(#6348,#6349,#6350,#6351));
#2926=EDGE_LOOP('',(#6352,#6353,#6354,#6355));
#2927=EDGE_LOOP('',(#6356,#6357,#6358,#6359));
#2928=EDGE_LOOP('',(#6360,#6361,#6362,#6363));
#2929=EDGE_LOOP('',(#6364,#6365,#6366,#6367,#6368));
#2930=EDGE_LOOP('',(#6369,#6370,#6371,#6372,#6373));
#2931=EDGE_LOOP('',(#6374,#6375,#6376,#6377));
#2932=EDGE_LOOP('',(#6378,#6379,#6380,#6381));
#2933=EDGE_LOOP('',(#6382,#6383,#6384,#6385));
#2934=EDGE_LOOP('',(#6386,#6387,#6388,#6389,#6390,#6391,#6392,#6393,#6394,
#6395,#6396,#6397,#6398));
#2935=EDGE_LOOP('',(#6399,#6400,#6401,#6402,#6403,#6404,#6405,#6406));
#2936=EDGE_LOOP('',(#6407,#6408,#6409,#6410,#6411,#6412,#6413,#6414));
#2937=EDGE_LOOP('',(#6415,#6416,#6417,#6418,#6419,#6420,#6421,#6422));
#2938=EDGE_LOOP('',(#6423,#6424,#6425,#6426,#6427,#6428,#6429,#6430));
#2939=EDGE_LOOP('',(#6431,#6432,#6433,#6434,#6435,#6436,#6437,#6438));
#2940=EDGE_LOOP('',(#6439,#6440,#6441,#6442));
#2941=EDGE_LOOP('',(#6443,#6444,#6445,#6446));
#2942=EDGE_LOOP('',(#6447,#6448,#6449,#6450));
#2943=EDGE_LOOP('',(#6451,#6452,#6453,#6454));
#2944=EDGE_LOOP('',(#6455,#6456,#6457,#6458));
#2945=EDGE_LOOP('',(#6459,#6460,#6461,#6462));
#2946=EDGE_LOOP('',(#6463,#6464,#6465,#6466));
#2947=EDGE_LOOP('',(#6467,#6468,#6469,#6470));
#2948=EDGE_LOOP('',(#6471,#6472,#6473,#6474,#6475));
#2949=EDGE_LOOP('',(#6476,#6477,#6478,#6479,#6480,#6481));
#2950=EDGE_LOOP('',(#6482,#6483,#6484,#6485));
#2951=EDGE_LOOP('',(#6486,#6487,#6488,#6489));
#2952=EDGE_LOOP('',(#6490,#6491,#6492,#6493));
#2953=EDGE_LOOP('',(#6494,#6495,#6496,#6497));
#2954=EDGE_LOOP('',(#6498,#6499,#6500,#6501));
#2955=EDGE_LOOP('',(#6502,#6503,#6504,#6505));
#2956=EDGE_LOOP('',(#6506,#6507,#6508,#6509));
#2957=EDGE_LOOP('',(#6510,#6511,#6512,#6513));
#2958=EDGE_LOOP('',(#6514,#6515,#6516,#6517));
#2959=EDGE_LOOP('',(#6518,#6519,#6520,#6521));
#2960=EDGE_LOOP('',(#6522,#6523,#6524,#6525));
#2961=EDGE_LOOP('',(#6526,#6527,#6528,#6529));
#2962=EDGE_LOOP('',(#6530,#6531,#6532,#6533));
#2963=EDGE_LOOP('',(#6534,#6535,#6536,#6537));
#2964=EDGE_LOOP('',(#6538,#6539,#6540,#6541));
#2965=EDGE_LOOP('',(#6542,#6543,#6544,#6545));
#2966=EDGE_LOOP('',(#6546,#6547,#6548,#6549));
#2967=EDGE_LOOP('',(#6550,#6551,#6552,#6553));
#2968=EDGE_LOOP('',(#6554,#6555,#6556,#6557));
#2969=EDGE_LOOP('',(#6558,#6559,#6560,#6561));
#2970=EDGE_LOOP('',(#6562,#6563,#6564,#6565));
#2971=EDGE_LOOP('',(#6566,#6567,#6568,#6569));
#2972=EDGE_LOOP('',(#6570,#6571,#6572,#6573));
#2973=EDGE_LOOP('',(#6574,#6575,#6576,#6577));
#2974=EDGE_LOOP('',(#6578,#6579,#6580,#6581));
#2975=EDGE_LOOP('',(#6582,#6583,#6584,#6585));
#2976=EDGE_LOOP('',(#6586,#6587,#6588,#6589));
#2977=EDGE_LOOP('',(#6590,#6591,#6592,#6593));
#2978=EDGE_LOOP('',(#6594,#6595,#6596,#6597));
#2979=EDGE_LOOP('',(#6598,#6599,#6600,#6601));
#2980=EDGE_LOOP('',(#6602,#6603,#6604,#6605));
#2981=EDGE_LOOP('',(#6606,#6607,#6608,#6609));
#2982=EDGE_LOOP('',(#6610,#6611,#6612,#6613));
#2983=EDGE_LOOP('',(#6614,#6615,#6616,#6617));
#2984=EDGE_LOOP('',(#6618,#6619,#6620,#6621));
#2985=EDGE_LOOP('',(#6622,#6623,#6624,#6625));
#2986=EDGE_LOOP('',(#6626,#6627,#6628,#6629));
#2987=EDGE_LOOP('',(#6630,#6631,#6632,#6633));
#2988=EDGE_LOOP('',(#6634,#6635,#6636,#6637,#6638,#6639,#6640,#6641,#6642,
#6643,#6644));
#2989=EDGE_LOOP('',(#6645,#6646,#6647,#6648));
#2990=EDGE_LOOP('',(#6649,#6650,#6651,#6652));
#2991=EDGE_LOOP('',(#6653,#6654,#6655,#6656));
#2992=EDGE_LOOP('',(#6657,#6658,#6659,#6660));
#2993=EDGE_LOOP('',(#6661,#6662,#6663,#6664));
#2994=EDGE_LOOP('',(#6665,#6666,#6667,#6668));
#2995=EDGE_LOOP('',(#6669,#6670,#6671,#6672));
#2996=EDGE_LOOP('',(#6673,#6674,#6675,#6676));
#2997=EDGE_LOOP('',(#6677,#6678,#6679,#6680));
#2998=EDGE_LOOP('',(#6681,#6682,#6683,#6684));
#2999=EDGE_LOOP('',(#6685,#6686,#6687,#6688));
#3000=EDGE_LOOP('',(#6689,#6690,#6691,#6692));
#3001=EDGE_LOOP('',(#6693,#6694,#6695,#6696));
#3002=EDGE_LOOP('',(#6697,#6698,#6699,#6700));
#3003=EDGE_LOOP('',(#6701,#6702,#6703,#6704,#6705,#6706,#6707,#6708,#6709,
#6710,#6711,#6712,#6713,#6714,#6715,#6716,#6717,#6718,#6719,#6720,#6721,
#6722,#6723,#6724,#6725,#6726,#6727,#6728,#6729,#6730,#6731,#6732));
#3004=EDGE_LOOP('',(#6733,#6734,#6735,#6736,#6737,#6738,#6739,#6740));
#3005=EDGE_LOOP('',(#6741,#6742,#6743,#6744,#6745,#6746,#6747,#6748));
#3006=EDGE_LOOP('',(#6749,#6750,#6751,#6752,#6753,#6754,#6755,#6756));
#3007=EDGE_LOOP('',(#6757,#6758,#6759,#6760,#6761,#6762,#6763,#6764));
#3008=EDGE_LOOP('',(#6765,#6766,#6767,#6768,#6769,#6770,#6771,#6772));
#3009=EDGE_LOOP('',(#6773,#6774,#6775,#6776,#6777,#6778,#6779,#6780));
#3010=EDGE_LOOP('',(#6781,#6782,#6783,#6784,#6785,#6786,#6787,#6788));
#3011=EDGE_LOOP('',(#6789,#6790,#6791,#6792,#6793,#6794,#6795,#6796));
#3012=EDGE_LOOP('',(#6797,#6798,#6799,#6800,#6801,#6802,#6803,#6804,#6805,
#6806,#6807,#6808,#6809,#6810,#6811,#6812,#6813,#6814,#6815,#6816,#6817,
#6818,#6819,#6820,#6821,#6822,#6823,#6824,#6825,#6826,#6827,#6828,#6829,
#6830,#6831,#6832,#6833,#6834));
#3013=EDGE_LOOP('',(#6835));
#3014=EDGE_LOOP('',(#6836));
#3015=EDGE_LOOP('',(#6837));
#3016=EDGE_LOOP('',(#6838));
#3017=EDGE_LOOP('',(#6839,#6840,#6841,#6842));
#3018=EDGE_LOOP('',(#6843,#6844,#6845,#6846));
#3019=EDGE_LOOP('',(#6847,#6848,#6849,#6850));
#3020=EDGE_LOOP('',(#6851,#6852,#6853,#6854));
#3021=EDGE_LOOP('',(#6855,#6856,#6857,#6858));
#3022=EDGE_LOOP('',(#6859,#6860,#6861,#6862));
#3023=EDGE_LOOP('',(#6863,#6864,#6865,#6866));
#3024=EDGE_LOOP('',(#6867,#6868,#6869,#6870));
#3025=EDGE_LOOP('',(#6871,#6872,#6873,#6874));
#3026=EDGE_LOOP('',(#6875,#6876,#6877,#6878));
#3027=EDGE_LOOP('',(#6879,#6880,#6881,#6882));
#3028=EDGE_LOOP('',(#6883,#6884,#6885,#6886));
#3029=EDGE_LOOP('',(#6887,#6888,#6889,#6890));
#3030=EDGE_LOOP('',(#6891,#6892,#6893,#6894));
#3031=EDGE_LOOP('',(#6895,#6896,#6897,#6898));
#3032=EDGE_LOOP('',(#6899,#6900,#6901,#6902));
#3033=EDGE_LOOP('',(#6903,#6904,#6905,#6906));
#3034=EDGE_LOOP('',(#6907,#6908,#6909,#6910));
#3035=EDGE_LOOP('',(#6911,#6912,#6913,#6914));
#3036=EDGE_LOOP('',(#6915,#6916,#6917,#6918));
#3037=EDGE_LOOP('',(#6919,#6920,#6921,#6922));
#3038=EDGE_LOOP('',(#6923,#6924,#6925,#6926));
#3039=EDGE_LOOP('',(#6927,#6928,#6929,#6930,#6931,#6932,#6933,#6934,#6935,
#6936,#6937,#6938,#6939,#6940,#6941,#6942,#6943,#6944,#6945,#6946,#6947,
#6948,#6949,#6950,#6951,#6952,#6953,#6954));
#3040=EDGE_LOOP('',(#6955,#6956,#6957,#6958,#6959,#6960,#6961,#6962));
#3041=EDGE_LOOP('',(#6963,#6964,#6965,#6966,#6967,#6968,#6969,#6970));
#3042=EDGE_LOOP('',(#6971,#6972,#6973,#6974,#6975,#6976,#6977,#6978));
#3043=EDGE_LOOP('',(#6979,#6980,#6981,#6982,#6983,#6984,#6985,#6986));
#3044=EDGE_LOOP('',(#6987,#6988,#6989,#6990,#6991,#6992,#6993,#6994));
#3045=EDGE_LOOP('',(#6995,#6996,#6997,#6998,#6999,#7000,#7001,#7002));
#3046=EDGE_LOOP('',(#7003,#7004,#7005,#7006,#7007,#7008,#7009,#7010));
#3047=EDGE_LOOP('',(#7011,#7012,#7013,#7014,#7015,#7016,#7017,#7018));
#3048=EDGE_LOOP('',(#7019,#7020,#7021,#7022));
#3049=EDGE_LOOP('',(#7023,#7024,#7025,#7026));
#3050=EDGE_LOOP('',(#7027,#7028,#7029,#7030));
#3051=EDGE_LOOP('',(#7031,#7032,#7033,#7034));
#3052=EDGE_LOOP('',(#7035,#7036,#7037,#7038,#7039));
#3053=EDGE_LOOP('',(#7040));
#3054=EDGE_LOOP('',(#7041,#7042,#7043,#7044));
#3055=EDGE_LOOP('',(#7045));
#3056=EDGE_LOOP('',(#7046,#7047,#7048,#7049,#7050));
#3057=EDGE_LOOP('',(#7051));
#3058=EDGE_LOOP('',(#7052,#7053,#7054,#7055));
#3059=EDGE_LOOP('',(#7056));
#3060=EDGE_LOOP('',(#7057,#7058,#7059,#7060));
#3061=EDGE_LOOP('',(#7061,#7062,#7063,#7064));
#3062=EDGE_LOOP('',(#7065,#7066,#7067,#7068,#7069,#7070,#7071,#7072,#7073,
#7074,#7075,#7076));
#3063=EDGE_LOOP('',(#7077,#7078,#7079,#7080,#7081,#7082,#7083,#7084));
#3064=EDGE_LOOP('',(#7085,#7086,#7087,#7088,#7089,#7090,#7091,#7092));
#3065=EDGE_LOOP('',(#7093,#7094,#7095,#7096,#7097,#7098,#7099,#7100));
#3066=EDGE_LOOP('',(#7101,#7102,#7103,#7104,#7105,#7106,#7107,#7108));
#3067=EDGE_LOOP('',(#7109,#7110,#7111,#7112,#7113,#7114,#7115,#7116));
#3068=EDGE_LOOP('',(#7117,#7118,#7119,#7120,#7121,#7122,#7123,#7124));
#3069=EDGE_LOOP('',(#7125,#7126,#7127,#7128,#7129,#7130,#7131,#7132));
#3070=EDGE_LOOP('',(#7133,#7134,#7135,#7136,#7137,#7138,#7139,#7140));
#3071=EDGE_LOOP('',(#7141,#7142,#7143,#7144,#7145,#7146,#7147,#7148));
#3072=EDGE_LOOP('',(#7149,#7150,#7151,#7152,#7153,#7154,#7155,#7156));
#3073=EDGE_LOOP('',(#7157,#7158,#7159,#7160,#7161,#7162,#7163,#7164));
#3074=EDGE_LOOP('',(#7165,#7166,#7167,#7168,#7169,#7170,#7171,#7172));
#3075=EDGE_LOOP('',(#7173,#7174,#7175,#7176));
#3076=EDGE_LOOP('',(#7177,#7178,#7179,#7180));
#3077=EDGE_LOOP('',(#7181,#7182,#7183,#7184,#7185));
#3078=EDGE_LOOP('',(#7186,#7187,#7188,#7189,#7190,#7191,#7192,#7193,#7194,
#7195,#7196,#7197,#7198));
#3079=EDGE_LOOP('',(#7199,#7200,#7201,#7202,#7203,#7204,#7205,#7206));
#3080=EDGE_LOOP('',(#7207,#7208,#7209,#7210,#7211,#7212,#7213,#7214));
#3081=EDGE_LOOP('',(#7215,#7216,#7217,#7218,#7219,#7220,#7221,#7222));
#3082=EDGE_LOOP('',(#7223,#7224,#7225,#7226,#7227,#7228,#7229,#7230));
#3083=EDGE_LOOP('',(#7231,#7232,#7233,#7234,#7235,#7236,#7237,#7238));
#3084=EDGE_LOOP('',(#7239,#7240,#7241,#7242));
#3085=EDGE_LOOP('',(#7243,#7244,#7245,#7246,#7247,#7248,#7249,#7250,#7251,
#7252));
#3086=EDGE_LOOP('',(#7253,#7254,#7255,#7256,#7257,#7258,#7259,#7260));
#3087=EDGE_LOOP('',(#7261,#7262,#7263,#7264,#7265,#7266,#7267,#7268));
#3088=EDGE_LOOP('',(#7269,#7270,#7271,#7272,#7273,#7274,#7275,#7276));
#3089=EDGE_LOOP('',(#7277,#7278,#7279,#7280,#7281,#7282,#7283,#7284));
#3090=EDGE_LOOP('',(#7285,#7286,#7287,#7288,#7289,#7290,#7291,#7292));
#3091=EDGE_LOOP('',(#7293,#7294,#7295,#7296,#7297,#7298,#7299,#7300));
#3092=EDGE_LOOP('',(#7301,#7302,#7303,#7304));
#3093=EDGE_LOOP('',(#7305,#7306,#7307,#7308,#7309,#7310,#7311));
#3094=EDGE_LOOP('',(#7312,#7313,#7314,#7315));
#3095=EDGE_LOOP('',(#7316,#7317,#7318,#7319));
#3096=EDGE_LOOP('',(#7320,#7321,#7322,#7323));
#3097=EDGE_LOOP('',(#7324,#7325,#7326,#7327));
#3098=EDGE_LOOP('',(#7328,#7329,#7330,#7331));
#3099=EDGE_LOOP('',(#7332,#7333,#7334,#7335));
#3100=EDGE_LOOP('',(#7336,#7337,#7338,#7339,#7340,#7341,#7342));
#3101=EDGE_LOOP('',(#7343,#7344,#7345,#7346));
#3102=EDGE_LOOP('',(#7347,#7348,#7349,#7350));
#3103=EDGE_LOOP('',(#7351,#7352,#7353,#7354,#7355,#7356,#7357,#7358,#7359,
#7360,#7361,#7362,#7363,#7364,#7365,#7366,#7367,#7368,#7369,#7370,#7371,
#7372,#7373,#7374,#7375,#7376,#7377,#7378,#7379,#7380));
#3104=EDGE_LOOP('',(#7381,#7382,#7383,#7384));
#3105=EDGE_LOOP('',(#7385,#7386,#7387,#7388));
#3106=EDGE_LOOP('',(#7389,#7390,#7391,#7392));
#3107=EDGE_LOOP('',(#7393,#7394,#7395,#7396,#7397,#7398,#7399,#7400));
#3108=EDGE_LOOP('',(#7401,#7402,#7403,#7404,#7405,#7406,#7407,#7408));
#3109=EDGE_LOOP('',(#7409,#7410,#7411,#7412,#7413,#7414,#7415,#7416));
#3110=EDGE_LOOP('',(#7417,#7418,#7419,#7420,#7421,#7422,#7423,#7424));
#3111=EDGE_LOOP('',(#7425,#7426,#7427,#7428));
#3112=EDGE_LOOP('',(#7429,#7430,#7431,#7432));
#3113=EDGE_LOOP('',(#7433,#7434,#7435,#7436));
#3114=EDGE_LOOP('',(#7437,#7438,#7439,#7440));
#3115=B_SPLINE_CURVE_WITH_KNOTS('',3,(#11155,#11156,#11157,#11158,#11159,
#11160,#11161,#11162,#11163,#11164,#11165,#11166,#11167,#11168,#11169,#11170,
#11171,#11172,#11173,#11174,#11175,#11176,#11177,#11178,#11179,#11180,#11181,
#11182,#11183,#11184,#11185,#11186,#11187,#11188),.UNSPECIFIED.,.T.,.F.,
(4,2,2,2,2,2,2,2,2,2,2,2,2,2,2,2,4),(0.,0.0104908830540524,0.0209817661081047,
0.0325476181234843,0.0544226831559355,0.0762977481883859,0.0878636002037641,
0.0983544832578156,0.108845366311867,0.119336249365919,0.129827132419972,
0.141392984435351,0.163268049467803,0.185143114500253,0.196708966515631,
0.207199849569683,0.217690732623734),.UNSPECIFIED.);
#3116=B_SPLINE_CURVE_WITH_KNOTS('',3,(#11194,#11195,#11196,#11197),
 .UNSPECIFIED.,.F.,.F.,(4,4),(0.773770342182458,0.796017769851776),
 .UNSPECIFIED.);
#3117=B_SPLINE_CURVE_WITH_KNOTS('',3,(#11201,#11202,#11203,#11204),
 .UNSPECIFIED.,.F.,.F.,(4,4),(0.410378937727718,0.432480141059405),
 .UNSPECIFIED.);
#3118=B_SPLINE_CURVE_WITH_KNOTS('',3,(#11208,#11209,#11210,#11211),
 .UNSPECIFIED.,.F.,.F.,(4,4),(0.432480141059405,0.454581344391093),
 .UNSPECIFIED.);
#3119=B_SPLINE_CURVE_WITH_KNOTS('',3,(#11212,#11213,#11214,#11215),
 .UNSPECIFIED.,.F.,.F.,(4,4),(0.751522914513141,0.773770342182458),
 .UNSPECIFIED.);
#3120=B_SPLINE_CURVE_WITH_KNOTS('',3,(#11219,#11220,#11221,#11222,#11223,
#11224,#11225,#11226,#11227,#11228,#11229,#11230,#11231,#11232,#11233,#11234,
#11235,#11236,#11237,#11238,#11239,#11240,#11241,#11242,#11243,#11244,#11245,
#11246,#11247,#11248,#11249,#11250,#11251,#11252,#11253),.UNSPECIFIED.,
 .F.,.F.,(4,2,2,2,3,2,2,2,2,2,2,2,2,2,2,2,4),(0.165796238468469,0.18514311450164,
0.196708966517109,0.207199849571237,0.217690732625366,0.228181615679495,
0.238672498733625,0.250238350749095,0.27211341578171,0.293988480814323,
0.305554332829792,0.31604521588392,0.326536098938049,0.337026981992178,
0.347517865046308,0.359083717061778,0.37843059309495),.UNSPECIFIED.);
#3121=B_SPLINE_CURVE_WITH_KNOTS('',3,(#11257,#11258,#11259,#11260),
 .UNSPECIFIED.,.F.,.F.,(4,4),(1.2974404231782,1.31954162650932),
 .UNSPECIFIED.);
#3122=B_SPLINE_CURVE_WITH_KNOTS('',3,(#11264,#11265,#11266,#11267),
 .UNSPECIFIED.,.F.,.F.,(4,4),(2.29906359887801,2.32131102654733),
 .UNSPECIFIED.);
#3123=B_SPLINE_CURVE_WITH_KNOTS('',3,(#11270,#11271,#11272,#11273),
 .UNSPECIFIED.,.F.,.F.,(4,4),(2.32131102654733,2.34355845421665),
 .UNSPECIFIED.);
#3124=B_SPLINE_CURVE_WITH_KNOTS('',3,(#11275,#11276,#11277,#11278),
 .UNSPECIFIED.,.F.,.F.,(4,4),(1.27533921984708,1.2974404231782),
 .UNSPECIFIED.);
#3125=B_SPLINE_CURVE_WITH_KNOTS('',3,(#11319,#11320,#11321,#11322,#11323,
#11324,#11325,#11326,#11327,#11328,#11329,#11330,#11331,#11332,#11333,#11334,
#11335,#11336,#11337,#11338),.UNSPECIFIED.,.F.,.F.,(4,2,2,2,2,2,2,2,2,4),
(0.327130660116517,0.357272413415302,0.425626914539956,0.459804165102283,
0.49398141566461,0.514945017893781,0.535908620122953,0.556872222352124,
0.577835824581295,0.60611130904173),.UNSPECIFIED.);
#3126=B_SPLINE_CURVE_WITH_KNOTS('',3,(#11569,#11570,#11571,#11572),
 .UNSPECIFIED.,.F.,.F.,(4,4),(0.,0.134549781806384),.UNSPECIFIED.);
#3127=B_SPLINE_CURVE_WITH_KNOTS('',3,(#11573,#11574,#11575,#11576,#11577,
#11578),.UNSPECIFIED.,.F.,.F.,(4,1,1,4),(-0.364106381527099,-0.340599138893948,
-0.170299569446974,0.),.UNSPECIFIED.);
#3128=B_SPLINE_CURVE_WITH_KNOTS('',3,(#11615,#11616,#11617,#11618,#11619,
#11620),.UNSPECIFIED.,.F.,.F.,(4,1,1,4),(0.,0.170396400921304,0.340792801842608,
0.364680881947164),.UNSPECIFIED.);
#3129=B_SPLINE_CURVE_WITH_KNOTS('',3,(#11621,#11622,#11623,#11624),
 .UNSPECIFIED.,.F.,.F.,(4,4),(0.,0.133573756145544),.UNSPECIFIED.);
#3130=B_SPLINE_CURVE_WITH_KNOTS('',3,(#11653,#11654,#11655,#11656,#11657,
#11658,#11659,#11660),.UNSPECIFIED.,.F.,.F.,(4,2,2,4),(-0.146279602500967,
-0.145844915855677,-0.0994169956968706,0.),.UNSPECIFIED.);
#3131=B_SPLINE_CURVE_WITH_KNOTS('',3,(#11691,#11692,#11693,#11694,#11695,
#11696),.UNSPECIFIED.,.F.,.F.,(4,2,4),(-0.136160535612119,-0.0681990891918054,
-0.0327565334705973),.UNSPECIFIED.);
#3132=B_SPLINE_CURVE_WITH_KNOTS('',3,(#13224,#13225,#13226,#13227,#13228,
#13229,#13230,#13231,#13232),.UNSPECIFIED.,.F.,.F.,(4,2,3,4),(-0.0687759878624793,
-0.0683545011246821,0.,0.0300849951714451),.UNSPECIFIED.);
#3133=B_SPLINE_CURVE_WITH_KNOTS('',3,(#13233,#13234,#13235,#13236,#13237,
#13238,#13239,#13240,#13241,#13242,#13243,#13244,#13245,#13246,#13247,#13248),
 .UNSPECIFIED.,.F.,.F.,(4,2,2,2,2,2,2,4),(0.465705931204394,0.493981415664802,
0.514945017893981,0.535908620123159,0.556872222352338,0.577835824581516,
0.612013075143857,0.645768838968351),.UNSPECIFIED.);
#3134=VERTEX_POINT('',#11154);
#3135=VERTEX_POINT('',#11190);
#3136=VERTEX_POINT('',#11191);
#3137=VERTEX_POINT('',#11193);
#3138=VERTEX_POINT('',#11198);
#3139=VERTEX_POINT('',#11200);
#3140=VERTEX_POINT('',#11206);
#3141=VERTEX_POINT('',#11217);
#3142=VERTEX_POINT('',#11218);
#3143=VERTEX_POINT('',#11254);
#3144=VERTEX_POINT('',#11256);
#3145=VERTEX_POINT('',#11261);
#3146=VERTEX_POINT('',#11263);
#3147=VERTEX_POINT('',#11268);
#3148=VERTEX_POINT('',#11274);
#3149=VERTEX_POINT('',#11281);
#3150=VERTEX_POINT('',#11283);
#3151=VERTEX_POINT('',#11285);
#3152=VERTEX_POINT('',#11287);
#3153=VERTEX_POINT('',#11291);
#3154=VERTEX_POINT('',#11295);
#3155=VERTEX_POINT('',#11297);
#3156=VERTEX_POINT('',#11299);
#3157=VERTEX_POINT('',#11301);
#3158=VERTEX_POINT('',#11305);
#3159=VERTEX_POINT('',#11306);
#3160=VERTEX_POINT('',#11308);
#3161=VERTEX_POINT('',#11310);
#3162=VERTEX_POINT('',#11313);
#3163=VERTEX_POINT('',#11315);
#3164=VERTEX_POINT('',#11317);
#3165=VERTEX_POINT('',#11340);
#3166=VERTEX_POINT('',#11344);
#3167=VERTEX_POINT('',#11346);
#3168=VERTEX_POINT('',#11348);
#3169=VERTEX_POINT('',#11350);
#3170=VERTEX_POINT('',#11352);
#3171=VERTEX_POINT('',#11354);
#3172=VERTEX_POINT('',#11356);
#3173=VERTEX_POINT('',#11358);
#3174=VERTEX_POINT('',#11361);
#3175=VERTEX_POINT('',#11362);
#3176=VERTEX_POINT('',#11364);
#3177=VERTEX_POINT('',#11366);
#3178=VERTEX_POINT('',#11368);
#3179=VERTEX_POINT('',#11370);
#3180=VERTEX_POINT('',#11372);
#3181=VERTEX_POINT('',#11374);
#3182=VERTEX_POINT('',#11377);
#3183=VERTEX_POINT('',#11378);
#3184=VERTEX_POINT('',#11380);
#3185=VERTEX_POINT('',#11382);
#3186=VERTEX_POINT('',#11384);
#3187=VERTEX_POINT('',#11386);
#3188=VERTEX_POINT('',#11388);
#3189=VERTEX_POINT('',#11390);
#3190=VERTEX_POINT('',#11393);
#3191=VERTEX_POINT('',#11394);
#3192=VERTEX_POINT('',#11396);
#3193=VERTEX_POINT('',#11398);
#3194=VERTEX_POINT('',#11400);
#3195=VERTEX_POINT('',#11402);
#3196=VERTEX_POINT('',#11404);
#3197=VERTEX_POINT('',#11406);
#3198=VERTEX_POINT('',#11409);
#3199=VERTEX_POINT('',#11410);
#3200=VERTEX_POINT('',#11412);
#3201=VERTEX_POINT('',#11414);
#3202=VERTEX_POINT('',#11416);
#3203=VERTEX_POINT('',#11418);
#3204=VERTEX_POINT('',#11420);
#3205=VERTEX_POINT('',#11422);
#3206=VERTEX_POINT('',#11425);
#3207=VERTEX_POINT('',#11426);
#3208=VERTEX_POINT('',#11428);
#3209=VERTEX_POINT('',#11430);
#3210=VERTEX_POINT('',#11432);
#3211=VERTEX_POINT('',#11434);
#3212=VERTEX_POINT('',#11436);
#3213=VERTEX_POINT('',#11438);
#3214=VERTEX_POINT('',#11441);
#3215=VERTEX_POINT('',#11442);
#3216=VERTEX_POINT('',#11444);
#3217=VERTEX_POINT('',#11446);
#3218=VERTEX_POINT('',#11448);
#3219=VERTEX_POINT('',#11450);
#3220=VERTEX_POINT('',#11452);
#3221=VERTEX_POINT('',#11454);
#3222=VERTEX_POINT('',#11458);
#3223=VERTEX_POINT('',#11459);
#3224=VERTEX_POINT('',#11461);
#3225=VERTEX_POINT('',#11463);
#3226=VERTEX_POINT('',#11465);
#3227=VERTEX_POINT('',#11467);
#3228=VERTEX_POINT('',#11469);
#3229=VERTEX_POINT('',#11471);
#3230=VERTEX_POINT('',#11474);
#3231=VERTEX_POINT('',#11476);
#3232=VERTEX_POINT('',#11478);
#3233=VERTEX_POINT('',#11480);
#3234=VERTEX_POINT('',#11482);
#3235=VERTEX_POINT('',#11484);
#3236=VERTEX_POINT('',#11486);
#3237=VERTEX_POINT('',#11488);
#3238=VERTEX_POINT('',#11490);
#3239=VERTEX_POINT('',#11492);
#3240=VERTEX_POINT('',#11494);
#3241=VERTEX_POINT('',#11496);
#3242=VERTEX_POINT('',#11497);
#3243=VERTEX_POINT('',#11499);
#3244=VERTEX_POINT('',#11501);
#3245=VERTEX_POINT('',#11503);
#3246=VERTEX_POINT('',#11505);
#3247=VERTEX_POINT('',#11507);
#3248=VERTEX_POINT('',#11509);
#3249=VERTEX_POINT('',#11511);
#3250=VERTEX_POINT('',#11513);
#3251=VERTEX_POINT('',#11515);
#3252=VERTEX_POINT('',#11517);
#3253=VERTEX_POINT('',#11519);
#3254=VERTEX_POINT('',#11521);
#3255=VERTEX_POINT('',#11523);
#3256=VERTEX_POINT('',#11527);
#3257=VERTEX_POINT('',#11528);
#3258=VERTEX_POINT('',#11530);
#3259=VERTEX_POINT('',#11532);
#3260=VERTEX_POINT('',#11565);
#3261=VERTEX_POINT('',#11566);
#3262=VERTEX_POINT('',#11568);
#3263=VERTEX_POINT('',#11610);
#3264=VERTEX_POINT('',#11611);
#3265=VERTEX_POINT('',#11614);
#3266=VERTEX_POINT('',#11650);
#3267=VERTEX_POINT('',#11651);
#3268=VERTEX_POINT('',#11687);
#3269=VERTEX_POINT('',#11688);
#3270=VERTEX_POINT('',#11698);
#3271=VERTEX_POINT('',#11699);
#3272=VERTEX_POINT('',#11704);
#3273=VERTEX_POINT('',#11705);
#3274=VERTEX_POINT('',#11710);
#3275=VERTEX_POINT('',#11711);
#3276=VERTEX_POINT('',#11716);
#3277=VERTEX_POINT('',#11717);
#3278=VERTEX_POINT('',#11722);
#3279=VERTEX_POINT('',#11723);
#3280=VERTEX_POINT('',#11728);
#3281=VERTEX_POINT('',#11729);
#3282=VERTEX_POINT('',#11737);
#3283=VERTEX_POINT('',#11741);
#3284=VERTEX_POINT('',#11747);
#3285=VERTEX_POINT('',#11748);
#3286=VERTEX_POINT('',#11750);
#3287=VERTEX_POINT('',#11752);
#3288=VERTEX_POINT('',#11754);
#3289=VERTEX_POINT('',#11756);
#3290=VERTEX_POINT('',#11758);
#3291=VERTEX_POINT('',#11760);
#3292=VERTEX_POINT('',#11764);
#3293=VERTEX_POINT('',#11765);
#3294=VERTEX_POINT('',#11770);
#3295=VERTEX_POINT('',#11774);
#3296=VERTEX_POINT('',#11776);
#3297=VERTEX_POINT('',#11780);
#3298=VERTEX_POINT('',#11784);
#3299=VERTEX_POINT('',#11788);
#3300=VERTEX_POINT('',#11792);
#3301=VERTEX_POINT('',#11793);
#3302=VERTEX_POINT('',#11795);
#3303=VERTEX_POINT('',#11797);
#3304=VERTEX_POINT('',#11802);
#3305=VERTEX_POINT('',#11803);
#3306=VERTEX_POINT('',#11805);
#3307=VERTEX_POINT('',#11807);
#3308=VERTEX_POINT('',#11809);
#3309=VERTEX_POINT('',#11811);
#3310=VERTEX_POINT('',#11813);
#3311=VERTEX_POINT('',#11815);
#3312=VERTEX_POINT('',#11818);
#3313=VERTEX_POINT('',#11819);
#3314=VERTEX_POINT('',#11821);
#3315=VERTEX_POINT('',#11823);
#3316=VERTEX_POINT('',#11825);
#3317=VERTEX_POINT('',#11827);
#3318=VERTEX_POINT('',#11829);
#3319=VERTEX_POINT('',#11831);
#3320=VERTEX_POINT('',#11834);
#3321=VERTEX_POINT('',#11835);
#3322=VERTEX_POINT('',#11837);
#3323=VERTEX_POINT('',#11839);
#3324=VERTEX_POINT('',#11841);
#3325=VERTEX_POINT('',#11843);
#3326=VERTEX_POINT('',#11845);
#3327=VERTEX_POINT('',#11847);
#3328=VERTEX_POINT('',#11850);
#3329=VERTEX_POINT('',#11851);
#3330=VERTEX_POINT('',#11853);
#3331=VERTEX_POINT('',#11855);
#3332=VERTEX_POINT('',#11857);
#3333=VERTEX_POINT('',#11859);
#3334=VERTEX_POINT('',#11861);
#3335=VERTEX_POINT('',#11863);
#3336=VERTEX_POINT('',#11866);
#3337=VERTEX_POINT('',#11867);
#3338=VERTEX_POINT('',#11869);
#3339=VERTEX_POINT('',#11871);
#3340=VERTEX_POINT('',#11873);
#3341=VERTEX_POINT('',#11875);
#3342=VERTEX_POINT('',#11877);
#3343=VERTEX_POINT('',#11879);
#3344=VERTEX_POINT('',#11882);
#3345=VERTEX_POINT('',#11883);
#3346=VERTEX_POINT('',#11885);
#3347=VERTEX_POINT('',#11887);
#3348=VERTEX_POINT('',#11889);
#3349=VERTEX_POINT('',#11891);
#3350=VERTEX_POINT('',#11893);
#3351=VERTEX_POINT('',#11895);
#3352=VERTEX_POINT('',#11898);
#3353=VERTEX_POINT('',#11899);
#3354=VERTEX_POINT('',#11901);
#3355=VERTEX_POINT('',#11903);
#3356=VERTEX_POINT('',#11905);
#3357=VERTEX_POINT('',#11907);
#3358=VERTEX_POINT('',#11909);
#3359=VERTEX_POINT('',#11911);
#3360=VERTEX_POINT('',#11914);
#3361=VERTEX_POINT('',#11915);
#3362=VERTEX_POINT('',#11917);
#3363=VERTEX_POINT('',#11919);
#3364=VERTEX_POINT('',#11921);
#3365=VERTEX_POINT('',#11923);
#3366=VERTEX_POINT('',#11925);
#3367=VERTEX_POINT('',#11927);
#3368=VERTEX_POINT('',#11930);
#3369=VERTEX_POINT('',#11931);
#3370=VERTEX_POINT('',#11933);
#3371=VERTEX_POINT('',#11935);
#3372=VERTEX_POINT('',#11937);
#3373=VERTEX_POINT('',#11939);
#3374=VERTEX_POINT('',#11941);
#3375=VERTEX_POINT('',#11943);
#3376=VERTEX_POINT('',#11946);
#3377=VERTEX_POINT('',#11947);
#3378=VERTEX_POINT('',#11949);
#3379=VERTEX_POINT('',#11951);
#3380=VERTEX_POINT('',#11953);
#3381=VERTEX_POINT('',#11955);
#3382=VERTEX_POINT('',#11957);
#3383=VERTEX_POINT('',#11959);
#3384=VERTEX_POINT('',#11962);
#3385=VERTEX_POINT('',#11963);
#3386=VERTEX_POINT('',#11965);
#3387=VERTEX_POINT('',#11967);
#3388=VERTEX_POINT('',#11969);
#3389=VERTEX_POINT('',#11971);
#3390=VERTEX_POINT('',#11973);
#3391=VERTEX_POINT('',#11975);
#3392=VERTEX_POINT('',#11978);
#3393=VERTEX_POINT('',#11979);
#3394=VERTEX_POINT('',#11981);
#3395=VERTEX_POINT('',#11983);
#3396=VERTEX_POINT('',#11985);
#3397=VERTEX_POINT('',#11987);
#3398=VERTEX_POINT('',#11989);
#3399=VERTEX_POINT('',#11991);
#3400=VERTEX_POINT('',#11997);
#3401=VERTEX_POINT('',#11998);
#3402=VERTEX_POINT('',#12003);
#3403=VERTEX_POINT('',#12007);
#3404=VERTEX_POINT('',#12011);
#3405=VERTEX_POINT('',#12015);
#3406=VERTEX_POINT('',#12019);
#3407=VERTEX_POINT('',#12021);
#3408=VERTEX_POINT('',#12025);
#3409=VERTEX_POINT('',#12027);
#3410=VERTEX_POINT('',#12031);
#3411=VERTEX_POINT('',#12033);
#3412=VERTEX_POINT('',#12035);
#3413=VERTEX_POINT('',#12037);
#3414=VERTEX_POINT('',#12039);
#3415=VERTEX_POINT('',#12041);
#3416=VERTEX_POINT('',#12043);
#3417=VERTEX_POINT('',#12045);
#3418=VERTEX_POINT('',#12047);
#3419=VERTEX_POINT('',#12049);
#3420=VERTEX_POINT('',#12051);
#3421=VERTEX_POINT('',#12053);
#3422=VERTEX_POINT('',#12056);
#3423=VERTEX_POINT('',#12058);
#3424=VERTEX_POINT('',#12060);
#3425=VERTEX_POINT('',#12062);
#3426=VERTEX_POINT('',#12064);
#3427=VERTEX_POINT('',#12066);
#3428=VERTEX_POINT('',#12068);
#3429=VERTEX_POINT('',#12070);
#3430=VERTEX_POINT('',#12072);
#3431=VERTEX_POINT('',#12075);
#3432=VERTEX_POINT('',#12077);
#3433=VERTEX_POINT('',#12079);
#3434=VERTEX_POINT('',#12081);
#3435=VERTEX_POINT('',#12083);
#3436=VERTEX_POINT('',#12085);
#3437=VERTEX_POINT('',#12088);
#3438=VERTEX_POINT('',#12092);
#3439=VERTEX_POINT('',#12096);
#3440=VERTEX_POINT('',#12100);
#3441=VERTEX_POINT('',#12104);
#3442=VERTEX_POINT('',#12108);
#3443=VERTEX_POINT('',#12113);
#3444=VERTEX_POINT('',#12118);
#3445=VERTEX_POINT('',#12123);
#3446=VERTEX_POINT('',#12124);
#3447=VERTEX_POINT('',#12126);
#3448=VERTEX_POINT('',#12128);
#3449=VERTEX_POINT('',#12132);
#3450=VERTEX_POINT('',#12134);
#3451=VERTEX_POINT('',#12138);
#3452=VERTEX_POINT('',#12140);
#3453=VERTEX_POINT('',#12144);
#3454=VERTEX_POINT('',#12146);
#3455=VERTEX_POINT('',#12150);
#3456=VERTEX_POINT('',#12152);
#3457=VERTEX_POINT('',#12156);
#3458=VERTEX_POINT('',#12158);
#3459=VERTEX_POINT('',#12162);
#3460=VERTEX_POINT('',#12164);
#3461=VERTEX_POINT('',#12171);
#3462=VERTEX_POINT('',#12172);
#3463=VERTEX_POINT('',#12174);
#3464=VERTEX_POINT('',#12176);
#3465=VERTEX_POINT('',#12180);
#3466=VERTEX_POINT('',#12182);
#3467=VERTEX_POINT('',#12186);
#3468=VERTEX_POINT('',#12188);
#3469=VERTEX_POINT('',#12192);
#3470=VERTEX_POINT('',#12194);
#3471=VERTEX_POINT('',#12198);
#3472=VERTEX_POINT('',#12200);
#3473=VERTEX_POINT('',#12204);
#3474=VERTEX_POINT('',#12206);
#3475=VERTEX_POINT('',#12210);
#3476=VERTEX_POINT('',#12212);
#3477=VERTEX_POINT('',#12219);
#3478=VERTEX_POINT('',#12220);
#3479=VERTEX_POINT('',#12222);
#3480=VERTEX_POINT('',#12224);
#3481=VERTEX_POINT('',#12228);
#3482=VERTEX_POINT('',#12230);
#3483=VERTEX_POINT('',#12234);
#3484=VERTEX_POINT('',#12236);
#3485=VERTEX_POINT('',#12240);
#3486=VERTEX_POINT('',#12242);
#3487=VERTEX_POINT('',#12246);
#3488=VERTEX_POINT('',#12248);
#3489=VERTEX_POINT('',#12252);
#3490=VERTEX_POINT('',#12254);
#3491=VERTEX_POINT('',#12258);
#3492=VERTEX_POINT('',#12260);
#3493=VERTEX_POINT('',#12267);
#3494=VERTEX_POINT('',#12268);
#3495=VERTEX_POINT('',#12270);
#3496=VERTEX_POINT('',#12272);
#3497=VERTEX_POINT('',#12276);
#3498=VERTEX_POINT('',#12278);
#3499=VERTEX_POINT('',#12282);
#3500=VERTEX_POINT('',#12284);
#3501=VERTEX_POINT('',#12288);
#3502=VERTEX_POINT('',#12290);
#3503=VERTEX_POINT('',#12294);
#3504=VERTEX_POINT('',#12296);
#3505=VERTEX_POINT('',#12300);
#3506=VERTEX_POINT('',#12302);
#3507=VERTEX_POINT('',#12306);
#3508=VERTEX_POINT('',#12308);
#3509=VERTEX_POINT('',#12315);
#3510=VERTEX_POINT('',#12316);
#3511=VERTEX_POINT('',#12318);
#3512=VERTEX_POINT('',#12320);
#3513=VERTEX_POINT('',#12324);
#3514=VERTEX_POINT('',#12326);
#3515=VERTEX_POINT('',#12330);
#3516=VERTEX_POINT('',#12332);
#3517=VERTEX_POINT('',#12336);
#3518=VERTEX_POINT('',#12338);
#3519=VERTEX_POINT('',#12342);
#3520=VERTEX_POINT('',#12344);
#3521=VERTEX_POINT('',#12348);
#3522=VERTEX_POINT('',#12350);
#3523=VERTEX_POINT('',#12354);
#3524=VERTEX_POINT('',#12356);
#3525=VERTEX_POINT('',#12363);
#3526=VERTEX_POINT('',#12364);
#3527=VERTEX_POINT('',#12366);
#3528=VERTEX_POINT('',#12368);
#3529=VERTEX_POINT('',#12372);
#3530=VERTEX_POINT('',#12374);
#3531=VERTEX_POINT('',#12378);
#3532=VERTEX_POINT('',#12380);
#3533=VERTEX_POINT('',#12384);
#3534=VERTEX_POINT('',#12386);
#3535=VERTEX_POINT('',#12390);
#3536=VERTEX_POINT('',#12392);
#3537=VERTEX_POINT('',#12396);
#3538=VERTEX_POINT('',#12398);
#3539=VERTEX_POINT('',#12402);
#3540=VERTEX_POINT('',#12404);
#3541=VERTEX_POINT('',#12411);
#3542=VERTEX_POINT('',#12412);
#3543=VERTEX_POINT('',#12414);
#3544=VERTEX_POINT('',#12416);
#3545=VERTEX_POINT('',#12420);
#3546=VERTEX_POINT('',#12422);
#3547=VERTEX_POINT('',#12426);
#3548=VERTEX_POINT('',#12428);
#3549=VERTEX_POINT('',#12432);
#3550=VERTEX_POINT('',#12434);
#3551=VERTEX_POINT('',#12438);
#3552=VERTEX_POINT('',#12440);
#3553=VERTEX_POINT('',#12444);
#3554=VERTEX_POINT('',#12446);
#3555=VERTEX_POINT('',#12450);
#3556=VERTEX_POINT('',#12452);
#3557=VERTEX_POINT('',#12459);
#3558=VERTEX_POINT('',#12460);
#3559=VERTEX_POINT('',#12462);
#3560=VERTEX_POINT('',#12464);
#3561=VERTEX_POINT('',#12468);
#3562=VERTEX_POINT('',#12470);
#3563=VERTEX_POINT('',#12474);
#3564=VERTEX_POINT('',#12476);
#3565=VERTEX_POINT('',#12480);
#3566=VERTEX_POINT('',#12482);
#3567=VERTEX_POINT('',#12486);
#3568=VERTEX_POINT('',#12488);
#3569=VERTEX_POINT('',#12492);
#3570=VERTEX_POINT('',#12494);
#3571=VERTEX_POINT('',#12498);
#3572=VERTEX_POINT('',#12500);
#3573=VERTEX_POINT('',#12507);
#3574=VERTEX_POINT('',#12508);
#3575=VERTEX_POINT('',#12513);
#3576=VERTEX_POINT('',#12517);
#3577=VERTEX_POINT('',#12521);
#3578=VERTEX_POINT('',#12525);
#3579=VERTEX_POINT('',#12529);
#3580=VERTEX_POINT('',#12533);
#3581=VERTEX_POINT('',#12539);
#3582=VERTEX_POINT('',#12540);
#3583=VERTEX_POINT('',#12545);
#3584=VERTEX_POINT('',#12549);
#3585=VERTEX_POINT('',#12553);
#3586=VERTEX_POINT('',#12557);
#3587=VERTEX_POINT('',#12561);
#3588=VERTEX_POINT('',#12565);
#3589=VERTEX_POINT('',#12571);
#3590=VERTEX_POINT('',#12572);
#3591=VERTEX_POINT('',#12577);
#3592=VERTEX_POINT('',#12581);
#3593=VERTEX_POINT('',#12585);
#3594=VERTEX_POINT('',#12589);
#3595=VERTEX_POINT('',#12593);
#3596=VERTEX_POINT('',#12597);
#3597=VERTEX_POINT('',#12603);
#3598=VERTEX_POINT('',#12604);
#3599=VERTEX_POINT('',#12609);
#3600=VERTEX_POINT('',#12613);
#3601=VERTEX_POINT('',#12617);
#3602=VERTEX_POINT('',#12621);
#3603=VERTEX_POINT('',#12625);
#3604=VERTEX_POINT('',#12629);
#3605=VERTEX_POINT('',#12635);
#3606=VERTEX_POINT('',#12636);
#3607=VERTEX_POINT('',#12641);
#3608=VERTEX_POINT('',#12645);
#3609=VERTEX_POINT('',#12649);
#3610=VERTEX_POINT('',#12653);
#3611=VERTEX_POINT('',#12657);
#3612=VERTEX_POINT('',#12661);
#3613=VERTEX_POINT('',#12667);
#3614=VERTEX_POINT('',#12668);
#3615=VERTEX_POINT('',#12673);
#3616=VERTEX_POINT('',#12677);
#3617=VERTEX_POINT('',#12681);
#3618=VERTEX_POINT('',#12685);
#3619=VERTEX_POINT('',#12689);
#3620=VERTEX_POINT('',#12693);
#3621=VERTEX_POINT('',#12699);
#3622=VERTEX_POINT('',#12700);
#3623=VERTEX_POINT('',#12705);
#3624=VERTEX_POINT('',#12709);
#3625=VERTEX_POINT('',#12713);
#3626=VERTEX_POINT('',#12717);
#3627=VERTEX_POINT('',#12721);
#3628=VERTEX_POINT('',#12725);
#3629=VERTEX_POINT('',#12731);
#3630=VERTEX_POINT('',#12732);
#3631=VERTEX_POINT('',#12737);
#3632=VERTEX_POINT('',#12741);
#3633=VERTEX_POINT('',#12745);
#3634=VERTEX_POINT('',#12749);
#3635=VERTEX_POINT('',#12753);
#3636=VERTEX_POINT('',#12757);
#3637=VERTEX_POINT('',#12763);
#3638=VERTEX_POINT('',#12764);
#3639=VERTEX_POINT('',#12769);
#3640=VERTEX_POINT('',#12773);
#3641=VERTEX_POINT('',#12777);
#3642=VERTEX_POINT('',#12781);
#3643=VERTEX_POINT('',#12785);
#3644=VERTEX_POINT('',#12789);
#3645=VERTEX_POINT('',#12795);
#3646=VERTEX_POINT('',#12796);
#3647=VERTEX_POINT('',#12801);
#3648=VERTEX_POINT('',#12805);
#3649=VERTEX_POINT('',#12809);
#3650=VERTEX_POINT('',#12813);
#3651=VERTEX_POINT('',#12817);
#3652=VERTEX_POINT('',#12821);
#3653=VERTEX_POINT('',#12827);
#3654=VERTEX_POINT('',#12828);
#3655=VERTEX_POINT('',#12833);
#3656=VERTEX_POINT('',#12837);
#3657=VERTEX_POINT('',#12841);
#3658=VERTEX_POINT('',#12845);
#3659=VERTEX_POINT('',#12849);
#3660=VERTEX_POINT('',#12853);
#3661=VERTEX_POINT('',#12859);
#3662=VERTEX_POINT('',#12860);
#3663=VERTEX_POINT('',#12865);
#3664=VERTEX_POINT('',#12869);
#3665=VERTEX_POINT('',#12873);
#3666=VERTEX_POINT('',#12877);
#3667=VERTEX_POINT('',#12881);
#3668=VERTEX_POINT('',#12885);
#3669=VERTEX_POINT('',#12891);
#3670=VERTEX_POINT('',#12892);
#3671=VERTEX_POINT('',#12894);
#3672=VERTEX_POINT('',#12896);
#3673=VERTEX_POINT('',#12900);
#3674=VERTEX_POINT('',#12902);
#3675=VERTEX_POINT('',#12906);
#3676=VERTEX_POINT('',#12908);
#3677=VERTEX_POINT('',#12912);
#3678=VERTEX_POINT('',#12914);
#3679=VERTEX_POINT('',#12918);
#3680=VERTEX_POINT('',#12920);
#3681=VERTEX_POINT('',#12924);
#3682=VERTEX_POINT('',#12926);
#3683=VERTEX_POINT('',#12930);
#3684=VERTEX_POINT('',#12932);
#3685=VERTEX_POINT('',#12939);
#3686=VERTEX_POINT('',#12940);
#3687=VERTEX_POINT('',#12942);
#3688=VERTEX_POINT('',#12944);
#3689=VERTEX_POINT('',#12948);
#3690=VERTEX_POINT('',#12950);
#3691=VERTEX_POINT('',#12954);
#3692=VERTEX_POINT('',#12956);
#3693=VERTEX_POINT('',#12960);
#3694=VERTEX_POINT('',#12962);
#3695=VERTEX_POINT('',#12966);
#3696=VERTEX_POINT('',#12968);
#3697=VERTEX_POINT('',#12972);
#3698=VERTEX_POINT('',#12974);
#3699=VERTEX_POINT('',#12978);
#3700=VERTEX_POINT('',#12980);
#3701=VERTEX_POINT('',#12987);
#3702=VERTEX_POINT('',#12988);
#3703=VERTEX_POINT('',#12990);
#3704=VERTEX_POINT('',#12992);
#3705=VERTEX_POINT('',#12996);
#3706=VERTEX_POINT('',#12998);
#3707=VERTEX_POINT('',#13002);
#3708=VERTEX_POINT('',#13004);
#3709=VERTEX_POINT('',#13008);
#3710=VERTEX_POINT('',#13010);
#3711=VERTEX_POINT('',#13014);
#3712=VERTEX_POINT('',#13016);
#3713=VERTEX_POINT('',#13020);
#3714=VERTEX_POINT('',#13022);
#3715=VERTEX_POINT('',#13026);
#3716=VERTEX_POINT('',#13028);
#3717=VERTEX_POINT('',#13035);
#3718=VERTEX_POINT('',#13036);
#3719=VERTEX_POINT('',#13038);
#3720=VERTEX_POINT('',#13040);
#3721=VERTEX_POINT('',#13044);
#3722=VERTEX_POINT('',#13046);
#3723=VERTEX_POINT('',#13050);
#3724=VERTEX_POINT('',#13052);
#3725=VERTEX_POINT('',#13056);
#3726=VERTEX_POINT('',#13058);
#3727=VERTEX_POINT('',#13062);
#3728=VERTEX_POINT('',#13064);
#3729=VERTEX_POINT('',#13068);
#3730=VERTEX_POINT('',#13070);
#3731=VERTEX_POINT('',#13074);
#3732=VERTEX_POINT('',#13076);
#3733=VERTEX_POINT('',#13083);
#3734=VERTEX_POINT('',#13084);
#3735=VERTEX_POINT('',#13086);
#3736=VERTEX_POINT('',#13088);
#3737=VERTEX_POINT('',#13092);
#3738=VERTEX_POINT('',#13094);
#3739=VERTEX_POINT('',#13098);
#3740=VERTEX_POINT('',#13100);
#3741=VERTEX_POINT('',#13104);
#3742=VERTEX_POINT('',#13106);
#3743=VERTEX_POINT('',#13110);
#3744=VERTEX_POINT('',#13112);
#3745=VERTEX_POINT('',#13116);
#3746=VERTEX_POINT('',#13118);
#3747=VERTEX_POINT('',#13122);
#3748=VERTEX_POINT('',#13124);
#3749=VERTEX_POINT('',#13131);
#3750=VERTEX_POINT('',#13132);
#3751=VERTEX_POINT('',#13134);
#3752=VERTEX_POINT('',#13136);
#3753=VERTEX_POINT('',#13140);
#3754=VERTEX_POINT('',#13142);
#3755=VERTEX_POINT('',#13146);
#3756=VERTEX_POINT('',#13148);
#3757=VERTEX_POINT('',#13152);
#3758=VERTEX_POINT('',#13157);
#3759=VERTEX_POINT('',#13159);
#3760=VERTEX_POINT('',#13163);
#3761=VERTEX_POINT('',#13165);
#3762=VERTEX_POINT('',#13169);
#3763=VERTEX_POINT('',#13171);
#3764=VERTEX_POINT('',#13178);
#3765=VERTEX_POINT('',#13182);
#3766=VERTEX_POINT('',#13183);
#3767=VERTEX_POINT('',#13188);
#3768=VERTEX_POINT('',#13192);
#3769=VERTEX_POINT('',#13196);
#3770=VERTEX_POINT('',#13200);
#3771=VERTEX_POINT('',#13204);
#3772=VERTEX_POINT('',#13208);
#3773=VERTEX_POINT('',#13214);
#3774=VERTEX_POINT('',#13215);
#3775=VERTEX_POINT('',#13218);
#3776=VERTEX_POINT('',#13222);
#3777=VERTEX_POINT('',#13223);
#3778=VERTEX_POINT('',#13249);
#3779=VERTEX_POINT('',#13253);
#3780=VERTEX_POINT('',#13257);
#3781=VERTEX_POINT('',#13261);
#3782=VERTEX_POINT('',#13265);
#3783=VERTEX_POINT('',#13269);
#3784=VERTEX_POINT('',#13275);
#3785=VERTEX_POINT('',#13276);
#3786=VERTEX_POINT('',#13281);
#3787=VERTEX_POINT('',#13285);
#3788=VERTEX_POINT('',#13289);
#3789=VERTEX_POINT('',#13293);
#3790=VERTEX_POINT('',#13297);
#3791=VERTEX_POINT('',#13301);
#3792=VERTEX_POINT('',#13307);
#3793=VERTEX_POINT('',#13308);
#3794=VERTEX_POINT('',#13313);
#3795=VERTEX_POINT('',#13317);
#3796=VERTEX_POINT('',#13321);
#3797=VERTEX_POINT('',#13325);
#3798=VERTEX_POINT('',#13329);
#3799=VERTEX_POINT('',#13333);
#3800=VERTEX_POINT('',#13339);
#3801=VERTEX_POINT('',#13340);
#3802=VERTEX_POINT('',#13345);
#3803=VERTEX_POINT('',#13349);
#3804=VERTEX_POINT('',#13353);
#3805=VERTEX_POINT('',#13357);
#3806=VERTEX_POINT('',#13361);
#3807=VERTEX_POINT('',#13365);
#3808=VERTEX_POINT('',#13371);
#3809=VERTEX_POINT('',#13372);
#3810=VERTEX_POINT('',#13377);
#3811=VERTEX_POINT('',#13381);
#3812=VERTEX_POINT('',#13385);
#3813=VERTEX_POINT('',#13389);
#3814=VERTEX_POINT('',#13393);
#3815=VERTEX_POINT('',#13397);
#3816=VERTEX_POINT('',#13407);
#3817=VERTEX_POINT('',#13438);
#3818=VERTEX_POINT('',#13439);
#3819=VERTEX_POINT('',#13441);
#3820=VERTEX_POINT('',#13443);
#3821=VERTEX_POINT('',#13445);
#3822=VERTEX_POINT('',#13447);
#3823=VERTEX_POINT('',#13449);
#3824=VERTEX_POINT('',#13451);
#3825=VERTEX_POINT('',#13453);
#3826=VERTEX_POINT('',#13455);
#3827=VERTEX_POINT('',#13457);
#3828=VERTEX_POINT('',#13459);
#3829=VERTEX_POINT('',#13461);
#3830=VERTEX_POINT('',#13463);
#3831=VERTEX_POINT('',#13465);
#3832=VERTEX_POINT('',#13467);
#3833=VERTEX_POINT('',#13469);
#3834=VERTEX_POINT('',#13471);
#3835=VERTEX_POINT('',#13473);
#3836=VERTEX_POINT('',#13475);
#3837=VERTEX_POINT('',#13477);
#3838=VERTEX_POINT('',#13479);
#3839=VERTEX_POINT('',#13481);
#3840=VERTEX_POINT('',#13483);
#3841=VERTEX_POINT('',#13485);
#3842=VERTEX_POINT('',#13487);
#3843=VERTEX_POINT('',#13489);
#3844=VERTEX_POINT('',#13491);
#3845=VERTEX_POINT('',#13493);
#3846=VERTEX_POINT('',#13495);
#3847=VERTEX_POINT('',#13500);
#3848=VERTEX_POINT('',#13501);
#3849=VERTEX_POINT('',#13504);
#3850=VERTEX_POINT('',#13507);
#3851=VERTEX_POINT('',#13509);
#3852=VERTEX_POINT('',#13511);
#3853=VERTEX_POINT('',#13513);
#3854=VERTEX_POINT('',#13516);
#3855=VERTEX_POINT('',#13518);
#3856=VERTEX_POINT('',#13520);
#3857=VERTEX_POINT('',#13523);
#3858=VERTEX_POINT('',#13525);
#3859=VERTEX_POINT('',#13528);
#3860=VERTEX_POINT('',#13531);
#3861=VERTEX_POINT('',#13536);
#3862=VERTEX_POINT('',#13538);
#3863=VERTEX_POINT('',#13540);
#3864=VERTEX_POINT('',#13542);
#3865=VERTEX_POINT('',#13545);
#3866=VERTEX_POINT('',#13549);
#3867=VERTEX_POINT('',#13551);
#3868=VERTEX_POINT('',#13559);
#3869=VERTEX_POINT('',#13560);
#3870=VERTEX_POINT('',#13565);
#3871=VERTEX_POINT('',#13569);
#3872=VERTEX_POINT('',#13573);
#3873=VERTEX_POINT('',#13574);
#3874=VERTEX_POINT('',#13579);
#3875=VERTEX_POINT('',#13585);
#3876=VERTEX_POINT('',#13586);
#3877=VERTEX_POINT('',#13591);
#3878=VERTEX_POINT('',#13595);
#3879=VERTEX_POINT('',#13599);
#3880=VERTEX_POINT('',#13600);
#3881=VERTEX_POINT('',#13605);
#3882=VERTEX_POINT('',#13606);
#3883=VERTEX_POINT('',#13613);
#3884=VERTEX_POINT('',#13614);
#3885=VERTEX_POINT('',#13619);
#3886=VERTEX_POINT('',#13623);
#3887=VERTEX_POINT('',#13627);
#3888=VERTEX_POINT('',#13631);
#3889=VERTEX_POINT('',#13635);
#3890=VERTEX_POINT('',#13654);
#3891=VERTEX_POINT('',#13657);
#3892=VERTEX_POINT('',#13660);
#3893=VERTEX_POINT('',#13663);
#3894=VERTEX_POINT('',#13668);
#3895=VERTEX_POINT('',#13671);
#3896=VERTEX_POINT('',#13673);
#3897=VERTEX_POINT('',#13676);
#3898=VERTEX_POINT('',#13693);
#3899=VERTEX_POINT('',#13721);
#3900=VERTEX_POINT('',#13724);
#3901=VERTEX_POINT('',#13727);
#3902=VERTEX_POINT('',#13729);
#3903=VERTEX_POINT('',#13731);
#3904=VERTEX_POINT('',#13733);
#3905=VERTEX_POINT('',#13735);
#3906=VERTEX_POINT('',#13737);
#3907=EDGE_CURVE('',#3134,#3134,#3115,.T.);
#3908=EDGE_CURVE('',#3135,#3136,#1843,.T.);
#3909=EDGE_CURVE('',#3137,#3135,#3116,.T.);
#3910=EDGE_CURVE('',#3137,#3138,#323,.T.);
#3911=EDGE_CURVE('',#3139,#3138,#3117,.T.);
#3912=EDGE_CURVE('',#3134,#3139,#1844,.T.);
#3913=EDGE_CURVE('',#3140,#3134,#1845,.T.);
#3914=EDGE_CURVE('',#3138,#3140,#3118,.T.);
#3915=EDGE_CURVE('',#3136,#3137,#3119,.T.);
#3916=EDGE_CURVE('',#3141,#3142,#3120,.T.);
#3917=EDGE_CURVE('',#3143,#3141,#1846,.T.);
#3918=EDGE_CURVE('',#3144,#3143,#3121,.T.);
#3919=EDGE_CURVE('',#3144,#3145,#324,.T.);
#3920=EDGE_CURVE('',#3146,#3145,#3122,.T.);
#3921=EDGE_CURVE('',#3147,#3146,#1847,.T.);
#3922=EDGE_CURVE('',#3145,#3147,#3123,.T.);
#3923=EDGE_CURVE('',#3148,#3144,#3124,.T.);
#3924=EDGE_CURVE('',#3142,#3148,#1848,.T.);
#3925=EDGE_CURVE('',#3143,#3149,#325,.T.);
#3926=EDGE_CURVE('',#3149,#3150,#1849,.T.);
#3927=EDGE_CURVE('',#3151,#3150,#326,.T.);
#3928=EDGE_CURVE('',#3152,#3151,#1850,.T.);
#3929=EDGE_CURVE('',#3152,#3148,#327,.T.);
#3930=EDGE_CURVE('',#3141,#3153,#328,.T.);
#3931=EDGE_CURVE('',#3153,#3149,#329,.T.);
#3932=EDGE_CURVE('',#3135,#3154,#330,.T.);
#3933=EDGE_CURVE('',#3154,#3155,#1851,.T.);
#3934=EDGE_CURVE('',#3156,#3155,#331,.T.);
#3935=EDGE_CURVE('',#3157,#3156,#1852,.T.);
#3936=EDGE_CURVE('',#3157,#3136,#332,.T.);
#3937=EDGE_CURVE('',#3158,#3159,#125,.T.);
#3938=EDGE_CURVE('',#3160,#3159,#333,.T.);
#3939=EDGE_CURVE('',#3161,#3160,#1853,.T.);
#3940=EDGE_CURVE('',#3161,#3134,#334,.T.);
#3941=EDGE_CURVE('',#3134,#3162,#335,.T.);
#3942=EDGE_CURVE('',#3162,#3163,#1854,.T.);
#3943=EDGE_CURVE('',#3164,#3163,#336,.T.);
#3944=EDGE_CURVE('',#3164,#3158,#3125,.T.);
#3945=EDGE_CURVE('',#3139,#3165,#337,.T.);
#3946=EDGE_CURVE('',#3165,#3162,#338,.T.);
#3947=EDGE_CURVE('',#3146,#3166,#339,.T.);
#3948=EDGE_CURVE('',#3166,#3167,#340,.T.);
#3949=EDGE_CURVE('',#3168,#3167,#341,.T.);
#3950=EDGE_CURVE('',#3169,#3168,#342,.T.);
#3951=EDGE_CURVE('',#3169,#3170,#343,.T.);
#3952=EDGE_CURVE('',#3171,#3170,#344,.T.);
#3953=EDGE_CURVE('',#3171,#3172,#345,.T.);
#3954=EDGE_CURVE('',#3173,#3172,#346,.T.);
#3955=EDGE_CURVE('',#3173,#3147,#347,.T.);
#3956=EDGE_CURVE('',#3174,#3175,#348,.T.);
#3957=EDGE_CURVE('',#3175,#3176,#1855,.T.);
#3958=EDGE_CURVE('',#3176,#3177,#349,.T.);
#3959=EDGE_CURVE('',#3177,#3178,#1856,.T.);
#3960=EDGE_CURVE('',#3178,#3179,#350,.T.);
#3961=EDGE_CURVE('',#3179,#3180,#1857,.T.);
#3962=EDGE_CURVE('',#3180,#3181,#351,.T.);
#3963=EDGE_CURVE('',#3181,#3174,#1858,.T.);
#3964=EDGE_CURVE('',#3182,#3183,#352,.T.);
#3965=EDGE_CURVE('',#3183,#3184,#1859,.T.);
#3966=EDGE_CURVE('',#3184,#3185,#353,.T.);
#3967=EDGE_CURVE('',#3185,#3186,#1860,.T.);
#3968=EDGE_CURVE('',#3186,#3187,#354,.T.);
#3969=EDGE_CURVE('',#3187,#3188,#1861,.T.);
#3970=EDGE_CURVE('',#3188,#3189,#355,.T.);
#3971=EDGE_CURVE('',#3189,#3182,#1862,.T.);
#3972=EDGE_CURVE('',#3190,#3191,#356,.T.);
#3973=EDGE_CURVE('',#3191,#3192,#1863,.T.);
#3974=EDGE_CURVE('',#3192,#3193,#357,.T.);
#3975=EDGE_CURVE('',#3193,#3194,#1864,.T.);
#3976=EDGE_CURVE('',#3194,#3195,#358,.T.);
#3977=EDGE_CURVE('',#3195,#3196,#1865,.T.);
#3978=EDGE_CURVE('',#3196,#3197,#359,.T.);
#3979=EDGE_CURVE('',#3197,#3190,#1866,.T.);
#3980=EDGE_CURVE('',#3198,#3199,#360,.T.);
#3981=EDGE_CURVE('',#3199,#3200,#1867,.T.);
#3982=EDGE_CURVE('',#3200,#3201,#361,.T.);
#3983=EDGE_CURVE('',#3201,#3202,#1868,.T.);
#3984=EDGE_CURVE('',#3202,#3203,#362,.T.);
#3985=EDGE_CURVE('',#3203,#3204,#1869,.T.);
#3986=EDGE_CURVE('',#3204,#3205,#363,.T.);
#3987=EDGE_CURVE('',#3205,#3198,#1870,.T.);
#3988=EDGE_CURVE('',#3206,#3207,#364,.T.);
#3989=EDGE_CURVE('',#3207,#3208,#1871,.T.);
#3990=EDGE_CURVE('',#3208,#3209,#365,.T.);
#3991=EDGE_CURVE('',#3209,#3210,#1872,.T.);
#3992=EDGE_CURVE('',#3210,#3211,#366,.T.);
#3993=EDGE_CURVE('',#3211,#3212,#1873,.T.);
#3994=EDGE_CURVE('',#3212,#3213,#367,.T.);
#3995=EDGE_CURVE('',#3213,#3206,#1874,.T.);
#3996=EDGE_CURVE('',#3214,#3215,#368,.T.);
#3997=EDGE_CURVE('',#3215,#3216,#1875,.T.);
#3998=EDGE_CURVE('',#3216,#3217,#369,.T.);
#3999=EDGE_CURVE('',#3217,#3218,#1876,.T.);
#4000=EDGE_CURVE('',#3218,#3219,#370,.T.);
#4001=EDGE_CURVE('',#3219,#3220,#1877,.T.);
#4002=EDGE_CURVE('',#3220,#3221,#371,.T.);
#4003=EDGE_CURVE('',#3221,#3214,#1878,.T.);
#4004=EDGE_CURVE('',#3222,#3223,#1879,.T.);
#4005=EDGE_CURVE('',#3224,#3223,#372,.T.);
#4006=EDGE_CURVE('',#3224,#3225,#1880,.T.);
#4007=EDGE_CURVE('',#3226,#3225,#373,.T.);
#4008=EDGE_CURVE('',#3226,#3227,#1881,.T.);
#4009=EDGE_CURVE('',#3228,#3227,#374,.T.);
#4010=EDGE_CURVE('',#3228,#3229,#1882,.T.);
#4011=EDGE_CURVE('',#3222,#3229,#375,.T.);
#4012=EDGE_CURVE('',#3230,#3230,#1883,.T.);
#4013=EDGE_CURVE('',#3231,#3231,#1884,.T.);
#4014=EDGE_CURVE('',#3232,#3232,#1885,.T.);
#4015=EDGE_CURVE('',#3233,#3233,#1886,.T.);
#4016=EDGE_CURVE('',#3234,#3234,#1887,.T.);
#4017=EDGE_CURVE('',#3235,#3235,#1888,.T.);
#4018=EDGE_CURVE('',#3236,#3236,#1889,.T.);
#4019=EDGE_CURVE('',#3237,#3237,#1890,.T.);
#4020=EDGE_CURVE('',#3238,#3238,#1891,.T.);
#4021=EDGE_CURVE('',#3239,#3239,#1892,.T.);
#4022=EDGE_CURVE('',#3240,#3240,#1893,.T.);
#4023=EDGE_CURVE('',#3241,#3242,#376,.T.);
#4024=EDGE_CURVE('',#3243,#3242,#1894,.T.);
#4025=EDGE_CURVE('',#3244,#3243,#377,.T.);
#4026=EDGE_CURVE('',#3245,#3244,#1895,.T.);
#4027=EDGE_CURVE('',#3246,#3245,#378,.T.);
#4028=EDGE_CURVE('',#3247,#3246,#1896,.T.);
#4029=EDGE_CURVE('',#3248,#3247,#379,.T.);
#4030=EDGE_CURVE('',#3249,#3248,#1897,.T.);
#4031=EDGE_CURVE('',#3250,#3249,#380,.T.);
#4032=EDGE_CURVE('',#3251,#3250,#1898,.T.);
#4033=EDGE_CURVE('',#3251,#3252,#1899,.F.);
#4034=EDGE_CURVE('',#3252,#3253,#381,.T.);
#4035=EDGE_CURVE('',#3254,#3253,#1900,.T.);
#4036=EDGE_CURVE('',#3254,#3255,#382,.T.);
#4037=EDGE_CURVE('',#3241,#3255,#1901,.T.);
#4038=EDGE_CURVE('',#3256,#3257,#1902,.T.);
#4039=EDGE_CURVE('',#3257,#3258,#383,.T.);
#4040=EDGE_CURVE('',#3258,#3259,#1903,.T.);
#4041=EDGE_CURVE('',#3259,#3256,#384,.T.);
#4042=EDGE_CURVE('',#3260,#3261,#1904,.T.);
#4043=EDGE_CURVE('',#3261,#3262,#3126,.T.);
#4044=EDGE_CURVE('',#3262,#3257,#3127,.T.);
#4045=EDGE_CURVE('',#3256,#3260,#385,.T.);
#4046=EDGE_CURVE('',#3263,#3264,#1905,.T.);
#4047=EDGE_CURVE('',#3264,#3259,#386,.T.);
#4048=EDGE_CURVE('',#3258,#3265,#3128,.T.);
#4049=EDGE_CURVE('',#3265,#3263,#3129,.T.);
#4050=EDGE_CURVE('',#3266,#3267,#1906,.T.);
#4051=EDGE_CURVE('',#3261,#3267,#3130,.F.);
#4052=EDGE_CURVE('',#3260,#3266,#387,.T.);
#4053=EDGE_CURVE('',#3268,#3269,#1907,.T.);
#4054=EDGE_CURVE('',#3269,#3264,#388,.T.);
#4055=EDGE_CURVE('',#3268,#3263,#3131,.F.);
#4056=EDGE_CURVE('',#3270,#3271,#1908,.T.);
#4057=EDGE_CURVE('',#3267,#3271,#1909,.F.);
#4058=EDGE_CURVE('',#3266,#3270,#1910,.T.);
#4059=EDGE_CURVE('',#3272,#3273,#1911,.T.);
#4060=EDGE_CURVE('',#3273,#3269,#1912,.T.);
#4061=EDGE_CURVE('',#3272,#3268,#1913,.F.);
#4062=EDGE_CURVE('',#3274,#3275,#1914,.T.);
#4063=EDGE_CURVE('',#3271,#3275,#389,.F.);
#4064=EDGE_CURVE('',#3270,#3274,#390,.T.);
#4065=EDGE_CURVE('',#3276,#3277,#1915,.T.);
#4066=EDGE_CURVE('',#3277,#3273,#391,.T.);
#4067=EDGE_CURVE('',#3276,#3272,#392,.F.);
#4068=EDGE_CURVE('',#3278,#3279,#1916,.T.);
#4069=EDGE_CURVE('',#3275,#3279,#1917,.F.);
#4070=EDGE_CURVE('',#3274,#3278,#1918,.T.);
#4071=EDGE_CURVE('',#3280,#3281,#1919,.T.);
#4072=EDGE_CURVE('',#3281,#3277,#1920,.T.);
#4073=EDGE_CURVE('',#3280,#3276,#1921,.F.);
#4074=EDGE_CURVE('',#3279,#3280,#393,.F.);
#4075=EDGE_CURVE('',#3278,#3281,#394,.T.);
#4076=EDGE_CURVE('',#3258,#3282,#395,.T.);
#4077=EDGE_CURVE('',#3265,#3282,#1922,.F.);
#4078=EDGE_CURVE('',#3257,#3283,#396,.T.);
#4079=EDGE_CURVE('',#3282,#3283,#397,.F.);
#4080=EDGE_CURVE('',#3283,#3262,#1923,.F.);
#4081=EDGE_CURVE('',#3284,#3285,#398,.T.);
#4082=EDGE_CURVE('',#3285,#3286,#1924,.F.);
#4083=EDGE_CURVE('',#3286,#3287,#399,.T.);
#4084=EDGE_CURVE('',#3287,#3288,#1925,.F.);
#4085=EDGE_CURVE('',#3288,#3289,#400,.T.);
#4086=EDGE_CURVE('',#3289,#3290,#1926,.F.);
#4087=EDGE_CURVE('',#3290,#3291,#401,.T.);
#4088=EDGE_CURVE('',#3291,#3284,#1927,.F.);
#4089=EDGE_CURVE('',#3292,#3293,#1928,.T.);
#4090=EDGE_CURVE('',#3293,#3288,#402,.T.);
#4091=EDGE_CURVE('',#3287,#3292,#403,.T.);
#4092=EDGE_CURVE('',#3294,#3293,#404,.T.);
#4093=EDGE_CURVE('',#3289,#3294,#405,.T.);
#4094=EDGE_CURVE('',#3285,#3295,#406,.T.);
#4095=EDGE_CURVE('',#3295,#3296,#1929,.T.);
#4096=EDGE_CURVE('',#3296,#3286,#407,.T.);
#4097=EDGE_CURVE('',#3297,#3284,#408,.T.);
#4098=EDGE_CURVE('',#3295,#3297,#409,.T.);
#4099=EDGE_CURVE('',#3298,#3297,#1930,.T.);
#4100=EDGE_CURVE('',#3291,#3298,#410,.T.);
#4101=EDGE_CURVE('',#3294,#3299,#1931,.T.);
#4102=EDGE_CURVE('',#3299,#3290,#411,.T.);
#4103=EDGE_CURVE('',#3300,#3301,#412,.T.);
#4104=EDGE_CURVE('',#3302,#3301,#413,.T.);
#4105=EDGE_CURVE('',#3303,#3302,#414,.T.);
#4106=EDGE_CURVE('',#3303,#3300,#415,.T.);
#4107=EDGE_CURVE('',#3292,#3296,#416,.T.);
#4108=EDGE_CURVE('',#3298,#3299,#417,.T.);
#4109=EDGE_CURVE('',#3304,#3305,#418,.T.);
#4110=EDGE_CURVE('',#3305,#3306,#1932,.T.);
#4111=EDGE_CURVE('',#3306,#3307,#419,.T.);
#4112=EDGE_CURVE('',#3307,#3308,#1933,.T.);
#4113=EDGE_CURVE('',#3308,#3309,#420,.T.);
#4114=EDGE_CURVE('',#3309,#3310,#1934,.T.);
#4115=EDGE_CURVE('',#3310,#3311,#421,.T.);
#4116=EDGE_CURVE('',#3311,#3304,#1935,.T.);
#4117=EDGE_CURVE('',#3312,#3313,#422,.T.);
#4118=EDGE_CURVE('',#3313,#3314,#1936,.T.);
#4119=EDGE_CURVE('',#3314,#3315,#423,.T.);
#4120=EDGE_CURVE('',#3315,#3316,#1937,.T.);
#4121=EDGE_CURVE('',#3316,#3317,#424,.T.);
#4122=EDGE_CURVE('',#3317,#3318,#1938,.T.);
#4123=EDGE_CURVE('',#3318,#3319,#425,.T.);
#4124=EDGE_CURVE('',#3319,#3312,#1939,.T.);
#4125=EDGE_CURVE('',#3320,#3321,#426,.T.);
#4126=EDGE_CURVE('',#3321,#3322,#1940,.T.);
#4127=EDGE_CURVE('',#3322,#3323,#427,.T.);
#4128=EDGE_CURVE('',#3323,#3324,#1941,.T.);
#4129=EDGE_CURVE('',#3324,#3325,#428,.T.);
#4130=EDGE_CURVE('',#3325,#3326,#1942,.T.);
#4131=EDGE_CURVE('',#3326,#3327,#429,.T.);
#4132=EDGE_CURVE('',#3327,#3320,#1943,.T.);
#4133=EDGE_CURVE('',#3328,#3329,#430,.T.);
#4134=EDGE_CURVE('',#3329,#3330,#1944,.T.);
#4135=EDGE_CURVE('',#3330,#3331,#431,.T.);
#4136=EDGE_CURVE('',#3331,#3332,#1945,.T.);
#4137=EDGE_CURVE('',#3332,#3333,#432,.T.);
#4138=EDGE_CURVE('',#3333,#3334,#1946,.T.);
#4139=EDGE_CURVE('',#3334,#3335,#433,.T.);
#4140=EDGE_CURVE('',#3335,#3328,#1947,.T.);
#4141=EDGE_CURVE('',#3336,#3337,#434,.T.);
#4142=EDGE_CURVE('',#3337,#3338,#1948,.T.);
#4143=EDGE_CURVE('',#3338,#3339,#435,.T.);
#4144=EDGE_CURVE('',#3339,#3340,#1949,.T.);
#4145=EDGE_CURVE('',#3340,#3341,#436,.T.);
#4146=EDGE_CURVE('',#3341,#3342,#1950,.T.);
#4147=EDGE_CURVE('',#3342,#3343,#437,.T.);
#4148=EDGE_CURVE('',#3343,#3336,#1951,.T.);
#4149=EDGE_CURVE('',#3344,#3345,#438,.T.);
#4150=EDGE_CURVE('',#3345,#3346,#1952,.T.);
#4151=EDGE_CURVE('',#3346,#3347,#439,.T.);
#4152=EDGE_CURVE('',#3347,#3348,#1953,.T.);
#4153=EDGE_CURVE('',#3348,#3349,#440,.T.);
#4154=EDGE_CURVE('',#3349,#3350,#1954,.T.);
#4155=EDGE_CURVE('',#3350,#3351,#441,.T.);
#4156=EDGE_CURVE('',#3351,#3344,#1955,.T.);
#4157=EDGE_CURVE('',#3352,#3353,#442,.T.);
#4158=EDGE_CURVE('',#3353,#3354,#1956,.T.);
#4159=EDGE_CURVE('',#3354,#3355,#443,.T.);
#4160=EDGE_CURVE('',#3355,#3356,#1957,.T.);
#4161=EDGE_CURVE('',#3356,#3357,#444,.T.);
#4162=EDGE_CURVE('',#3357,#3358,#1958,.T.);
#4163=EDGE_CURVE('',#3358,#3359,#445,.T.);
#4164=EDGE_CURVE('',#3359,#3352,#1959,.T.);
#4165=EDGE_CURVE('',#3360,#3361,#446,.T.);
#4166=EDGE_CURVE('',#3361,#3362,#1960,.T.);
#4167=EDGE_CURVE('',#3362,#3363,#447,.T.);
#4168=EDGE_CURVE('',#3363,#3364,#1961,.T.);
#4169=EDGE_CURVE('',#3364,#3365,#448,.T.);
#4170=EDGE_CURVE('',#3365,#3366,#1962,.T.);
#4171=EDGE_CURVE('',#3366,#3367,#449,.T.);
#4172=EDGE_CURVE('',#3367,#3360,#1963,.T.);
#4173=EDGE_CURVE('',#3368,#3369,#450,.T.);
#4174=EDGE_CURVE('',#3369,#3370,#1964,.T.);
#4175=EDGE_CURVE('',#3370,#3371,#451,.T.);
#4176=EDGE_CURVE('',#3371,#3372,#1965,.T.);
#4177=EDGE_CURVE('',#3372,#3373,#452,.T.);
#4178=EDGE_CURVE('',#3373,#3374,#1966,.T.);
#4179=EDGE_CURVE('',#3374,#3375,#453,.T.);
#4180=EDGE_CURVE('',#3375,#3368,#1967,.T.);
#4181=EDGE_CURVE('',#3376,#3377,#454,.T.);
#4182=EDGE_CURVE('',#3377,#3378,#1968,.T.);
#4183=EDGE_CURVE('',#3378,#3379,#455,.T.);
#4184=EDGE_CURVE('',#3379,#3380,#1969,.T.);
#4185=EDGE_CURVE('',#3380,#3381,#456,.T.);
#4186=EDGE_CURVE('',#3381,#3382,#1970,.T.);
#4187=EDGE_CURVE('',#3382,#3383,#457,.T.);
#4188=EDGE_CURVE('',#3383,#3376,#1971,.T.);
#4189=EDGE_CURVE('',#3384,#3385,#458,.T.);
#4190=EDGE_CURVE('',#3385,#3386,#1972,.T.);
#4191=EDGE_CURVE('',#3386,#3387,#459,.T.);
#4192=EDGE_CURVE('',#3387,#3388,#1973,.T.);
#4193=EDGE_CURVE('',#3388,#3389,#460,.T.);
#4194=EDGE_CURVE('',#3389,#3390,#1974,.T.);
#4195=EDGE_CURVE('',#3390,#3391,#461,.T.);
#4196=EDGE_CURVE('',#3391,#3384,#1975,.T.);
#4197=EDGE_CURVE('',#3392,#3393,#462,.T.);
#4198=EDGE_CURVE('',#3393,#3394,#1976,.T.);
#4199=EDGE_CURVE('',#3394,#3395,#463,.T.);
#4200=EDGE_CURVE('',#3395,#3396,#1977,.T.);
#4201=EDGE_CURVE('',#3396,#3397,#464,.T.);
#4202=EDGE_CURVE('',#3397,#3398,#1978,.T.);
#4203=EDGE_CURVE('',#3398,#3399,#465,.T.);
#4204=EDGE_CURVE('',#3399,#3392,#1979,.T.);
#4205=EDGE_CURVE('',#3400,#3401,#1980,.T.);
#4206=EDGE_CURVE('',#3401,#3254,#466,.T.);
#4207=EDGE_CURVE('',#3253,#3400,#467,.T.);
#4208=EDGE_CURVE('',#3402,#3401,#468,.F.);
#4209=EDGE_CURVE('',#3255,#3402,#469,.T.);
#4210=EDGE_CURVE('',#3402,#3403,#1981,.T.);
#4211=EDGE_CURVE('',#3403,#3241,#470,.T.);
#4212=EDGE_CURVE('',#3404,#3403,#471,.T.);
#4213=EDGE_CURVE('',#3242,#3404,#472,.T.);
#4214=EDGE_CURVE('',#3405,#3252,#473,.T.);
#4215=EDGE_CURVE('',#3400,#3405,#474,.T.);
#4216=EDGE_CURVE('',#3406,#3406,#1982,.T.);
#4217=EDGE_CURVE('',#3406,#3407,#475,.T.);
#4218=EDGE_CURVE('',#3407,#3407,#1983,.T.);
#4219=EDGE_CURVE('',#3151,#3408,#476,.T.);
#4220=EDGE_CURVE('',#3408,#3409,#1984,.T.);
#4221=EDGE_CURVE('',#3409,#3161,#477,.T.);
#4222=EDGE_CURVE('',#3161,#3160,#1985,.T.);
#4223=EDGE_CURVE('',#3160,#3410,#478,.T.);
#4224=EDGE_CURVE('',#3410,#3411,#1986,.T.);
#4225=EDGE_CURVE('',#3411,#3412,#479,.T.);
#4226=EDGE_CURVE('',#3412,#3413,#1987,.T.);
#4227=EDGE_CURVE('',#3413,#3414,#480,.T.);
#4228=EDGE_CURVE('',#3414,#3415,#1988,.T.);
#4229=EDGE_CURVE('',#3415,#3416,#481,.T.);
#4230=EDGE_CURVE('',#3416,#3417,#1989,.T.);
#4231=EDGE_CURVE('',#3417,#3418,#1990,.T.);
#4232=EDGE_CURVE('',#3418,#3419,#482,.T.);
#4233=EDGE_CURVE('',#3419,#3420,#1991,.T.);
#4234=EDGE_CURVE('',#3420,#3421,#1992,.T.);
#4235=EDGE_CURVE('',#3421,#3152,#483,.T.);
#4236=EDGE_CURVE('',#3422,#3405,#1993,.T.);
#4237=EDGE_CURVE('',#3423,#3422,#1994,.T.);
#4238=EDGE_CURVE('',#3423,#3424,#484,.T.);
#4239=EDGE_CURVE('',#3425,#3424,#1995,.T.);
#4240=EDGE_CURVE('',#3425,#3426,#485,.T.);
#4241=EDGE_CURVE('',#3427,#3426,#1996,.T.);
#4242=EDGE_CURVE('',#3427,#3428,#486,.T.);
#4243=EDGE_CURVE('',#3429,#3428,#1997,.T.);
#4244=EDGE_CURVE('',#3429,#3430,#487,.T.);
#4245=EDGE_CURVE('',#3404,#3430,#1998,.T.);
#4246=EDGE_CURVE('',#3431,#3431,#1999,.T.);
#4247=EDGE_CURVE('',#3432,#3432,#2000,.T.);
#4248=EDGE_CURVE('',#3433,#3433,#2001,.T.);
#4249=EDGE_CURVE('',#3434,#3434,#2002,.T.);
#4250=EDGE_CURVE('',#3435,#3435,#2003,.T.);
#4251=EDGE_CURVE('',#3436,#3436,#2004,.T.);
#4252=EDGE_CURVE('',#3437,#3437,#2005,.T.);
#4253=EDGE_CURVE('',#3437,#3407,#488,.T.);
#4254=EDGE_CURVE('',#3431,#3438,#489,.T.);
#4255=EDGE_CURVE('',#3438,#3438,#2006,.T.);
#4256=EDGE_CURVE('',#3439,#3439,#2007,.T.);
#4257=EDGE_CURVE('',#3439,#3438,#490,.T.);
#4258=EDGE_CURVE('',#3432,#3440,#491,.T.);
#4259=EDGE_CURVE('',#3440,#3440,#2008,.T.);
#4260=EDGE_CURVE('',#3441,#3441,#2009,.T.);
#4261=EDGE_CURVE('',#3441,#3440,#492,.T.);
#4262=EDGE_CURVE('',#3442,#3442,#2010,.T.);
#4263=EDGE_CURVE('',#3442,#3240,#493,.T.);
#4264=EDGE_CURVE('',#3443,#3443,#2011,.T.);
#4265=EDGE_CURVE('',#3443,#3238,#494,.T.);
#4266=EDGE_CURVE('',#3444,#3444,#2012,.T.);
#4267=EDGE_CURVE('',#3444,#3239,#495,.T.);
#4268=EDGE_CURVE('',#3445,#3446,#2013,.T.);
#4269=EDGE_CURVE('',#3445,#3447,#496,.T.);
#4270=EDGE_CURVE('',#3448,#3447,#2014,.T.);
#4271=EDGE_CURVE('',#3446,#3448,#497,.T.);
#4272=EDGE_CURVE('',#3449,#3445,#498,.T.);
#4273=EDGE_CURVE('',#3449,#3450,#499,.T.);
#4274=EDGE_CURVE('',#3447,#3450,#500,.T.);
#4275=EDGE_CURVE('',#3451,#3449,#2015,.T.);
#4276=EDGE_CURVE('',#3451,#3452,#501,.T.);
#4277=EDGE_CURVE('',#3450,#3452,#2016,.T.);
#4278=EDGE_CURVE('',#3453,#3451,#502,.T.);
#4279=EDGE_CURVE('',#3453,#3454,#503,.T.);
#4280=EDGE_CURVE('',#3452,#3454,#504,.T.);
#4281=EDGE_CURVE('',#3455,#3453,#2017,.T.);
#4282=EDGE_CURVE('',#3455,#3456,#505,.T.);
#4283=EDGE_CURVE('',#3454,#3456,#2018,.T.);
#4284=EDGE_CURVE('',#3457,#3455,#506,.T.);
#4285=EDGE_CURVE('',#3457,#3458,#507,.T.);
#4286=EDGE_CURVE('',#3456,#3458,#508,.T.);
#4287=EDGE_CURVE('',#3459,#3457,#2019,.T.);
#4288=EDGE_CURVE('',#3459,#3460,#509,.T.);
#4289=EDGE_CURVE('',#3458,#3460,#2020,.T.);
#4290=EDGE_CURVE('',#3446,#3459,#510,.T.);
#4291=EDGE_CURVE('',#3460,#3448,#511,.T.);
#4292=EDGE_CURVE('',#3461,#3462,#2021,.T.);
#4293=EDGE_CURVE('',#3461,#3463,#512,.T.);
#4294=EDGE_CURVE('',#3464,#3463,#2022,.T.);
#4295=EDGE_CURVE('',#3462,#3464,#513,.T.);
#4296=EDGE_CURVE('',#3465,#3461,#514,.T.);
#4297=EDGE_CURVE('',#3465,#3466,#515,.T.);
#4298=EDGE_CURVE('',#3463,#3466,#516,.T.);
#4299=EDGE_CURVE('',#3467,#3465,#2023,.T.);
#4300=EDGE_CURVE('',#3467,#3468,#517,.T.);
#4301=EDGE_CURVE('',#3466,#3468,#2024,.T.);
#4302=EDGE_CURVE('',#3469,#3467,#518,.T.);
#4303=EDGE_CURVE('',#3469,#3470,#519,.T.);
#4304=EDGE_CURVE('',#3468,#3470,#520,.T.);
#4305=EDGE_CURVE('',#3471,#3469,#2025,.T.);
#4306=EDGE_CURVE('',#3471,#3472,#521,.T.);
#4307=EDGE_CURVE('',#3470,#3472,#2026,.T.);
#4308=EDGE_CURVE('',#3473,#3471,#522,.T.);
#4309=EDGE_CURVE('',#3473,#3474,#523,.T.);
#4310=EDGE_CURVE('',#3472,#3474,#524,.T.);
#4311=EDGE_CURVE('',#3475,#3473,#2027,.T.);
#4312=EDGE_CURVE('',#3475,#3476,#525,.T.);
#4313=EDGE_CURVE('',#3474,#3476,#2028,.T.);
#4314=EDGE_CURVE('',#3462,#3475,#526,.T.);
#4315=EDGE_CURVE('',#3476,#3464,#527,.T.);
#4316=EDGE_CURVE('',#3477,#3478,#2029,.T.);
#4317=EDGE_CURVE('',#3477,#3479,#528,.T.);
#4318=EDGE_CURVE('',#3480,#3479,#2030,.T.);
#4319=EDGE_CURVE('',#3478,#3480,#529,.T.);
#4320=EDGE_CURVE('',#3481,#3477,#530,.T.);
#4321=EDGE_CURVE('',#3481,#3482,#531,.T.);
#4322=EDGE_CURVE('',#3479,#3482,#532,.T.);
#4323=EDGE_CURVE('',#3483,#3481,#2031,.T.);
#4324=EDGE_CURVE('',#3483,#3484,#533,.T.);
#4325=EDGE_CURVE('',#3482,#3484,#2032,.T.);
#4326=EDGE_CURVE('',#3485,#3483,#534,.T.);
#4327=EDGE_CURVE('',#3485,#3486,#535,.T.);
#4328=EDGE_CURVE('',#3484,#3486,#536,.T.);
#4329=EDGE_CURVE('',#3487,#3485,#2033,.T.);
#4330=EDGE_CURVE('',#3487,#3488,#537,.T.);
#4331=EDGE_CURVE('',#3486,#3488,#2034,.T.);
#4332=EDGE_CURVE('',#3489,#3487,#538,.T.);
#4333=EDGE_CURVE('',#3489,#3490,#539,.T.);
#4334=EDGE_CURVE('',#3488,#3490,#540,.T.);
#4335=EDGE_CURVE('',#3491,#3489,#2035,.T.);
#4336=EDGE_CURVE('',#3491,#3492,#541,.T.);
#4337=EDGE_CURVE('',#3490,#3492,#2036,.T.);
#4338=EDGE_CURVE('',#3478,#3491,#542,.T.);
#4339=EDGE_CURVE('',#3492,#3480,#543,.T.);
#4340=EDGE_CURVE('',#3493,#3494,#2037,.T.);
#4341=EDGE_CURVE('',#3493,#3495,#544,.T.);
#4342=EDGE_CURVE('',#3496,#3495,#2038,.T.);
#4343=EDGE_CURVE('',#3494,#3496,#545,.T.);
#4344=EDGE_CURVE('',#3497,#3493,#546,.T.);
#4345=EDGE_CURVE('',#3497,#3498,#547,.T.);
#4346=EDGE_CURVE('',#3495,#3498,#548,.T.);
#4347=EDGE_CURVE('',#3499,#3497,#2039,.T.);
#4348=EDGE_CURVE('',#3499,#3500,#549,.T.);
#4349=EDGE_CURVE('',#3498,#3500,#2040,.T.);
#4350=EDGE_CURVE('',#3501,#3499,#550,.T.);
#4351=EDGE_CURVE('',#3501,#3502,#551,.T.);
#4352=EDGE_CURVE('',#3500,#3502,#552,.T.);
#4353=EDGE_CURVE('',#3503,#3501,#2041,.T.);
#4354=EDGE_CURVE('',#3503,#3504,#553,.T.);
#4355=EDGE_CURVE('',#3502,#3504,#2042,.T.);
#4356=EDGE_CURVE('',#3505,#3503,#554,.T.);
#4357=EDGE_CURVE('',#3505,#3506,#555,.T.);
#4358=EDGE_CURVE('',#3504,#3506,#556,.T.);
#4359=EDGE_CURVE('',#3507,#3505,#2043,.T.);
#4360=EDGE_CURVE('',#3507,#3508,#557,.T.);
#4361=EDGE_CURVE('',#3506,#3508,#2044,.T.);
#4362=EDGE_CURVE('',#3494,#3507,#558,.T.);
#4363=EDGE_CURVE('',#3508,#3496,#559,.T.);
#4364=EDGE_CURVE('',#3509,#3510,#2045,.T.);
#4365=EDGE_CURVE('',#3509,#3511,#560,.T.);
#4366=EDGE_CURVE('',#3512,#3511,#2046,.T.);
#4367=EDGE_CURVE('',#3510,#3512,#561,.T.);
#4368=EDGE_CURVE('',#3513,#3509,#562,.T.);
#4369=EDGE_CURVE('',#3513,#3514,#563,.T.);
#4370=EDGE_CURVE('',#3511,#3514,#564,.T.);
#4371=EDGE_CURVE('',#3515,#3513,#2047,.T.);
#4372=EDGE_CURVE('',#3515,#3516,#565,.T.);
#4373=EDGE_CURVE('',#3514,#3516,#2048,.T.);
#4374=EDGE_CURVE('',#3517,#3515,#566,.T.);
#4375=EDGE_CURVE('',#3517,#3518,#567,.T.);
#4376=EDGE_CURVE('',#3516,#3518,#568,.T.);
#4377=EDGE_CURVE('',#3519,#3517,#2049,.T.);
#4378=EDGE_CURVE('',#3519,#3520,#569,.T.);
#4379=EDGE_CURVE('',#3518,#3520,#2050,.T.);
#4380=EDGE_CURVE('',#3521,#3519,#570,.T.);
#4381=EDGE_CURVE('',#3521,#3522,#571,.T.);
#4382=EDGE_CURVE('',#3520,#3522,#572,.T.);
#4383=EDGE_CURVE('',#3523,#3521,#2051,.T.);
#4384=EDGE_CURVE('',#3523,#3524,#573,.T.);
#4385=EDGE_CURVE('',#3522,#3524,#2052,.T.);
#4386=EDGE_CURVE('',#3510,#3523,#574,.T.);
#4387=EDGE_CURVE('',#3524,#3512,#575,.T.);
#4388=EDGE_CURVE('',#3525,#3526,#2053,.T.);
#4389=EDGE_CURVE('',#3525,#3527,#576,.T.);
#4390=EDGE_CURVE('',#3528,#3527,#2054,.T.);
#4391=EDGE_CURVE('',#3526,#3528,#577,.T.);
#4392=EDGE_CURVE('',#3529,#3525,#578,.T.);
#4393=EDGE_CURVE('',#3529,#3530,#579,.T.);
#4394=EDGE_CURVE('',#3527,#3530,#580,.T.);
#4395=EDGE_CURVE('',#3531,#3529,#2055,.T.);
#4396=EDGE_CURVE('',#3531,#3532,#581,.T.);
#4397=EDGE_CURVE('',#3530,#3532,#2056,.T.);
#4398=EDGE_CURVE('',#3533,#3531,#582,.T.);
#4399=EDGE_CURVE('',#3533,#3534,#583,.T.);
#4400=EDGE_CURVE('',#3532,#3534,#584,.T.);
#4401=EDGE_CURVE('',#3535,#3533,#2057,.T.);
#4402=EDGE_CURVE('',#3535,#3536,#585,.T.);
#4403=EDGE_CURVE('',#3534,#3536,#2058,.T.);
#4404=EDGE_CURVE('',#3537,#3535,#586,.T.);
#4405=EDGE_CURVE('',#3537,#3538,#587,.T.);
#4406=EDGE_CURVE('',#3536,#3538,#588,.T.);
#4407=EDGE_CURVE('',#3539,#3537,#2059,.T.);
#4408=EDGE_CURVE('',#3539,#3540,#589,.T.);
#4409=EDGE_CURVE('',#3538,#3540,#2060,.T.);
#4410=EDGE_CURVE('',#3526,#3539,#590,.T.);
#4411=EDGE_CURVE('',#3540,#3528,#591,.T.);
#4412=EDGE_CURVE('',#3541,#3542,#2061,.T.);
#4413=EDGE_CURVE('',#3541,#3543,#592,.T.);
#4414=EDGE_CURVE('',#3544,#3543,#2062,.T.);
#4415=EDGE_CURVE('',#3542,#3544,#593,.T.);
#4416=EDGE_CURVE('',#3545,#3541,#594,.T.);
#4417=EDGE_CURVE('',#3545,#3546,#595,.T.);
#4418=EDGE_CURVE('',#3543,#3546,#596,.T.);
#4419=EDGE_CURVE('',#3547,#3545,#2063,.T.);
#4420=EDGE_CURVE('',#3547,#3548,#597,.T.);
#4421=EDGE_CURVE('',#3546,#3548,#2064,.T.);
#4422=EDGE_CURVE('',#3549,#3547,#598,.T.);
#4423=EDGE_CURVE('',#3549,#3550,#599,.T.);
#4424=EDGE_CURVE('',#3548,#3550,#600,.T.);
#4425=EDGE_CURVE('',#3551,#3549,#2065,.T.);
#4426=EDGE_CURVE('',#3551,#3552,#601,.T.);
#4427=EDGE_CURVE('',#3550,#3552,#2066,.T.);
#4428=EDGE_CURVE('',#3553,#3551,#602,.T.);
#4429=EDGE_CURVE('',#3553,#3554,#603,.T.);
#4430=EDGE_CURVE('',#3552,#3554,#604,.T.);
#4431=EDGE_CURVE('',#3555,#3553,#2067,.T.);
#4432=EDGE_CURVE('',#3555,#3556,#605,.T.);
#4433=EDGE_CURVE('',#3554,#3556,#2068,.T.);
#4434=EDGE_CURVE('',#3542,#3555,#606,.T.);
#4435=EDGE_CURVE('',#3556,#3544,#607,.T.);
#4436=EDGE_CURVE('',#3557,#3558,#2069,.T.);
#4437=EDGE_CURVE('',#3557,#3559,#608,.T.);
#4438=EDGE_CURVE('',#3560,#3559,#2070,.T.);
#4439=EDGE_CURVE('',#3558,#3560,#609,.T.);
#4440=EDGE_CURVE('',#3561,#3557,#610,.T.);
#4441=EDGE_CURVE('',#3561,#3562,#611,.T.);
#4442=EDGE_CURVE('',#3559,#3562,#612,.T.);
#4443=EDGE_CURVE('',#3563,#3561,#2071,.T.);
#4444=EDGE_CURVE('',#3563,#3564,#613,.T.);
#4445=EDGE_CURVE('',#3562,#3564,#2072,.T.);
#4446=EDGE_CURVE('',#3565,#3563,#614,.T.);
#4447=EDGE_CURVE('',#3565,#3566,#615,.T.);
#4448=EDGE_CURVE('',#3564,#3566,#616,.T.);
#4449=EDGE_CURVE('',#3567,#3565,#2073,.T.);
#4450=EDGE_CURVE('',#3567,#3568,#617,.T.);
#4451=EDGE_CURVE('',#3566,#3568,#2074,.T.);
#4452=EDGE_CURVE('',#3569,#3567,#618,.T.);
#4453=EDGE_CURVE('',#3569,#3570,#619,.T.);
#4454=EDGE_CURVE('',#3568,#3570,#620,.T.);
#4455=EDGE_CURVE('',#3571,#3569,#2075,.T.);
#4456=EDGE_CURVE('',#3571,#3572,#621,.T.);
#4457=EDGE_CURVE('',#3570,#3572,#2076,.T.);
#4458=EDGE_CURVE('',#3558,#3571,#622,.T.);
#4459=EDGE_CURVE('',#3572,#3560,#623,.T.);
#4460=EDGE_CURVE('',#3573,#3574,#624,.T.);
#4461=EDGE_CURVE('',#3573,#3309,#625,.T.);
#4462=EDGE_CURVE('',#3574,#3308,#626,.T.);
#4463=EDGE_CURVE('',#3574,#3575,#2077,.T.);
#4464=EDGE_CURVE('',#3575,#3307,#627,.T.);
#4465=EDGE_CURVE('',#3575,#3576,#628,.T.);
#4466=EDGE_CURVE('',#3576,#3306,#629,.T.);
#4467=EDGE_CURVE('',#3576,#3577,#2078,.T.);
#4468=EDGE_CURVE('',#3577,#3305,#630,.T.);
#4469=EDGE_CURVE('',#3577,#3578,#631,.T.);
#4470=EDGE_CURVE('',#3304,#3578,#632,.T.);
#4471=EDGE_CURVE('',#3579,#3573,#2079,.T.);
#4472=EDGE_CURVE('',#3579,#3310,#633,.T.);
#4473=EDGE_CURVE('',#3580,#3579,#634,.T.);
#4474=EDGE_CURVE('',#3580,#3311,#635,.T.);
#4475=EDGE_CURVE('',#3578,#3580,#2080,.T.);
#4476=EDGE_CURVE('',#3581,#3582,#636,.T.);
#4477=EDGE_CURVE('',#3581,#3317,#637,.T.);
#4478=EDGE_CURVE('',#3582,#3316,#638,.T.);
#4479=EDGE_CURVE('',#3582,#3583,#2081,.T.);
#4480=EDGE_CURVE('',#3583,#3315,#639,.T.);
#4481=EDGE_CURVE('',#3583,#3584,#640,.T.);
#4482=EDGE_CURVE('',#3584,#3314,#641,.T.);
#4483=EDGE_CURVE('',#3584,#3585,#2082,.T.);
#4484=EDGE_CURVE('',#3585,#3313,#642,.T.);
#4485=EDGE_CURVE('',#3585,#3586,#643,.T.);
#4486=EDGE_CURVE('',#3312,#3586,#644,.T.);
#4487=EDGE_CURVE('',#3587,#3581,#2083,.T.);
#4488=EDGE_CURVE('',#3587,#3318,#645,.T.);
#4489=EDGE_CURVE('',#3588,#3587,#646,.T.);
#4490=EDGE_CURVE('',#3588,#3319,#647,.T.);
#4491=EDGE_CURVE('',#3586,#3588,#2084,.T.);
#4492=EDGE_CURVE('',#3589,#3590,#648,.T.);
#4493=EDGE_CURVE('',#3589,#3325,#649,.T.);
#4494=EDGE_CURVE('',#3590,#3324,#650,.T.);
#4495=EDGE_CURVE('',#3590,#3591,#2085,.T.);
#4496=EDGE_CURVE('',#3591,#3323,#651,.T.);
#4497=EDGE_CURVE('',#3591,#3592,#652,.T.);
#4498=EDGE_CURVE('',#3592,#3322,#653,.T.);
#4499=EDGE_CURVE('',#3592,#3593,#2086,.T.);
#4500=EDGE_CURVE('',#3593,#3321,#654,.T.);
#4501=EDGE_CURVE('',#3593,#3594,#655,.T.);
#4502=EDGE_CURVE('',#3320,#3594,#656,.T.);
#4503=EDGE_CURVE('',#3595,#3589,#2087,.T.);
#4504=EDGE_CURVE('',#3595,#3326,#657,.T.);
#4505=EDGE_CURVE('',#3596,#3595,#658,.T.);
#4506=EDGE_CURVE('',#3596,#3327,#659,.T.);
#4507=EDGE_CURVE('',#3594,#3596,#2088,.T.);
#4508=EDGE_CURVE('',#3597,#3598,#660,.T.);
#4509=EDGE_CURVE('',#3597,#3333,#661,.T.);
#4510=EDGE_CURVE('',#3598,#3332,#662,.T.);
#4511=EDGE_CURVE('',#3598,#3599,#2089,.T.);
#4512=EDGE_CURVE('',#3599,#3331,#663,.T.);
#4513=EDGE_CURVE('',#3599,#3600,#664,.T.);
#4514=EDGE_CURVE('',#3600,#3330,#665,.T.);
#4515=EDGE_CURVE('',#3600,#3601,#2090,.T.);
#4516=EDGE_CURVE('',#3601,#3329,#666,.T.);
#4517=EDGE_CURVE('',#3601,#3602,#667,.T.);
#4518=EDGE_CURVE('',#3328,#3602,#668,.T.);
#4519=EDGE_CURVE('',#3603,#3597,#2091,.T.);
#4520=EDGE_CURVE('',#3603,#3334,#669,.T.);
#4521=EDGE_CURVE('',#3604,#3603,#670,.T.);
#4522=EDGE_CURVE('',#3604,#3335,#671,.T.);
#4523=EDGE_CURVE('',#3602,#3604,#2092,.T.);
#4524=EDGE_CURVE('',#3605,#3606,#672,.T.);
#4525=EDGE_CURVE('',#3605,#3341,#673,.T.);
#4526=EDGE_CURVE('',#3606,#3340,#674,.T.);
#4527=EDGE_CURVE('',#3606,#3607,#2093,.T.);
#4528=EDGE_CURVE('',#3607,#3339,#675,.T.);
#4529=EDGE_CURVE('',#3607,#3608,#676,.T.);
#4530=EDGE_CURVE('',#3608,#3338,#677,.T.);
#4531=EDGE_CURVE('',#3608,#3609,#2094,.T.);
#4532=EDGE_CURVE('',#3609,#3337,#678,.T.);
#4533=EDGE_CURVE('',#3609,#3610,#679,.T.);
#4534=EDGE_CURVE('',#3336,#3610,#680,.T.);
#4535=EDGE_CURVE('',#3611,#3605,#2095,.T.);
#4536=EDGE_CURVE('',#3611,#3342,#681,.T.);
#4537=EDGE_CURVE('',#3612,#3611,#682,.T.);
#4538=EDGE_CURVE('',#3612,#3343,#683,.T.);
#4539=EDGE_CURVE('',#3610,#3612,#2096,.T.);
#4540=EDGE_CURVE('',#3613,#3614,#684,.T.);
#4541=EDGE_CURVE('',#3613,#3349,#685,.T.);
#4542=EDGE_CURVE('',#3614,#3348,#686,.T.);
#4543=EDGE_CURVE('',#3614,#3615,#2097,.T.);
#4544=EDGE_CURVE('',#3615,#3347,#687,.T.);
#4545=EDGE_CURVE('',#3615,#3616,#688,.T.);
#4546=EDGE_CURVE('',#3616,#3346,#689,.T.);
#4547=EDGE_CURVE('',#3616,#3617,#2098,.T.);
#4548=EDGE_CURVE('',#3617,#3345,#690,.T.);
#4549=EDGE_CURVE('',#3617,#3618,#691,.T.);
#4550=EDGE_CURVE('',#3344,#3618,#692,.T.);
#4551=EDGE_CURVE('',#3619,#3613,#2099,.T.);
#4552=EDGE_CURVE('',#3619,#3350,#693,.T.);
#4553=EDGE_CURVE('',#3620,#3619,#694,.T.);
#4554=EDGE_CURVE('',#3620,#3351,#695,.T.);
#4555=EDGE_CURVE('',#3618,#3620,#2100,.T.);
#4556=EDGE_CURVE('',#3621,#3622,#696,.T.);
#4557=EDGE_CURVE('',#3621,#3357,#697,.T.);
#4558=EDGE_CURVE('',#3622,#3356,#698,.T.);
#4559=EDGE_CURVE('',#3622,#3623,#2101,.T.);
#4560=EDGE_CURVE('',#3623,#3355,#699,.T.);
#4561=EDGE_CURVE('',#3623,#3624,#700,.T.);
#4562=EDGE_CURVE('',#3624,#3354,#701,.T.);
#4563=EDGE_CURVE('',#3624,#3625,#2102,.T.);
#4564=EDGE_CURVE('',#3625,#3353,#702,.T.);
#4565=EDGE_CURVE('',#3625,#3626,#703,.T.);
#4566=EDGE_CURVE('',#3352,#3626,#704,.T.);
#4567=EDGE_CURVE('',#3627,#3621,#2103,.T.);
#4568=EDGE_CURVE('',#3627,#3358,#705,.T.);
#4569=EDGE_CURVE('',#3628,#3627,#706,.T.);
#4570=EDGE_CURVE('',#3628,#3359,#707,.T.);
#4571=EDGE_CURVE('',#3626,#3628,#2104,.T.);
#4572=EDGE_CURVE('',#3629,#3630,#708,.T.);
#4573=EDGE_CURVE('',#3629,#3365,#709,.T.);
#4574=EDGE_CURVE('',#3630,#3364,#710,.T.);
#4575=EDGE_CURVE('',#3630,#3631,#2105,.T.);
#4576=EDGE_CURVE('',#3631,#3363,#711,.T.);
#4577=EDGE_CURVE('',#3631,#3632,#712,.T.);
#4578=EDGE_CURVE('',#3632,#3362,#713,.T.);
#4579=EDGE_CURVE('',#3632,#3633,#2106,.T.);
#4580=EDGE_CURVE('',#3633,#3361,#714,.T.);
#4581=EDGE_CURVE('',#3633,#3634,#715,.T.);
#4582=EDGE_CURVE('',#3360,#3634,#716,.T.);
#4583=EDGE_CURVE('',#3635,#3629,#2107,.T.);
#4584=EDGE_CURVE('',#3635,#3366,#717,.T.);
#4585=EDGE_CURVE('',#3636,#3635,#718,.T.);
#4586=EDGE_CURVE('',#3636,#3367,#719,.T.);
#4587=EDGE_CURVE('',#3634,#3636,#2108,.T.);
#4588=EDGE_CURVE('',#3637,#3638,#720,.T.);
#4589=EDGE_CURVE('',#3637,#3373,#721,.T.);
#4590=EDGE_CURVE('',#3638,#3372,#722,.T.);
#4591=EDGE_CURVE('',#3638,#3639,#2109,.T.);
#4592=EDGE_CURVE('',#3639,#3371,#723,.T.);
#4593=EDGE_CURVE('',#3639,#3640,#724,.T.);
#4594=EDGE_CURVE('',#3640,#3370,#725,.T.);
#4595=EDGE_CURVE('',#3640,#3641,#2110,.T.);
#4596=EDGE_CURVE('',#3641,#3369,#726,.T.);
#4597=EDGE_CURVE('',#3641,#3642,#727,.T.);
#4598=EDGE_CURVE('',#3368,#3642,#728,.T.);
#4599=EDGE_CURVE('',#3643,#3637,#2111,.T.);
#4600=EDGE_CURVE('',#3643,#3374,#729,.T.);
#4601=EDGE_CURVE('',#3644,#3643,#730,.T.);
#4602=EDGE_CURVE('',#3644,#3375,#731,.T.);
#4603=EDGE_CURVE('',#3642,#3644,#2112,.T.);
#4604=EDGE_CURVE('',#3645,#3646,#732,.T.);
#4605=EDGE_CURVE('',#3645,#3381,#733,.T.);
#4606=EDGE_CURVE('',#3646,#3380,#734,.T.);
#4607=EDGE_CURVE('',#3646,#3647,#2113,.T.);
#4608=EDGE_CURVE('',#3647,#3379,#735,.T.);
#4609=EDGE_CURVE('',#3647,#3648,#736,.T.);
#4610=EDGE_CURVE('',#3648,#3378,#737,.T.);
#4611=EDGE_CURVE('',#3648,#3649,#2114,.T.);
#4612=EDGE_CURVE('',#3649,#3377,#738,.T.);
#4613=EDGE_CURVE('',#3649,#3650,#739,.T.);
#4614=EDGE_CURVE('',#3376,#3650,#740,.T.);
#4615=EDGE_CURVE('',#3651,#3645,#2115,.T.);
#4616=EDGE_CURVE('',#3651,#3382,#741,.T.);
#4617=EDGE_CURVE('',#3652,#3651,#742,.T.);
#4618=EDGE_CURVE('',#3652,#3383,#743,.T.);
#4619=EDGE_CURVE('',#3650,#3652,#2116,.T.);
#4620=EDGE_CURVE('',#3653,#3654,#744,.T.);
#4621=EDGE_CURVE('',#3653,#3389,#745,.T.);
#4622=EDGE_CURVE('',#3654,#3388,#746,.T.);
#4623=EDGE_CURVE('',#3654,#3655,#2117,.T.);
#4624=EDGE_CURVE('',#3655,#3387,#747,.T.);
#4625=EDGE_CURVE('',#3655,#3656,#748,.T.);
#4626=EDGE_CURVE('',#3656,#3386,#749,.T.);
#4627=EDGE_CURVE('',#3656,#3657,#2118,.T.);
#4628=EDGE_CURVE('',#3657,#3385,#750,.T.);
#4629=EDGE_CURVE('',#3657,#3658,#751,.T.);
#4630=EDGE_CURVE('',#3384,#3658,#752,.T.);
#4631=EDGE_CURVE('',#3659,#3653,#2119,.T.);
#4632=EDGE_CURVE('',#3659,#3390,#753,.T.);
#4633=EDGE_CURVE('',#3660,#3659,#754,.T.);
#4634=EDGE_CURVE('',#3660,#3391,#755,.T.);
#4635=EDGE_CURVE('',#3658,#3660,#2120,.T.);
#4636=EDGE_CURVE('',#3661,#3662,#756,.T.);
#4637=EDGE_CURVE('',#3661,#3397,#757,.T.);
#4638=EDGE_CURVE('',#3662,#3396,#758,.T.);
#4639=EDGE_CURVE('',#3662,#3663,#2121,.T.);
#4640=EDGE_CURVE('',#3663,#3395,#759,.T.);
#4641=EDGE_CURVE('',#3663,#3664,#760,.T.);
#4642=EDGE_CURVE('',#3664,#3394,#761,.T.);
#4643=EDGE_CURVE('',#3664,#3665,#2122,.T.);
#4644=EDGE_CURVE('',#3665,#3393,#762,.T.);
#4645=EDGE_CURVE('',#3665,#3666,#763,.T.);
#4646=EDGE_CURVE('',#3392,#3666,#764,.T.);
#4647=EDGE_CURVE('',#3667,#3661,#2123,.T.);
#4648=EDGE_CURVE('',#3667,#3398,#765,.T.);
#4649=EDGE_CURVE('',#3668,#3667,#766,.T.);
#4650=EDGE_CURVE('',#3668,#3399,#767,.T.);
#4651=EDGE_CURVE('',#3666,#3668,#2124,.T.);
#4652=EDGE_CURVE('',#3669,#3670,#2125,.T.);
#4653=EDGE_CURVE('',#3671,#3669,#768,.T.);
#4654=EDGE_CURVE('',#3672,#3671,#2126,.T.);
#4655=EDGE_CURVE('',#3672,#3670,#769,.T.);
#4656=EDGE_CURVE('',#3670,#3673,#770,.T.);
#4657=EDGE_CURVE('',#3674,#3672,#771,.T.);
#4658=EDGE_CURVE('',#3674,#3673,#772,.T.);
#4659=EDGE_CURVE('',#3673,#3675,#2127,.T.);
#4660=EDGE_CURVE('',#3676,#3674,#2128,.T.);
#4661=EDGE_CURVE('',#3676,#3675,#773,.T.);
#4662=EDGE_CURVE('',#3675,#3677,#774,.T.);
#4663=EDGE_CURVE('',#3678,#3676,#775,.T.);
#4664=EDGE_CURVE('',#3678,#3677,#776,.T.);
#4665=EDGE_CURVE('',#3677,#3679,#2129,.T.);
#4666=EDGE_CURVE('',#3680,#3678,#2130,.T.);
#4667=EDGE_CURVE('',#3680,#3679,#777,.T.);
#4668=EDGE_CURVE('',#3681,#3669,#778,.T.);
#4669=EDGE_CURVE('',#3682,#3681,#779,.T.);
#4670=EDGE_CURVE('',#3671,#3682,#780,.T.);
#4671=EDGE_CURVE('',#3683,#3681,#2131,.T.);
#4672=EDGE_CURVE('',#3683,#3684,#781,.T.);
#4673=EDGE_CURVE('',#3682,#3684,#2132,.T.);
#4674=EDGE_CURVE('',#3679,#3683,#782,.T.);
#4675=EDGE_CURVE('',#3684,#3680,#783,.T.);
#4676=EDGE_CURVE('',#3685,#3686,#2133,.T.);
#4677=EDGE_CURVE('',#3687,#3685,#784,.T.);
#4678=EDGE_CURVE('',#3688,#3687,#2134,.T.);
#4679=EDGE_CURVE('',#3688,#3686,#785,.T.);
#4680=EDGE_CURVE('',#3686,#3689,#786,.T.);
#4681=EDGE_CURVE('',#3690,#3688,#787,.T.);
#4682=EDGE_CURVE('',#3690,#3689,#788,.T.);
#4683=EDGE_CURVE('',#3689,#3691,#2135,.T.);
#4684=EDGE_CURVE('',#3692,#3690,#2136,.T.);
#4685=EDGE_CURVE('',#3692,#3691,#789,.T.);
#4686=EDGE_CURVE('',#3691,#3693,#790,.T.);
#4687=EDGE_CURVE('',#3694,#3692,#791,.T.);
#4688=EDGE_CURVE('',#3694,#3693,#792,.T.);
#4689=EDGE_CURVE('',#3693,#3695,#2137,.T.);
#4690=EDGE_CURVE('',#3696,#3694,#2138,.T.);
#4691=EDGE_CURVE('',#3696,#3695,#793,.T.);
#4692=EDGE_CURVE('',#3697,#3685,#794,.T.);
#4693=EDGE_CURVE('',#3698,#3697,#795,.T.);
#4694=EDGE_CURVE('',#3687,#3698,#796,.T.);
#4695=EDGE_CURVE('',#3699,#3697,#2139,.T.);
#4696=EDGE_CURVE('',#3699,#3700,#797,.T.);
#4697=EDGE_CURVE('',#3698,#3700,#2140,.T.);
#4698=EDGE_CURVE('',#3695,#3699,#798,.T.);
#4699=EDGE_CURVE('',#3700,#3696,#799,.T.);
#4700=EDGE_CURVE('',#3701,#3702,#2141,.T.);
#4701=EDGE_CURVE('',#3703,#3701,#800,.T.);
#4702=EDGE_CURVE('',#3704,#3703,#2142,.T.);
#4703=EDGE_CURVE('',#3704,#3702,#801,.T.);
#4704=EDGE_CURVE('',#3702,#3705,#802,.T.);
#4705=EDGE_CURVE('',#3706,#3704,#803,.T.);
#4706=EDGE_CURVE('',#3706,#3705,#804,.T.);
#4707=EDGE_CURVE('',#3705,#3707,#2143,.T.);
#4708=EDGE_CURVE('',#3708,#3706,#2144,.T.);
#4709=EDGE_CURVE('',#3708,#3707,#805,.T.);
#4710=EDGE_CURVE('',#3707,#3709,#806,.T.);
#4711=EDGE_CURVE('',#3710,#3708,#807,.T.);
#4712=EDGE_CURVE('',#3710,#3709,#808,.T.);
#4713=EDGE_CURVE('',#3709,#3711,#2145,.T.);
#4714=EDGE_CURVE('',#3712,#3710,#2146,.T.);
#4715=EDGE_CURVE('',#3712,#3711,#809,.T.);
#4716=EDGE_CURVE('',#3713,#3701,#810,.T.);
#4717=EDGE_CURVE('',#3714,#3713,#811,.T.);
#4718=EDGE_CURVE('',#3703,#3714,#812,.T.);
#4719=EDGE_CURVE('',#3715,#3713,#2147,.T.);
#4720=EDGE_CURVE('',#3715,#3716,#813,.T.);
#4721=EDGE_CURVE('',#3714,#3716,#2148,.T.);
#4722=EDGE_CURVE('',#3711,#3715,#814,.T.);
#4723=EDGE_CURVE('',#3716,#3712,#815,.T.);
#4724=EDGE_CURVE('',#3717,#3718,#2149,.T.);
#4725=EDGE_CURVE('',#3719,#3717,#816,.T.);
#4726=EDGE_CURVE('',#3720,#3719,#2150,.T.);
#4727=EDGE_CURVE('',#3720,#3718,#817,.T.);
#4728=EDGE_CURVE('',#3718,#3721,#818,.T.);
#4729=EDGE_CURVE('',#3722,#3720,#819,.T.);
#4730=EDGE_CURVE('',#3722,#3721,#820,.T.);
#4731=EDGE_CURVE('',#3721,#3723,#2151,.T.);
#4732=EDGE_CURVE('',#3724,#3722,#2152,.T.);
#4733=EDGE_CURVE('',#3724,#3723,#821,.T.);
#4734=EDGE_CURVE('',#3723,#3725,#822,.T.);
#4735=EDGE_CURVE('',#3726,#3724,#823,.T.);
#4736=EDGE_CURVE('',#3726,#3725,#824,.T.);
#4737=EDGE_CURVE('',#3725,#3727,#2153,.T.);
#4738=EDGE_CURVE('',#3728,#3726,#2154,.T.);
#4739=EDGE_CURVE('',#3728,#3727,#825,.T.);
#4740=EDGE_CURVE('',#3729,#3717,#826,.T.);
#4741=EDGE_CURVE('',#3730,#3729,#827,.T.);
#4742=EDGE_CURVE('',#3719,#3730,#828,.T.);
#4743=EDGE_CURVE('',#3731,#3729,#2155,.T.);
#4744=EDGE_CURVE('',#3731,#3732,#829,.T.);
#4745=EDGE_CURVE('',#3730,#3732,#2156,.T.);
#4746=EDGE_CURVE('',#3727,#3731,#830,.T.);
#4747=EDGE_CURVE('',#3732,#3728,#831,.T.);
#4748=EDGE_CURVE('',#3733,#3734,#2157,.T.);
#4749=EDGE_CURVE('',#3735,#3733,#832,.T.);
#4750=EDGE_CURVE('',#3736,#3735,#2158,.T.);
#4751=EDGE_CURVE('',#3736,#3734,#833,.T.);
#4752=EDGE_CURVE('',#3734,#3737,#834,.T.);
#4753=EDGE_CURVE('',#3738,#3736,#835,.T.);
#4754=EDGE_CURVE('',#3738,#3737,#836,.T.);
#4755=EDGE_CURVE('',#3737,#3739,#2159,.T.);
#4756=EDGE_CURVE('',#3740,#3738,#2160,.T.);
#4757=EDGE_CURVE('',#3740,#3739,#837,.T.);
#4758=EDGE_CURVE('',#3739,#3741,#838,.T.);
#4759=EDGE_CURVE('',#3742,#3740,#839,.T.);
#4760=EDGE_CURVE('',#3742,#3741,#840,.T.);
#4761=EDGE_CURVE('',#3741,#3743,#2161,.T.);
#4762=EDGE_CURVE('',#3744,#3742,#2162,.T.);
#4763=EDGE_CURVE('',#3744,#3743,#841,.T.);
#4764=EDGE_CURVE('',#3745,#3733,#842,.T.);
#4765=EDGE_CURVE('',#3746,#3745,#843,.T.);
#4766=EDGE_CURVE('',#3735,#3746,#844,.T.);
#4767=EDGE_CURVE('',#3747,#3745,#2163,.T.);
#4768=EDGE_CURVE('',#3747,#3748,#845,.T.);
#4769=EDGE_CURVE('',#3746,#3748,#2164,.T.);
#4770=EDGE_CURVE('',#3743,#3747,#846,.T.);
#4771=EDGE_CURVE('',#3748,#3744,#847,.T.);
#4772=EDGE_CURVE('',#3749,#3750,#2165,.T.);
#4773=EDGE_CURVE('',#3751,#3749,#848,.T.);
#4774=EDGE_CURVE('',#3752,#3751,#2166,.T.);
#4775=EDGE_CURVE('',#3752,#3750,#849,.T.);
#4776=EDGE_CURVE('',#3750,#3753,#850,.T.);
#4777=EDGE_CURVE('',#3754,#3752,#851,.T.);
#4778=EDGE_CURVE('',#3754,#3753,#852,.T.);
#4779=EDGE_CURVE('',#3753,#3755,#2167,.T.);
#4780=EDGE_CURVE('',#3756,#3754,#2168,.T.);
#4781=EDGE_CURVE('',#3756,#3755,#853,.T.);
#4782=EDGE_CURVE('',#3755,#3757,#854,.T.);
#4783=EDGE_CURVE('',#3159,#3756,#855,.T.);
#4784=EDGE_CURVE('',#3158,#3757,#856,.T.);
#4785=EDGE_CURVE('',#3757,#3758,#2169,.T.);
#4786=EDGE_CURVE('',#3759,#3164,#2170,.T.);
#4787=EDGE_CURVE('',#3759,#3758,#857,.T.);
#4788=EDGE_CURVE('',#3760,#3749,#858,.T.);
#4789=EDGE_CURVE('',#3761,#3760,#859,.T.);
#4790=EDGE_CURVE('',#3751,#3761,#860,.T.);
#4791=EDGE_CURVE('',#3762,#3760,#2171,.T.);
#4792=EDGE_CURVE('',#3762,#3763,#861,.T.);
#4793=EDGE_CURVE('',#3761,#3763,#2172,.T.);
#4794=EDGE_CURVE('',#3758,#3762,#862,.T.);
#4795=EDGE_CURVE('',#3763,#3759,#863,.T.);
#4796=EDGE_CURVE('',#3163,#3764,#864,.T.);
#4797=EDGE_CURVE('',#3410,#3764,#865,.T.);
#4798=EDGE_CURVE('',#3765,#3766,#866,.T.);
#4799=EDGE_CURVE('',#3765,#3219,#867,.T.);
#4800=EDGE_CURVE('',#3766,#3218,#868,.T.);
#4801=EDGE_CURVE('',#3766,#3767,#2173,.T.);
#4802=EDGE_CURVE('',#3767,#3217,#869,.T.);
#4803=EDGE_CURVE('',#3767,#3768,#870,.T.);
#4804=EDGE_CURVE('',#3216,#3768,#871,.T.);
#4805=EDGE_CURVE('',#3768,#3769,#2174,.T.);
#4806=EDGE_CURVE('',#3769,#3215,#872,.T.);
#4807=EDGE_CURVE('',#3769,#3770,#873,.T.);
#4808=EDGE_CURVE('',#3770,#3214,#874,.T.);
#4809=EDGE_CURVE('',#3770,#3771,#2175,.T.);
#4810=EDGE_CURVE('',#3771,#3221,#875,.T.);
#4811=EDGE_CURVE('',#3771,#3772,#876,.T.);
#4812=EDGE_CURVE('',#3772,#3220,#877,.T.);
#4813=EDGE_CURVE('',#3772,#3765,#2176,.T.);
#4814=EDGE_CURVE('',#3773,#3774,#878,.T.);
#4815=EDGE_CURVE('',#3773,#3209,#879,.T.);
#4816=EDGE_CURVE('',#3208,#3775,#880,.T.);
#4817=EDGE_CURVE('',#3774,#3775,#126,.T.);
#4818=EDGE_CURVE('',#3776,#3777,#3132,.T.);
#4819=EDGE_CURVE('',#3775,#3776,#3133,.T.);
#4820=EDGE_CURVE('',#3778,#3207,#881,.T.);
#4821=EDGE_CURVE('',#3777,#3778,#2177,.T.);
#4822=EDGE_CURVE('',#3778,#3779,#882,.T.);
#4823=EDGE_CURVE('',#3779,#3206,#883,.T.);
#4824=EDGE_CURVE('',#3779,#3780,#2178,.T.);
#4825=EDGE_CURVE('',#3780,#3213,#884,.T.);
#4826=EDGE_CURVE('',#3780,#3781,#885,.T.);
#4827=EDGE_CURVE('',#3781,#3212,#886,.T.);
#4828=EDGE_CURVE('',#3781,#3782,#2179,.T.);
#4829=EDGE_CURVE('',#3782,#3211,#887,.T.);
#4830=EDGE_CURVE('',#3782,#3783,#888,.T.);
#4831=EDGE_CURVE('',#3783,#3210,#889,.T.);
#4832=EDGE_CURVE('',#3783,#3773,#2180,.T.);
#4833=EDGE_CURVE('',#3784,#3785,#890,.T.);
#4834=EDGE_CURVE('',#3784,#3203,#891,.T.);
#4835=EDGE_CURVE('',#3785,#3202,#892,.T.);
#4836=EDGE_CURVE('',#3785,#3786,#2181,.T.);
#4837=EDGE_CURVE('',#3786,#3201,#893,.T.);
#4838=EDGE_CURVE('',#3786,#3787,#894,.T.);
#4839=EDGE_CURVE('',#3200,#3787,#895,.T.);
#4840=EDGE_CURVE('',#3787,#3788,#2182,.T.);
#4841=EDGE_CURVE('',#3788,#3199,#896,.T.);
#4842=EDGE_CURVE('',#3788,#3789,#897,.T.);
#4843=EDGE_CURVE('',#3789,#3198,#898,.T.);
#4844=EDGE_CURVE('',#3789,#3790,#2183,.T.);
#4845=EDGE_CURVE('',#3790,#3205,#899,.T.);
#4846=EDGE_CURVE('',#3790,#3791,#900,.T.);
#4847=EDGE_CURVE('',#3791,#3204,#901,.T.);
#4848=EDGE_CURVE('',#3791,#3784,#2184,.T.);
#4849=EDGE_CURVE('',#3792,#3793,#902,.T.);
#4850=EDGE_CURVE('',#3792,#3195,#903,.T.);
#4851=EDGE_CURVE('',#3793,#3194,#904,.T.);
#4852=EDGE_CURVE('',#3793,#3794,#2185,.T.);
#4853=EDGE_CURVE('',#3794,#3193,#905,.T.);
#4854=EDGE_CURVE('',#3794,#3795,#906,.T.);
#4855=EDGE_CURVE('',#3192,#3795,#907,.T.);
#4856=EDGE_CURVE('',#3795,#3796,#2186,.T.);
#4857=EDGE_CURVE('',#3796,#3191,#908,.T.);
#4858=EDGE_CURVE('',#3796,#3797,#909,.T.);
#4859=EDGE_CURVE('',#3797,#3190,#910,.T.);
#4860=EDGE_CURVE('',#3797,#3798,#2187,.T.);
#4861=EDGE_CURVE('',#3798,#3197,#911,.T.);
#4862=EDGE_CURVE('',#3798,#3799,#912,.T.);
#4863=EDGE_CURVE('',#3799,#3196,#913,.T.);
#4864=EDGE_CURVE('',#3799,#3792,#2188,.T.);
#4865=EDGE_CURVE('',#3800,#3801,#914,.T.);
#4866=EDGE_CURVE('',#3800,#3187,#915,.T.);
#4867=EDGE_CURVE('',#3801,#3186,#916,.T.);
#4868=EDGE_CURVE('',#3801,#3802,#2189,.T.);
#4869=EDGE_CURVE('',#3802,#3185,#917,.T.);
#4870=EDGE_CURVE('',#3802,#3803,#918,.T.);
#4871=EDGE_CURVE('',#3184,#3803,#919,.T.);
#4872=EDGE_CURVE('',#3803,#3804,#2190,.T.);
#4873=EDGE_CURVE('',#3804,#3183,#920,.T.);
#4874=EDGE_CURVE('',#3804,#3805,#921,.T.);
#4875=EDGE_CURVE('',#3805,#3182,#922,.T.);
#4876=EDGE_CURVE('',#3805,#3806,#2191,.T.);
#4877=EDGE_CURVE('',#3806,#3189,#923,.T.);
#4878=EDGE_CURVE('',#3806,#3807,#924,.T.);
#4879=EDGE_CURVE('',#3807,#3188,#925,.T.);
#4880=EDGE_CURVE('',#3807,#3800,#2192,.T.);
#4881=EDGE_CURVE('',#3808,#3809,#926,.T.);
#4882=EDGE_CURVE('',#3808,#3179,#927,.T.);
#4883=EDGE_CURVE('',#3809,#3178,#928,.T.);
#4884=EDGE_CURVE('',#3809,#3810,#2193,.T.);
#4885=EDGE_CURVE('',#3810,#3177,#929,.T.);
#4886=EDGE_CURVE('',#3810,#3811,#930,.T.);
#4887=EDGE_CURVE('',#3176,#3811,#931,.T.);
#4888=EDGE_CURVE('',#3811,#3812,#2194,.T.);
#4889=EDGE_CURVE('',#3812,#3175,#932,.T.);
#4890=EDGE_CURVE('',#3812,#3813,#933,.T.);
#4891=EDGE_CURVE('',#3813,#3174,#934,.T.);
#4892=EDGE_CURVE('',#3813,#3814,#2195,.T.);
#4893=EDGE_CURVE('',#3814,#3181,#935,.T.);
#4894=EDGE_CURVE('',#3814,#3815,#936,.T.);
#4895=EDGE_CURVE('',#3815,#3180,#937,.T.);
#4896=EDGE_CURVE('',#3815,#3808,#2196,.T.);
#4897=EDGE_CURVE('',#3421,#3142,#938,.T.);
#4898=EDGE_CURVE('',#3420,#3421,#2197,.T.);
#4899=EDGE_CURVE('',#3419,#3420,#2198,.T.);
#4900=EDGE_CURVE('',#3419,#3774,#939,.T.);
#4901=EDGE_CURVE('',#3777,#3816,#940,.T.);
#4902=EDGE_CURVE('',#3816,#3153,#2199,.T.);
#4903=EDGE_CURVE('',#3433,#3237,#941,.T.);
#4904=EDGE_CURVE('',#3434,#3236,#942,.T.);
#4905=EDGE_CURVE('',#3435,#3235,#943,.T.);
#4906=EDGE_CURVE('',#3436,#3234,#944,.T.);
#4907=EDGE_CURVE('',#3244,#3429,#945,.T.);
#4908=EDGE_CURVE('',#3428,#3245,#946,.T.);
#4909=EDGE_CURVE('',#3430,#3243,#947,.T.);
#4910=EDGE_CURVE('',#3248,#3425,#948,.T.);
#4911=EDGE_CURVE('',#3424,#3249,#949,.T.);
#4912=EDGE_CURVE('',#3426,#3247,#950,.T.);
#4913=EDGE_CURVE('',#3246,#3427,#951,.T.);
#4914=EDGE_CURVE('',#3251,#3422,#952,.T.);
#4915=EDGE_CURVE('',#3250,#3423,#953,.T.);
#4916=EDGE_CURVE('',#3817,#3818,#954,.T.);
#4917=EDGE_CURVE('',#3818,#3819,#955,.T.);
#4918=EDGE_CURVE('',#3819,#3820,#956,.T.);
#4919=EDGE_CURVE('',#3820,#3821,#957,.T.);
#4920=EDGE_CURVE('',#3821,#3822,#958,.T.);
#4921=EDGE_CURVE('',#3822,#3823,#959,.T.);
#4922=EDGE_CURVE('',#3823,#3824,#960,.T.);
#4923=EDGE_CURVE('',#3824,#3825,#961,.T.);
#4924=EDGE_CURVE('',#3825,#3826,#962,.T.);
#4925=EDGE_CURVE('',#3826,#3827,#963,.T.);
#4926=EDGE_CURVE('',#3827,#3828,#964,.T.);
#4927=EDGE_CURVE('',#3828,#3829,#965,.T.);
#4928=EDGE_CURVE('',#3829,#3830,#966,.T.);
#4929=EDGE_CURVE('',#3830,#3831,#967,.T.);
#4930=EDGE_CURVE('',#3831,#3832,#968,.T.);
#4931=EDGE_CURVE('',#3832,#3833,#969,.T.);
#4932=EDGE_CURVE('',#3833,#3834,#970,.T.);
#4933=EDGE_CURVE('',#3834,#3835,#971,.T.);
#4934=EDGE_CURVE('',#3835,#3836,#972,.T.);
#4935=EDGE_CURVE('',#3836,#3837,#973,.T.);
#4936=EDGE_CURVE('',#3837,#3838,#974,.T.);
#4937=EDGE_CURVE('',#3838,#3839,#975,.T.);
#4938=EDGE_CURVE('',#3839,#3840,#976,.T.);
#4939=EDGE_CURVE('',#3840,#3841,#977,.T.);
#4940=EDGE_CURVE('',#3841,#3842,#978,.T.);
#4941=EDGE_CURVE('',#3842,#3843,#979,.T.);
#4942=EDGE_CURVE('',#3843,#3844,#980,.T.);
#4943=EDGE_CURVE('',#3844,#3845,#981,.T.);
#4944=EDGE_CURVE('',#3845,#3846,#982,.T.);
#4945=EDGE_CURVE('',#3222,#3846,#983,.T.);
#4946=EDGE_CURVE('',#3229,#3817,#984,.T.);
#4947=EDGE_CURVE('',#3847,#3848,#985,.T.);
#4948=EDGE_CURVE('',#3848,#3844,#986,.T.);
#4949=EDGE_CURVE('',#3843,#3849,#987,.T.);
#4950=EDGE_CURVE('',#3150,#3849,#988,.T.);
#4951=EDGE_CURVE('',#3850,#3816,#989,.T.);
#4952=EDGE_CURVE('',#3851,#3850,#2200,.T.);
#4953=EDGE_CURVE('',#3852,#3851,#990,.T.);
#4954=EDGE_CURVE('',#3853,#3852,#2201,.T.);
#4955=EDGE_CURVE('',#3266,#3853,#991,.T.);
#4956=EDGE_CURVE('',#3854,#3269,#992,.T.);
#4957=EDGE_CURVE('',#3855,#3854,#2202,.T.);
#4958=EDGE_CURVE('',#3856,#3855,#993,.T.);
#4959=EDGE_CURVE('',#3764,#3856,#2203,.T.);
#4960=EDGE_CURVE('',#3857,#3165,#2204,.T.);
#4961=EDGE_CURVE('',#3858,#3857,#994,.T.);
#4962=EDGE_CURVE('',#3858,#3820,#995,.T.);
#4963=EDGE_CURVE('',#3819,#3859,#996,.T.);
#4964=EDGE_CURVE('',#3859,#3155,#997,.T.);
#4965=EDGE_CURVE('',#3860,#3154,#998,.T.);
#4966=EDGE_CURVE('',#3301,#3860,#2205,.T.);
#4967=EDGE_CURVE('',#3167,#3300,#2206,.T.);
#4968=EDGE_CURVE('',#3847,#3166,#2207,.T.);
#4969=EDGE_CURVE('',#3861,#3861,#2208,.T.);
#4970=EDGE_CURVE('',#3862,#3862,#2209,.T.);
#4971=EDGE_CURVE('',#3863,#3863,#2210,.T.);
#4972=EDGE_CURVE('',#3864,#3864,#2211,.T.);
#4973=EDGE_CURVE('',#3865,#3859,#999,.T.);
#4974=EDGE_CURVE('',#3865,#3156,#1000,.T.);
#4975=EDGE_CURVE('',#3848,#3866,#1001,.T.);
#4976=EDGE_CURVE('',#3867,#3847,#1002,.T.);
#4977=EDGE_CURVE('',#3867,#3866,#1003,.T.);
#4978=EDGE_CURVE('',#3818,#3865,#1004,.T.);
#4979=EDGE_CURVE('',#3866,#3845,#1005,.T.);
#4980=EDGE_CURVE('',#3868,#3869,#1006,.T.);
#4981=EDGE_CURVE('',#3835,#3868,#1007,.T.);
#4982=EDGE_CURVE('',#3834,#3869,#1008,.T.);
#4983=EDGE_CURVE('',#3869,#3870,#1009,.T.);
#4984=EDGE_CURVE('',#3833,#3870,#1010,.T.);
#4985=EDGE_CURVE('',#3870,#3871,#1011,.T.);
#4986=EDGE_CURVE('',#3871,#3832,#1012,.T.);
#4987=EDGE_CURVE('',#3872,#3873,#1013,.T.);
#4988=EDGE_CURVE('',#3823,#3872,#1014,.T.);
#4989=EDGE_CURVE('',#3822,#3873,#1015,.T.);
#4990=EDGE_CURVE('',#3873,#3874,#1016,.T.);
#4991=EDGE_CURVE('',#3821,#3874,#1017,.T.);
#4992=EDGE_CURVE('',#3874,#3858,#1018,.T.);
#4993=EDGE_CURVE('',#3875,#3876,#1019,.T.);
#4994=EDGE_CURVE('',#3839,#3875,#1020,.T.);
#4995=EDGE_CURVE('',#3838,#3876,#1021,.T.);
#4996=EDGE_CURVE('',#3876,#3877,#1022,.T.);
#4997=EDGE_CURVE('',#3837,#3877,#1023,.T.);
#4998=EDGE_CURVE('',#3877,#3878,#1024,.T.);
#4999=EDGE_CURVE('',#3878,#3836,#1025,.T.);
#5000=EDGE_CURVE('',#3879,#3880,#1026,.T.);
#5001=EDGE_CURVE('',#3829,#3879,#1027,.T.);
#5002=EDGE_CURVE('',#3880,#3828,#1028,.T.);
#5003=EDGE_CURVE('',#3881,#3882,#1029,.T.);
#5004=EDGE_CURVE('',#3831,#3881,#1030,.T.);
#5005=EDGE_CURVE('',#3830,#3882,#1031,.T.);
#5006=EDGE_CURVE('',#3882,#3879,#1032,.T.);
#5007=EDGE_CURVE('',#3883,#3884,#1033,.T.);
#5008=EDGE_CURVE('',#3827,#3883,#1034,.T.);
#5009=EDGE_CURVE('',#3826,#3884,#1035,.T.);
#5010=EDGE_CURVE('',#3884,#3885,#1036,.T.);
#5011=EDGE_CURVE('',#3825,#3885,#1037,.T.);
#5012=EDGE_CURVE('',#3885,#3886,#1038,.T.);
#5013=EDGE_CURVE('',#3886,#3824,#1039,.T.);
#5014=EDGE_CURVE('',#3849,#3887,#1040,.T.);
#5015=EDGE_CURVE('',#3842,#3887,#1041,.T.);
#5016=EDGE_CURVE('',#3887,#3888,#1042,.T.);
#5017=EDGE_CURVE('',#3841,#3888,#1043,.T.);
#5018=EDGE_CURVE('',#3888,#3889,#1044,.T.);
#5019=EDGE_CURVE('',#3889,#3840,#1045,.T.);
#5020=EDGE_CURVE('',#3871,#3881,#1046,.T.);
#5021=EDGE_CURVE('',#3880,#3883,#1047,.T.);
#5022=EDGE_CURVE('',#3886,#3872,#1048,.T.);
#5023=EDGE_CURVE('',#3408,#3857,#1049,.T.);
#5024=EDGE_CURVE('',#3889,#3875,#1050,.T.);
#5025=EDGE_CURVE('',#3878,#3868,#1051,.T.);
#5026=EDGE_CURVE('',#3418,#3170,#2212,.T.);
#5027=EDGE_CURVE('',#3169,#3416,#2213,.T.);
#5028=EDGE_CURVE('',#3416,#3417,#2214,.T.);
#5029=EDGE_CURVE('',#3417,#3418,#2215,.T.);
#5030=EDGE_CURVE('',#3890,#3890,#2216,.T.);
#5031=EDGE_CURVE('',#3891,#3410,#2217,.T.);
#5032=EDGE_CURVE('',#3410,#3411,#2218,.T.);
#5033=EDGE_CURVE('',#3411,#3892,#2219,.T.);
#5034=EDGE_CURVE('',#3891,#3892,#1052,.T.);
#5035=EDGE_CURVE('',#3893,#3893,#2220,.T.);
#5036=EDGE_CURVE('',#3421,#3172,#2221,.T.);
#5037=EDGE_CURVE('',#3171,#3419,#2222,.T.);
#5038=EDGE_CURVE('',#3894,#3894,#2223,.T.);
#5039=EDGE_CURVE('',#3895,#3161,#2224,.T.);
#5040=EDGE_CURVE('',#3160,#3896,#2225,.T.);
#5041=EDGE_CURVE('',#3895,#3896,#1053,.T.);
#5042=EDGE_CURVE('',#3897,#3897,#2226,.T.);
#5043=EDGE_CURVE('',#3412,#3855,#1054,.T.);
#5044=EDGE_CURVE('',#3411,#3856,#1055,.T.);
#5045=EDGE_CURVE('',#3413,#3854,#1056,.T.);
#5046=EDGE_CURVE('',#3414,#3853,#1057,.T.);
#5047=EDGE_CURVE('',#3415,#3852,#1058,.T.);
#5048=EDGE_CURVE('',#3416,#3851,#1059,.T.);
#5049=EDGE_CURVE('',#3418,#3850,#1060,.T.);
#5050=EDGE_CURVE('',#3898,#3860,#1061,.T.);
#5051=EDGE_CURVE('',#3302,#3898,#2227,.T.);
#5052=EDGE_CURVE('',#3895,#3157,#1062,.T.);
#5053=EDGE_CURVE('',#3891,#3896,#1063,.T.);
#5054=EDGE_CURVE('',#3898,#3892,#1064,.T.);
#5055=EDGE_CURVE('',#3409,#3140,#1065,.T.);
#5056=EDGE_CURVE('',#3861,#3890,#1066,.T.);
#5057=EDGE_CURVE('',#3862,#3893,#1067,.T.);
#5058=EDGE_CURVE('',#3863,#3897,#1068,.T.);
#5059=EDGE_CURVE('',#3864,#3894,#1069,.T.);
#5060=EDGE_CURVE('',#3867,#3173,#2228,.T.);
#5061=EDGE_CURVE('',#3168,#3303,#2229,.T.);
#5062=EDGE_CURVE('',#3172,#3171,#2230,.T.);
#5063=EDGE_CURVE('',#3170,#3169,#2231,.T.);
#5064=EDGE_CURVE('',#3892,#3899,#2232,.T.);
#5065=EDGE_CURVE('',#3899,#3891,#2233,.T.);
#5066=EDGE_CURVE('',#3896,#3900,#2234,.T.);
#5067=EDGE_CURVE('',#3900,#3895,#2235,.T.);
#5068=EDGE_CURVE('',#3817,#3901,#2236,.T.);
#5069=EDGE_CURVE('',#3901,#3902,#1070,.T.);
#5070=EDGE_CURVE('',#3902,#3903,#2237,.T.);
#5071=EDGE_CURVE('',#3903,#3904,#1071,.T.);
#5072=EDGE_CURVE('',#3904,#3905,#2238,.T.);
#5073=EDGE_CURVE('',#3905,#3906,#1072,.T.);
#5074=EDGE_CURVE('',#3906,#3846,#2239,.T.);
#5075=EDGE_CURVE('',#3227,#3902,#1073,.T.);
#5076=EDGE_CURVE('',#3226,#3903,#1074,.T.);
#5077=EDGE_CURVE('',#3228,#3901,#1075,.T.);
#5078=EDGE_CURVE('',#3420,#3233,#1076,.T.);
#5079=EDGE_CURVE('',#3417,#3232,#1077,.T.);
#5080=EDGE_CURVE('',#3899,#3231,#1078,.T.);
#5081=EDGE_CURVE('',#3900,#3230,#1079,.T.);
#5082=EDGE_CURVE('',#3223,#3906,#1080,.T.);
#5083=EDGE_CURVE('',#3224,#3905,#1081,.T.);
#5084=EDGE_CURVE('',#3225,#3904,#1082,.T.);
#5085=ORIENTED_EDGE('',*,*,#3907,.F.);
#5086=ORIENTED_EDGE('',*,*,#3908,.F.);
#5087=ORIENTED_EDGE('',*,*,#3909,.F.);
#5088=ORIENTED_EDGE('',*,*,#3910,.T.);
#5089=ORIENTED_EDGE('',*,*,#3911,.F.);
#5090=ORIENTED_EDGE('',*,*,#3912,.F.);
#5091=ORIENTED_EDGE('',*,*,#3913,.F.);
#5092=ORIENTED_EDGE('',*,*,#3914,.F.);
#5093=ORIENTED_EDGE('',*,*,#3910,.F.);
#5094=ORIENTED_EDGE('',*,*,#3915,.F.);
#5095=ORIENTED_EDGE('',*,*,#3916,.F.);
#5096=ORIENTED_EDGE('',*,*,#3917,.F.);
#5097=ORIENTED_EDGE('',*,*,#3918,.F.);
#5098=ORIENTED_EDGE('',*,*,#3919,.T.);
#5099=ORIENTED_EDGE('',*,*,#3920,.F.);
#5100=ORIENTED_EDGE('',*,*,#3921,.F.);
#5101=ORIENTED_EDGE('',*,*,#3922,.F.);
#5102=ORIENTED_EDGE('',*,*,#3919,.F.);
#5103=ORIENTED_EDGE('',*,*,#3923,.F.);
#5104=ORIENTED_EDGE('',*,*,#3924,.F.);
#5105=ORIENTED_EDGE('',*,*,#3923,.T.);
#5106=ORIENTED_EDGE('',*,*,#3918,.T.);
#5107=ORIENTED_EDGE('',*,*,#3925,.T.);
#5108=ORIENTED_EDGE('',*,*,#3926,.T.);
#5109=ORIENTED_EDGE('',*,*,#3927,.F.);
#5110=ORIENTED_EDGE('',*,*,#3928,.F.);
#5111=ORIENTED_EDGE('',*,*,#3929,.T.);
#5112=ORIENTED_EDGE('',*,*,#3917,.T.);
#5113=ORIENTED_EDGE('',*,*,#3930,.T.);
#5114=ORIENTED_EDGE('',*,*,#3931,.T.);
#5115=ORIENTED_EDGE('',*,*,#3925,.F.);
#5116=ORIENTED_EDGE('',*,*,#3915,.T.);
#5117=ORIENTED_EDGE('',*,*,#3909,.T.);
#5118=ORIENTED_EDGE('',*,*,#3932,.T.);
#5119=ORIENTED_EDGE('',*,*,#3933,.T.);
#5120=ORIENTED_EDGE('',*,*,#3934,.F.);
#5121=ORIENTED_EDGE('',*,*,#3935,.F.);
#5122=ORIENTED_EDGE('',*,*,#3936,.T.);
#5123=ORIENTED_EDGE('',*,*,#3937,.T.);
#5124=ORIENTED_EDGE('',*,*,#3938,.F.);
#5125=ORIENTED_EDGE('',*,*,#3939,.F.);
#5126=ORIENTED_EDGE('',*,*,#3940,.T.);
#5127=ORIENTED_EDGE('',*,*,#3907,.T.);
#5128=ORIENTED_EDGE('',*,*,#3941,.T.);
#5129=ORIENTED_EDGE('',*,*,#3942,.T.);
#5130=ORIENTED_EDGE('',*,*,#3943,.F.);
#5131=ORIENTED_EDGE('',*,*,#3944,.T.);
#5132=ORIENTED_EDGE('',*,*,#3912,.T.);
#5133=ORIENTED_EDGE('',*,*,#3945,.T.);
#5134=ORIENTED_EDGE('',*,*,#3946,.T.);
#5135=ORIENTED_EDGE('',*,*,#3941,.F.);
#5136=ORIENTED_EDGE('',*,*,#3921,.T.);
#5137=ORIENTED_EDGE('',*,*,#3947,.T.);
#5138=ORIENTED_EDGE('',*,*,#3948,.T.);
#5139=ORIENTED_EDGE('',*,*,#3949,.F.);
#5140=ORIENTED_EDGE('',*,*,#3950,.F.);
#5141=ORIENTED_EDGE('',*,*,#3951,.T.);
#5142=ORIENTED_EDGE('',*,*,#3952,.F.);
#5143=ORIENTED_EDGE('',*,*,#3953,.T.);
#5144=ORIENTED_EDGE('',*,*,#3954,.F.);
#5145=ORIENTED_EDGE('',*,*,#3955,.T.);
#5146=ORIENTED_EDGE('',*,*,#3956,.T.);
#5147=ORIENTED_EDGE('',*,*,#3957,.T.);
#5148=ORIENTED_EDGE('',*,*,#3958,.T.);
#5149=ORIENTED_EDGE('',*,*,#3959,.T.);
#5150=ORIENTED_EDGE('',*,*,#3960,.T.);
#5151=ORIENTED_EDGE('',*,*,#3961,.T.);
#5152=ORIENTED_EDGE('',*,*,#3962,.T.);
#5153=ORIENTED_EDGE('',*,*,#3963,.T.);
#5154=ORIENTED_EDGE('',*,*,#3964,.T.);
#5155=ORIENTED_EDGE('',*,*,#3965,.T.);
#5156=ORIENTED_EDGE('',*,*,#3966,.T.);
#5157=ORIENTED_EDGE('',*,*,#3967,.T.);
#5158=ORIENTED_EDGE('',*,*,#3968,.T.);
#5159=ORIENTED_EDGE('',*,*,#3969,.T.);
#5160=ORIENTED_EDGE('',*,*,#3970,.T.);
#5161=ORIENTED_EDGE('',*,*,#3971,.T.);
#5162=ORIENTED_EDGE('',*,*,#3972,.T.);
#5163=ORIENTED_EDGE('',*,*,#3973,.T.);
#5164=ORIENTED_EDGE('',*,*,#3974,.T.);
#5165=ORIENTED_EDGE('',*,*,#3975,.T.);
#5166=ORIENTED_EDGE('',*,*,#3976,.T.);
#5167=ORIENTED_EDGE('',*,*,#3977,.T.);
#5168=ORIENTED_EDGE('',*,*,#3978,.T.);
#5169=ORIENTED_EDGE('',*,*,#3979,.T.);
#5170=ORIENTED_EDGE('',*,*,#3980,.T.);
#5171=ORIENTED_EDGE('',*,*,#3981,.T.);
#5172=ORIENTED_EDGE('',*,*,#3982,.T.);
#5173=ORIENTED_EDGE('',*,*,#3983,.T.);
#5174=ORIENTED_EDGE('',*,*,#3984,.T.);
#5175=ORIENTED_EDGE('',*,*,#3985,.T.);
#5176=ORIENTED_EDGE('',*,*,#3986,.T.);
#5177=ORIENTED_EDGE('',*,*,#3987,.T.);
#5178=ORIENTED_EDGE('',*,*,#3988,.T.);
#5179=ORIENTED_EDGE('',*,*,#3989,.T.);
#5180=ORIENTED_EDGE('',*,*,#3990,.T.);
#5181=ORIENTED_EDGE('',*,*,#3991,.T.);
#5182=ORIENTED_EDGE('',*,*,#3992,.T.);
#5183=ORIENTED_EDGE('',*,*,#3993,.T.);
#5184=ORIENTED_EDGE('',*,*,#3994,.T.);
#5185=ORIENTED_EDGE('',*,*,#3995,.T.);
#5186=ORIENTED_EDGE('',*,*,#3996,.T.);
#5187=ORIENTED_EDGE('',*,*,#3997,.T.);
#5188=ORIENTED_EDGE('',*,*,#3998,.T.);
#5189=ORIENTED_EDGE('',*,*,#3999,.T.);
#5190=ORIENTED_EDGE('',*,*,#4000,.T.);
#5191=ORIENTED_EDGE('',*,*,#4001,.T.);
#5192=ORIENTED_EDGE('',*,*,#4002,.T.);
#5193=ORIENTED_EDGE('',*,*,#4003,.T.);
#5194=ORIENTED_EDGE('',*,*,#4004,.T.);
#5195=ORIENTED_EDGE('',*,*,#4005,.F.);
#5196=ORIENTED_EDGE('',*,*,#4006,.T.);
#5197=ORIENTED_EDGE('',*,*,#4007,.F.);
#5198=ORIENTED_EDGE('',*,*,#4008,.T.);
#5199=ORIENTED_EDGE('',*,*,#4009,.F.);
#5200=ORIENTED_EDGE('',*,*,#4010,.T.);
#5201=ORIENTED_EDGE('',*,*,#4011,.F.);
#5202=ORIENTED_EDGE('',*,*,#4012,.F.);
#5203=ORIENTED_EDGE('',*,*,#4013,.F.);
#5204=ORIENTED_EDGE('',*,*,#4014,.F.);
#5205=ORIENTED_EDGE('',*,*,#4015,.F.);
#5206=ORIENTED_EDGE('',*,*,#4016,.T.);
#5207=ORIENTED_EDGE('',*,*,#4017,.T.);
#5208=ORIENTED_EDGE('',*,*,#4018,.T.);
#5209=ORIENTED_EDGE('',*,*,#4019,.T.);
#5210=ORIENTED_EDGE('',*,*,#4020,.T.);
#5211=ORIENTED_EDGE('',*,*,#4021,.T.);
#5212=ORIENTED_EDGE('',*,*,#4022,.T.);
#5213=ORIENTED_EDGE('',*,*,#4023,.T.);
#5214=ORIENTED_EDGE('',*,*,#4024,.F.);
#5215=ORIENTED_EDGE('',*,*,#4025,.F.);
#5216=ORIENTED_EDGE('',*,*,#4026,.F.);
#5217=ORIENTED_EDGE('',*,*,#4027,.F.);
#5218=ORIENTED_EDGE('',*,*,#4028,.F.);
#5219=ORIENTED_EDGE('',*,*,#4029,.F.);
#5220=ORIENTED_EDGE('',*,*,#4030,.F.);
#5221=ORIENTED_EDGE('',*,*,#4031,.F.);
#5222=ORIENTED_EDGE('',*,*,#4032,.F.);
#5223=ORIENTED_EDGE('',*,*,#4033,.T.);
#5224=ORIENTED_EDGE('',*,*,#4034,.T.);
#5225=ORIENTED_EDGE('',*,*,#4035,.F.);
#5226=ORIENTED_EDGE('',*,*,#4036,.T.);
#5227=ORIENTED_EDGE('',*,*,#4037,.F.);
#5228=ORIENTED_EDGE('',*,*,#4038,.T.);
#5229=ORIENTED_EDGE('',*,*,#4039,.T.);
#5230=ORIENTED_EDGE('',*,*,#4040,.T.);
#5231=ORIENTED_EDGE('',*,*,#4041,.T.);
#5232=ORIENTED_EDGE('',*,*,#4042,.T.);
#5233=ORIENTED_EDGE('',*,*,#4043,.T.);
#5234=ORIENTED_EDGE('',*,*,#4044,.T.);
#5235=ORIENTED_EDGE('',*,*,#4038,.F.);
#5236=ORIENTED_EDGE('',*,*,#4045,.T.);
#5237=ORIENTED_EDGE('',*,*,#4046,.T.);
#5238=ORIENTED_EDGE('',*,*,#4047,.T.);
#5239=ORIENTED_EDGE('',*,*,#4040,.F.);
#5240=ORIENTED_EDGE('',*,*,#4048,.T.);
#5241=ORIENTED_EDGE('',*,*,#4049,.T.);
#5242=ORIENTED_EDGE('',*,*,#4050,.T.);
#5243=ORIENTED_EDGE('',*,*,#4051,.F.);
#5244=ORIENTED_EDGE('',*,*,#4042,.F.);
#5245=ORIENTED_EDGE('',*,*,#4052,.T.);
#5246=ORIENTED_EDGE('',*,*,#4053,.T.);
#5247=ORIENTED_EDGE('',*,*,#4054,.T.);
#5248=ORIENTED_EDGE('',*,*,#4046,.F.);
#5249=ORIENTED_EDGE('',*,*,#4055,.F.);
#5250=ORIENTED_EDGE('',*,*,#4056,.T.);
#5251=ORIENTED_EDGE('',*,*,#4057,.F.);
#5252=ORIENTED_EDGE('',*,*,#4050,.F.);
#5253=ORIENTED_EDGE('',*,*,#4058,.T.);
#5254=ORIENTED_EDGE('',*,*,#4059,.T.);
#5255=ORIENTED_EDGE('',*,*,#4060,.T.);
#5256=ORIENTED_EDGE('',*,*,#4053,.F.);
#5257=ORIENTED_EDGE('',*,*,#4061,.F.);
#5258=ORIENTED_EDGE('',*,*,#4062,.T.);
#5259=ORIENTED_EDGE('',*,*,#4063,.F.);
#5260=ORIENTED_EDGE('',*,*,#4056,.F.);
#5261=ORIENTED_EDGE('',*,*,#4064,.T.);
#5262=ORIENTED_EDGE('',*,*,#4065,.T.);
#5263=ORIENTED_EDGE('',*,*,#4066,.T.);
#5264=ORIENTED_EDGE('',*,*,#4059,.F.);
#5265=ORIENTED_EDGE('',*,*,#4067,.F.);
#5266=ORIENTED_EDGE('',*,*,#4068,.T.);
#5267=ORIENTED_EDGE('',*,*,#4069,.F.);
#5268=ORIENTED_EDGE('',*,*,#4062,.F.);
#5269=ORIENTED_EDGE('',*,*,#4070,.T.);
#5270=ORIENTED_EDGE('',*,*,#4071,.T.);
#5271=ORIENTED_EDGE('',*,*,#4072,.T.);
#5272=ORIENTED_EDGE('',*,*,#4065,.F.);
#5273=ORIENTED_EDGE('',*,*,#4073,.F.);
#5274=ORIENTED_EDGE('',*,*,#4071,.F.);
#5275=ORIENTED_EDGE('',*,*,#4074,.F.);
#5276=ORIENTED_EDGE('',*,*,#4068,.F.);
#5277=ORIENTED_EDGE('',*,*,#4075,.T.);
#5278=ORIENTED_EDGE('',*,*,#4076,.T.);
#5279=ORIENTED_EDGE('',*,*,#4077,.F.);
#5280=ORIENTED_EDGE('',*,*,#4048,.F.);
#5281=ORIENTED_EDGE('',*,*,#4039,.F.);
#5282=ORIENTED_EDGE('',*,*,#4078,.T.);
#5283=ORIENTED_EDGE('',*,*,#4079,.F.);
#5284=ORIENTED_EDGE('',*,*,#4076,.F.);
#5285=ORIENTED_EDGE('',*,*,#4044,.F.);
#5286=ORIENTED_EDGE('',*,*,#4080,.F.);
#5287=ORIENTED_EDGE('',*,*,#4078,.F.);
#5288=ORIENTED_EDGE('',*,*,#4067,.T.);
#5289=ORIENTED_EDGE('',*,*,#4061,.T.);
#5290=ORIENTED_EDGE('',*,*,#4055,.T.);
#5291=ORIENTED_EDGE('',*,*,#4049,.F.);
#5292=ORIENTED_EDGE('',*,*,#4077,.T.);
#5293=ORIENTED_EDGE('',*,*,#4079,.T.);
#5294=ORIENTED_EDGE('',*,*,#4080,.T.);
#5295=ORIENTED_EDGE('',*,*,#4043,.F.);
#5296=ORIENTED_EDGE('',*,*,#4051,.T.);
#5297=ORIENTED_EDGE('',*,*,#4057,.T.);
#5298=ORIENTED_EDGE('',*,*,#4063,.T.);
#5299=ORIENTED_EDGE('',*,*,#4069,.T.);
#5300=ORIENTED_EDGE('',*,*,#4074,.T.);
#5301=ORIENTED_EDGE('',*,*,#4073,.T.);
#5302=ORIENTED_EDGE('',*,*,#4081,.T.);
#5303=ORIENTED_EDGE('',*,*,#4082,.T.);
#5304=ORIENTED_EDGE('',*,*,#4083,.T.);
#5305=ORIENTED_EDGE('',*,*,#4084,.T.);
#5306=ORIENTED_EDGE('',*,*,#4085,.T.);
#5307=ORIENTED_EDGE('',*,*,#4086,.T.);
#5308=ORIENTED_EDGE('',*,*,#4087,.T.);
#5309=ORIENTED_EDGE('',*,*,#4088,.T.);
#5310=ORIENTED_EDGE('',*,*,#4089,.T.);
#5311=ORIENTED_EDGE('',*,*,#4090,.T.);
#5312=ORIENTED_EDGE('',*,*,#4084,.F.);
#5313=ORIENTED_EDGE('',*,*,#4091,.T.);
#5314=ORIENTED_EDGE('',*,*,#4090,.F.);
#5315=ORIENTED_EDGE('',*,*,#4092,.F.);
#5316=ORIENTED_EDGE('',*,*,#4093,.F.);
#5317=ORIENTED_EDGE('',*,*,#4085,.F.);
#5318=ORIENTED_EDGE('',*,*,#4094,.T.);
#5319=ORIENTED_EDGE('',*,*,#4095,.T.);
#5320=ORIENTED_EDGE('',*,*,#4096,.T.);
#5321=ORIENTED_EDGE('',*,*,#4082,.F.);
#5322=ORIENTED_EDGE('',*,*,#4094,.F.);
#5323=ORIENTED_EDGE('',*,*,#4081,.F.);
#5324=ORIENTED_EDGE('',*,*,#4097,.F.);
#5325=ORIENTED_EDGE('',*,*,#4098,.F.);
#5326=ORIENTED_EDGE('',*,*,#4099,.T.);
#5327=ORIENTED_EDGE('',*,*,#4097,.T.);
#5328=ORIENTED_EDGE('',*,*,#4088,.F.);
#5329=ORIENTED_EDGE('',*,*,#4100,.T.);
#5330=ORIENTED_EDGE('',*,*,#4093,.T.);
#5331=ORIENTED_EDGE('',*,*,#4101,.T.);
#5332=ORIENTED_EDGE('',*,*,#4102,.T.);
#5333=ORIENTED_EDGE('',*,*,#4086,.F.);
#5334=ORIENTED_EDGE('',*,*,#4103,.T.);
#5335=ORIENTED_EDGE('',*,*,#4104,.F.);
#5336=ORIENTED_EDGE('',*,*,#4105,.F.);
#5337=ORIENTED_EDGE('',*,*,#4106,.T.);
#5338=ORIENTED_EDGE('',*,*,#4107,.T.);
#5339=ORIENTED_EDGE('',*,*,#4095,.F.);
#5340=ORIENTED_EDGE('',*,*,#4098,.T.);
#5341=ORIENTED_EDGE('',*,*,#4099,.F.);
#5342=ORIENTED_EDGE('',*,*,#4108,.T.);
#5343=ORIENTED_EDGE('',*,*,#4101,.F.);
#5344=ORIENTED_EDGE('',*,*,#4092,.T.);
#5345=ORIENTED_EDGE('',*,*,#4089,.F.);
#5346=ORIENTED_EDGE('',*,*,#4109,.T.);
#5347=ORIENTED_EDGE('',*,*,#4110,.T.);
#5348=ORIENTED_EDGE('',*,*,#4111,.T.);
#5349=ORIENTED_EDGE('',*,*,#4112,.T.);
#5350=ORIENTED_EDGE('',*,*,#4113,.T.);
#5351=ORIENTED_EDGE('',*,*,#4114,.T.);
#5352=ORIENTED_EDGE('',*,*,#4115,.T.);
#5353=ORIENTED_EDGE('',*,*,#4116,.T.);
#5354=ORIENTED_EDGE('',*,*,#4117,.T.);
#5355=ORIENTED_EDGE('',*,*,#4118,.T.);
#5356=ORIENTED_EDGE('',*,*,#4119,.T.);
#5357=ORIENTED_EDGE('',*,*,#4120,.T.);
#5358=ORIENTED_EDGE('',*,*,#4121,.T.);
#5359=ORIENTED_EDGE('',*,*,#4122,.T.);
#5360=ORIENTED_EDGE('',*,*,#4123,.T.);
#5361=ORIENTED_EDGE('',*,*,#4124,.T.);
#5362=ORIENTED_EDGE('',*,*,#4125,.T.);
#5363=ORIENTED_EDGE('',*,*,#4126,.T.);
#5364=ORIENTED_EDGE('',*,*,#4127,.T.);
#5365=ORIENTED_EDGE('',*,*,#4128,.T.);
#5366=ORIENTED_EDGE('',*,*,#4129,.T.);
#5367=ORIENTED_EDGE('',*,*,#4130,.T.);
#5368=ORIENTED_EDGE('',*,*,#4131,.T.);
#5369=ORIENTED_EDGE('',*,*,#4132,.T.);
#5370=ORIENTED_EDGE('',*,*,#4133,.T.);
#5371=ORIENTED_EDGE('',*,*,#4134,.T.);
#5372=ORIENTED_EDGE('',*,*,#4135,.T.);
#5373=ORIENTED_EDGE('',*,*,#4136,.T.);
#5374=ORIENTED_EDGE('',*,*,#4137,.T.);
#5375=ORIENTED_EDGE('',*,*,#4138,.T.);
#5376=ORIENTED_EDGE('',*,*,#4139,.T.);
#5377=ORIENTED_EDGE('',*,*,#4140,.T.);
#5378=ORIENTED_EDGE('',*,*,#4141,.T.);
#5379=ORIENTED_EDGE('',*,*,#4142,.T.);
#5380=ORIENTED_EDGE('',*,*,#4143,.T.);
#5381=ORIENTED_EDGE('',*,*,#4144,.T.);
#5382=ORIENTED_EDGE('',*,*,#4145,.T.);
#5383=ORIENTED_EDGE('',*,*,#4146,.T.);
#5384=ORIENTED_EDGE('',*,*,#4147,.T.);
#5385=ORIENTED_EDGE('',*,*,#4148,.T.);
#5386=ORIENTED_EDGE('',*,*,#4149,.T.);
#5387=ORIENTED_EDGE('',*,*,#4150,.T.);
#5388=ORIENTED_EDGE('',*,*,#4151,.T.);
#5389=ORIENTED_EDGE('',*,*,#4152,.T.);
#5390=ORIENTED_EDGE('',*,*,#4153,.T.);
#5391=ORIENTED_EDGE('',*,*,#4154,.T.);
#5392=ORIENTED_EDGE('',*,*,#4155,.T.);
#5393=ORIENTED_EDGE('',*,*,#4156,.T.);
#5394=ORIENTED_EDGE('',*,*,#4157,.T.);
#5395=ORIENTED_EDGE('',*,*,#4158,.T.);
#5396=ORIENTED_EDGE('',*,*,#4159,.T.);
#5397=ORIENTED_EDGE('',*,*,#4160,.T.);
#5398=ORIENTED_EDGE('',*,*,#4161,.T.);
#5399=ORIENTED_EDGE('',*,*,#4162,.T.);
#5400=ORIENTED_EDGE('',*,*,#4163,.T.);
#5401=ORIENTED_EDGE('',*,*,#4164,.T.);
#5402=ORIENTED_EDGE('',*,*,#4165,.T.);
#5403=ORIENTED_EDGE('',*,*,#4166,.T.);
#5404=ORIENTED_EDGE('',*,*,#4167,.T.);
#5405=ORIENTED_EDGE('',*,*,#4168,.T.);
#5406=ORIENTED_EDGE('',*,*,#4169,.T.);
#5407=ORIENTED_EDGE('',*,*,#4170,.T.);
#5408=ORIENTED_EDGE('',*,*,#4171,.T.);
#5409=ORIENTED_EDGE('',*,*,#4172,.T.);
#5410=ORIENTED_EDGE('',*,*,#4173,.T.);
#5411=ORIENTED_EDGE('',*,*,#4174,.T.);
#5412=ORIENTED_EDGE('',*,*,#4175,.T.);
#5413=ORIENTED_EDGE('',*,*,#4176,.T.);
#5414=ORIENTED_EDGE('',*,*,#4177,.T.);
#5415=ORIENTED_EDGE('',*,*,#4178,.T.);
#5416=ORIENTED_EDGE('',*,*,#4179,.T.);
#5417=ORIENTED_EDGE('',*,*,#4180,.T.);
#5418=ORIENTED_EDGE('',*,*,#4181,.T.);
#5419=ORIENTED_EDGE('',*,*,#4182,.T.);
#5420=ORIENTED_EDGE('',*,*,#4183,.T.);
#5421=ORIENTED_EDGE('',*,*,#4184,.T.);
#5422=ORIENTED_EDGE('',*,*,#4185,.T.);
#5423=ORIENTED_EDGE('',*,*,#4186,.T.);
#5424=ORIENTED_EDGE('',*,*,#4187,.T.);
#5425=ORIENTED_EDGE('',*,*,#4188,.T.);
#5426=ORIENTED_EDGE('',*,*,#4189,.T.);
#5427=ORIENTED_EDGE('',*,*,#4190,.T.);
#5428=ORIENTED_EDGE('',*,*,#4191,.T.);
#5429=ORIENTED_EDGE('',*,*,#4192,.T.);
#5430=ORIENTED_EDGE('',*,*,#4193,.T.);
#5431=ORIENTED_EDGE('',*,*,#4194,.T.);
#5432=ORIENTED_EDGE('',*,*,#4195,.T.);
#5433=ORIENTED_EDGE('',*,*,#4196,.T.);
#5434=ORIENTED_EDGE('',*,*,#4197,.T.);
#5435=ORIENTED_EDGE('',*,*,#4198,.T.);
#5436=ORIENTED_EDGE('',*,*,#4199,.T.);
#5437=ORIENTED_EDGE('',*,*,#4200,.T.);
#5438=ORIENTED_EDGE('',*,*,#4201,.T.);
#5439=ORIENTED_EDGE('',*,*,#4202,.T.);
#5440=ORIENTED_EDGE('',*,*,#4203,.T.);
#5441=ORIENTED_EDGE('',*,*,#4204,.T.);
#5442=ORIENTED_EDGE('',*,*,#4091,.F.);
#5443=ORIENTED_EDGE('',*,*,#4083,.F.);
#5444=ORIENTED_EDGE('',*,*,#4096,.F.);
#5445=ORIENTED_EDGE('',*,*,#4107,.F.);
#5446=ORIENTED_EDGE('',*,*,#4100,.F.);
#5447=ORIENTED_EDGE('',*,*,#4087,.F.);
#5448=ORIENTED_EDGE('',*,*,#4102,.F.);
#5449=ORIENTED_EDGE('',*,*,#4108,.F.);
#5450=ORIENTED_EDGE('',*,*,#4205,.T.);
#5451=ORIENTED_EDGE('',*,*,#4206,.T.);
#5452=ORIENTED_EDGE('',*,*,#4035,.T.);
#5453=ORIENTED_EDGE('',*,*,#4207,.T.);
#5454=ORIENTED_EDGE('',*,*,#4206,.F.);
#5455=ORIENTED_EDGE('',*,*,#4208,.F.);
#5456=ORIENTED_EDGE('',*,*,#4209,.F.);
#5457=ORIENTED_EDGE('',*,*,#4036,.F.);
#5458=ORIENTED_EDGE('',*,*,#4037,.T.);
#5459=ORIENTED_EDGE('',*,*,#4209,.T.);
#5460=ORIENTED_EDGE('',*,*,#4210,.T.);
#5461=ORIENTED_EDGE('',*,*,#4211,.T.);
#5462=ORIENTED_EDGE('',*,*,#4211,.F.);
#5463=ORIENTED_EDGE('',*,*,#4212,.F.);
#5464=ORIENTED_EDGE('',*,*,#4213,.F.);
#5465=ORIENTED_EDGE('',*,*,#4023,.F.);
#5466=ORIENTED_EDGE('',*,*,#4034,.F.);
#5467=ORIENTED_EDGE('',*,*,#4214,.F.);
#5468=ORIENTED_EDGE('',*,*,#4215,.F.);
#5469=ORIENTED_EDGE('',*,*,#4207,.F.);
#5470=ORIENTED_EDGE('',*,*,#4216,.T.);
#5471=ORIENTED_EDGE('',*,*,#4217,.T.);
#5472=ORIENTED_EDGE('',*,*,#4218,.T.);
#5473=ORIENTED_EDGE('',*,*,#4217,.F.);
#5474=ORIENTED_EDGE('',*,*,#4219,.T.);
#5475=ORIENTED_EDGE('',*,*,#4220,.T.);
#5476=ORIENTED_EDGE('',*,*,#4221,.T.);
#5477=ORIENTED_EDGE('',*,*,#4222,.T.);
#5478=ORIENTED_EDGE('',*,*,#4223,.T.);
#5479=ORIENTED_EDGE('',*,*,#4224,.T.);
#5480=ORIENTED_EDGE('',*,*,#4225,.T.);
#5481=ORIENTED_EDGE('',*,*,#4226,.T.);
#5482=ORIENTED_EDGE('',*,*,#4227,.T.);
#5483=ORIENTED_EDGE('',*,*,#4228,.T.);
#5484=ORIENTED_EDGE('',*,*,#4229,.T.);
#5485=ORIENTED_EDGE('',*,*,#4230,.T.);
#5486=ORIENTED_EDGE('',*,*,#4231,.T.);
#5487=ORIENTED_EDGE('',*,*,#4232,.T.);
#5488=ORIENTED_EDGE('',*,*,#4233,.T.);
#5489=ORIENTED_EDGE('',*,*,#4234,.T.);
#5490=ORIENTED_EDGE('',*,*,#4235,.T.);
#5491=ORIENTED_EDGE('',*,*,#3928,.T.);
#5492=ORIENTED_EDGE('',*,*,#4215,.T.);
#5493=ORIENTED_EDGE('',*,*,#4236,.F.);
#5494=ORIENTED_EDGE('',*,*,#4237,.F.);
#5495=ORIENTED_EDGE('',*,*,#4238,.T.);
#5496=ORIENTED_EDGE('',*,*,#4239,.F.);
#5497=ORIENTED_EDGE('',*,*,#4240,.T.);
#5498=ORIENTED_EDGE('',*,*,#4241,.F.);
#5499=ORIENTED_EDGE('',*,*,#4242,.T.);
#5500=ORIENTED_EDGE('',*,*,#4243,.F.);
#5501=ORIENTED_EDGE('',*,*,#4244,.T.);
#5502=ORIENTED_EDGE('',*,*,#4245,.F.);
#5503=ORIENTED_EDGE('',*,*,#4212,.T.);
#5504=ORIENTED_EDGE('',*,*,#4210,.F.);
#5505=ORIENTED_EDGE('',*,*,#4208,.T.);
#5506=ORIENTED_EDGE('',*,*,#4205,.F.);
#5507=ORIENTED_EDGE('',*,*,#4246,.F.);
#5508=ORIENTED_EDGE('',*,*,#4247,.F.);
#5509=ORIENTED_EDGE('',*,*,#4248,.T.);
#5510=ORIENTED_EDGE('',*,*,#4249,.T.);
#5511=ORIENTED_EDGE('',*,*,#4250,.T.);
#5512=ORIENTED_EDGE('',*,*,#4251,.T.);
#5513=ORIENTED_EDGE('',*,*,#4216,.F.);
#5514=ORIENTED_EDGE('',*,*,#4252,.F.);
#5515=ORIENTED_EDGE('',*,*,#4253,.T.);
#5516=ORIENTED_EDGE('',*,*,#4218,.F.);
#5517=ORIENTED_EDGE('',*,*,#4253,.F.);
#5518=ORIENTED_EDGE('',*,*,#4246,.T.);
#5519=ORIENTED_EDGE('',*,*,#4254,.T.);
#5520=ORIENTED_EDGE('',*,*,#4255,.T.);
#5521=ORIENTED_EDGE('',*,*,#4254,.F.);
#5522=ORIENTED_EDGE('',*,*,#4256,.F.);
#5523=ORIENTED_EDGE('',*,*,#4257,.T.);
#5524=ORIENTED_EDGE('',*,*,#4255,.F.);
#5525=ORIENTED_EDGE('',*,*,#4257,.F.);
#5526=ORIENTED_EDGE('',*,*,#4247,.T.);
#5527=ORIENTED_EDGE('',*,*,#4258,.T.);
#5528=ORIENTED_EDGE('',*,*,#4259,.T.);
#5529=ORIENTED_EDGE('',*,*,#4258,.F.);
#5530=ORIENTED_EDGE('',*,*,#4260,.F.);
#5531=ORIENTED_EDGE('',*,*,#4261,.T.);
#5532=ORIENTED_EDGE('',*,*,#4259,.F.);
#5533=ORIENTED_EDGE('',*,*,#4261,.F.);
#5534=ORIENTED_EDGE('',*,*,#4262,.F.);
#5535=ORIENTED_EDGE('',*,*,#4263,.T.);
#5536=ORIENTED_EDGE('',*,*,#4022,.F.);
#5537=ORIENTED_EDGE('',*,*,#4263,.F.);
#5538=ORIENTED_EDGE('',*,*,#4252,.T.);
#5539=ORIENTED_EDGE('',*,*,#4262,.T.);
#5540=ORIENTED_EDGE('',*,*,#4264,.F.);
#5541=ORIENTED_EDGE('',*,*,#4265,.T.);
#5542=ORIENTED_EDGE('',*,*,#4020,.F.);
#5543=ORIENTED_EDGE('',*,*,#4265,.F.);
#5544=ORIENTED_EDGE('',*,*,#4256,.T.);
#5545=ORIENTED_EDGE('',*,*,#4264,.T.);
#5546=ORIENTED_EDGE('',*,*,#4266,.F.);
#5547=ORIENTED_EDGE('',*,*,#4267,.T.);
#5548=ORIENTED_EDGE('',*,*,#4021,.F.);
#5549=ORIENTED_EDGE('',*,*,#4267,.F.);
#5550=ORIENTED_EDGE('',*,*,#4260,.T.);
#5551=ORIENTED_EDGE('',*,*,#4266,.T.);
#5552=ORIENTED_EDGE('',*,*,#4268,.F.);
#5553=ORIENTED_EDGE('',*,*,#4269,.T.);
#5554=ORIENTED_EDGE('',*,*,#4270,.F.);
#5555=ORIENTED_EDGE('',*,*,#4271,.F.);
#5556=ORIENTED_EDGE('',*,*,#4272,.F.);
#5557=ORIENTED_EDGE('',*,*,#4273,.T.);
#5558=ORIENTED_EDGE('',*,*,#4274,.F.);
#5559=ORIENTED_EDGE('',*,*,#4269,.F.);
#5560=ORIENTED_EDGE('',*,*,#4275,.F.);
#5561=ORIENTED_EDGE('',*,*,#4276,.T.);
#5562=ORIENTED_EDGE('',*,*,#4277,.F.);
#5563=ORIENTED_EDGE('',*,*,#4273,.F.);
#5564=ORIENTED_EDGE('',*,*,#4278,.F.);
#5565=ORIENTED_EDGE('',*,*,#4279,.T.);
#5566=ORIENTED_EDGE('',*,*,#4280,.F.);
#5567=ORIENTED_EDGE('',*,*,#4276,.F.);
#5568=ORIENTED_EDGE('',*,*,#4281,.F.);
#5569=ORIENTED_EDGE('',*,*,#4282,.T.);
#5570=ORIENTED_EDGE('',*,*,#4283,.F.);
#5571=ORIENTED_EDGE('',*,*,#4279,.F.);
#5572=ORIENTED_EDGE('',*,*,#4284,.F.);
#5573=ORIENTED_EDGE('',*,*,#4285,.T.);
#5574=ORIENTED_EDGE('',*,*,#4286,.F.);
#5575=ORIENTED_EDGE('',*,*,#4282,.F.);
#5576=ORIENTED_EDGE('',*,*,#4287,.F.);
#5577=ORIENTED_EDGE('',*,*,#4288,.T.);
#5578=ORIENTED_EDGE('',*,*,#4289,.F.);
#5579=ORIENTED_EDGE('',*,*,#4285,.F.);
#5580=ORIENTED_EDGE('',*,*,#4290,.F.);
#5581=ORIENTED_EDGE('',*,*,#4271,.T.);
#5582=ORIENTED_EDGE('',*,*,#4291,.F.);
#5583=ORIENTED_EDGE('',*,*,#4288,.F.);
#5584=ORIENTED_EDGE('',*,*,#4292,.F.);
#5585=ORIENTED_EDGE('',*,*,#4293,.T.);
#5586=ORIENTED_EDGE('',*,*,#4294,.F.);
#5587=ORIENTED_EDGE('',*,*,#4295,.F.);
#5588=ORIENTED_EDGE('',*,*,#4296,.F.);
#5589=ORIENTED_EDGE('',*,*,#4297,.T.);
#5590=ORIENTED_EDGE('',*,*,#4298,.F.);
#5591=ORIENTED_EDGE('',*,*,#4293,.F.);
#5592=ORIENTED_EDGE('',*,*,#4299,.F.);
#5593=ORIENTED_EDGE('',*,*,#4300,.T.);
#5594=ORIENTED_EDGE('',*,*,#4301,.F.);
#5595=ORIENTED_EDGE('',*,*,#4297,.F.);
#5596=ORIENTED_EDGE('',*,*,#4302,.F.);
#5597=ORIENTED_EDGE('',*,*,#4303,.T.);
#5598=ORIENTED_EDGE('',*,*,#4304,.F.);
#5599=ORIENTED_EDGE('',*,*,#4300,.F.);
#5600=ORIENTED_EDGE('',*,*,#4305,.F.);
#5601=ORIENTED_EDGE('',*,*,#4306,.T.);
#5602=ORIENTED_EDGE('',*,*,#4307,.F.);
#5603=ORIENTED_EDGE('',*,*,#4303,.F.);
#5604=ORIENTED_EDGE('',*,*,#4308,.F.);
#5605=ORIENTED_EDGE('',*,*,#4309,.T.);
#5606=ORIENTED_EDGE('',*,*,#4310,.F.);
#5607=ORIENTED_EDGE('',*,*,#4306,.F.);
#5608=ORIENTED_EDGE('',*,*,#4311,.F.);
#5609=ORIENTED_EDGE('',*,*,#4312,.T.);
#5610=ORIENTED_EDGE('',*,*,#4313,.F.);
#5611=ORIENTED_EDGE('',*,*,#4309,.F.);
#5612=ORIENTED_EDGE('',*,*,#4314,.F.);
#5613=ORIENTED_EDGE('',*,*,#4295,.T.);
#5614=ORIENTED_EDGE('',*,*,#4315,.F.);
#5615=ORIENTED_EDGE('',*,*,#4312,.F.);
#5616=ORIENTED_EDGE('',*,*,#4316,.F.);
#5617=ORIENTED_EDGE('',*,*,#4317,.T.);
#5618=ORIENTED_EDGE('',*,*,#4318,.F.);
#5619=ORIENTED_EDGE('',*,*,#4319,.F.);
#5620=ORIENTED_EDGE('',*,*,#4320,.F.);
#5621=ORIENTED_EDGE('',*,*,#4321,.T.);
#5622=ORIENTED_EDGE('',*,*,#4322,.F.);
#5623=ORIENTED_EDGE('',*,*,#4317,.F.);
#5624=ORIENTED_EDGE('',*,*,#4323,.F.);
#5625=ORIENTED_EDGE('',*,*,#4324,.T.);
#5626=ORIENTED_EDGE('',*,*,#4325,.F.);
#5627=ORIENTED_EDGE('',*,*,#4321,.F.);
#5628=ORIENTED_EDGE('',*,*,#4326,.F.);
#5629=ORIENTED_EDGE('',*,*,#4327,.T.);
#5630=ORIENTED_EDGE('',*,*,#4328,.F.);
#5631=ORIENTED_EDGE('',*,*,#4324,.F.);
#5632=ORIENTED_EDGE('',*,*,#4329,.F.);
#5633=ORIENTED_EDGE('',*,*,#4330,.T.);
#5634=ORIENTED_EDGE('',*,*,#4331,.F.);
#5635=ORIENTED_EDGE('',*,*,#4327,.F.);
#5636=ORIENTED_EDGE('',*,*,#4332,.F.);
#5637=ORIENTED_EDGE('',*,*,#4333,.T.);
#5638=ORIENTED_EDGE('',*,*,#4334,.F.);
#5639=ORIENTED_EDGE('',*,*,#4330,.F.);
#5640=ORIENTED_EDGE('',*,*,#4335,.F.);
#5641=ORIENTED_EDGE('',*,*,#4336,.T.);
#5642=ORIENTED_EDGE('',*,*,#4337,.F.);
#5643=ORIENTED_EDGE('',*,*,#4333,.F.);
#5644=ORIENTED_EDGE('',*,*,#4338,.F.);
#5645=ORIENTED_EDGE('',*,*,#4319,.T.);
#5646=ORIENTED_EDGE('',*,*,#4339,.F.);
#5647=ORIENTED_EDGE('',*,*,#4336,.F.);
#5648=ORIENTED_EDGE('',*,*,#4340,.F.);
#5649=ORIENTED_EDGE('',*,*,#4341,.T.);
#5650=ORIENTED_EDGE('',*,*,#4342,.F.);
#5651=ORIENTED_EDGE('',*,*,#4343,.F.);
#5652=ORIENTED_EDGE('',*,*,#4344,.F.);
#5653=ORIENTED_EDGE('',*,*,#4345,.T.);
#5654=ORIENTED_EDGE('',*,*,#4346,.F.);
#5655=ORIENTED_EDGE('',*,*,#4341,.F.);
#5656=ORIENTED_EDGE('',*,*,#4347,.F.);
#5657=ORIENTED_EDGE('',*,*,#4348,.T.);
#5658=ORIENTED_EDGE('',*,*,#4349,.F.);
#5659=ORIENTED_EDGE('',*,*,#4345,.F.);
#5660=ORIENTED_EDGE('',*,*,#4350,.F.);
#5661=ORIENTED_EDGE('',*,*,#4351,.T.);
#5662=ORIENTED_EDGE('',*,*,#4352,.F.);
#5663=ORIENTED_EDGE('',*,*,#4348,.F.);
#5664=ORIENTED_EDGE('',*,*,#4353,.F.);
#5665=ORIENTED_EDGE('',*,*,#4354,.T.);
#5666=ORIENTED_EDGE('',*,*,#4355,.F.);
#5667=ORIENTED_EDGE('',*,*,#4351,.F.);
#5668=ORIENTED_EDGE('',*,*,#4356,.F.);
#5669=ORIENTED_EDGE('',*,*,#4357,.T.);
#5670=ORIENTED_EDGE('',*,*,#4358,.F.);
#5671=ORIENTED_EDGE('',*,*,#4354,.F.);
#5672=ORIENTED_EDGE('',*,*,#4359,.F.);
#5673=ORIENTED_EDGE('',*,*,#4360,.T.);
#5674=ORIENTED_EDGE('',*,*,#4361,.F.);
#5675=ORIENTED_EDGE('',*,*,#4357,.F.);
#5676=ORIENTED_EDGE('',*,*,#4362,.F.);
#5677=ORIENTED_EDGE('',*,*,#4343,.T.);
#5678=ORIENTED_EDGE('',*,*,#4363,.F.);
#5679=ORIENTED_EDGE('',*,*,#4360,.F.);
#5680=ORIENTED_EDGE('',*,*,#4364,.F.);
#5681=ORIENTED_EDGE('',*,*,#4365,.T.);
#5682=ORIENTED_EDGE('',*,*,#4366,.F.);
#5683=ORIENTED_EDGE('',*,*,#4367,.F.);
#5684=ORIENTED_EDGE('',*,*,#4368,.F.);
#5685=ORIENTED_EDGE('',*,*,#4369,.T.);
#5686=ORIENTED_EDGE('',*,*,#4370,.F.);
#5687=ORIENTED_EDGE('',*,*,#4365,.F.);
#5688=ORIENTED_EDGE('',*,*,#4371,.F.);
#5689=ORIENTED_EDGE('',*,*,#4372,.T.);
#5690=ORIENTED_EDGE('',*,*,#4373,.F.);
#5691=ORIENTED_EDGE('',*,*,#4369,.F.);
#5692=ORIENTED_EDGE('',*,*,#4374,.F.);
#5693=ORIENTED_EDGE('',*,*,#4375,.T.);
#5694=ORIENTED_EDGE('',*,*,#4376,.F.);
#5695=ORIENTED_EDGE('',*,*,#4372,.F.);
#5696=ORIENTED_EDGE('',*,*,#4377,.F.);
#5697=ORIENTED_EDGE('',*,*,#4378,.T.);
#5698=ORIENTED_EDGE('',*,*,#4379,.F.);
#5699=ORIENTED_EDGE('',*,*,#4375,.F.);
#5700=ORIENTED_EDGE('',*,*,#4380,.F.);
#5701=ORIENTED_EDGE('',*,*,#4381,.T.);
#5702=ORIENTED_EDGE('',*,*,#4382,.F.);
#5703=ORIENTED_EDGE('',*,*,#4378,.F.);
#5704=ORIENTED_EDGE('',*,*,#4383,.F.);
#5705=ORIENTED_EDGE('',*,*,#4384,.T.);
#5706=ORIENTED_EDGE('',*,*,#4385,.F.);
#5707=ORIENTED_EDGE('',*,*,#4381,.F.);
#5708=ORIENTED_EDGE('',*,*,#4386,.F.);
#5709=ORIENTED_EDGE('',*,*,#4367,.T.);
#5710=ORIENTED_EDGE('',*,*,#4387,.F.);
#5711=ORIENTED_EDGE('',*,*,#4384,.F.);
#5712=ORIENTED_EDGE('',*,*,#4388,.F.);
#5713=ORIENTED_EDGE('',*,*,#4389,.T.);
#5714=ORIENTED_EDGE('',*,*,#4390,.F.);
#5715=ORIENTED_EDGE('',*,*,#4391,.F.);
#5716=ORIENTED_EDGE('',*,*,#4392,.F.);
#5717=ORIENTED_EDGE('',*,*,#4393,.T.);
#5718=ORIENTED_EDGE('',*,*,#4394,.F.);
#5719=ORIENTED_EDGE('',*,*,#4389,.F.);
#5720=ORIENTED_EDGE('',*,*,#4395,.F.);
#5721=ORIENTED_EDGE('',*,*,#4396,.T.);
#5722=ORIENTED_EDGE('',*,*,#4397,.F.);
#5723=ORIENTED_EDGE('',*,*,#4393,.F.);
#5724=ORIENTED_EDGE('',*,*,#4398,.F.);
#5725=ORIENTED_EDGE('',*,*,#4399,.T.);
#5726=ORIENTED_EDGE('',*,*,#4400,.F.);
#5727=ORIENTED_EDGE('',*,*,#4396,.F.);
#5728=ORIENTED_EDGE('',*,*,#4401,.F.);
#5729=ORIENTED_EDGE('',*,*,#4402,.T.);
#5730=ORIENTED_EDGE('',*,*,#4403,.F.);
#5731=ORIENTED_EDGE('',*,*,#4399,.F.);
#5732=ORIENTED_EDGE('',*,*,#4404,.F.);
#5733=ORIENTED_EDGE('',*,*,#4405,.T.);
#5734=ORIENTED_EDGE('',*,*,#4406,.F.);
#5735=ORIENTED_EDGE('',*,*,#4402,.F.);
#5736=ORIENTED_EDGE('',*,*,#4407,.F.);
#5737=ORIENTED_EDGE('',*,*,#4408,.T.);
#5738=ORIENTED_EDGE('',*,*,#4409,.F.);
#5739=ORIENTED_EDGE('',*,*,#4405,.F.);
#5740=ORIENTED_EDGE('',*,*,#4410,.F.);
#5741=ORIENTED_EDGE('',*,*,#4391,.T.);
#5742=ORIENTED_EDGE('',*,*,#4411,.F.);
#5743=ORIENTED_EDGE('',*,*,#4408,.F.);
#5744=ORIENTED_EDGE('',*,*,#4412,.F.);
#5745=ORIENTED_EDGE('',*,*,#4413,.T.);
#5746=ORIENTED_EDGE('',*,*,#4414,.F.);
#5747=ORIENTED_EDGE('',*,*,#4415,.F.);
#5748=ORIENTED_EDGE('',*,*,#4416,.F.);
#5749=ORIENTED_EDGE('',*,*,#4417,.T.);
#5750=ORIENTED_EDGE('',*,*,#4418,.F.);
#5751=ORIENTED_EDGE('',*,*,#4413,.F.);
#5752=ORIENTED_EDGE('',*,*,#4419,.F.);
#5753=ORIENTED_EDGE('',*,*,#4420,.T.);
#5754=ORIENTED_EDGE('',*,*,#4421,.F.);
#5755=ORIENTED_EDGE('',*,*,#4417,.F.);
#5756=ORIENTED_EDGE('',*,*,#4422,.F.);
#5757=ORIENTED_EDGE('',*,*,#4423,.T.);
#5758=ORIENTED_EDGE('',*,*,#4424,.F.);
#5759=ORIENTED_EDGE('',*,*,#4420,.F.);
#5760=ORIENTED_EDGE('',*,*,#4425,.F.);
#5761=ORIENTED_EDGE('',*,*,#4426,.T.);
#5762=ORIENTED_EDGE('',*,*,#4427,.F.);
#5763=ORIENTED_EDGE('',*,*,#4423,.F.);
#5764=ORIENTED_EDGE('',*,*,#4428,.F.);
#5765=ORIENTED_EDGE('',*,*,#4429,.T.);
#5766=ORIENTED_EDGE('',*,*,#4430,.F.);
#5767=ORIENTED_EDGE('',*,*,#4426,.F.);
#5768=ORIENTED_EDGE('',*,*,#4431,.F.);
#5769=ORIENTED_EDGE('',*,*,#4432,.T.);
#5770=ORIENTED_EDGE('',*,*,#4433,.F.);
#5771=ORIENTED_EDGE('',*,*,#4429,.F.);
#5772=ORIENTED_EDGE('',*,*,#4434,.F.);
#5773=ORIENTED_EDGE('',*,*,#4415,.T.);
#5774=ORIENTED_EDGE('',*,*,#4435,.F.);
#5775=ORIENTED_EDGE('',*,*,#4432,.F.);
#5776=ORIENTED_EDGE('',*,*,#4436,.F.);
#5777=ORIENTED_EDGE('',*,*,#4437,.T.);
#5778=ORIENTED_EDGE('',*,*,#4438,.F.);
#5779=ORIENTED_EDGE('',*,*,#4439,.F.);
#5780=ORIENTED_EDGE('',*,*,#4440,.F.);
#5781=ORIENTED_EDGE('',*,*,#4441,.T.);
#5782=ORIENTED_EDGE('',*,*,#4442,.F.);
#5783=ORIENTED_EDGE('',*,*,#4437,.F.);
#5784=ORIENTED_EDGE('',*,*,#4443,.F.);
#5785=ORIENTED_EDGE('',*,*,#4444,.T.);
#5786=ORIENTED_EDGE('',*,*,#4445,.F.);
#5787=ORIENTED_EDGE('',*,*,#4441,.F.);
#5788=ORIENTED_EDGE('',*,*,#4446,.F.);
#5789=ORIENTED_EDGE('',*,*,#4447,.T.);
#5790=ORIENTED_EDGE('',*,*,#4448,.F.);
#5791=ORIENTED_EDGE('',*,*,#4444,.F.);
#5792=ORIENTED_EDGE('',*,*,#4449,.F.);
#5793=ORIENTED_EDGE('',*,*,#4450,.T.);
#5794=ORIENTED_EDGE('',*,*,#4451,.F.);
#5795=ORIENTED_EDGE('',*,*,#4447,.F.);
#5796=ORIENTED_EDGE('',*,*,#4452,.F.);
#5797=ORIENTED_EDGE('',*,*,#4453,.T.);
#5798=ORIENTED_EDGE('',*,*,#4454,.F.);
#5799=ORIENTED_EDGE('',*,*,#4450,.F.);
#5800=ORIENTED_EDGE('',*,*,#4455,.F.);
#5801=ORIENTED_EDGE('',*,*,#4456,.T.);
#5802=ORIENTED_EDGE('',*,*,#4457,.F.);
#5803=ORIENTED_EDGE('',*,*,#4453,.F.);
#5804=ORIENTED_EDGE('',*,*,#4458,.F.);
#5805=ORIENTED_EDGE('',*,*,#4439,.T.);
#5806=ORIENTED_EDGE('',*,*,#4459,.F.);
#5807=ORIENTED_EDGE('',*,*,#4456,.F.);
#5808=ORIENTED_EDGE('',*,*,#4460,.F.);
#5809=ORIENTED_EDGE('',*,*,#4461,.T.);
#5810=ORIENTED_EDGE('',*,*,#4113,.F.);
#5811=ORIENTED_EDGE('',*,*,#4462,.F.);
#5812=ORIENTED_EDGE('',*,*,#4463,.F.);
#5813=ORIENTED_EDGE('',*,*,#4462,.T.);
#5814=ORIENTED_EDGE('',*,*,#4112,.F.);
#5815=ORIENTED_EDGE('',*,*,#4464,.F.);
#5816=ORIENTED_EDGE('',*,*,#4465,.F.);
#5817=ORIENTED_EDGE('',*,*,#4464,.T.);
#5818=ORIENTED_EDGE('',*,*,#4111,.F.);
#5819=ORIENTED_EDGE('',*,*,#4466,.F.);
#5820=ORIENTED_EDGE('',*,*,#4467,.F.);
#5821=ORIENTED_EDGE('',*,*,#4466,.T.);
#5822=ORIENTED_EDGE('',*,*,#4110,.F.);
#5823=ORIENTED_EDGE('',*,*,#4468,.F.);
#5824=ORIENTED_EDGE('',*,*,#4469,.F.);
#5825=ORIENTED_EDGE('',*,*,#4468,.T.);
#5826=ORIENTED_EDGE('',*,*,#4109,.F.);
#5827=ORIENTED_EDGE('',*,*,#4470,.T.);
#5828=ORIENTED_EDGE('',*,*,#4471,.F.);
#5829=ORIENTED_EDGE('',*,*,#4472,.T.);
#5830=ORIENTED_EDGE('',*,*,#4114,.F.);
#5831=ORIENTED_EDGE('',*,*,#4461,.F.);
#5832=ORIENTED_EDGE('',*,*,#4473,.F.);
#5833=ORIENTED_EDGE('',*,*,#4474,.T.);
#5834=ORIENTED_EDGE('',*,*,#4115,.F.);
#5835=ORIENTED_EDGE('',*,*,#4472,.F.);
#5836=ORIENTED_EDGE('',*,*,#4475,.F.);
#5837=ORIENTED_EDGE('',*,*,#4470,.F.);
#5838=ORIENTED_EDGE('',*,*,#4116,.F.);
#5839=ORIENTED_EDGE('',*,*,#4474,.F.);
#5840=ORIENTED_EDGE('',*,*,#4476,.F.);
#5841=ORIENTED_EDGE('',*,*,#4477,.T.);
#5842=ORIENTED_EDGE('',*,*,#4121,.F.);
#5843=ORIENTED_EDGE('',*,*,#4478,.F.);
#5844=ORIENTED_EDGE('',*,*,#4479,.F.);
#5845=ORIENTED_EDGE('',*,*,#4478,.T.);
#5846=ORIENTED_EDGE('',*,*,#4120,.F.);
#5847=ORIENTED_EDGE('',*,*,#4480,.F.);
#5848=ORIENTED_EDGE('',*,*,#4481,.F.);
#5849=ORIENTED_EDGE('',*,*,#4480,.T.);
#5850=ORIENTED_EDGE('',*,*,#4119,.F.);
#5851=ORIENTED_EDGE('',*,*,#4482,.F.);
#5852=ORIENTED_EDGE('',*,*,#4483,.F.);
#5853=ORIENTED_EDGE('',*,*,#4482,.T.);
#5854=ORIENTED_EDGE('',*,*,#4118,.F.);
#5855=ORIENTED_EDGE('',*,*,#4484,.F.);
#5856=ORIENTED_EDGE('',*,*,#4485,.F.);
#5857=ORIENTED_EDGE('',*,*,#4484,.T.);
#5858=ORIENTED_EDGE('',*,*,#4117,.F.);
#5859=ORIENTED_EDGE('',*,*,#4486,.T.);
#5860=ORIENTED_EDGE('',*,*,#4487,.F.);
#5861=ORIENTED_EDGE('',*,*,#4488,.T.);
#5862=ORIENTED_EDGE('',*,*,#4122,.F.);
#5863=ORIENTED_EDGE('',*,*,#4477,.F.);
#5864=ORIENTED_EDGE('',*,*,#4489,.F.);
#5865=ORIENTED_EDGE('',*,*,#4490,.T.);
#5866=ORIENTED_EDGE('',*,*,#4123,.F.);
#5867=ORIENTED_EDGE('',*,*,#4488,.F.);
#5868=ORIENTED_EDGE('',*,*,#4491,.F.);
#5869=ORIENTED_EDGE('',*,*,#4486,.F.);
#5870=ORIENTED_EDGE('',*,*,#4124,.F.);
#5871=ORIENTED_EDGE('',*,*,#4490,.F.);
#5872=ORIENTED_EDGE('',*,*,#4492,.F.);
#5873=ORIENTED_EDGE('',*,*,#4493,.T.);
#5874=ORIENTED_EDGE('',*,*,#4129,.F.);
#5875=ORIENTED_EDGE('',*,*,#4494,.F.);
#5876=ORIENTED_EDGE('',*,*,#4495,.F.);
#5877=ORIENTED_EDGE('',*,*,#4494,.T.);
#5878=ORIENTED_EDGE('',*,*,#4128,.F.);
#5879=ORIENTED_EDGE('',*,*,#4496,.F.);
#5880=ORIENTED_EDGE('',*,*,#4497,.F.);
#5881=ORIENTED_EDGE('',*,*,#4496,.T.);
#5882=ORIENTED_EDGE('',*,*,#4127,.F.);
#5883=ORIENTED_EDGE('',*,*,#4498,.F.);
#5884=ORIENTED_EDGE('',*,*,#4499,.F.);
#5885=ORIENTED_EDGE('',*,*,#4498,.T.);
#5886=ORIENTED_EDGE('',*,*,#4126,.F.);
#5887=ORIENTED_EDGE('',*,*,#4500,.F.);
#5888=ORIENTED_EDGE('',*,*,#4501,.F.);
#5889=ORIENTED_EDGE('',*,*,#4500,.T.);
#5890=ORIENTED_EDGE('',*,*,#4125,.F.);
#5891=ORIENTED_EDGE('',*,*,#4502,.T.);
#5892=ORIENTED_EDGE('',*,*,#4503,.F.);
#5893=ORIENTED_EDGE('',*,*,#4504,.T.);
#5894=ORIENTED_EDGE('',*,*,#4130,.F.);
#5895=ORIENTED_EDGE('',*,*,#4493,.F.);
#5896=ORIENTED_EDGE('',*,*,#4505,.F.);
#5897=ORIENTED_EDGE('',*,*,#4506,.T.);
#5898=ORIENTED_EDGE('',*,*,#4131,.F.);
#5899=ORIENTED_EDGE('',*,*,#4504,.F.);
#5900=ORIENTED_EDGE('',*,*,#4507,.F.);
#5901=ORIENTED_EDGE('',*,*,#4502,.F.);
#5902=ORIENTED_EDGE('',*,*,#4132,.F.);
#5903=ORIENTED_EDGE('',*,*,#4506,.F.);
#5904=ORIENTED_EDGE('',*,*,#4508,.F.);
#5905=ORIENTED_EDGE('',*,*,#4509,.T.);
#5906=ORIENTED_EDGE('',*,*,#4137,.F.);
#5907=ORIENTED_EDGE('',*,*,#4510,.F.);
#5908=ORIENTED_EDGE('',*,*,#4511,.F.);
#5909=ORIENTED_EDGE('',*,*,#4510,.T.);
#5910=ORIENTED_EDGE('',*,*,#4136,.F.);
#5911=ORIENTED_EDGE('',*,*,#4512,.F.);
#5912=ORIENTED_EDGE('',*,*,#4513,.F.);
#5913=ORIENTED_EDGE('',*,*,#4512,.T.);
#5914=ORIENTED_EDGE('',*,*,#4135,.F.);
#5915=ORIENTED_EDGE('',*,*,#4514,.F.);
#5916=ORIENTED_EDGE('',*,*,#4515,.F.);
#5917=ORIENTED_EDGE('',*,*,#4514,.T.);
#5918=ORIENTED_EDGE('',*,*,#4134,.F.);
#5919=ORIENTED_EDGE('',*,*,#4516,.F.);
#5920=ORIENTED_EDGE('',*,*,#4517,.F.);
#5921=ORIENTED_EDGE('',*,*,#4516,.T.);
#5922=ORIENTED_EDGE('',*,*,#4133,.F.);
#5923=ORIENTED_EDGE('',*,*,#4518,.T.);
#5924=ORIENTED_EDGE('',*,*,#4519,.F.);
#5925=ORIENTED_EDGE('',*,*,#4520,.T.);
#5926=ORIENTED_EDGE('',*,*,#4138,.F.);
#5927=ORIENTED_EDGE('',*,*,#4509,.F.);
#5928=ORIENTED_EDGE('',*,*,#4521,.F.);
#5929=ORIENTED_EDGE('',*,*,#4522,.T.);
#5930=ORIENTED_EDGE('',*,*,#4139,.F.);
#5931=ORIENTED_EDGE('',*,*,#4520,.F.);
#5932=ORIENTED_EDGE('',*,*,#4523,.F.);
#5933=ORIENTED_EDGE('',*,*,#4518,.F.);
#5934=ORIENTED_EDGE('',*,*,#4140,.F.);
#5935=ORIENTED_EDGE('',*,*,#4522,.F.);
#5936=ORIENTED_EDGE('',*,*,#4524,.F.);
#5937=ORIENTED_EDGE('',*,*,#4525,.T.);
#5938=ORIENTED_EDGE('',*,*,#4145,.F.);
#5939=ORIENTED_EDGE('',*,*,#4526,.F.);
#5940=ORIENTED_EDGE('',*,*,#4527,.F.);
#5941=ORIENTED_EDGE('',*,*,#4526,.T.);
#5942=ORIENTED_EDGE('',*,*,#4144,.F.);
#5943=ORIENTED_EDGE('',*,*,#4528,.F.);
#5944=ORIENTED_EDGE('',*,*,#4529,.F.);
#5945=ORIENTED_EDGE('',*,*,#4528,.T.);
#5946=ORIENTED_EDGE('',*,*,#4143,.F.);
#5947=ORIENTED_EDGE('',*,*,#4530,.F.);
#5948=ORIENTED_EDGE('',*,*,#4531,.F.);
#5949=ORIENTED_EDGE('',*,*,#4530,.T.);
#5950=ORIENTED_EDGE('',*,*,#4142,.F.);
#5951=ORIENTED_EDGE('',*,*,#4532,.F.);
#5952=ORIENTED_EDGE('',*,*,#4533,.F.);
#5953=ORIENTED_EDGE('',*,*,#4532,.T.);
#5954=ORIENTED_EDGE('',*,*,#4141,.F.);
#5955=ORIENTED_EDGE('',*,*,#4534,.T.);
#5956=ORIENTED_EDGE('',*,*,#4535,.F.);
#5957=ORIENTED_EDGE('',*,*,#4536,.T.);
#5958=ORIENTED_EDGE('',*,*,#4146,.F.);
#5959=ORIENTED_EDGE('',*,*,#4525,.F.);
#5960=ORIENTED_EDGE('',*,*,#4537,.F.);
#5961=ORIENTED_EDGE('',*,*,#4538,.T.);
#5962=ORIENTED_EDGE('',*,*,#4147,.F.);
#5963=ORIENTED_EDGE('',*,*,#4536,.F.);
#5964=ORIENTED_EDGE('',*,*,#4539,.F.);
#5965=ORIENTED_EDGE('',*,*,#4534,.F.);
#5966=ORIENTED_EDGE('',*,*,#4148,.F.);
#5967=ORIENTED_EDGE('',*,*,#4538,.F.);
#5968=ORIENTED_EDGE('',*,*,#4540,.F.);
#5969=ORIENTED_EDGE('',*,*,#4541,.T.);
#5970=ORIENTED_EDGE('',*,*,#4153,.F.);
#5971=ORIENTED_EDGE('',*,*,#4542,.F.);
#5972=ORIENTED_EDGE('',*,*,#4543,.F.);
#5973=ORIENTED_EDGE('',*,*,#4542,.T.);
#5974=ORIENTED_EDGE('',*,*,#4152,.F.);
#5975=ORIENTED_EDGE('',*,*,#4544,.F.);
#5976=ORIENTED_EDGE('',*,*,#4545,.F.);
#5977=ORIENTED_EDGE('',*,*,#4544,.T.);
#5978=ORIENTED_EDGE('',*,*,#4151,.F.);
#5979=ORIENTED_EDGE('',*,*,#4546,.F.);
#5980=ORIENTED_EDGE('',*,*,#4547,.F.);
#5981=ORIENTED_EDGE('',*,*,#4546,.T.);
#5982=ORIENTED_EDGE('',*,*,#4150,.F.);
#5983=ORIENTED_EDGE('',*,*,#4548,.F.);
#5984=ORIENTED_EDGE('',*,*,#4549,.F.);
#5985=ORIENTED_EDGE('',*,*,#4548,.T.);
#5986=ORIENTED_EDGE('',*,*,#4149,.F.);
#5987=ORIENTED_EDGE('',*,*,#4550,.T.);
#5988=ORIENTED_EDGE('',*,*,#4551,.F.);
#5989=ORIENTED_EDGE('',*,*,#4552,.T.);
#5990=ORIENTED_EDGE('',*,*,#4154,.F.);
#5991=ORIENTED_EDGE('',*,*,#4541,.F.);
#5992=ORIENTED_EDGE('',*,*,#4553,.F.);
#5993=ORIENTED_EDGE('',*,*,#4554,.T.);
#5994=ORIENTED_EDGE('',*,*,#4155,.F.);
#5995=ORIENTED_EDGE('',*,*,#4552,.F.);
#5996=ORIENTED_EDGE('',*,*,#4555,.F.);
#5997=ORIENTED_EDGE('',*,*,#4550,.F.);
#5998=ORIENTED_EDGE('',*,*,#4156,.F.);
#5999=ORIENTED_EDGE('',*,*,#4554,.F.);
#6000=ORIENTED_EDGE('',*,*,#4556,.F.);
#6001=ORIENTED_EDGE('',*,*,#4557,.T.);
#6002=ORIENTED_EDGE('',*,*,#4161,.F.);
#6003=ORIENTED_EDGE('',*,*,#4558,.F.);
#6004=ORIENTED_EDGE('',*,*,#4559,.F.);
#6005=ORIENTED_EDGE('',*,*,#4558,.T.);
#6006=ORIENTED_EDGE('',*,*,#4160,.F.);
#6007=ORIENTED_EDGE('',*,*,#4560,.F.);
#6008=ORIENTED_EDGE('',*,*,#4561,.F.);
#6009=ORIENTED_EDGE('',*,*,#4560,.T.);
#6010=ORIENTED_EDGE('',*,*,#4159,.F.);
#6011=ORIENTED_EDGE('',*,*,#4562,.F.);
#6012=ORIENTED_EDGE('',*,*,#4563,.F.);
#6013=ORIENTED_EDGE('',*,*,#4562,.T.);
#6014=ORIENTED_EDGE('',*,*,#4158,.F.);
#6015=ORIENTED_EDGE('',*,*,#4564,.F.);
#6016=ORIENTED_EDGE('',*,*,#4565,.F.);
#6017=ORIENTED_EDGE('',*,*,#4564,.T.);
#6018=ORIENTED_EDGE('',*,*,#4157,.F.);
#6019=ORIENTED_EDGE('',*,*,#4566,.T.);
#6020=ORIENTED_EDGE('',*,*,#4567,.F.);
#6021=ORIENTED_EDGE('',*,*,#4568,.T.);
#6022=ORIENTED_EDGE('',*,*,#4162,.F.);
#6023=ORIENTED_EDGE('',*,*,#4557,.F.);
#6024=ORIENTED_EDGE('',*,*,#4569,.F.);
#6025=ORIENTED_EDGE('',*,*,#4570,.T.);
#6026=ORIENTED_EDGE('',*,*,#4163,.F.);
#6027=ORIENTED_EDGE('',*,*,#4568,.F.);
#6028=ORIENTED_EDGE('',*,*,#4571,.F.);
#6029=ORIENTED_EDGE('',*,*,#4566,.F.);
#6030=ORIENTED_EDGE('',*,*,#4164,.F.);
#6031=ORIENTED_EDGE('',*,*,#4570,.F.);
#6032=ORIENTED_EDGE('',*,*,#4572,.F.);
#6033=ORIENTED_EDGE('',*,*,#4573,.T.);
#6034=ORIENTED_EDGE('',*,*,#4169,.F.);
#6035=ORIENTED_EDGE('',*,*,#4574,.F.);
#6036=ORIENTED_EDGE('',*,*,#4575,.F.);
#6037=ORIENTED_EDGE('',*,*,#4574,.T.);
#6038=ORIENTED_EDGE('',*,*,#4168,.F.);
#6039=ORIENTED_EDGE('',*,*,#4576,.F.);
#6040=ORIENTED_EDGE('',*,*,#4577,.F.);
#6041=ORIENTED_EDGE('',*,*,#4576,.T.);
#6042=ORIENTED_EDGE('',*,*,#4167,.F.);
#6043=ORIENTED_EDGE('',*,*,#4578,.F.);
#6044=ORIENTED_EDGE('',*,*,#4579,.F.);
#6045=ORIENTED_EDGE('',*,*,#4578,.T.);
#6046=ORIENTED_EDGE('',*,*,#4166,.F.);
#6047=ORIENTED_EDGE('',*,*,#4580,.F.);
#6048=ORIENTED_EDGE('',*,*,#4581,.F.);
#6049=ORIENTED_EDGE('',*,*,#4580,.T.);
#6050=ORIENTED_EDGE('',*,*,#4165,.F.);
#6051=ORIENTED_EDGE('',*,*,#4582,.T.);
#6052=ORIENTED_EDGE('',*,*,#4583,.F.);
#6053=ORIENTED_EDGE('',*,*,#4584,.T.);
#6054=ORIENTED_EDGE('',*,*,#4170,.F.);
#6055=ORIENTED_EDGE('',*,*,#4573,.F.);
#6056=ORIENTED_EDGE('',*,*,#4585,.F.);
#6057=ORIENTED_EDGE('',*,*,#4586,.T.);
#6058=ORIENTED_EDGE('',*,*,#4171,.F.);
#6059=ORIENTED_EDGE('',*,*,#4584,.F.);
#6060=ORIENTED_EDGE('',*,*,#4587,.F.);
#6061=ORIENTED_EDGE('',*,*,#4582,.F.);
#6062=ORIENTED_EDGE('',*,*,#4172,.F.);
#6063=ORIENTED_EDGE('',*,*,#4586,.F.);
#6064=ORIENTED_EDGE('',*,*,#4588,.F.);
#6065=ORIENTED_EDGE('',*,*,#4589,.T.);
#6066=ORIENTED_EDGE('',*,*,#4177,.F.);
#6067=ORIENTED_EDGE('',*,*,#4590,.F.);
#6068=ORIENTED_EDGE('',*,*,#4591,.F.);
#6069=ORIENTED_EDGE('',*,*,#4590,.T.);
#6070=ORIENTED_EDGE('',*,*,#4176,.F.);
#6071=ORIENTED_EDGE('',*,*,#4592,.F.);
#6072=ORIENTED_EDGE('',*,*,#4593,.F.);
#6073=ORIENTED_EDGE('',*,*,#4592,.T.);
#6074=ORIENTED_EDGE('',*,*,#4175,.F.);
#6075=ORIENTED_EDGE('',*,*,#4594,.F.);
#6076=ORIENTED_EDGE('',*,*,#4595,.F.);
#6077=ORIENTED_EDGE('',*,*,#4594,.T.);
#6078=ORIENTED_EDGE('',*,*,#4174,.F.);
#6079=ORIENTED_EDGE('',*,*,#4596,.F.);
#6080=ORIENTED_EDGE('',*,*,#4597,.F.);
#6081=ORIENTED_EDGE('',*,*,#4596,.T.);
#6082=ORIENTED_EDGE('',*,*,#4173,.F.);
#6083=ORIENTED_EDGE('',*,*,#4598,.T.);
#6084=ORIENTED_EDGE('',*,*,#4599,.F.);
#6085=ORIENTED_EDGE('',*,*,#4600,.T.);
#6086=ORIENTED_EDGE('',*,*,#4178,.F.);
#6087=ORIENTED_EDGE('',*,*,#4589,.F.);
#6088=ORIENTED_EDGE('',*,*,#4601,.F.);
#6089=ORIENTED_EDGE('',*,*,#4602,.T.);
#6090=ORIENTED_EDGE('',*,*,#4179,.F.);
#6091=ORIENTED_EDGE('',*,*,#4600,.F.);
#6092=ORIENTED_EDGE('',*,*,#4603,.F.);
#6093=ORIENTED_EDGE('',*,*,#4598,.F.);
#6094=ORIENTED_EDGE('',*,*,#4180,.F.);
#6095=ORIENTED_EDGE('',*,*,#4602,.F.);
#6096=ORIENTED_EDGE('',*,*,#4604,.F.);
#6097=ORIENTED_EDGE('',*,*,#4605,.T.);
#6098=ORIENTED_EDGE('',*,*,#4185,.F.);
#6099=ORIENTED_EDGE('',*,*,#4606,.F.);
#6100=ORIENTED_EDGE('',*,*,#4607,.F.);
#6101=ORIENTED_EDGE('',*,*,#4606,.T.);
#6102=ORIENTED_EDGE('',*,*,#4184,.F.);
#6103=ORIENTED_EDGE('',*,*,#4608,.F.);
#6104=ORIENTED_EDGE('',*,*,#4609,.F.);
#6105=ORIENTED_EDGE('',*,*,#4608,.T.);
#6106=ORIENTED_EDGE('',*,*,#4183,.F.);
#6107=ORIENTED_EDGE('',*,*,#4610,.F.);
#6108=ORIENTED_EDGE('',*,*,#4611,.F.);
#6109=ORIENTED_EDGE('',*,*,#4610,.T.);
#6110=ORIENTED_EDGE('',*,*,#4182,.F.);
#6111=ORIENTED_EDGE('',*,*,#4612,.F.);
#6112=ORIENTED_EDGE('',*,*,#4613,.F.);
#6113=ORIENTED_EDGE('',*,*,#4612,.T.);
#6114=ORIENTED_EDGE('',*,*,#4181,.F.);
#6115=ORIENTED_EDGE('',*,*,#4614,.T.);
#6116=ORIENTED_EDGE('',*,*,#4615,.F.);
#6117=ORIENTED_EDGE('',*,*,#4616,.T.);
#6118=ORIENTED_EDGE('',*,*,#4186,.F.);
#6119=ORIENTED_EDGE('',*,*,#4605,.F.);
#6120=ORIENTED_EDGE('',*,*,#4617,.F.);
#6121=ORIENTED_EDGE('',*,*,#4618,.T.);
#6122=ORIENTED_EDGE('',*,*,#4187,.F.);
#6123=ORIENTED_EDGE('',*,*,#4616,.F.);
#6124=ORIENTED_EDGE('',*,*,#4619,.F.);
#6125=ORIENTED_EDGE('',*,*,#4614,.F.);
#6126=ORIENTED_EDGE('',*,*,#4188,.F.);
#6127=ORIENTED_EDGE('',*,*,#4618,.F.);
#6128=ORIENTED_EDGE('',*,*,#4620,.F.);
#6129=ORIENTED_EDGE('',*,*,#4621,.T.);
#6130=ORIENTED_EDGE('',*,*,#4193,.F.);
#6131=ORIENTED_EDGE('',*,*,#4622,.F.);
#6132=ORIENTED_EDGE('',*,*,#4623,.F.);
#6133=ORIENTED_EDGE('',*,*,#4622,.T.);
#6134=ORIENTED_EDGE('',*,*,#4192,.F.);
#6135=ORIENTED_EDGE('',*,*,#4624,.F.);
#6136=ORIENTED_EDGE('',*,*,#4625,.F.);
#6137=ORIENTED_EDGE('',*,*,#4624,.T.);
#6138=ORIENTED_EDGE('',*,*,#4191,.F.);
#6139=ORIENTED_EDGE('',*,*,#4626,.F.);
#6140=ORIENTED_EDGE('',*,*,#4627,.F.);
#6141=ORIENTED_EDGE('',*,*,#4626,.T.);
#6142=ORIENTED_EDGE('',*,*,#4190,.F.);
#6143=ORIENTED_EDGE('',*,*,#4628,.F.);
#6144=ORIENTED_EDGE('',*,*,#4629,.F.);
#6145=ORIENTED_EDGE('',*,*,#4628,.T.);
#6146=ORIENTED_EDGE('',*,*,#4189,.F.);
#6147=ORIENTED_EDGE('',*,*,#4630,.T.);
#6148=ORIENTED_EDGE('',*,*,#4631,.F.);
#6149=ORIENTED_EDGE('',*,*,#4632,.T.);
#6150=ORIENTED_EDGE('',*,*,#4194,.F.);
#6151=ORIENTED_EDGE('',*,*,#4621,.F.);
#6152=ORIENTED_EDGE('',*,*,#4633,.F.);
#6153=ORIENTED_EDGE('',*,*,#4634,.T.);
#6154=ORIENTED_EDGE('',*,*,#4195,.F.);
#6155=ORIENTED_EDGE('',*,*,#4632,.F.);
#6156=ORIENTED_EDGE('',*,*,#4635,.F.);
#6157=ORIENTED_EDGE('',*,*,#4630,.F.);
#6158=ORIENTED_EDGE('',*,*,#4196,.F.);
#6159=ORIENTED_EDGE('',*,*,#4634,.F.);
#6160=ORIENTED_EDGE('',*,*,#4636,.F.);
#6161=ORIENTED_EDGE('',*,*,#4637,.T.);
#6162=ORIENTED_EDGE('',*,*,#4201,.F.);
#6163=ORIENTED_EDGE('',*,*,#4638,.F.);
#6164=ORIENTED_EDGE('',*,*,#4639,.F.);
#6165=ORIENTED_EDGE('',*,*,#4638,.T.);
#6166=ORIENTED_EDGE('',*,*,#4200,.F.);
#6167=ORIENTED_EDGE('',*,*,#4640,.F.);
#6168=ORIENTED_EDGE('',*,*,#4641,.F.);
#6169=ORIENTED_EDGE('',*,*,#4640,.T.);
#6170=ORIENTED_EDGE('',*,*,#4199,.F.);
#6171=ORIENTED_EDGE('',*,*,#4642,.F.);
#6172=ORIENTED_EDGE('',*,*,#4643,.F.);
#6173=ORIENTED_EDGE('',*,*,#4642,.T.);
#6174=ORIENTED_EDGE('',*,*,#4198,.F.);
#6175=ORIENTED_EDGE('',*,*,#4644,.F.);
#6176=ORIENTED_EDGE('',*,*,#4645,.F.);
#6177=ORIENTED_EDGE('',*,*,#4644,.T.);
#6178=ORIENTED_EDGE('',*,*,#4197,.F.);
#6179=ORIENTED_EDGE('',*,*,#4646,.T.);
#6180=ORIENTED_EDGE('',*,*,#4647,.F.);
#6181=ORIENTED_EDGE('',*,*,#4648,.T.);
#6182=ORIENTED_EDGE('',*,*,#4202,.F.);
#6183=ORIENTED_EDGE('',*,*,#4637,.F.);
#6184=ORIENTED_EDGE('',*,*,#4649,.F.);
#6185=ORIENTED_EDGE('',*,*,#4650,.T.);
#6186=ORIENTED_EDGE('',*,*,#4203,.F.);
#6187=ORIENTED_EDGE('',*,*,#4648,.F.);
#6188=ORIENTED_EDGE('',*,*,#4651,.F.);
#6189=ORIENTED_EDGE('',*,*,#4646,.F.);
#6190=ORIENTED_EDGE('',*,*,#4204,.F.);
#6191=ORIENTED_EDGE('',*,*,#4650,.F.);
#6192=ORIENTED_EDGE('',*,*,#4652,.F.);
#6193=ORIENTED_EDGE('',*,*,#4653,.F.);
#6194=ORIENTED_EDGE('',*,*,#4654,.F.);
#6195=ORIENTED_EDGE('',*,*,#4655,.T.);
#6196=ORIENTED_EDGE('',*,*,#4656,.F.);
#6197=ORIENTED_EDGE('',*,*,#4655,.F.);
#6198=ORIENTED_EDGE('',*,*,#4657,.F.);
#6199=ORIENTED_EDGE('',*,*,#4658,.T.);
#6200=ORIENTED_EDGE('',*,*,#4659,.F.);
#6201=ORIENTED_EDGE('',*,*,#4658,.F.);
#6202=ORIENTED_EDGE('',*,*,#4660,.F.);
#6203=ORIENTED_EDGE('',*,*,#4661,.T.);
#6204=ORIENTED_EDGE('',*,*,#4662,.F.);
#6205=ORIENTED_EDGE('',*,*,#4661,.F.);
#6206=ORIENTED_EDGE('',*,*,#4663,.F.);
#6207=ORIENTED_EDGE('',*,*,#4664,.T.);
#6208=ORIENTED_EDGE('',*,*,#4665,.F.);
#6209=ORIENTED_EDGE('',*,*,#4664,.F.);
#6210=ORIENTED_EDGE('',*,*,#4666,.F.);
#6211=ORIENTED_EDGE('',*,*,#4667,.T.);
#6212=ORIENTED_EDGE('',*,*,#4668,.F.);
#6213=ORIENTED_EDGE('',*,*,#4669,.F.);
#6214=ORIENTED_EDGE('',*,*,#4670,.F.);
#6215=ORIENTED_EDGE('',*,*,#4653,.T.);
#6216=ORIENTED_EDGE('',*,*,#4671,.F.);
#6217=ORIENTED_EDGE('',*,*,#4672,.T.);
#6218=ORIENTED_EDGE('',*,*,#4673,.F.);
#6219=ORIENTED_EDGE('',*,*,#4669,.T.);
#6220=ORIENTED_EDGE('',*,*,#4674,.F.);
#6221=ORIENTED_EDGE('',*,*,#4667,.F.);
#6222=ORIENTED_EDGE('',*,*,#4675,.F.);
#6223=ORIENTED_EDGE('',*,*,#4672,.F.);
#6224=ORIENTED_EDGE('',*,*,#4676,.F.);
#6225=ORIENTED_EDGE('',*,*,#4677,.F.);
#6226=ORIENTED_EDGE('',*,*,#4678,.F.);
#6227=ORIENTED_EDGE('',*,*,#4679,.T.);
#6228=ORIENTED_EDGE('',*,*,#4680,.F.);
#6229=ORIENTED_EDGE('',*,*,#4679,.F.);
#6230=ORIENTED_EDGE('',*,*,#4681,.F.);
#6231=ORIENTED_EDGE('',*,*,#4682,.T.);
#6232=ORIENTED_EDGE('',*,*,#4683,.F.);
#6233=ORIENTED_EDGE('',*,*,#4682,.F.);
#6234=ORIENTED_EDGE('',*,*,#4684,.F.);
#6235=ORIENTED_EDGE('',*,*,#4685,.T.);
#6236=ORIENTED_EDGE('',*,*,#4686,.F.);
#6237=ORIENTED_EDGE('',*,*,#4685,.F.);
#6238=ORIENTED_EDGE('',*,*,#4687,.F.);
#6239=ORIENTED_EDGE('',*,*,#4688,.T.);
#6240=ORIENTED_EDGE('',*,*,#4689,.F.);
#6241=ORIENTED_EDGE('',*,*,#4688,.F.);
#6242=ORIENTED_EDGE('',*,*,#4690,.F.);
#6243=ORIENTED_EDGE('',*,*,#4691,.T.);
#6244=ORIENTED_EDGE('',*,*,#4692,.F.);
#6245=ORIENTED_EDGE('',*,*,#4693,.F.);
#6246=ORIENTED_EDGE('',*,*,#4694,.F.);
#6247=ORIENTED_EDGE('',*,*,#4677,.T.);
#6248=ORIENTED_EDGE('',*,*,#4695,.F.);
#6249=ORIENTED_EDGE('',*,*,#4696,.T.);
#6250=ORIENTED_EDGE('',*,*,#4697,.F.);
#6251=ORIENTED_EDGE('',*,*,#4693,.T.);
#6252=ORIENTED_EDGE('',*,*,#4698,.F.);
#6253=ORIENTED_EDGE('',*,*,#4691,.F.);
#6254=ORIENTED_EDGE('',*,*,#4699,.F.);
#6255=ORIENTED_EDGE('',*,*,#4696,.F.);
#6256=ORIENTED_EDGE('',*,*,#4700,.F.);
#6257=ORIENTED_EDGE('',*,*,#4701,.F.);
#6258=ORIENTED_EDGE('',*,*,#4702,.F.);
#6259=ORIENTED_EDGE('',*,*,#4703,.T.);
#6260=ORIENTED_EDGE('',*,*,#4704,.F.);
#6261=ORIENTED_EDGE('',*,*,#4703,.F.);
#6262=ORIENTED_EDGE('',*,*,#4705,.F.);
#6263=ORIENTED_EDGE('',*,*,#4706,.T.);
#6264=ORIENTED_EDGE('',*,*,#4707,.F.);
#6265=ORIENTED_EDGE('',*,*,#4706,.F.);
#6266=ORIENTED_EDGE('',*,*,#4708,.F.);
#6267=ORIENTED_EDGE('',*,*,#4709,.T.);
#6268=ORIENTED_EDGE('',*,*,#4710,.F.);
#6269=ORIENTED_EDGE('',*,*,#4709,.F.);
#6270=ORIENTED_EDGE('',*,*,#4711,.F.);
#6271=ORIENTED_EDGE('',*,*,#4712,.T.);
#6272=ORIENTED_EDGE('',*,*,#4713,.F.);
#6273=ORIENTED_EDGE('',*,*,#4712,.F.);
#6274=ORIENTED_EDGE('',*,*,#4714,.F.);
#6275=ORIENTED_EDGE('',*,*,#4715,.T.);
#6276=ORIENTED_EDGE('',*,*,#4716,.F.);
#6277=ORIENTED_EDGE('',*,*,#4717,.F.);
#6278=ORIENTED_EDGE('',*,*,#4718,.F.);
#6279=ORIENTED_EDGE('',*,*,#4701,.T.);
#6280=ORIENTED_EDGE('',*,*,#4719,.F.);
#6281=ORIENTED_EDGE('',*,*,#4720,.T.);
#6282=ORIENTED_EDGE('',*,*,#4721,.F.);
#6283=ORIENTED_EDGE('',*,*,#4717,.T.);
#6284=ORIENTED_EDGE('',*,*,#4722,.F.);
#6285=ORIENTED_EDGE('',*,*,#4715,.F.);
#6286=ORIENTED_EDGE('',*,*,#4723,.F.);
#6287=ORIENTED_EDGE('',*,*,#4720,.F.);
#6288=ORIENTED_EDGE('',*,*,#4724,.F.);
#6289=ORIENTED_EDGE('',*,*,#4725,.F.);
#6290=ORIENTED_EDGE('',*,*,#4726,.F.);
#6291=ORIENTED_EDGE('',*,*,#4727,.T.);
#6292=ORIENTED_EDGE('',*,*,#4728,.F.);
#6293=ORIENTED_EDGE('',*,*,#4727,.F.);
#6294=ORIENTED_EDGE('',*,*,#4729,.F.);
#6295=ORIENTED_EDGE('',*,*,#4730,.T.);
#6296=ORIENTED_EDGE('',*,*,#4731,.F.);
#6297=ORIENTED_EDGE('',*,*,#4730,.F.);
#6298=ORIENTED_EDGE('',*,*,#4732,.F.);
#6299=ORIENTED_EDGE('',*,*,#4733,.T.);
#6300=ORIENTED_EDGE('',*,*,#4734,.F.);
#6301=ORIENTED_EDGE('',*,*,#4733,.F.);
#6302=ORIENTED_EDGE('',*,*,#4735,.F.);
#6303=ORIENTED_EDGE('',*,*,#4736,.T.);
#6304=ORIENTED_EDGE('',*,*,#4737,.F.);
#6305=ORIENTED_EDGE('',*,*,#4736,.F.);
#6306=ORIENTED_EDGE('',*,*,#4738,.F.);
#6307=ORIENTED_EDGE('',*,*,#4739,.T.);
#6308=ORIENTED_EDGE('',*,*,#4740,.F.);
#6309=ORIENTED_EDGE('',*,*,#4741,.F.);
#6310=ORIENTED_EDGE('',*,*,#4742,.F.);
#6311=ORIENTED_EDGE('',*,*,#4725,.T.);
#6312=ORIENTED_EDGE('',*,*,#4743,.F.);
#6313=ORIENTED_EDGE('',*,*,#4744,.T.);
#6314=ORIENTED_EDGE('',*,*,#4745,.F.);
#6315=ORIENTED_EDGE('',*,*,#4741,.T.);
#6316=ORIENTED_EDGE('',*,*,#4746,.F.);
#6317=ORIENTED_EDGE('',*,*,#4739,.F.);
#6318=ORIENTED_EDGE('',*,*,#4747,.F.);
#6319=ORIENTED_EDGE('',*,*,#4744,.F.);
#6320=ORIENTED_EDGE('',*,*,#4748,.F.);
#6321=ORIENTED_EDGE('',*,*,#4749,.F.);
#6322=ORIENTED_EDGE('',*,*,#4750,.F.);
#6323=ORIENTED_EDGE('',*,*,#4751,.T.);
#6324=ORIENTED_EDGE('',*,*,#4752,.F.);
#6325=ORIENTED_EDGE('',*,*,#4751,.F.);
#6326=ORIENTED_EDGE('',*,*,#4753,.F.);
#6327=ORIENTED_EDGE('',*,*,#4754,.T.);
#6328=ORIENTED_EDGE('',*,*,#4755,.F.);
#6329=ORIENTED_EDGE('',*,*,#4754,.F.);
#6330=ORIENTED_EDGE('',*,*,#4756,.F.);
#6331=ORIENTED_EDGE('',*,*,#4757,.T.);
#6332=ORIENTED_EDGE('',*,*,#4758,.F.);
#6333=ORIENTED_EDGE('',*,*,#4757,.F.);
#6334=ORIENTED_EDGE('',*,*,#4759,.F.);
#6335=ORIENTED_EDGE('',*,*,#4760,.T.);
#6336=ORIENTED_EDGE('',*,*,#4761,.F.);
#6337=ORIENTED_EDGE('',*,*,#4760,.F.);
#6338=ORIENTED_EDGE('',*,*,#4762,.F.);
#6339=ORIENTED_EDGE('',*,*,#4763,.T.);
#6340=ORIENTED_EDGE('',*,*,#4764,.F.);
#6341=ORIENTED_EDGE('',*,*,#4765,.F.);
#6342=ORIENTED_EDGE('',*,*,#4766,.F.);
#6343=ORIENTED_EDGE('',*,*,#4749,.T.);
#6344=ORIENTED_EDGE('',*,*,#4767,.F.);
#6345=ORIENTED_EDGE('',*,*,#4768,.T.);
#6346=ORIENTED_EDGE('',*,*,#4769,.F.);
#6347=ORIENTED_EDGE('',*,*,#4765,.T.);
#6348=ORIENTED_EDGE('',*,*,#4770,.F.);
#6349=ORIENTED_EDGE('',*,*,#4763,.F.);
#6350=ORIENTED_EDGE('',*,*,#4771,.F.);
#6351=ORIENTED_EDGE('',*,*,#4768,.F.);
#6352=ORIENTED_EDGE('',*,*,#4772,.F.);
#6353=ORIENTED_EDGE('',*,*,#4773,.F.);
#6354=ORIENTED_EDGE('',*,*,#4774,.F.);
#6355=ORIENTED_EDGE('',*,*,#4775,.T.);
#6356=ORIENTED_EDGE('',*,*,#4776,.F.);
#6357=ORIENTED_EDGE('',*,*,#4775,.F.);
#6358=ORIENTED_EDGE('',*,*,#4777,.F.);
#6359=ORIENTED_EDGE('',*,*,#4778,.T.);
#6360=ORIENTED_EDGE('',*,*,#4779,.F.);
#6361=ORIENTED_EDGE('',*,*,#4778,.F.);
#6362=ORIENTED_EDGE('',*,*,#4780,.F.);
#6363=ORIENTED_EDGE('',*,*,#4781,.T.);
#6364=ORIENTED_EDGE('',*,*,#4782,.F.);
#6365=ORIENTED_EDGE('',*,*,#4781,.F.);
#6366=ORIENTED_EDGE('',*,*,#4783,.F.);
#6367=ORIENTED_EDGE('',*,*,#3937,.F.);
#6368=ORIENTED_EDGE('',*,*,#4784,.T.);
#6369=ORIENTED_EDGE('',*,*,#4785,.F.);
#6370=ORIENTED_EDGE('',*,*,#4784,.F.);
#6371=ORIENTED_EDGE('',*,*,#3944,.F.);
#6372=ORIENTED_EDGE('',*,*,#4786,.F.);
#6373=ORIENTED_EDGE('',*,*,#4787,.T.);
#6374=ORIENTED_EDGE('',*,*,#4788,.F.);
#6375=ORIENTED_EDGE('',*,*,#4789,.F.);
#6376=ORIENTED_EDGE('',*,*,#4790,.F.);
#6377=ORIENTED_EDGE('',*,*,#4773,.T.);
#6378=ORIENTED_EDGE('',*,*,#4791,.F.);
#6379=ORIENTED_EDGE('',*,*,#4792,.T.);
#6380=ORIENTED_EDGE('',*,*,#4793,.F.);
#6381=ORIENTED_EDGE('',*,*,#4789,.T.);
#6382=ORIENTED_EDGE('',*,*,#4794,.F.);
#6383=ORIENTED_EDGE('',*,*,#4787,.F.);
#6384=ORIENTED_EDGE('',*,*,#4795,.F.);
#6385=ORIENTED_EDGE('',*,*,#4792,.F.);
#6386=ORIENTED_EDGE('',*,*,#4783,.T.);
#6387=ORIENTED_EDGE('',*,*,#4780,.T.);
#6388=ORIENTED_EDGE('',*,*,#4777,.T.);
#6389=ORIENTED_EDGE('',*,*,#4774,.T.);
#6390=ORIENTED_EDGE('',*,*,#4790,.T.);
#6391=ORIENTED_EDGE('',*,*,#4793,.T.);
#6392=ORIENTED_EDGE('',*,*,#4795,.T.);
#6393=ORIENTED_EDGE('',*,*,#4786,.T.);
#6394=ORIENTED_EDGE('',*,*,#3943,.T.);
#6395=ORIENTED_EDGE('',*,*,#4796,.T.);
#6396=ORIENTED_EDGE('',*,*,#4797,.F.);
#6397=ORIENTED_EDGE('',*,*,#4223,.F.);
#6398=ORIENTED_EDGE('',*,*,#3938,.T.);
#6399=ORIENTED_EDGE('',*,*,#4762,.T.);
#6400=ORIENTED_EDGE('',*,*,#4759,.T.);
#6401=ORIENTED_EDGE('',*,*,#4756,.T.);
#6402=ORIENTED_EDGE('',*,*,#4753,.T.);
#6403=ORIENTED_EDGE('',*,*,#4750,.T.);
#6404=ORIENTED_EDGE('',*,*,#4766,.T.);
#6405=ORIENTED_EDGE('',*,*,#4769,.T.);
#6406=ORIENTED_EDGE('',*,*,#4771,.T.);
#6407=ORIENTED_EDGE('',*,*,#4738,.T.);
#6408=ORIENTED_EDGE('',*,*,#4735,.T.);
#6409=ORIENTED_EDGE('',*,*,#4732,.T.);
#6410=ORIENTED_EDGE('',*,*,#4729,.T.);
#6411=ORIENTED_EDGE('',*,*,#4726,.T.);
#6412=ORIENTED_EDGE('',*,*,#4742,.T.);
#6413=ORIENTED_EDGE('',*,*,#4745,.T.);
#6414=ORIENTED_EDGE('',*,*,#4747,.T.);
#6415=ORIENTED_EDGE('',*,*,#4714,.T.);
#6416=ORIENTED_EDGE('',*,*,#4711,.T.);
#6417=ORIENTED_EDGE('',*,*,#4708,.T.);
#6418=ORIENTED_EDGE('',*,*,#4705,.T.);
#6419=ORIENTED_EDGE('',*,*,#4702,.T.);
#6420=ORIENTED_EDGE('',*,*,#4718,.T.);
#6421=ORIENTED_EDGE('',*,*,#4721,.T.);
#6422=ORIENTED_EDGE('',*,*,#4723,.T.);
#6423=ORIENTED_EDGE('',*,*,#4690,.T.);
#6424=ORIENTED_EDGE('',*,*,#4687,.T.);
#6425=ORIENTED_EDGE('',*,*,#4684,.T.);
#6426=ORIENTED_EDGE('',*,*,#4681,.T.);
#6427=ORIENTED_EDGE('',*,*,#4678,.T.);
#6428=ORIENTED_EDGE('',*,*,#4694,.T.);
#6429=ORIENTED_EDGE('',*,*,#4697,.T.);
#6430=ORIENTED_EDGE('',*,*,#4699,.T.);
#6431=ORIENTED_EDGE('',*,*,#4666,.T.);
#6432=ORIENTED_EDGE('',*,*,#4663,.T.);
#6433=ORIENTED_EDGE('',*,*,#4660,.T.);
#6434=ORIENTED_EDGE('',*,*,#4657,.T.);
#6435=ORIENTED_EDGE('',*,*,#4654,.T.);
#6436=ORIENTED_EDGE('',*,*,#4670,.T.);
#6437=ORIENTED_EDGE('',*,*,#4673,.T.);
#6438=ORIENTED_EDGE('',*,*,#4675,.T.);
#6439=ORIENTED_EDGE('',*,*,#4798,.F.);
#6440=ORIENTED_EDGE('',*,*,#4799,.T.);
#6441=ORIENTED_EDGE('',*,*,#4000,.F.);
#6442=ORIENTED_EDGE('',*,*,#4800,.F.);
#6443=ORIENTED_EDGE('',*,*,#4801,.F.);
#6444=ORIENTED_EDGE('',*,*,#4800,.T.);
#6445=ORIENTED_EDGE('',*,*,#3999,.F.);
#6446=ORIENTED_EDGE('',*,*,#4802,.F.);
#6447=ORIENTED_EDGE('',*,*,#4803,.F.);
#6448=ORIENTED_EDGE('',*,*,#4802,.T.);
#6449=ORIENTED_EDGE('',*,*,#3998,.F.);
#6450=ORIENTED_EDGE('',*,*,#4804,.T.);
#6451=ORIENTED_EDGE('',*,*,#4805,.F.);
#6452=ORIENTED_EDGE('',*,*,#4804,.F.);
#6453=ORIENTED_EDGE('',*,*,#3997,.F.);
#6454=ORIENTED_EDGE('',*,*,#4806,.F.);
#6455=ORIENTED_EDGE('',*,*,#4807,.F.);
#6456=ORIENTED_EDGE('',*,*,#4806,.T.);
#6457=ORIENTED_EDGE('',*,*,#3996,.F.);
#6458=ORIENTED_EDGE('',*,*,#4808,.F.);
#6459=ORIENTED_EDGE('',*,*,#4809,.F.);
#6460=ORIENTED_EDGE('',*,*,#4808,.T.);
#6461=ORIENTED_EDGE('',*,*,#4003,.F.);
#6462=ORIENTED_EDGE('',*,*,#4810,.F.);
#6463=ORIENTED_EDGE('',*,*,#4811,.F.);
#6464=ORIENTED_EDGE('',*,*,#4810,.T.);
#6465=ORIENTED_EDGE('',*,*,#4002,.F.);
#6466=ORIENTED_EDGE('',*,*,#4812,.F.);
#6467=ORIENTED_EDGE('',*,*,#4813,.F.);
#6468=ORIENTED_EDGE('',*,*,#4812,.T.);
#6469=ORIENTED_EDGE('',*,*,#4001,.F.);
#6470=ORIENTED_EDGE('',*,*,#4799,.F.);
#6471=ORIENTED_EDGE('',*,*,#4814,.F.);
#6472=ORIENTED_EDGE('',*,*,#4815,.T.);
#6473=ORIENTED_EDGE('',*,*,#3990,.F.);
#6474=ORIENTED_EDGE('',*,*,#4816,.T.);
#6475=ORIENTED_EDGE('',*,*,#4817,.F.);
#6476=ORIENTED_EDGE('',*,*,#4818,.F.);
#6477=ORIENTED_EDGE('',*,*,#4819,.F.);
#6478=ORIENTED_EDGE('',*,*,#4816,.F.);
#6479=ORIENTED_EDGE('',*,*,#3989,.F.);
#6480=ORIENTED_EDGE('',*,*,#4820,.F.);
#6481=ORIENTED_EDGE('',*,*,#4821,.F.);
#6482=ORIENTED_EDGE('',*,*,#4822,.F.);
#6483=ORIENTED_EDGE('',*,*,#4820,.T.);
#6484=ORIENTED_EDGE('',*,*,#3988,.F.);
#6485=ORIENTED_EDGE('',*,*,#4823,.F.);
#6486=ORIENTED_EDGE('',*,*,#4824,.F.);
#6487=ORIENTED_EDGE('',*,*,#4823,.T.);
#6488=ORIENTED_EDGE('',*,*,#3995,.F.);
#6489=ORIENTED_EDGE('',*,*,#4825,.F.);
#6490=ORIENTED_EDGE('',*,*,#4826,.F.);
#6491=ORIENTED_EDGE('',*,*,#4825,.T.);
#6492=ORIENTED_EDGE('',*,*,#3994,.F.);
#6493=ORIENTED_EDGE('',*,*,#4827,.F.);
#6494=ORIENTED_EDGE('',*,*,#4828,.F.);
#6495=ORIENTED_EDGE('',*,*,#4827,.T.);
#6496=ORIENTED_EDGE('',*,*,#3993,.F.);
#6497=ORIENTED_EDGE('',*,*,#4829,.F.);
#6498=ORIENTED_EDGE('',*,*,#4830,.F.);
#6499=ORIENTED_EDGE('',*,*,#4829,.T.);
#6500=ORIENTED_EDGE('',*,*,#3992,.F.);
#6501=ORIENTED_EDGE('',*,*,#4831,.F.);
#6502=ORIENTED_EDGE('',*,*,#4832,.F.);
#6503=ORIENTED_EDGE('',*,*,#4831,.T.);
#6504=ORIENTED_EDGE('',*,*,#3991,.F.);
#6505=ORIENTED_EDGE('',*,*,#4815,.F.);
#6506=ORIENTED_EDGE('',*,*,#4833,.F.);
#6507=ORIENTED_EDGE('',*,*,#4834,.T.);
#6508=ORIENTED_EDGE('',*,*,#3984,.F.);
#6509=ORIENTED_EDGE('',*,*,#4835,.F.);
#6510=ORIENTED_EDGE('',*,*,#4836,.F.);
#6511=ORIENTED_EDGE('',*,*,#4835,.T.);
#6512=ORIENTED_EDGE('',*,*,#3983,.F.);
#6513=ORIENTED_EDGE('',*,*,#4837,.F.);
#6514=ORIENTED_EDGE('',*,*,#4838,.F.);
#6515=ORIENTED_EDGE('',*,*,#4837,.T.);
#6516=ORIENTED_EDGE('',*,*,#3982,.F.);
#6517=ORIENTED_EDGE('',*,*,#4839,.T.);
#6518=ORIENTED_EDGE('',*,*,#4840,.F.);
#6519=ORIENTED_EDGE('',*,*,#4839,.F.);
#6520=ORIENTED_EDGE('',*,*,#3981,.F.);
#6521=ORIENTED_EDGE('',*,*,#4841,.F.);
#6522=ORIENTED_EDGE('',*,*,#4842,.F.);
#6523=ORIENTED_EDGE('',*,*,#4841,.T.);
#6524=ORIENTED_EDGE('',*,*,#3980,.F.);
#6525=ORIENTED_EDGE('',*,*,#4843,.F.);
#6526=ORIENTED_EDGE('',*,*,#4844,.F.);
#6527=ORIENTED_EDGE('',*,*,#4843,.T.);
#6528=ORIENTED_EDGE('',*,*,#3987,.F.);
#6529=ORIENTED_EDGE('',*,*,#4845,.F.);
#6530=ORIENTED_EDGE('',*,*,#4846,.F.);
#6531=ORIENTED_EDGE('',*,*,#4845,.T.);
#6532=ORIENTED_EDGE('',*,*,#3986,.F.);
#6533=ORIENTED_EDGE('',*,*,#4847,.F.);
#6534=ORIENTED_EDGE('',*,*,#4848,.F.);
#6535=ORIENTED_EDGE('',*,*,#4847,.T.);
#6536=ORIENTED_EDGE('',*,*,#3985,.F.);
#6537=ORIENTED_EDGE('',*,*,#4834,.F.);
#6538=ORIENTED_EDGE('',*,*,#4849,.F.);
#6539=ORIENTED_EDGE('',*,*,#4850,.T.);
#6540=ORIENTED_EDGE('',*,*,#3976,.F.);
#6541=ORIENTED_EDGE('',*,*,#4851,.F.);
#6542=ORIENTED_EDGE('',*,*,#4852,.F.);
#6543=ORIENTED_EDGE('',*,*,#4851,.T.);
#6544=ORIENTED_EDGE('',*,*,#3975,.F.);
#6545=ORIENTED_EDGE('',*,*,#4853,.F.);
#6546=ORIENTED_EDGE('',*,*,#4854,.F.);
#6547=ORIENTED_EDGE('',*,*,#4853,.T.);
#6548=ORIENTED_EDGE('',*,*,#3974,.F.);
#6549=ORIENTED_EDGE('',*,*,#4855,.T.);
#6550=ORIENTED_EDGE('',*,*,#4856,.F.);
#6551=ORIENTED_EDGE('',*,*,#4855,.F.);
#6552=ORIENTED_EDGE('',*,*,#3973,.F.);
#6553=ORIENTED_EDGE('',*,*,#4857,.F.);
#6554=ORIENTED_EDGE('',*,*,#4858,.F.);
#6555=ORIENTED_EDGE('',*,*,#4857,.T.);
#6556=ORIENTED_EDGE('',*,*,#3972,.F.);
#6557=ORIENTED_EDGE('',*,*,#4859,.F.);
#6558=ORIENTED_EDGE('',*,*,#4860,.F.);
#6559=ORIENTED_EDGE('',*,*,#4859,.T.);
#6560=ORIENTED_EDGE('',*,*,#3979,.F.);
#6561=ORIENTED_EDGE('',*,*,#4861,.F.);
#6562=ORIENTED_EDGE('',*,*,#4862,.F.);
#6563=ORIENTED_EDGE('',*,*,#4861,.T.);
#6564=ORIENTED_EDGE('',*,*,#3978,.F.);
#6565=ORIENTED_EDGE('',*,*,#4863,.F.);
#6566=ORIENTED_EDGE('',*,*,#4864,.F.);
#6567=ORIENTED_EDGE('',*,*,#4863,.T.);
#6568=ORIENTED_EDGE('',*,*,#3977,.F.);
#6569=ORIENTED_EDGE('',*,*,#4850,.F.);
#6570=ORIENTED_EDGE('',*,*,#4865,.F.);
#6571=ORIENTED_EDGE('',*,*,#4866,.T.);
#6572=ORIENTED_EDGE('',*,*,#3968,.F.);
#6573=ORIENTED_EDGE('',*,*,#4867,.F.);
#6574=ORIENTED_EDGE('',*,*,#4868,.F.);
#6575=ORIENTED_EDGE('',*,*,#4867,.T.);
#6576=ORIENTED_EDGE('',*,*,#3967,.F.);
#6577=ORIENTED_EDGE('',*,*,#4869,.F.);
#6578=ORIENTED_EDGE('',*,*,#4870,.F.);
#6579=ORIENTED_EDGE('',*,*,#4869,.T.);
#6580=ORIENTED_EDGE('',*,*,#3966,.F.);
#6581=ORIENTED_EDGE('',*,*,#4871,.T.);
#6582=ORIENTED_EDGE('',*,*,#4872,.F.);
#6583=ORIENTED_EDGE('',*,*,#4871,.F.);
#6584=ORIENTED_EDGE('',*,*,#3965,.F.);
#6585=ORIENTED_EDGE('',*,*,#4873,.F.);
#6586=ORIENTED_EDGE('',*,*,#4874,.F.);
#6587=ORIENTED_EDGE('',*,*,#4873,.T.);
#6588=ORIENTED_EDGE('',*,*,#3964,.F.);
#6589=ORIENTED_EDGE('',*,*,#4875,.F.);
#6590=ORIENTED_EDGE('',*,*,#4876,.F.);
#6591=ORIENTED_EDGE('',*,*,#4875,.T.);
#6592=ORIENTED_EDGE('',*,*,#3971,.F.);
#6593=ORIENTED_EDGE('',*,*,#4877,.F.);
#6594=ORIENTED_EDGE('',*,*,#4878,.F.);
#6595=ORIENTED_EDGE('',*,*,#4877,.T.);
#6596=ORIENTED_EDGE('',*,*,#3970,.F.);
#6597=ORIENTED_EDGE('',*,*,#4879,.F.);
#6598=ORIENTED_EDGE('',*,*,#4880,.F.);
#6599=ORIENTED_EDGE('',*,*,#4879,.T.);
#6600=ORIENTED_EDGE('',*,*,#3969,.F.);
#6601=ORIENTED_EDGE('',*,*,#4866,.F.);
#6602=ORIENTED_EDGE('',*,*,#4881,.F.);
#6603=ORIENTED_EDGE('',*,*,#4882,.T.);
#6604=ORIENTED_EDGE('',*,*,#3960,.F.);
#6605=ORIENTED_EDGE('',*,*,#4883,.F.);
#6606=ORIENTED_EDGE('',*,*,#4884,.F.);
#6607=ORIENTED_EDGE('',*,*,#4883,.T.);
#6608=ORIENTED_EDGE('',*,*,#3959,.F.);
#6609=ORIENTED_EDGE('',*,*,#4885,.F.);
#6610=ORIENTED_EDGE('',*,*,#4886,.F.);
#6611=ORIENTED_EDGE('',*,*,#4885,.T.);
#6612=ORIENTED_EDGE('',*,*,#3958,.F.);
#6613=ORIENTED_EDGE('',*,*,#4887,.T.);
#6614=ORIENTED_EDGE('',*,*,#4888,.F.);
#6615=ORIENTED_EDGE('',*,*,#4887,.F.);
#6616=ORIENTED_EDGE('',*,*,#3957,.F.);
#6617=ORIENTED_EDGE('',*,*,#4889,.F.);
#6618=ORIENTED_EDGE('',*,*,#4890,.F.);
#6619=ORIENTED_EDGE('',*,*,#4889,.T.);
#6620=ORIENTED_EDGE('',*,*,#3956,.F.);
#6621=ORIENTED_EDGE('',*,*,#4891,.F.);
#6622=ORIENTED_EDGE('',*,*,#4892,.F.);
#6623=ORIENTED_EDGE('',*,*,#4891,.T.);
#6624=ORIENTED_EDGE('',*,*,#3963,.F.);
#6625=ORIENTED_EDGE('',*,*,#4893,.F.);
#6626=ORIENTED_EDGE('',*,*,#4894,.F.);
#6627=ORIENTED_EDGE('',*,*,#4893,.T.);
#6628=ORIENTED_EDGE('',*,*,#3962,.F.);
#6629=ORIENTED_EDGE('',*,*,#4895,.F.);
#6630=ORIENTED_EDGE('',*,*,#4896,.F.);
#6631=ORIENTED_EDGE('',*,*,#4895,.T.);
#6632=ORIENTED_EDGE('',*,*,#3961,.F.);
#6633=ORIENTED_EDGE('',*,*,#4882,.F.);
#6634=ORIENTED_EDGE('',*,*,#3916,.T.);
#6635=ORIENTED_EDGE('',*,*,#4897,.F.);
#6636=ORIENTED_EDGE('',*,*,#4898,.F.);
#6637=ORIENTED_EDGE('',*,*,#4899,.F.);
#6638=ORIENTED_EDGE('',*,*,#4900,.T.);
#6639=ORIENTED_EDGE('',*,*,#4817,.T.);
#6640=ORIENTED_EDGE('',*,*,#4819,.T.);
#6641=ORIENTED_EDGE('',*,*,#4818,.T.);
#6642=ORIENTED_EDGE('',*,*,#4901,.T.);
#6643=ORIENTED_EDGE('',*,*,#4902,.T.);
#6644=ORIENTED_EDGE('',*,*,#3930,.F.);
#6645=ORIENTED_EDGE('',*,*,#4248,.F.);
#6646=ORIENTED_EDGE('',*,*,#4903,.T.);
#6647=ORIENTED_EDGE('',*,*,#4019,.F.);
#6648=ORIENTED_EDGE('',*,*,#4903,.F.);
#6649=ORIENTED_EDGE('',*,*,#4249,.F.);
#6650=ORIENTED_EDGE('',*,*,#4904,.T.);
#6651=ORIENTED_EDGE('',*,*,#4018,.F.);
#6652=ORIENTED_EDGE('',*,*,#4904,.F.);
#6653=ORIENTED_EDGE('',*,*,#4250,.F.);
#6654=ORIENTED_EDGE('',*,*,#4905,.T.);
#6655=ORIENTED_EDGE('',*,*,#4017,.F.);
#6656=ORIENTED_EDGE('',*,*,#4905,.F.);
#6657=ORIENTED_EDGE('',*,*,#4251,.F.);
#6658=ORIENTED_EDGE('',*,*,#4906,.T.);
#6659=ORIENTED_EDGE('',*,*,#4016,.F.);
#6660=ORIENTED_EDGE('',*,*,#4906,.F.);
#6661=ORIENTED_EDGE('',*,*,#4026,.T.);
#6662=ORIENTED_EDGE('',*,*,#4907,.T.);
#6663=ORIENTED_EDGE('',*,*,#4243,.T.);
#6664=ORIENTED_EDGE('',*,*,#4908,.T.);
#6665=ORIENTED_EDGE('',*,*,#4907,.F.);
#6666=ORIENTED_EDGE('',*,*,#4025,.T.);
#6667=ORIENTED_EDGE('',*,*,#4909,.F.);
#6668=ORIENTED_EDGE('',*,*,#4244,.F.);
#6669=ORIENTED_EDGE('',*,*,#4030,.T.);
#6670=ORIENTED_EDGE('',*,*,#4910,.T.);
#6671=ORIENTED_EDGE('',*,*,#4239,.T.);
#6672=ORIENTED_EDGE('',*,*,#4911,.T.);
#6673=ORIENTED_EDGE('',*,*,#4910,.F.);
#6674=ORIENTED_EDGE('',*,*,#4029,.T.);
#6675=ORIENTED_EDGE('',*,*,#4912,.F.);
#6676=ORIENTED_EDGE('',*,*,#4240,.F.);
#6677=ORIENTED_EDGE('',*,*,#4028,.T.);
#6678=ORIENTED_EDGE('',*,*,#4913,.T.);
#6679=ORIENTED_EDGE('',*,*,#4241,.T.);
#6680=ORIENTED_EDGE('',*,*,#4912,.T.);
#6681=ORIENTED_EDGE('',*,*,#4908,.F.);
#6682=ORIENTED_EDGE('',*,*,#4242,.F.);
#6683=ORIENTED_EDGE('',*,*,#4913,.F.);
#6684=ORIENTED_EDGE('',*,*,#4027,.T.);
#6685=ORIENTED_EDGE('',*,*,#4033,.F.);
#6686=ORIENTED_EDGE('',*,*,#4914,.T.);
#6687=ORIENTED_EDGE('',*,*,#4236,.T.);
#6688=ORIENTED_EDGE('',*,*,#4214,.T.);
#6689=ORIENTED_EDGE('',*,*,#4245,.T.);
#6690=ORIENTED_EDGE('',*,*,#4909,.T.);
#6691=ORIENTED_EDGE('',*,*,#4024,.T.);
#6692=ORIENTED_EDGE('',*,*,#4213,.T.);
#6693=ORIENTED_EDGE('',*,*,#4914,.F.);
#6694=ORIENTED_EDGE('',*,*,#4032,.T.);
#6695=ORIENTED_EDGE('',*,*,#4915,.T.);
#6696=ORIENTED_EDGE('',*,*,#4237,.T.);
#6697=ORIENTED_EDGE('',*,*,#4911,.F.);
#6698=ORIENTED_EDGE('',*,*,#4238,.F.);
#6699=ORIENTED_EDGE('',*,*,#4915,.F.);
#6700=ORIENTED_EDGE('',*,*,#4031,.T.);
#6701=ORIENTED_EDGE('',*,*,#4916,.T.);
#6702=ORIENTED_EDGE('',*,*,#4917,.T.);
#6703=ORIENTED_EDGE('',*,*,#4918,.T.);
#6704=ORIENTED_EDGE('',*,*,#4919,.T.);
#6705=ORIENTED_EDGE('',*,*,#4920,.T.);
#6706=ORIENTED_EDGE('',*,*,#4921,.T.);
#6707=ORIENTED_EDGE('',*,*,#4922,.T.);
#6708=ORIENTED_EDGE('',*,*,#4923,.T.);
#6709=ORIENTED_EDGE('',*,*,#4924,.T.);
#6710=ORIENTED_EDGE('',*,*,#4925,.T.);
#6711=ORIENTED_EDGE('',*,*,#4926,.T.);
#6712=ORIENTED_EDGE('',*,*,#4927,.T.);
#6713=ORIENTED_EDGE('',*,*,#4928,.T.);
#6714=ORIENTED_EDGE('',*,*,#4929,.T.);
#6715=ORIENTED_EDGE('',*,*,#4930,.T.);
#6716=ORIENTED_EDGE('',*,*,#4931,.T.);
#6717=ORIENTED_EDGE('',*,*,#4932,.T.);
#6718=ORIENTED_EDGE('',*,*,#4933,.T.);
#6719=ORIENTED_EDGE('',*,*,#4934,.T.);
#6720=ORIENTED_EDGE('',*,*,#4935,.T.);
#6721=ORIENTED_EDGE('',*,*,#4936,.T.);
#6722=ORIENTED_EDGE('',*,*,#4937,.T.);
#6723=ORIENTED_EDGE('',*,*,#4938,.T.);
#6724=ORIENTED_EDGE('',*,*,#4939,.T.);
#6725=ORIENTED_EDGE('',*,*,#4940,.T.);
#6726=ORIENTED_EDGE('',*,*,#4941,.T.);
#6727=ORIENTED_EDGE('',*,*,#4942,.T.);
#6728=ORIENTED_EDGE('',*,*,#4943,.T.);
#6729=ORIENTED_EDGE('',*,*,#4944,.T.);
#6730=ORIENTED_EDGE('',*,*,#4945,.F.);
#6731=ORIENTED_EDGE('',*,*,#4011,.T.);
#6732=ORIENTED_EDGE('',*,*,#4946,.T.);
#6733=ORIENTED_EDGE('',*,*,#4268,.T.);
#6734=ORIENTED_EDGE('',*,*,#4290,.T.);
#6735=ORIENTED_EDGE('',*,*,#4287,.T.);
#6736=ORIENTED_EDGE('',*,*,#4284,.T.);
#6737=ORIENTED_EDGE('',*,*,#4281,.T.);
#6738=ORIENTED_EDGE('',*,*,#4278,.T.);
#6739=ORIENTED_EDGE('',*,*,#4275,.T.);
#6740=ORIENTED_EDGE('',*,*,#4272,.T.);
#6741=ORIENTED_EDGE('',*,*,#4292,.T.);
#6742=ORIENTED_EDGE('',*,*,#4314,.T.);
#6743=ORIENTED_EDGE('',*,*,#4311,.T.);
#6744=ORIENTED_EDGE('',*,*,#4308,.T.);
#6745=ORIENTED_EDGE('',*,*,#4305,.T.);
#6746=ORIENTED_EDGE('',*,*,#4302,.T.);
#6747=ORIENTED_EDGE('',*,*,#4299,.T.);
#6748=ORIENTED_EDGE('',*,*,#4296,.T.);
#6749=ORIENTED_EDGE('',*,*,#4316,.T.);
#6750=ORIENTED_EDGE('',*,*,#4338,.T.);
#6751=ORIENTED_EDGE('',*,*,#4335,.T.);
#6752=ORIENTED_EDGE('',*,*,#4332,.T.);
#6753=ORIENTED_EDGE('',*,*,#4329,.T.);
#6754=ORIENTED_EDGE('',*,*,#4326,.T.);
#6755=ORIENTED_EDGE('',*,*,#4323,.T.);
#6756=ORIENTED_EDGE('',*,*,#4320,.T.);
#6757=ORIENTED_EDGE('',*,*,#4340,.T.);
#6758=ORIENTED_EDGE('',*,*,#4362,.T.);
#6759=ORIENTED_EDGE('',*,*,#4359,.T.);
#6760=ORIENTED_EDGE('',*,*,#4356,.T.);
#6761=ORIENTED_EDGE('',*,*,#4353,.T.);
#6762=ORIENTED_EDGE('',*,*,#4350,.T.);
#6763=ORIENTED_EDGE('',*,*,#4347,.T.);
#6764=ORIENTED_EDGE('',*,*,#4344,.T.);
#6765=ORIENTED_EDGE('',*,*,#4364,.T.);
#6766=ORIENTED_EDGE('',*,*,#4386,.T.);
#6767=ORIENTED_EDGE('',*,*,#4383,.T.);
#6768=ORIENTED_EDGE('',*,*,#4380,.T.);
#6769=ORIENTED_EDGE('',*,*,#4377,.T.);
#6770=ORIENTED_EDGE('',*,*,#4374,.T.);
#6771=ORIENTED_EDGE('',*,*,#4371,.T.);
#6772=ORIENTED_EDGE('',*,*,#4368,.T.);
#6773=ORIENTED_EDGE('',*,*,#4388,.T.);
#6774=ORIENTED_EDGE('',*,*,#4410,.T.);
#6775=ORIENTED_EDGE('',*,*,#4407,.T.);
#6776=ORIENTED_EDGE('',*,*,#4404,.T.);
#6777=ORIENTED_EDGE('',*,*,#4401,.T.);
#6778=ORIENTED_EDGE('',*,*,#4398,.T.);
#6779=ORIENTED_EDGE('',*,*,#4395,.T.);
#6780=ORIENTED_EDGE('',*,*,#4392,.T.);
#6781=ORIENTED_EDGE('',*,*,#4412,.T.);
#6782=ORIENTED_EDGE('',*,*,#4434,.T.);
#6783=ORIENTED_EDGE('',*,*,#4431,.T.);
#6784=ORIENTED_EDGE('',*,*,#4428,.T.);
#6785=ORIENTED_EDGE('',*,*,#4425,.T.);
#6786=ORIENTED_EDGE('',*,*,#4422,.T.);
#6787=ORIENTED_EDGE('',*,*,#4419,.T.);
#6788=ORIENTED_EDGE('',*,*,#4416,.T.);
#6789=ORIENTED_EDGE('',*,*,#4436,.T.);
#6790=ORIENTED_EDGE('',*,*,#4458,.T.);
#6791=ORIENTED_EDGE('',*,*,#4455,.T.);
#6792=ORIENTED_EDGE('',*,*,#4452,.T.);
#6793=ORIENTED_EDGE('',*,*,#4449,.T.);
#6794=ORIENTED_EDGE('',*,*,#4446,.T.);
#6795=ORIENTED_EDGE('',*,*,#4443,.T.);
#6796=ORIENTED_EDGE('',*,*,#4440,.T.);
#6797=ORIENTED_EDGE('',*,*,#4947,.T.);
#6798=ORIENTED_EDGE('',*,*,#4948,.T.);
#6799=ORIENTED_EDGE('',*,*,#4942,.F.);
#6800=ORIENTED_EDGE('',*,*,#4949,.T.);
#6801=ORIENTED_EDGE('',*,*,#4950,.F.);
#6802=ORIENTED_EDGE('',*,*,#3926,.F.);
#6803=ORIENTED_EDGE('',*,*,#3931,.F.);
#6804=ORIENTED_EDGE('',*,*,#4902,.F.);
#6805=ORIENTED_EDGE('',*,*,#4951,.F.);
#6806=ORIENTED_EDGE('',*,*,#4952,.F.);
#6807=ORIENTED_EDGE('',*,*,#4953,.F.);
#6808=ORIENTED_EDGE('',*,*,#4954,.F.);
#6809=ORIENTED_EDGE('',*,*,#4955,.F.);
#6810=ORIENTED_EDGE('',*,*,#4052,.F.);
#6811=ORIENTED_EDGE('',*,*,#4045,.F.);
#6812=ORIENTED_EDGE('',*,*,#4041,.F.);
#6813=ORIENTED_EDGE('',*,*,#4047,.F.);
#6814=ORIENTED_EDGE('',*,*,#4054,.F.);
#6815=ORIENTED_EDGE('',*,*,#4956,.F.);
#6816=ORIENTED_EDGE('',*,*,#4957,.F.);
#6817=ORIENTED_EDGE('',*,*,#4958,.F.);
#6818=ORIENTED_EDGE('',*,*,#4959,.F.);
#6819=ORIENTED_EDGE('',*,*,#4796,.F.);
#6820=ORIENTED_EDGE('',*,*,#3942,.F.);
#6821=ORIENTED_EDGE('',*,*,#3946,.F.);
#6822=ORIENTED_EDGE('',*,*,#4960,.F.);
#6823=ORIENTED_EDGE('',*,*,#4961,.F.);
#6824=ORIENTED_EDGE('',*,*,#4962,.T.);
#6825=ORIENTED_EDGE('',*,*,#4918,.F.);
#6826=ORIENTED_EDGE('',*,*,#4963,.T.);
#6827=ORIENTED_EDGE('',*,*,#4964,.T.);
#6828=ORIENTED_EDGE('',*,*,#3933,.F.);
#6829=ORIENTED_EDGE('',*,*,#4965,.F.);
#6830=ORIENTED_EDGE('',*,*,#4966,.F.);
#6831=ORIENTED_EDGE('',*,*,#4103,.F.);
#6832=ORIENTED_EDGE('',*,*,#4967,.F.);
#6833=ORIENTED_EDGE('',*,*,#3948,.F.);
#6834=ORIENTED_EDGE('',*,*,#4968,.F.);
#6835=ORIENTED_EDGE('',*,*,#4969,.F.);
#6836=ORIENTED_EDGE('',*,*,#4970,.F.);
#6837=ORIENTED_EDGE('',*,*,#4971,.F.);
#6838=ORIENTED_EDGE('',*,*,#4972,.F.);
#6839=ORIENTED_EDGE('',*,*,#4964,.F.);
#6840=ORIENTED_EDGE('',*,*,#4973,.F.);
#6841=ORIENTED_EDGE('',*,*,#4974,.T.);
#6842=ORIENTED_EDGE('',*,*,#3934,.T.);
#6843=ORIENTED_EDGE('',*,*,#4975,.F.);
#6844=ORIENTED_EDGE('',*,*,#4947,.F.);
#6845=ORIENTED_EDGE('',*,*,#4976,.F.);
#6846=ORIENTED_EDGE('',*,*,#4977,.T.);
#6847=ORIENTED_EDGE('',*,*,#4917,.F.);
#6848=ORIENTED_EDGE('',*,*,#4978,.T.);
#6849=ORIENTED_EDGE('',*,*,#4973,.T.);
#6850=ORIENTED_EDGE('',*,*,#4963,.F.);
#6851=ORIENTED_EDGE('',*,*,#4943,.F.);
#6852=ORIENTED_EDGE('',*,*,#4948,.F.);
#6853=ORIENTED_EDGE('',*,*,#4975,.T.);
#6854=ORIENTED_EDGE('',*,*,#4979,.T.);
#6855=ORIENTED_EDGE('',*,*,#4980,.F.);
#6856=ORIENTED_EDGE('',*,*,#4981,.F.);
#6857=ORIENTED_EDGE('',*,*,#4933,.F.);
#6858=ORIENTED_EDGE('',*,*,#4982,.T.);
#6859=ORIENTED_EDGE('',*,*,#4983,.F.);
#6860=ORIENTED_EDGE('',*,*,#4982,.F.);
#6861=ORIENTED_EDGE('',*,*,#4932,.F.);
#6862=ORIENTED_EDGE('',*,*,#4984,.T.);
#6863=ORIENTED_EDGE('',*,*,#4985,.F.);
#6864=ORIENTED_EDGE('',*,*,#4984,.F.);
#6865=ORIENTED_EDGE('',*,*,#4931,.F.);
#6866=ORIENTED_EDGE('',*,*,#4986,.F.);
#6867=ORIENTED_EDGE('',*,*,#4987,.F.);
#6868=ORIENTED_EDGE('',*,*,#4988,.F.);
#6869=ORIENTED_EDGE('',*,*,#4921,.F.);
#6870=ORIENTED_EDGE('',*,*,#4989,.T.);
#6871=ORIENTED_EDGE('',*,*,#4990,.F.);
#6872=ORIENTED_EDGE('',*,*,#4989,.F.);
#6873=ORIENTED_EDGE('',*,*,#4920,.F.);
#6874=ORIENTED_EDGE('',*,*,#4991,.T.);
#6875=ORIENTED_EDGE('',*,*,#4992,.F.);
#6876=ORIENTED_EDGE('',*,*,#4991,.F.);
#6877=ORIENTED_EDGE('',*,*,#4919,.F.);
#6878=ORIENTED_EDGE('',*,*,#4962,.F.);
#6879=ORIENTED_EDGE('',*,*,#4993,.F.);
#6880=ORIENTED_EDGE('',*,*,#4994,.F.);
#6881=ORIENTED_EDGE('',*,*,#4937,.F.);
#6882=ORIENTED_EDGE('',*,*,#4995,.T.);
#6883=ORIENTED_EDGE('',*,*,#4996,.F.);
#6884=ORIENTED_EDGE('',*,*,#4995,.F.);
#6885=ORIENTED_EDGE('',*,*,#4936,.F.);
#6886=ORIENTED_EDGE('',*,*,#4997,.T.);
#6887=ORIENTED_EDGE('',*,*,#4998,.F.);
#6888=ORIENTED_EDGE('',*,*,#4997,.F.);
#6889=ORIENTED_EDGE('',*,*,#4935,.F.);
#6890=ORIENTED_EDGE('',*,*,#4999,.F.);
#6891=ORIENTED_EDGE('',*,*,#5000,.F.);
#6892=ORIENTED_EDGE('',*,*,#5001,.F.);
#6893=ORIENTED_EDGE('',*,*,#4927,.F.);
#6894=ORIENTED_EDGE('',*,*,#5002,.F.);
#6895=ORIENTED_EDGE('',*,*,#5003,.F.);
#6896=ORIENTED_EDGE('',*,*,#5004,.F.);
#6897=ORIENTED_EDGE('',*,*,#4929,.F.);
#6898=ORIENTED_EDGE('',*,*,#5005,.T.);
#6899=ORIENTED_EDGE('',*,*,#5006,.F.);
#6900=ORIENTED_EDGE('',*,*,#5005,.F.);
#6901=ORIENTED_EDGE('',*,*,#4928,.F.);
#6902=ORIENTED_EDGE('',*,*,#5001,.T.);
#6903=ORIENTED_EDGE('',*,*,#5007,.F.);
#6904=ORIENTED_EDGE('',*,*,#5008,.F.);
#6905=ORIENTED_EDGE('',*,*,#4925,.F.);
#6906=ORIENTED_EDGE('',*,*,#5009,.T.);
#6907=ORIENTED_EDGE('',*,*,#5010,.F.);
#6908=ORIENTED_EDGE('',*,*,#5009,.F.);
#6909=ORIENTED_EDGE('',*,*,#4924,.F.);
#6910=ORIENTED_EDGE('',*,*,#5011,.T.);
#6911=ORIENTED_EDGE('',*,*,#5012,.F.);
#6912=ORIENTED_EDGE('',*,*,#5011,.F.);
#6913=ORIENTED_EDGE('',*,*,#4923,.F.);
#6914=ORIENTED_EDGE('',*,*,#5013,.F.);
#6915=ORIENTED_EDGE('',*,*,#5014,.F.);
#6916=ORIENTED_EDGE('',*,*,#4949,.F.);
#6917=ORIENTED_EDGE('',*,*,#4941,.F.);
#6918=ORIENTED_EDGE('',*,*,#5015,.T.);
#6919=ORIENTED_EDGE('',*,*,#5016,.F.);
#6920=ORIENTED_EDGE('',*,*,#5015,.F.);
#6921=ORIENTED_EDGE('',*,*,#4940,.F.);
#6922=ORIENTED_EDGE('',*,*,#5017,.T.);
#6923=ORIENTED_EDGE('',*,*,#5018,.F.);
#6924=ORIENTED_EDGE('',*,*,#5017,.F.);
#6925=ORIENTED_EDGE('',*,*,#4939,.F.);
#6926=ORIENTED_EDGE('',*,*,#5019,.F.);
#6927=ORIENTED_EDGE('',*,*,#4980,.T.);
#6928=ORIENTED_EDGE('',*,*,#4983,.T.);
#6929=ORIENTED_EDGE('',*,*,#4985,.T.);
#6930=ORIENTED_EDGE('',*,*,#5020,.T.);
#6931=ORIENTED_EDGE('',*,*,#5003,.T.);
#6932=ORIENTED_EDGE('',*,*,#5006,.T.);
#6933=ORIENTED_EDGE('',*,*,#5000,.T.);
#6934=ORIENTED_EDGE('',*,*,#5021,.T.);
#6935=ORIENTED_EDGE('',*,*,#5007,.T.);
#6936=ORIENTED_EDGE('',*,*,#5010,.T.);
#6937=ORIENTED_EDGE('',*,*,#5012,.T.);
#6938=ORIENTED_EDGE('',*,*,#5022,.T.);
#6939=ORIENTED_EDGE('',*,*,#4987,.T.);
#6940=ORIENTED_EDGE('',*,*,#4990,.T.);
#6941=ORIENTED_EDGE('',*,*,#4992,.T.);
#6942=ORIENTED_EDGE('',*,*,#4961,.T.);
#6943=ORIENTED_EDGE('',*,*,#5023,.F.);
#6944=ORIENTED_EDGE('',*,*,#4219,.F.);
#6945=ORIENTED_EDGE('',*,*,#3927,.T.);
#6946=ORIENTED_EDGE('',*,*,#4950,.T.);
#6947=ORIENTED_EDGE('',*,*,#5014,.T.);
#6948=ORIENTED_EDGE('',*,*,#5016,.T.);
#6949=ORIENTED_EDGE('',*,*,#5018,.T.);
#6950=ORIENTED_EDGE('',*,*,#5024,.T.);
#6951=ORIENTED_EDGE('',*,*,#4993,.T.);
#6952=ORIENTED_EDGE('',*,*,#4996,.T.);
#6953=ORIENTED_EDGE('',*,*,#4998,.T.);
#6954=ORIENTED_EDGE('',*,*,#5025,.T.);
#6955=ORIENTED_EDGE('',*,*,#4270,.T.);
#6956=ORIENTED_EDGE('',*,*,#4274,.T.);
#6957=ORIENTED_EDGE('',*,*,#4277,.T.);
#6958=ORIENTED_EDGE('',*,*,#4280,.T.);
#6959=ORIENTED_EDGE('',*,*,#4283,.T.);
#6960=ORIENTED_EDGE('',*,*,#4286,.T.);
#6961=ORIENTED_EDGE('',*,*,#4289,.T.);
#6962=ORIENTED_EDGE('',*,*,#4291,.T.);
#6963=ORIENTED_EDGE('',*,*,#4294,.T.);
#6964=ORIENTED_EDGE('',*,*,#4298,.T.);
#6965=ORIENTED_EDGE('',*,*,#4301,.T.);
#6966=ORIENTED_EDGE('',*,*,#4304,.T.);
#6967=ORIENTED_EDGE('',*,*,#4307,.T.);
#6968=ORIENTED_EDGE('',*,*,#4310,.T.);
#6969=ORIENTED_EDGE('',*,*,#4313,.T.);
#6970=ORIENTED_EDGE('',*,*,#4315,.T.);
#6971=ORIENTED_EDGE('',*,*,#4318,.T.);
#6972=ORIENTED_EDGE('',*,*,#4322,.T.);
#6973=ORIENTED_EDGE('',*,*,#4325,.T.);
#6974=ORIENTED_EDGE('',*,*,#4328,.T.);
#6975=ORIENTED_EDGE('',*,*,#4331,.T.);
#6976=ORIENTED_EDGE('',*,*,#4334,.T.);
#6977=ORIENTED_EDGE('',*,*,#4337,.T.);
#6978=ORIENTED_EDGE('',*,*,#4339,.T.);
#6979=ORIENTED_EDGE('',*,*,#4342,.T.);
#6980=ORIENTED_EDGE('',*,*,#4346,.T.);
#6981=ORIENTED_EDGE('',*,*,#4349,.T.);
#6982=ORIENTED_EDGE('',*,*,#4352,.T.);
#6983=ORIENTED_EDGE('',*,*,#4355,.T.);
#6984=ORIENTED_EDGE('',*,*,#4358,.T.);
#6985=ORIENTED_EDGE('',*,*,#4361,.T.);
#6986=ORIENTED_EDGE('',*,*,#4363,.T.);
#6987=ORIENTED_EDGE('',*,*,#4366,.T.);
#6988=ORIENTED_EDGE('',*,*,#4370,.T.);
#6989=ORIENTED_EDGE('',*,*,#4373,.T.);
#6990=ORIENTED_EDGE('',*,*,#4376,.T.);
#6991=ORIENTED_EDGE('',*,*,#4379,.T.);
#6992=ORIENTED_EDGE('',*,*,#4382,.T.);
#6993=ORIENTED_EDGE('',*,*,#4385,.T.);
#6994=ORIENTED_EDGE('',*,*,#4387,.T.);
#6995=ORIENTED_EDGE('',*,*,#4390,.T.);
#6996=ORIENTED_EDGE('',*,*,#4394,.T.);
#6997=ORIENTED_EDGE('',*,*,#4397,.T.);
#6998=ORIENTED_EDGE('',*,*,#4400,.T.);
#6999=ORIENTED_EDGE('',*,*,#4403,.T.);
#7000=ORIENTED_EDGE('',*,*,#4406,.T.);
#7001=ORIENTED_EDGE('',*,*,#4409,.T.);
#7002=ORIENTED_EDGE('',*,*,#4411,.T.);
#7003=ORIENTED_EDGE('',*,*,#4414,.T.);
#7004=ORIENTED_EDGE('',*,*,#4418,.T.);
#7005=ORIENTED_EDGE('',*,*,#4421,.T.);
#7006=ORIENTED_EDGE('',*,*,#4424,.T.);
#7007=ORIENTED_EDGE('',*,*,#4427,.T.);
#7008=ORIENTED_EDGE('',*,*,#4430,.T.);
#7009=ORIENTED_EDGE('',*,*,#4433,.T.);
#7010=ORIENTED_EDGE('',*,*,#4435,.T.);
#7011=ORIENTED_EDGE('',*,*,#4438,.T.);
#7012=ORIENTED_EDGE('',*,*,#4442,.T.);
#7013=ORIENTED_EDGE('',*,*,#4445,.T.);
#7014=ORIENTED_EDGE('',*,*,#4448,.T.);
#7015=ORIENTED_EDGE('',*,*,#4451,.T.);
#7016=ORIENTED_EDGE('',*,*,#4454,.T.);
#7017=ORIENTED_EDGE('',*,*,#4457,.T.);
#7018=ORIENTED_EDGE('',*,*,#4459,.T.);
#7019=ORIENTED_EDGE('',*,*,#5002,.T.);
#7020=ORIENTED_EDGE('',*,*,#4926,.F.);
#7021=ORIENTED_EDGE('',*,*,#5008,.T.);
#7022=ORIENTED_EDGE('',*,*,#5021,.F.);
#7023=ORIENTED_EDGE('',*,*,#4994,.T.);
#7024=ORIENTED_EDGE('',*,*,#5024,.F.);
#7025=ORIENTED_EDGE('',*,*,#5019,.T.);
#7026=ORIENTED_EDGE('',*,*,#4938,.F.);
#7027=ORIENTED_EDGE('',*,*,#4988,.T.);
#7028=ORIENTED_EDGE('',*,*,#5022,.F.);
#7029=ORIENTED_EDGE('',*,*,#5013,.T.);
#7030=ORIENTED_EDGE('',*,*,#4922,.F.);
#7031=ORIENTED_EDGE('',*,*,#4986,.T.);
#7032=ORIENTED_EDGE('',*,*,#4930,.F.);
#7033=ORIENTED_EDGE('',*,*,#5004,.T.);
#7034=ORIENTED_EDGE('',*,*,#5020,.F.);
#7035=ORIENTED_EDGE('',*,*,#5026,.T.);
#7036=ORIENTED_EDGE('',*,*,#3951,.F.);
#7037=ORIENTED_EDGE('',*,*,#5027,.T.);
#7038=ORIENTED_EDGE('',*,*,#5028,.T.);
#7039=ORIENTED_EDGE('',*,*,#5029,.T.);
#7040=ORIENTED_EDGE('',*,*,#5030,.F.);
#7041=ORIENTED_EDGE('',*,*,#5031,.T.);
#7042=ORIENTED_EDGE('',*,*,#5032,.T.);
#7043=ORIENTED_EDGE('',*,*,#5033,.T.);
#7044=ORIENTED_EDGE('',*,*,#5034,.F.);
#7045=ORIENTED_EDGE('',*,*,#5035,.F.);
#7046=ORIENTED_EDGE('',*,*,#5036,.T.);
#7047=ORIENTED_EDGE('',*,*,#3953,.F.);
#7048=ORIENTED_EDGE('',*,*,#5037,.T.);
#7049=ORIENTED_EDGE('',*,*,#4899,.T.);
#7050=ORIENTED_EDGE('',*,*,#4898,.T.);
#7051=ORIENTED_EDGE('',*,*,#5038,.F.);
#7052=ORIENTED_EDGE('',*,*,#5039,.T.);
#7053=ORIENTED_EDGE('',*,*,#3939,.T.);
#7054=ORIENTED_EDGE('',*,*,#5040,.T.);
#7055=ORIENTED_EDGE('',*,*,#5041,.F.);
#7056=ORIENTED_EDGE('',*,*,#5042,.F.);
#7057=ORIENTED_EDGE('',*,*,#4958,.T.);
#7058=ORIENTED_EDGE('',*,*,#5043,.F.);
#7059=ORIENTED_EDGE('',*,*,#4225,.F.);
#7060=ORIENTED_EDGE('',*,*,#5044,.T.);
#7061=ORIENTED_EDGE('',*,*,#4957,.T.);
#7062=ORIENTED_EDGE('',*,*,#5045,.F.);
#7063=ORIENTED_EDGE('',*,*,#4226,.F.);
#7064=ORIENTED_EDGE('',*,*,#5043,.T.);
#7065=ORIENTED_EDGE('',*,*,#4058,.F.);
#7066=ORIENTED_EDGE('',*,*,#4955,.T.);
#7067=ORIENTED_EDGE('',*,*,#5046,.F.);
#7068=ORIENTED_EDGE('',*,*,#4227,.F.);
#7069=ORIENTED_EDGE('',*,*,#5045,.T.);
#7070=ORIENTED_EDGE('',*,*,#4956,.T.);
#7071=ORIENTED_EDGE('',*,*,#4060,.F.);
#7072=ORIENTED_EDGE('',*,*,#4066,.F.);
#7073=ORIENTED_EDGE('',*,*,#4072,.F.);
#7074=ORIENTED_EDGE('',*,*,#4075,.F.);
#7075=ORIENTED_EDGE('',*,*,#4070,.F.);
#7076=ORIENTED_EDGE('',*,*,#4064,.F.);
#7077=ORIENTED_EDGE('',*,*,#4469,.T.);
#7078=ORIENTED_EDGE('',*,*,#4475,.T.);
#7079=ORIENTED_EDGE('',*,*,#4473,.T.);
#7080=ORIENTED_EDGE('',*,*,#4471,.T.);
#7081=ORIENTED_EDGE('',*,*,#4460,.T.);
#7082=ORIENTED_EDGE('',*,*,#4463,.T.);
#7083=ORIENTED_EDGE('',*,*,#4465,.T.);
#7084=ORIENTED_EDGE('',*,*,#4467,.T.);
#7085=ORIENTED_EDGE('',*,*,#4485,.T.);
#7086=ORIENTED_EDGE('',*,*,#4491,.T.);
#7087=ORIENTED_EDGE('',*,*,#4489,.T.);
#7088=ORIENTED_EDGE('',*,*,#4487,.T.);
#7089=ORIENTED_EDGE('',*,*,#4476,.T.);
#7090=ORIENTED_EDGE('',*,*,#4479,.T.);
#7091=ORIENTED_EDGE('',*,*,#4481,.T.);
#7092=ORIENTED_EDGE('',*,*,#4483,.T.);
#7093=ORIENTED_EDGE('',*,*,#4501,.T.);
#7094=ORIENTED_EDGE('',*,*,#4507,.T.);
#7095=ORIENTED_EDGE('',*,*,#4505,.T.);
#7096=ORIENTED_EDGE('',*,*,#4503,.T.);
#7097=ORIENTED_EDGE('',*,*,#4492,.T.);
#7098=ORIENTED_EDGE('',*,*,#4495,.T.);
#7099=ORIENTED_EDGE('',*,*,#4497,.T.);
#7100=ORIENTED_EDGE('',*,*,#4499,.T.);
#7101=ORIENTED_EDGE('',*,*,#4517,.T.);
#7102=ORIENTED_EDGE('',*,*,#4523,.T.);
#7103=ORIENTED_EDGE('',*,*,#4521,.T.);
#7104=ORIENTED_EDGE('',*,*,#4519,.T.);
#7105=ORIENTED_EDGE('',*,*,#4508,.T.);
#7106=ORIENTED_EDGE('',*,*,#4511,.T.);
#7107=ORIENTED_EDGE('',*,*,#4513,.T.);
#7108=ORIENTED_EDGE('',*,*,#4515,.T.);
#7109=ORIENTED_EDGE('',*,*,#4533,.T.);
#7110=ORIENTED_EDGE('',*,*,#4539,.T.);
#7111=ORIENTED_EDGE('',*,*,#4537,.T.);
#7112=ORIENTED_EDGE('',*,*,#4535,.T.);
#7113=ORIENTED_EDGE('',*,*,#4524,.T.);
#7114=ORIENTED_EDGE('',*,*,#4527,.T.);
#7115=ORIENTED_EDGE('',*,*,#4529,.T.);
#7116=ORIENTED_EDGE('',*,*,#4531,.T.);
#7117=ORIENTED_EDGE('',*,*,#4549,.T.);
#7118=ORIENTED_EDGE('',*,*,#4555,.T.);
#7119=ORIENTED_EDGE('',*,*,#4553,.T.);
#7120=ORIENTED_EDGE('',*,*,#4551,.T.);
#7121=ORIENTED_EDGE('',*,*,#4540,.T.);
#7122=ORIENTED_EDGE('',*,*,#4543,.T.);
#7123=ORIENTED_EDGE('',*,*,#4545,.T.);
#7124=ORIENTED_EDGE('',*,*,#4547,.T.);
#7125=ORIENTED_EDGE('',*,*,#4565,.T.);
#7126=ORIENTED_EDGE('',*,*,#4571,.T.);
#7127=ORIENTED_EDGE('',*,*,#4569,.T.);
#7128=ORIENTED_EDGE('',*,*,#4567,.T.);
#7129=ORIENTED_EDGE('',*,*,#4556,.T.);
#7130=ORIENTED_EDGE('',*,*,#4559,.T.);
#7131=ORIENTED_EDGE('',*,*,#4561,.T.);
#7132=ORIENTED_EDGE('',*,*,#4563,.T.);
#7133=ORIENTED_EDGE('',*,*,#4581,.T.);
#7134=ORIENTED_EDGE('',*,*,#4587,.T.);
#7135=ORIENTED_EDGE('',*,*,#4585,.T.);
#7136=ORIENTED_EDGE('',*,*,#4583,.T.);
#7137=ORIENTED_EDGE('',*,*,#4572,.T.);
#7138=ORIENTED_EDGE('',*,*,#4575,.T.);
#7139=ORIENTED_EDGE('',*,*,#4577,.T.);
#7140=ORIENTED_EDGE('',*,*,#4579,.T.);
#7141=ORIENTED_EDGE('',*,*,#4597,.T.);
#7142=ORIENTED_EDGE('',*,*,#4603,.T.);
#7143=ORIENTED_EDGE('',*,*,#4601,.T.);
#7144=ORIENTED_EDGE('',*,*,#4599,.T.);
#7145=ORIENTED_EDGE('',*,*,#4588,.T.);
#7146=ORIENTED_EDGE('',*,*,#4591,.T.);
#7147=ORIENTED_EDGE('',*,*,#4593,.T.);
#7148=ORIENTED_EDGE('',*,*,#4595,.T.);
#7149=ORIENTED_EDGE('',*,*,#4613,.T.);
#7150=ORIENTED_EDGE('',*,*,#4619,.T.);
#7151=ORIENTED_EDGE('',*,*,#4617,.T.);
#7152=ORIENTED_EDGE('',*,*,#4615,.T.);
#7153=ORIENTED_EDGE('',*,*,#4604,.T.);
#7154=ORIENTED_EDGE('',*,*,#4607,.T.);
#7155=ORIENTED_EDGE('',*,*,#4609,.T.);
#7156=ORIENTED_EDGE('',*,*,#4611,.T.);
#7157=ORIENTED_EDGE('',*,*,#4629,.T.);
#7158=ORIENTED_EDGE('',*,*,#4635,.T.);
#7159=ORIENTED_EDGE('',*,*,#4633,.T.);
#7160=ORIENTED_EDGE('',*,*,#4631,.T.);
#7161=ORIENTED_EDGE('',*,*,#4620,.T.);
#7162=ORIENTED_EDGE('',*,*,#4623,.T.);
#7163=ORIENTED_EDGE('',*,*,#4625,.T.);
#7164=ORIENTED_EDGE('',*,*,#4627,.T.);
#7165=ORIENTED_EDGE('',*,*,#4645,.T.);
#7166=ORIENTED_EDGE('',*,*,#4651,.T.);
#7167=ORIENTED_EDGE('',*,*,#4649,.T.);
#7168=ORIENTED_EDGE('',*,*,#4647,.T.);
#7169=ORIENTED_EDGE('',*,*,#4636,.T.);
#7170=ORIENTED_EDGE('',*,*,#4639,.T.);
#7171=ORIENTED_EDGE('',*,*,#4641,.T.);
#7172=ORIENTED_EDGE('',*,*,#4643,.T.);
#7173=ORIENTED_EDGE('',*,*,#4954,.T.);
#7174=ORIENTED_EDGE('',*,*,#5047,.F.);
#7175=ORIENTED_EDGE('',*,*,#4228,.F.);
#7176=ORIENTED_EDGE('',*,*,#5046,.T.);
#7177=ORIENTED_EDGE('',*,*,#4953,.T.);
#7178=ORIENTED_EDGE('',*,*,#5048,.F.);
#7179=ORIENTED_EDGE('',*,*,#4229,.F.);
#7180=ORIENTED_EDGE('',*,*,#5047,.T.);
#7181=ORIENTED_EDGE('',*,*,#4952,.T.);
#7182=ORIENTED_EDGE('',*,*,#5049,.F.);
#7183=ORIENTED_EDGE('',*,*,#5029,.F.);
#7184=ORIENTED_EDGE('',*,*,#5028,.F.);
#7185=ORIENTED_EDGE('',*,*,#5048,.T.);
#7186=ORIENTED_EDGE('',*,*,#4814,.T.);
#7187=ORIENTED_EDGE('',*,*,#4900,.F.);
#7188=ORIENTED_EDGE('',*,*,#4232,.F.);
#7189=ORIENTED_EDGE('',*,*,#5049,.T.);
#7190=ORIENTED_EDGE('',*,*,#4951,.T.);
#7191=ORIENTED_EDGE('',*,*,#4901,.F.);
#7192=ORIENTED_EDGE('',*,*,#4821,.T.);
#7193=ORIENTED_EDGE('',*,*,#4822,.T.);
#7194=ORIENTED_EDGE('',*,*,#4824,.T.);
#7195=ORIENTED_EDGE('',*,*,#4826,.T.);
#7196=ORIENTED_EDGE('',*,*,#4828,.T.);
#7197=ORIENTED_EDGE('',*,*,#4830,.T.);
#7198=ORIENTED_EDGE('',*,*,#4832,.T.);
#7199=ORIENTED_EDGE('',*,*,#4807,.T.);
#7200=ORIENTED_EDGE('',*,*,#4809,.T.);
#7201=ORIENTED_EDGE('',*,*,#4811,.T.);
#7202=ORIENTED_EDGE('',*,*,#4813,.T.);
#7203=ORIENTED_EDGE('',*,*,#4798,.T.);
#7204=ORIENTED_EDGE('',*,*,#4801,.T.);
#7205=ORIENTED_EDGE('',*,*,#4803,.T.);
#7206=ORIENTED_EDGE('',*,*,#4805,.T.);
#7207=ORIENTED_EDGE('',*,*,#4842,.T.);
#7208=ORIENTED_EDGE('',*,*,#4844,.T.);
#7209=ORIENTED_EDGE('',*,*,#4846,.T.);
#7210=ORIENTED_EDGE('',*,*,#4848,.T.);
#7211=ORIENTED_EDGE('',*,*,#4833,.T.);
#7212=ORIENTED_EDGE('',*,*,#4836,.T.);
#7213=ORIENTED_EDGE('',*,*,#4838,.T.);
#7214=ORIENTED_EDGE('',*,*,#4840,.T.);
#7215=ORIENTED_EDGE('',*,*,#4858,.T.);
#7216=ORIENTED_EDGE('',*,*,#4860,.T.);
#7217=ORIENTED_EDGE('',*,*,#4862,.T.);
#7218=ORIENTED_EDGE('',*,*,#4864,.T.);
#7219=ORIENTED_EDGE('',*,*,#4849,.T.);
#7220=ORIENTED_EDGE('',*,*,#4852,.T.);
#7221=ORIENTED_EDGE('',*,*,#4854,.T.);
#7222=ORIENTED_EDGE('',*,*,#4856,.T.);
#7223=ORIENTED_EDGE('',*,*,#4874,.T.);
#7224=ORIENTED_EDGE('',*,*,#4876,.T.);
#7225=ORIENTED_EDGE('',*,*,#4878,.T.);
#7226=ORIENTED_EDGE('',*,*,#4880,.T.);
#7227=ORIENTED_EDGE('',*,*,#4865,.T.);
#7228=ORIENTED_EDGE('',*,*,#4868,.T.);
#7229=ORIENTED_EDGE('',*,*,#4870,.T.);
#7230=ORIENTED_EDGE('',*,*,#4872,.T.);
#7231=ORIENTED_EDGE('',*,*,#4890,.T.);
#7232=ORIENTED_EDGE('',*,*,#4892,.T.);
#7233=ORIENTED_EDGE('',*,*,#4894,.T.);
#7234=ORIENTED_EDGE('',*,*,#4896,.T.);
#7235=ORIENTED_EDGE('',*,*,#4881,.T.);
#7236=ORIENTED_EDGE('',*,*,#4884,.T.);
#7237=ORIENTED_EDGE('',*,*,#4886,.T.);
#7238=ORIENTED_EDGE('',*,*,#4888,.T.);
#7239=ORIENTED_EDGE('',*,*,#4966,.T.);
#7240=ORIENTED_EDGE('',*,*,#5050,.F.);
#7241=ORIENTED_EDGE('',*,*,#5051,.F.);
#7242=ORIENTED_EDGE('',*,*,#4104,.T.);
#7243=ORIENTED_EDGE('',*,*,#3908,.T.);
#7244=ORIENTED_EDGE('',*,*,#3936,.F.);
#7245=ORIENTED_EDGE('',*,*,#5052,.F.);
#7246=ORIENTED_EDGE('',*,*,#5041,.T.);
#7247=ORIENTED_EDGE('',*,*,#5053,.F.);
#7248=ORIENTED_EDGE('',*,*,#5034,.T.);
#7249=ORIENTED_EDGE('',*,*,#5054,.F.);
#7250=ORIENTED_EDGE('',*,*,#5050,.T.);
#7251=ORIENTED_EDGE('',*,*,#4965,.T.);
#7252=ORIENTED_EDGE('',*,*,#3932,.F.);
#7253=ORIENTED_EDGE('',*,*,#4665,.T.);
#7254=ORIENTED_EDGE('',*,*,#4674,.T.);
#7255=ORIENTED_EDGE('',*,*,#4671,.T.);
#7256=ORIENTED_EDGE('',*,*,#4668,.T.);
#7257=ORIENTED_EDGE('',*,*,#4652,.T.);
#7258=ORIENTED_EDGE('',*,*,#4656,.T.);
#7259=ORIENTED_EDGE('',*,*,#4659,.T.);
#7260=ORIENTED_EDGE('',*,*,#4662,.T.);
#7261=ORIENTED_EDGE('',*,*,#4689,.T.);
#7262=ORIENTED_EDGE('',*,*,#4698,.T.);
#7263=ORIENTED_EDGE('',*,*,#4695,.T.);
#7264=ORIENTED_EDGE('',*,*,#4692,.T.);
#7265=ORIENTED_EDGE('',*,*,#4676,.T.);
#7266=ORIENTED_EDGE('',*,*,#4680,.T.);
#7267=ORIENTED_EDGE('',*,*,#4683,.T.);
#7268=ORIENTED_EDGE('',*,*,#4686,.T.);
#7269=ORIENTED_EDGE('',*,*,#4713,.T.);
#7270=ORIENTED_EDGE('',*,*,#4722,.T.);
#7271=ORIENTED_EDGE('',*,*,#4719,.T.);
#7272=ORIENTED_EDGE('',*,*,#4716,.T.);
#7273=ORIENTED_EDGE('',*,*,#4700,.T.);
#7274=ORIENTED_EDGE('',*,*,#4704,.T.);
#7275=ORIENTED_EDGE('',*,*,#4707,.T.);
#7276=ORIENTED_EDGE('',*,*,#4710,.T.);
#7277=ORIENTED_EDGE('',*,*,#4737,.T.);
#7278=ORIENTED_EDGE('',*,*,#4746,.T.);
#7279=ORIENTED_EDGE('',*,*,#4743,.T.);
#7280=ORIENTED_EDGE('',*,*,#4740,.T.);
#7281=ORIENTED_EDGE('',*,*,#4724,.T.);
#7282=ORIENTED_EDGE('',*,*,#4728,.T.);
#7283=ORIENTED_EDGE('',*,*,#4731,.T.);
#7284=ORIENTED_EDGE('',*,*,#4734,.T.);
#7285=ORIENTED_EDGE('',*,*,#4761,.T.);
#7286=ORIENTED_EDGE('',*,*,#4770,.T.);
#7287=ORIENTED_EDGE('',*,*,#4767,.T.);
#7288=ORIENTED_EDGE('',*,*,#4764,.T.);
#7289=ORIENTED_EDGE('',*,*,#4748,.T.);
#7290=ORIENTED_EDGE('',*,*,#4752,.T.);
#7291=ORIENTED_EDGE('',*,*,#4755,.T.);
#7292=ORIENTED_EDGE('',*,*,#4758,.T.);
#7293=ORIENTED_EDGE('',*,*,#4785,.T.);
#7294=ORIENTED_EDGE('',*,*,#4794,.T.);
#7295=ORIENTED_EDGE('',*,*,#4791,.T.);
#7296=ORIENTED_EDGE('',*,*,#4788,.T.);
#7297=ORIENTED_EDGE('',*,*,#4772,.T.);
#7298=ORIENTED_EDGE('',*,*,#4776,.T.);
#7299=ORIENTED_EDGE('',*,*,#4779,.T.);
#7300=ORIENTED_EDGE('',*,*,#4782,.T.);
#7301=ORIENTED_EDGE('',*,*,#3924,.T.);
#7302=ORIENTED_EDGE('',*,*,#3929,.F.);
#7303=ORIENTED_EDGE('',*,*,#4235,.F.);
#7304=ORIENTED_EDGE('',*,*,#4897,.T.);
#7305=ORIENTED_EDGE('',*,*,#3911,.T.);
#7306=ORIENTED_EDGE('',*,*,#3914,.T.);
#7307=ORIENTED_EDGE('',*,*,#5055,.F.);
#7308=ORIENTED_EDGE('',*,*,#4220,.F.);
#7309=ORIENTED_EDGE('',*,*,#5023,.T.);
#7310=ORIENTED_EDGE('',*,*,#4960,.T.);
#7311=ORIENTED_EDGE('',*,*,#3945,.F.);
#7312=ORIENTED_EDGE('',*,*,#3913,.T.);
#7313=ORIENTED_EDGE('',*,*,#3940,.F.);
#7314=ORIENTED_EDGE('',*,*,#4221,.F.);
#7315=ORIENTED_EDGE('',*,*,#5055,.T.);
#7316=ORIENTED_EDGE('',*,*,#4959,.T.);
#7317=ORIENTED_EDGE('',*,*,#5044,.F.);
#7318=ORIENTED_EDGE('',*,*,#5032,.F.);
#7319=ORIENTED_EDGE('',*,*,#4797,.T.);
#7320=ORIENTED_EDGE('',*,*,#4969,.T.);
#7321=ORIENTED_EDGE('',*,*,#5056,.T.);
#7322=ORIENTED_EDGE('',*,*,#5030,.T.);
#7323=ORIENTED_EDGE('',*,*,#5056,.F.);
#7324=ORIENTED_EDGE('',*,*,#4970,.T.);
#7325=ORIENTED_EDGE('',*,*,#5057,.T.);
#7326=ORIENTED_EDGE('',*,*,#5035,.T.);
#7327=ORIENTED_EDGE('',*,*,#5057,.F.);
#7328=ORIENTED_EDGE('',*,*,#4971,.T.);
#7329=ORIENTED_EDGE('',*,*,#5058,.T.);
#7330=ORIENTED_EDGE('',*,*,#5042,.T.);
#7331=ORIENTED_EDGE('',*,*,#5058,.F.);
#7332=ORIENTED_EDGE('',*,*,#4972,.T.);
#7333=ORIENTED_EDGE('',*,*,#5059,.T.);
#7334=ORIENTED_EDGE('',*,*,#5038,.T.);
#7335=ORIENTED_EDGE('',*,*,#5059,.F.);
#7336=ORIENTED_EDGE('',*,*,#3920,.T.);
#7337=ORIENTED_EDGE('',*,*,#3922,.T.);
#7338=ORIENTED_EDGE('',*,*,#3955,.F.);
#7339=ORIENTED_EDGE('',*,*,#5060,.F.);
#7340=ORIENTED_EDGE('',*,*,#4976,.T.);
#7341=ORIENTED_EDGE('',*,*,#4968,.T.);
#7342=ORIENTED_EDGE('',*,*,#3947,.F.);
#7343=ORIENTED_EDGE('',*,*,#4967,.T.);
#7344=ORIENTED_EDGE('',*,*,#4106,.F.);
#7345=ORIENTED_EDGE('',*,*,#5061,.F.);
#7346=ORIENTED_EDGE('',*,*,#3949,.T.);
#7347=ORIENTED_EDGE('',*,*,#4981,.T.);
#7348=ORIENTED_EDGE('',*,*,#5025,.F.);
#7349=ORIENTED_EDGE('',*,*,#4999,.T.);
#7350=ORIENTED_EDGE('',*,*,#4934,.F.);
#7351=ORIENTED_EDGE('',*,*,#5060,.T.);
#7352=ORIENTED_EDGE('',*,*,#3954,.T.);
#7353=ORIENTED_EDGE('',*,*,#5062,.T.);
#7354=ORIENTED_EDGE('',*,*,#3952,.T.);
#7355=ORIENTED_EDGE('',*,*,#5063,.T.);
#7356=ORIENTED_EDGE('',*,*,#3950,.T.);
#7357=ORIENTED_EDGE('',*,*,#5061,.T.);
#7358=ORIENTED_EDGE('',*,*,#4105,.T.);
#7359=ORIENTED_EDGE('',*,*,#5051,.T.);
#7360=ORIENTED_EDGE('',*,*,#5054,.T.);
#7361=ORIENTED_EDGE('',*,*,#5064,.T.);
#7362=ORIENTED_EDGE('',*,*,#5065,.T.);
#7363=ORIENTED_EDGE('',*,*,#5053,.T.);
#7364=ORIENTED_EDGE('',*,*,#5066,.T.);
#7365=ORIENTED_EDGE('',*,*,#5067,.T.);
#7366=ORIENTED_EDGE('',*,*,#5052,.T.);
#7367=ORIENTED_EDGE('',*,*,#3935,.T.);
#7368=ORIENTED_EDGE('',*,*,#4974,.F.);
#7369=ORIENTED_EDGE('',*,*,#4978,.F.);
#7370=ORIENTED_EDGE('',*,*,#4916,.F.);
#7371=ORIENTED_EDGE('',*,*,#5068,.T.);
#7372=ORIENTED_EDGE('',*,*,#5069,.T.);
#7373=ORIENTED_EDGE('',*,*,#5070,.T.);
#7374=ORIENTED_EDGE('',*,*,#5071,.T.);
#7375=ORIENTED_EDGE('',*,*,#5072,.T.);
#7376=ORIENTED_EDGE('',*,*,#5073,.T.);
#7377=ORIENTED_EDGE('',*,*,#5074,.T.);
#7378=ORIENTED_EDGE('',*,*,#4944,.F.);
#7379=ORIENTED_EDGE('',*,*,#4979,.F.);
#7380=ORIENTED_EDGE('',*,*,#4977,.F.);
#7381=ORIENTED_EDGE('',*,*,#5070,.F.);
#7382=ORIENTED_EDGE('',*,*,#5075,.F.);
#7383=ORIENTED_EDGE('',*,*,#4008,.F.);
#7384=ORIENTED_EDGE('',*,*,#5076,.T.);
#7385=ORIENTED_EDGE('',*,*,#5069,.F.);
#7386=ORIENTED_EDGE('',*,*,#5077,.F.);
#7387=ORIENTED_EDGE('',*,*,#4009,.T.);
#7388=ORIENTED_EDGE('',*,*,#5075,.T.);
#7389=ORIENTED_EDGE('',*,*,#5068,.F.);
#7390=ORIENTED_EDGE('',*,*,#4946,.F.);
#7391=ORIENTED_EDGE('',*,*,#4010,.F.);
#7392=ORIENTED_EDGE('',*,*,#5077,.T.);
#7393=ORIENTED_EDGE('',*,*,#4233,.F.);
#7394=ORIENTED_EDGE('',*,*,#5037,.F.);
#7395=ORIENTED_EDGE('',*,*,#5062,.F.);
#7396=ORIENTED_EDGE('',*,*,#5036,.F.);
#7397=ORIENTED_EDGE('',*,*,#4234,.F.);
#7398=ORIENTED_EDGE('',*,*,#5078,.T.);
#7399=ORIENTED_EDGE('',*,*,#4015,.T.);
#7400=ORIENTED_EDGE('',*,*,#5078,.F.);
#7401=ORIENTED_EDGE('',*,*,#4230,.F.);
#7402=ORIENTED_EDGE('',*,*,#5027,.F.);
#7403=ORIENTED_EDGE('',*,*,#5063,.F.);
#7404=ORIENTED_EDGE('',*,*,#5026,.F.);
#7405=ORIENTED_EDGE('',*,*,#4231,.F.);
#7406=ORIENTED_EDGE('',*,*,#5079,.T.);
#7407=ORIENTED_EDGE('',*,*,#4014,.T.);
#7408=ORIENTED_EDGE('',*,*,#5079,.F.);
#7409=ORIENTED_EDGE('',*,*,#5064,.F.);
#7410=ORIENTED_EDGE('',*,*,#5033,.F.);
#7411=ORIENTED_EDGE('',*,*,#4224,.F.);
#7412=ORIENTED_EDGE('',*,*,#5031,.F.);
#7413=ORIENTED_EDGE('',*,*,#5065,.F.);
#7414=ORIENTED_EDGE('',*,*,#5080,.T.);
#7415=ORIENTED_EDGE('',*,*,#4013,.T.);
#7416=ORIENTED_EDGE('',*,*,#5080,.F.);
#7417=ORIENTED_EDGE('',*,*,#5066,.F.);
#7418=ORIENTED_EDGE('',*,*,#5040,.F.);
#7419=ORIENTED_EDGE('',*,*,#4222,.F.);
#7420=ORIENTED_EDGE('',*,*,#5039,.F.);
#7421=ORIENTED_EDGE('',*,*,#5067,.F.);
#7422=ORIENTED_EDGE('',*,*,#5081,.T.);
#7423=ORIENTED_EDGE('',*,*,#4012,.T.);
#7424=ORIENTED_EDGE('',*,*,#5081,.F.);
#7425=ORIENTED_EDGE('',*,*,#5074,.F.);
#7426=ORIENTED_EDGE('',*,*,#5082,.F.);
#7427=ORIENTED_EDGE('',*,*,#4004,.F.);
#7428=ORIENTED_EDGE('',*,*,#4945,.T.);
#7429=ORIENTED_EDGE('',*,*,#5073,.F.);
#7430=ORIENTED_EDGE('',*,*,#5083,.F.);
#7431=ORIENTED_EDGE('',*,*,#4005,.T.);
#7432=ORIENTED_EDGE('',*,*,#5082,.T.);
#7433=ORIENTED_EDGE('',*,*,#5072,.F.);
#7434=ORIENTED_EDGE('',*,*,#5084,.F.);
#7435=ORIENTED_EDGE('',*,*,#4006,.F.);
#7436=ORIENTED_EDGE('',*,*,#5083,.T.);
#7437=ORIENTED_EDGE('',*,*,#5071,.F.);
#7438=ORIENTED_EDGE('',*,*,#5076,.F.);
#7439=ORIENTED_EDGE('',*,*,#4007,.T.);
#7440=ORIENTED_EDGE('',*,*,#5084,.T.);
#7441=CYLINDRICAL_SURFACE('',#8029,4.60487122897646);
#7442=CYLINDRICAL_SURFACE('',#8030,4.60487122897646);
#7443=CYLINDRICAL_SURFACE('',#8034,4.60487122897646);
#7444=CYLINDRICAL_SURFACE('',#8038,1.50000000000063);
#7445=CYLINDRICAL_SURFACE('',#8042,3.50000000000065);
#7446=CYLINDRICAL_SURFACE('',#8045,2.49999999999986);
#7447=CYLINDRICAL_SURFACE('',#8099,5.);
#7448=CYLINDRICAL_SURFACE('',#8114,5.);
#7449=CYLINDRICAL_SURFACE('',#8116,5.);
#7450=CYLINDRICAL_SURFACE('',#8126,5.);
#7451=CYLINDRICAL_SURFACE('',#8127,4.);
#7452=CYLINDRICAL_SURFACE('',#8130,4.);
#7453=CYLINDRICAL_SURFACE('',#8137,2.);
#7454=CYLINDRICAL_SURFACE('',#8140,2.);
#7455=CYLINDRICAL_SURFACE('',#8143,2.);
#7456=CYLINDRICAL_SURFACE('',#8145,2.);
#7457=CYLINDRICAL_SURFACE('',#8198,5.);
#7458=CYLINDRICAL_SURFACE('',#8201,5.);
#7459=CYLINDRICAL_SURFACE('',#8230,3.00000000000001);
#7460=CYLINDRICAL_SURFACE('',#8234,3.);
#7461=CYLINDRICAL_SURFACE('',#8238,3.);
#7462=CYLINDRICAL_SURFACE('',#8240,1.5);
#7463=CYLINDRICAL_SURFACE('',#8243,1.5);
#7464=CYLINDRICAL_SURFACE('',#8246,1.5);
#7465=CYLINDRICAL_SURFACE('',#8249,1.);
#7466=CYLINDRICAL_SURFACE('',#8253,0.999999999999988);
#7467=CYLINDRICAL_SURFACE('',#8257,0.999999999999998);
#7468=CYLINDRICAL_SURFACE('',#8261,1.);
#7469=CYLINDRICAL_SURFACE('',#8265,1.);
#7470=CYLINDRICAL_SURFACE('',#8269,0.999999999999988);
#7471=CYLINDRICAL_SURFACE('',#8273,0.999999999999998);
#7472=CYLINDRICAL_SURFACE('',#8277,1.);
#7473=CYLINDRICAL_SURFACE('',#8281,1.);
#7474=CYLINDRICAL_SURFACE('',#8285,0.999999999999988);
#7475=CYLINDRICAL_SURFACE('',#8289,0.999999999999998);
#7476=CYLINDRICAL_SURFACE('',#8293,1.);
#7477=CYLINDRICAL_SURFACE('',#8297,1.);
#7478=CYLINDRICAL_SURFACE('',#8301,0.999999999999988);
#7479=CYLINDRICAL_SURFACE('',#8305,0.999999999999998);
#7480=CYLINDRICAL_SURFACE('',#8309,1.);
#7481=CYLINDRICAL_SURFACE('',#8313,1.);
#7482=CYLINDRICAL_SURFACE('',#8317,0.999999999999988);
#7483=CYLINDRICAL_SURFACE('',#8321,0.999999999999998);
#7484=CYLINDRICAL_SURFACE('',#8325,1.);
#7485=CYLINDRICAL_SURFACE('',#8329,1.);
#7486=CYLINDRICAL_SURFACE('',#8333,0.999999999999988);
#7487=CYLINDRICAL_SURFACE('',#8337,0.999999999999998);
#7488=CYLINDRICAL_SURFACE('',#8341,1.);
#7489=CYLINDRICAL_SURFACE('',#8345,1.);
#7490=CYLINDRICAL_SURFACE('',#8349,0.999999999999988);
#7491=CYLINDRICAL_SURFACE('',#8353,0.999999999999998);
#7492=CYLINDRICAL_SURFACE('',#8357,1.);
#7493=CYLINDRICAL_SURFACE('',#8361,1.);
#7494=CYLINDRICAL_SURFACE('',#8365,0.999999999999988);
#7495=CYLINDRICAL_SURFACE('',#8369,0.999999999999998);
#7496=CYLINDRICAL_SURFACE('',#8373,1.);
#7497=CYLINDRICAL_SURFACE('',#8378,0.999999999999998);
#7498=CYLINDRICAL_SURFACE('',#8381,0.999999999999988);
#7499=CYLINDRICAL_SURFACE('',#8384,1.);
#7500=CYLINDRICAL_SURFACE('',#8387,1.);
#7501=CYLINDRICAL_SURFACE('',#8390,0.999999999999998);
#7502=CYLINDRICAL_SURFACE('',#8393,0.999999999999988);
#7503=CYLINDRICAL_SURFACE('',#8396,1.);
#7504=CYLINDRICAL_SURFACE('',#8399,1.);
#7505=CYLINDRICAL_SURFACE('',#8402,0.999999999999998);
#7506=CYLINDRICAL_SURFACE('',#8405,0.999999999999988);
#7507=CYLINDRICAL_SURFACE('',#8408,1.);
#7508=CYLINDRICAL_SURFACE('',#8411,1.);
#7509=CYLINDRICAL_SURFACE('',#8414,0.999999999999998);
#7510=CYLINDRICAL_SURFACE('',#8417,0.999999999999988);
#7511=CYLINDRICAL_SURFACE('',#8420,1.);
#7512=CYLINDRICAL_SURFACE('',#8423,1.);
#7513=CYLINDRICAL_SURFACE('',#8426,0.999999999999998);
#7514=CYLINDRICAL_SURFACE('',#8429,0.999999999999988);
#7515=CYLINDRICAL_SURFACE('',#8432,1.);
#7516=CYLINDRICAL_SURFACE('',#8435,1.);
#7517=CYLINDRICAL_SURFACE('',#8438,0.999999999999998);
#7518=CYLINDRICAL_SURFACE('',#8441,0.999999999999988);
#7519=CYLINDRICAL_SURFACE('',#8444,1.);
#7520=CYLINDRICAL_SURFACE('',#8447,1.);
#7521=CYLINDRICAL_SURFACE('',#8450,0.999999999999998);
#7522=CYLINDRICAL_SURFACE('',#8453,0.999999999999988);
#7523=CYLINDRICAL_SURFACE('',#8456,1.);
#7524=CYLINDRICAL_SURFACE('',#8459,1.);
#7525=CYLINDRICAL_SURFACE('',#8462,0.999999999999998);
#7526=CYLINDRICAL_SURFACE('',#8465,0.999999999999988);
#7527=CYLINDRICAL_SURFACE('',#8468,1.);
#7528=CYLINDRICAL_SURFACE('',#8471,1.);
#7529=CYLINDRICAL_SURFACE('',#8474,0.999999999999998);
#7530=CYLINDRICAL_SURFACE('',#8477,0.999999999999988);
#7531=CYLINDRICAL_SURFACE('',#8480,1.);
#7532=CYLINDRICAL_SURFACE('',#8483,1.);
#7533=CYLINDRICAL_SURFACE('',#8486,0.999999999999998);
#7534=CYLINDRICAL_SURFACE('',#8489,0.999999999999988);
#7535=CYLINDRICAL_SURFACE('',#8492,1.);
#7536=CYLINDRICAL_SURFACE('',#8495,1.);
#7537=CYLINDRICAL_SURFACE('',#8498,0.999999999999998);
#7538=CYLINDRICAL_SURFACE('',#8501,0.999999999999988);
#7539=CYLINDRICAL_SURFACE('',#8504,1.);
#7540=CYLINDRICAL_SURFACE('',#8507,1.);
#7541=CYLINDRICAL_SURFACE('',#8510,0.999999999999998);
#7542=CYLINDRICAL_SURFACE('',#8513,0.999999999999988);
#7543=CYLINDRICAL_SURFACE('',#8516,1.);
#7544=CYLINDRICAL_SURFACE('',#8519,1.);
#7545=CYLINDRICAL_SURFACE('',#8521,0.999999999999995);
#7546=CYLINDRICAL_SURFACE('',#8525,0.999999999999988);
#7547=CYLINDRICAL_SURFACE('',#8529,1.);
#7548=CYLINDRICAL_SURFACE('',#8533,0.999999999999999);
#7549=CYLINDRICAL_SURFACE('',#8537,0.999999999999991);
#7550=CYLINDRICAL_SURFACE('',#8541,0.999999999999988);
#7551=CYLINDRICAL_SURFACE('',#8545,1.00000000000001);
#7552=CYLINDRICAL_SURFACE('',#8549,0.999999999999999);
#7553=CYLINDRICAL_SURFACE('',#8553,0.999999999999995);
#7554=CYLINDRICAL_SURFACE('',#8557,0.999999999999988);
#7555=CYLINDRICAL_SURFACE('',#8561,1.);
#7556=CYLINDRICAL_SURFACE('',#8565,0.999999999999999);
#7557=CYLINDRICAL_SURFACE('',#8569,0.999999999999995);
#7558=CYLINDRICAL_SURFACE('',#8573,0.999999999999988);
#7559=CYLINDRICAL_SURFACE('',#8577,1.);
#7560=CYLINDRICAL_SURFACE('',#8581,0.999999999999999);
#7561=CYLINDRICAL_SURFACE('',#8585,0.999999999999995);
#7562=CYLINDRICAL_SURFACE('',#8589,0.999999999999988);
#7563=CYLINDRICAL_SURFACE('',#8593,1.);
#7564=CYLINDRICAL_SURFACE('',#8597,0.999999999999999);
#7565=CYLINDRICAL_SURFACE('',#8601,0.999999999999996);
#7566=CYLINDRICAL_SURFACE('',#8605,0.999999999999988);
#7567=CYLINDRICAL_SURFACE('',#8609,1.);
#7568=CYLINDRICAL_SURFACE('',#8613,0.999999999999999);
#7569=CYLINDRICAL_SURFACE('',#8619,0.999999999999988);
#7570=CYLINDRICAL_SURFACE('',#8622,1.);
#7571=CYLINDRICAL_SURFACE('',#8625,0.999999999999999);
#7572=CYLINDRICAL_SURFACE('',#8628,0.999999999999995);
#7573=CYLINDRICAL_SURFACE('',#8632,1.);
#7574=CYLINDRICAL_SURFACE('',#8635,0.999999999999999);
#7575=CYLINDRICAL_SURFACE('',#8638,0.999999999999996);
#7576=CYLINDRICAL_SURFACE('',#8641,0.999999999999988);
#7577=CYLINDRICAL_SURFACE('',#8644,0.999999999999988);
#7578=CYLINDRICAL_SURFACE('',#8647,1.);
#7579=CYLINDRICAL_SURFACE('',#8650,0.999999999999999);
#7580=CYLINDRICAL_SURFACE('',#8653,0.999999999999995);
#7581=CYLINDRICAL_SURFACE('',#8656,0.999999999999988);
#7582=CYLINDRICAL_SURFACE('',#8659,1.);
#7583=CYLINDRICAL_SURFACE('',#8662,0.999999999999999);
#7584=CYLINDRICAL_SURFACE('',#8665,0.999999999999995);
#7585=CYLINDRICAL_SURFACE('',#8668,0.999999999999988);
#7586=CYLINDRICAL_SURFACE('',#8671,1.);
#7587=CYLINDRICAL_SURFACE('',#8674,0.999999999999999);
#7588=CYLINDRICAL_SURFACE('',#8677,0.999999999999995);
#7589=CYLINDRICAL_SURFACE('',#8680,0.999999999999988);
#7590=CYLINDRICAL_SURFACE('',#8683,1.00000000000001);
#7591=CYLINDRICAL_SURFACE('',#8686,0.999999999999999);
#7592=CYLINDRICAL_SURFACE('',#8689,0.999999999999991);
#7593=CYLINDRICAL_SURFACE('',#8691,2.50000000000014);
#7594=CYLINDRICAL_SURFACE('',#8695,0.999999999999996);
#7595=CYLINDRICAL_SURFACE('',#8696,1.);
#7596=CYLINDRICAL_SURFACE('',#8697,0.999999999999996);
#7597=CYLINDRICAL_SURFACE('',#8698,1.);
#7598=CYLINDRICAL_SURFACE('',#8699,2.);
#7599=CYLINDRICAL_SURFACE('',#8701,2.);
#7600=CYLINDRICAL_SURFACE('',#8703,2.);
#7601=CYLINDRICAL_SURFACE('',#8705,5.);
#7602=CYLINDRICAL_SURFACE('',#8706,5.);
#7603=CYLINDRICAL_SURFACE('',#8707,5.);
#7604=CYLINDRICAL_SURFACE('',#8770,1.50000000000063);
#7605=CYLINDRICAL_SURFACE('',#8772,1.50000000000063);
#7606=CYLINDRICAL_SURFACE('',#8774,2.49999999999986);
#7607=CYLINDRICAL_SURFACE('',#8776,3.50000000000051);
#7608=CYLINDRICAL_SURFACE('',#8780,1.50000000000063);
#7609=CYLINDRICAL_SURFACE('',#8782,2.50000000000014);
#7610=CYLINDRICAL_SURFACE('',#8783,1.5);
#7611=CYLINDRICAL_SURFACE('',#8784,1.49999898409598);
#7612=CYLINDRICAL_SURFACE('',#8785,1.50367994300433);
#7613=CYLINDRICAL_SURFACE('',#8786,1.49577481139852);
#7614=CYLINDRICAL_SURFACE('',#8787,3.50000000000051);
#7615=CYLINDRICAL_SURFACE('',#8789,3.50000000000065);
#7616=CYLINDRICAL_SURFACE('',#8803,6.50000000000063);
#7617=CYLINDRICAL_SURFACE('',#8805,6.50000000000063);
#7618=CYLINDRICAL_SURFACE('',#8806,2.50000000000014);
#7619=CYLINDRICAL_SURFACE('',#8807,2.49999999999986);
#7620=CYLINDRICAL_SURFACE('',#8808,2.50000000000014);
#7621=CYLINDRICAL_SURFACE('',#8809,2.49999999999986);
#7622=CYLINDRICAL_SURFACE('',#8810,6.50000000000063);
#7623=CYLINDRICAL_SURFACE('',#8812,6.50000000000063);
#7624=ADVANCED_FACE('',(#2240),#7441,.F.);
#7625=ADVANCED_FACE('',(#2241),#7442,.F.);
#7626=ADVANCED_FACE('',(#2242),#7443,.F.);
#7627=ADVANCED_FACE('',(#2243),#7444,.F.);
#7628=ADVANCED_FACE('',(#2244),#127,.T.);
#7629=ADVANCED_FACE('',(#2245),#7445,.T.);
#7630=ADVANCED_FACE('',(#2246),#7446,.T.);
#7631=ADVANCED_FACE('',(#2247),#128,.T.);
#7632=ADVANCED_FACE('',(#2248,#30,#31,#32,#33,#34,#35),#129,.T.);
#7633=ADVANCED_FACE('',(#2249,#36,#37,#38,#39,#40,#41,#42,#43,#44,#45,#46,
#47),#130,.T.);
#7634=ADVANCED_FACE('',(#2250),#7447,.F.);
#7635=ADVANCED_FACE('',(#2251),#26,.T.);
#7636=ADVANCED_FACE('',(#2252),#27,.T.);
#7637=ADVANCED_FACE('',(#2253),#28,.T.);
#7638=ADVANCED_FACE('',(#2254),#29,.T.);
#7639=ADVANCED_FACE('',(#2255),#22,.F.);
#7640=ADVANCED_FACE('',(#2256),#23,.F.);
#7641=ADVANCED_FACE('',(#2257),#7448,.F.);
#7642=ADVANCED_FACE('',(#2258),#7449,.F.);
#7643=ADVANCED_FACE('',(#2259),#24,.F.);
#7644=ADVANCED_FACE('',(#2260),#25,.F.);
#7645=ADVANCED_FACE('',(#2261),#7450,.F.);
#7646=ADVANCED_FACE('',(#2262),#7451,.T.);
#7647=ADVANCED_FACE('',(#2263),#131,.T.);
#7648=ADVANCED_FACE('',(#2264),#7452,.T.);
#7649=ADVANCED_FACE('',(#2265,#48),#132,.F.);
#7650=ADVANCED_FACE('',(#2266),#7453,.F.);
#7651=ADVANCED_FACE('',(#2267),#133,.F.);
#7652=ADVANCED_FACE('',(#2268),#7454,.F.);
#7653=ADVANCED_FACE('',(#2269),#134,.F.);
#7654=ADVANCED_FACE('',(#2270),#7455,.F.);
#7655=ADVANCED_FACE('',(#2271),#7456,.F.);
#7656=ADVANCED_FACE('',(#2272,#49,#50,#51,#52,#53,#54,#55,#56,#57,#58,#59,
#60,#61),#135,.T.);
#7657=ADVANCED_FACE('',(#2273),#136,.F.);
#7658=ADVANCED_FACE('',(#2274),#137,.F.);
#7659=ADVANCED_FACE('',(#2275),#7457,.F.);
#7660=ADVANCED_FACE('',(#2276),#138,.F.);
#7661=ADVANCED_FACE('',(#2277),#7458,.F.);
#7662=ADVANCED_FACE('',(#2278),#139,.F.);
#7663=ADVANCED_FACE('',(#2279),#140,.F.);
#7664=ADVANCED_FACE('',(#2280),#19,.T.);
#7665=ADVANCED_FACE('',(#2281,#62,#63,#64,#65,#66,#67,#68,#69),#141,.F.);
#7666=ADVANCED_FACE('',(#2282),#7459,.T.);
#7667=ADVANCED_FACE('',(#2283),#20,.T.);
#7668=ADVANCED_FACE('',(#2284),#7460,.T.);
#7669=ADVANCED_FACE('',(#2285),#21,.T.);
#7670=ADVANCED_FACE('',(#2286),#7461,.T.);
#7671=ADVANCED_FACE('',(#2287),#7462,.F.);
#7672=ADVANCED_FACE('',(#2288,#70),#142,.T.);
#7673=ADVANCED_FACE('',(#2289),#7463,.F.);
#7674=ADVANCED_FACE('',(#2290,#71),#143,.T.);
#7675=ADVANCED_FACE('',(#2291),#7464,.F.);
#7676=ADVANCED_FACE('',(#2292,#72),#144,.T.);
#7677=ADVANCED_FACE('',(#2293),#7465,.F.);
#7678=ADVANCED_FACE('',(#2294),#145,.F.);
#7679=ADVANCED_FACE('',(#2295),#7466,.F.);
#7680=ADVANCED_FACE('',(#2296),#146,.F.);
#7681=ADVANCED_FACE('',(#2297),#7467,.F.);
#7682=ADVANCED_FACE('',(#2298),#147,.F.);
#7683=ADVANCED_FACE('',(#2299),#7468,.F.);
#7684=ADVANCED_FACE('',(#2300),#148,.F.);
#7685=ADVANCED_FACE('',(#2301),#7469,.F.);
#7686=ADVANCED_FACE('',(#2302),#149,.F.);
#7687=ADVANCED_FACE('',(#2303),#7470,.F.);
#7688=ADVANCED_FACE('',(#2304),#150,.F.);
#7689=ADVANCED_FACE('',(#2305),#7471,.F.);
#7690=ADVANCED_FACE('',(#2306),#151,.F.);
#7691=ADVANCED_FACE('',(#2307),#7472,.F.);
#7692=ADVANCED_FACE('',(#2308),#152,.F.);
#7693=ADVANCED_FACE('',(#2309),#7473,.F.);
#7694=ADVANCED_FACE('',(#2310),#153,.F.);
#7695=ADVANCED_FACE('',(#2311),#7474,.F.);
#7696=ADVANCED_FACE('',(#2312),#154,.F.);
#7697=ADVANCED_FACE('',(#2313),#7475,.F.);
#7698=ADVANCED_FACE('',(#2314),#155,.F.);
#7699=ADVANCED_FACE('',(#2315),#7476,.F.);
#7700=ADVANCED_FACE('',(#2316),#156,.F.);
#7701=ADVANCED_FACE('',(#2317),#7477,.F.);
#7702=ADVANCED_FACE('',(#2318),#157,.F.);
#7703=ADVANCED_FACE('',(#2319),#7478,.F.);
#7704=ADVANCED_FACE('',(#2320),#158,.F.);
#7705=ADVANCED_FACE('',(#2321),#7479,.F.);
#7706=ADVANCED_FACE('',(#2322),#159,.F.);
#7707=ADVANCED_FACE('',(#2323),#7480,.F.);
#7708=ADVANCED_FACE('',(#2324),#160,.F.);
#7709=ADVANCED_FACE('',(#2325),#7481,.F.);
#7710=ADVANCED_FACE('',(#2326),#161,.F.);
#7711=ADVANCED_FACE('',(#2327),#7482,.F.);
#7712=ADVANCED_FACE('',(#2328),#162,.F.);
#7713=ADVANCED_FACE('',(#2329),#7483,.F.);
#7714=ADVANCED_FACE('',(#2330),#163,.F.);
#7715=ADVANCED_FACE('',(#2331),#7484,.F.);
#7716=ADVANCED_FACE('',(#2332),#164,.F.);
#7717=ADVANCED_FACE('',(#2333),#7485,.F.);
#7718=ADVANCED_FACE('',(#2334),#165,.F.);
#7719=ADVANCED_FACE('',(#2335),#7486,.F.);
#7720=ADVANCED_FACE('',(#2336),#166,.F.);
#7721=ADVANCED_FACE('',(#2337),#7487,.F.);
#7722=ADVANCED_FACE('',(#2338),#167,.F.);
#7723=ADVANCED_FACE('',(#2339),#7488,.F.);
#7724=ADVANCED_FACE('',(#2340),#168,.F.);
#7725=ADVANCED_FACE('',(#2341),#7489,.F.);
#7726=ADVANCED_FACE('',(#2342),#169,.F.);
#7727=ADVANCED_FACE('',(#2343),#7490,.F.);
#7728=ADVANCED_FACE('',(#2344),#170,.F.);
#7729=ADVANCED_FACE('',(#2345),#7491,.F.);
#7730=ADVANCED_FACE('',(#2346),#171,.F.);
#7731=ADVANCED_FACE('',(#2347),#7492,.F.);
#7732=ADVANCED_FACE('',(#2348),#172,.F.);
#7733=ADVANCED_FACE('',(#2349),#7493,.F.);
#7734=ADVANCED_FACE('',(#2350),#173,.F.);
#7735=ADVANCED_FACE('',(#2351),#7494,.F.);
#7736=ADVANCED_FACE('',(#2352),#174,.F.);
#7737=ADVANCED_FACE('',(#2353),#7495,.F.);
#7738=ADVANCED_FACE('',(#2354),#175,.F.);
#7739=ADVANCED_FACE('',(#2355),#7496,.F.);
#7740=ADVANCED_FACE('',(#2356),#176,.F.);
#7741=ADVANCED_FACE('',(#2357),#177,.F.);
#7742=ADVANCED_FACE('',(#2358),#7497,.F.);
#7743=ADVANCED_FACE('',(#2359),#178,.F.);
#7744=ADVANCED_FACE('',(#2360),#7498,.F.);
#7745=ADVANCED_FACE('',(#2361),#179,.F.);
#7746=ADVANCED_FACE('',(#2362),#7499,.F.);
#7747=ADVANCED_FACE('',(#2363),#180,.F.);
#7748=ADVANCED_FACE('',(#2364),#7500,.F.);
#7749=ADVANCED_FACE('',(#2365),#181,.F.);
#7750=ADVANCED_FACE('',(#2366),#7501,.F.);
#7751=ADVANCED_FACE('',(#2367),#182,.F.);
#7752=ADVANCED_FACE('',(#2368),#7502,.F.);
#7753=ADVANCED_FACE('',(#2369),#183,.F.);
#7754=ADVANCED_FACE('',(#2370),#7503,.F.);
#7755=ADVANCED_FACE('',(#2371),#184,.F.);
#7756=ADVANCED_FACE('',(#2372),#7504,.F.);
#7757=ADVANCED_FACE('',(#2373),#185,.F.);
#7758=ADVANCED_FACE('',(#2374),#7505,.F.);
#7759=ADVANCED_FACE('',(#2375),#186,.F.);
#7760=ADVANCED_FACE('',(#2376),#7506,.F.);
#7761=ADVANCED_FACE('',(#2377),#187,.F.);
#7762=ADVANCED_FACE('',(#2378),#7507,.F.);
#7763=ADVANCED_FACE('',(#2379),#188,.F.);
#7764=ADVANCED_FACE('',(#2380),#7508,.F.);
#7765=ADVANCED_FACE('',(#2381),#189,.F.);
#7766=ADVANCED_FACE('',(#2382),#7509,.F.);
#7767=ADVANCED_FACE('',(#2383),#190,.F.);
#7768=ADVANCED_FACE('',(#2384),#7510,.F.);
#7769=ADVANCED_FACE('',(#2385),#191,.F.);
#7770=ADVANCED_FACE('',(#2386),#7511,.F.);
#7771=ADVANCED_FACE('',(#2387),#192,.F.);
#7772=ADVANCED_FACE('',(#2388),#7512,.F.);
#7773=ADVANCED_FACE('',(#2389),#193,.F.);
#7774=ADVANCED_FACE('',(#2390),#7513,.F.);
#7775=ADVANCED_FACE('',(#2391),#194,.F.);
#7776=ADVANCED_FACE('',(#2392),#7514,.F.);
#7777=ADVANCED_FACE('',(#2393),#195,.F.);
#7778=ADVANCED_FACE('',(#2394),#7515,.F.);
#7779=ADVANCED_FACE('',(#2395),#196,.F.);
#7780=ADVANCED_FACE('',(#2396),#7516,.F.);
#7781=ADVANCED_FACE('',(#2397),#197,.F.);
#7782=ADVANCED_FACE('',(#2398),#7517,.F.);
#7783=ADVANCED_FACE('',(#2399),#198,.F.);
#7784=ADVANCED_FACE('',(#2400),#7518,.F.);
#7785=ADVANCED_FACE('',(#2401),#199,.F.);
#7786=ADVANCED_FACE('',(#2402),#7519,.F.);
#7787=ADVANCED_FACE('',(#2403),#200,.F.);
#7788=ADVANCED_FACE('',(#2404),#7520,.F.);
#7789=ADVANCED_FACE('',(#2405),#201,.F.);
#7790=ADVANCED_FACE('',(#2406),#7521,.F.);
#7791=ADVANCED_FACE('',(#2407),#202,.F.);
#7792=ADVANCED_FACE('',(#2408),#7522,.F.);
#7793=ADVANCED_FACE('',(#2409),#203,.F.);
#7794=ADVANCED_FACE('',(#2410),#7523,.F.);
#7795=ADVANCED_FACE('',(#2411),#204,.F.);
#7796=ADVANCED_FACE('',(#2412),#7524,.F.);
#7797=ADVANCED_FACE('',(#2413),#205,.F.);
#7798=ADVANCED_FACE('',(#2414),#7525,.F.);
#7799=ADVANCED_FACE('',(#2415),#206,.F.);
#7800=ADVANCED_FACE('',(#2416),#7526,.F.);
#7801=ADVANCED_FACE('',(#2417),#207,.F.);
#7802=ADVANCED_FACE('',(#2418),#7527,.F.);
#7803=ADVANCED_FACE('',(#2419),#208,.F.);
#7804=ADVANCED_FACE('',(#2420),#7528,.F.);
#7805=ADVANCED_FACE('',(#2421),#209,.F.);
#7806=ADVANCED_FACE('',(#2422),#7529,.F.);
#7807=ADVANCED_FACE('',(#2423),#210,.F.);
#7808=ADVANCED_FACE('',(#2424),#7530,.F.);
#7809=ADVANCED_FACE('',(#2425),#211,.F.);
#7810=ADVANCED_FACE('',(#2426),#7531,.F.);
#7811=ADVANCED_FACE('',(#2427),#212,.F.);
#7812=ADVANCED_FACE('',(#2428),#7532,.F.);
#7813=ADVANCED_FACE('',(#2429),#213,.F.);
#7814=ADVANCED_FACE('',(#2430),#7533,.F.);
#7815=ADVANCED_FACE('',(#2431),#214,.F.);
#7816=ADVANCED_FACE('',(#2432),#7534,.F.);
#7817=ADVANCED_FACE('',(#2433),#215,.F.);
#7818=ADVANCED_FACE('',(#2434),#7535,.F.);
#7819=ADVANCED_FACE('',(#2435),#216,.F.);
#7820=ADVANCED_FACE('',(#2436),#7536,.F.);
#7821=ADVANCED_FACE('',(#2437),#217,.F.);
#7822=ADVANCED_FACE('',(#2438),#7537,.F.);
#7823=ADVANCED_FACE('',(#2439),#218,.F.);
#7824=ADVANCED_FACE('',(#2440),#7538,.F.);
#7825=ADVANCED_FACE('',(#2441),#219,.F.);
#7826=ADVANCED_FACE('',(#2442),#7539,.F.);
#7827=ADVANCED_FACE('',(#2443),#220,.F.);
#7828=ADVANCED_FACE('',(#2444),#7540,.F.);
#7829=ADVANCED_FACE('',(#2445),#221,.F.);
#7830=ADVANCED_FACE('',(#2446),#7541,.F.);
#7831=ADVANCED_FACE('',(#2447),#222,.F.);
#7832=ADVANCED_FACE('',(#2448),#7542,.F.);
#7833=ADVANCED_FACE('',(#2449),#223,.F.);
#7834=ADVANCED_FACE('',(#2450),#7543,.F.);
#7835=ADVANCED_FACE('',(#2451),#224,.F.);
#7836=ADVANCED_FACE('',(#2452),#7544,.F.);
#7837=ADVANCED_FACE('',(#2453),#7545,.F.);
#7838=ADVANCED_FACE('',(#2454),#225,.F.);
#7839=ADVANCED_FACE('',(#2455),#7546,.F.);
#7840=ADVANCED_FACE('',(#2456),#226,.F.);
#7841=ADVANCED_FACE('',(#2457),#7547,.F.);
#7842=ADVANCED_FACE('',(#2458),#227,.F.);
#7843=ADVANCED_FACE('',(#2459),#7548,.F.);
#7844=ADVANCED_FACE('',(#2460),#228,.F.);
#7845=ADVANCED_FACE('',(#2461),#7549,.F.);
#7846=ADVANCED_FACE('',(#2462),#229,.F.);
#7847=ADVANCED_FACE('',(#2463),#7550,.F.);
#7848=ADVANCED_FACE('',(#2464),#230,.F.);
#7849=ADVANCED_FACE('',(#2465),#7551,.F.);
#7850=ADVANCED_FACE('',(#2466),#231,.F.);
#7851=ADVANCED_FACE('',(#2467),#7552,.F.);
#7852=ADVANCED_FACE('',(#2468),#232,.F.);
#7853=ADVANCED_FACE('',(#2469),#7553,.F.);
#7854=ADVANCED_FACE('',(#2470),#233,.F.);
#7855=ADVANCED_FACE('',(#2471),#7554,.F.);
#7856=ADVANCED_FACE('',(#2472),#234,.F.);
#7857=ADVANCED_FACE('',(#2473),#7555,.F.);
#7858=ADVANCED_FACE('',(#2474),#235,.F.);
#7859=ADVANCED_FACE('',(#2475),#7556,.F.);
#7860=ADVANCED_FACE('',(#2476),#236,.F.);
#7861=ADVANCED_FACE('',(#2477),#7557,.F.);
#7862=ADVANCED_FACE('',(#2478),#237,.F.);
#7863=ADVANCED_FACE('',(#2479),#7558,.F.);
#7864=ADVANCED_FACE('',(#2480),#238,.F.);
#7865=ADVANCED_FACE('',(#2481),#7559,.F.);
#7866=ADVANCED_FACE('',(#2482),#239,.F.);
#7867=ADVANCED_FACE('',(#2483),#7560,.F.);
#7868=ADVANCED_FACE('',(#2484),#240,.F.);
#7869=ADVANCED_FACE('',(#2485),#7561,.F.);
#7870=ADVANCED_FACE('',(#2486),#241,.F.);
#7871=ADVANCED_FACE('',(#2487),#7562,.F.);
#7872=ADVANCED_FACE('',(#2488),#242,.F.);
#7873=ADVANCED_FACE('',(#2489),#7563,.F.);
#7874=ADVANCED_FACE('',(#2490),#243,.F.);
#7875=ADVANCED_FACE('',(#2491),#7564,.F.);
#7876=ADVANCED_FACE('',(#2492),#244,.F.);
#7877=ADVANCED_FACE('',(#2493),#7565,.F.);
#7878=ADVANCED_FACE('',(#2494),#245,.F.);
#7879=ADVANCED_FACE('',(#2495),#7566,.F.);
#7880=ADVANCED_FACE('',(#2496),#246,.F.);
#7881=ADVANCED_FACE('',(#2497),#7567,.F.);
#7882=ADVANCED_FACE('',(#2498),#247,.F.);
#7883=ADVANCED_FACE('',(#2499),#7568,.F.);
#7884=ADVANCED_FACE('',(#2500),#248,.F.);
#7885=ADVANCED_FACE('',(#2501,#73,#74,#75,#76,#77),#249,.T.);
#7886=ADVANCED_FACE('',(#2502),#250,.F.);
#7887=ADVANCED_FACE('',(#2503),#7569,.F.);
#7888=ADVANCED_FACE('',(#2504),#251,.F.);
#7889=ADVANCED_FACE('',(#2505),#7570,.F.);
#7890=ADVANCED_FACE('',(#2506),#252,.F.);
#7891=ADVANCED_FACE('',(#2507),#7571,.F.);
#7892=ADVANCED_FACE('',(#2508),#253,.F.);
#7893=ADVANCED_FACE('',(#2509),#7572,.F.);
#7894=ADVANCED_FACE('',(#2510),#254,.F.);
#7895=ADVANCED_FACE('',(#2511),#7573,.F.);
#7896=ADVANCED_FACE('',(#2512),#255,.F.);
#7897=ADVANCED_FACE('',(#2513),#7574,.F.);
#7898=ADVANCED_FACE('',(#2514),#256,.F.);
#7899=ADVANCED_FACE('',(#2515),#7575,.F.);
#7900=ADVANCED_FACE('',(#2516),#257,.F.);
#7901=ADVANCED_FACE('',(#2517),#7576,.F.);
#7902=ADVANCED_FACE('',(#2518),#258,.F.);
#7903=ADVANCED_FACE('',(#2519),#7577,.F.);
#7904=ADVANCED_FACE('',(#2520),#259,.F.);
#7905=ADVANCED_FACE('',(#2521),#7578,.F.);
#7906=ADVANCED_FACE('',(#2522),#260,.F.);
#7907=ADVANCED_FACE('',(#2523),#7579,.F.);
#7908=ADVANCED_FACE('',(#2524),#261,.F.);
#7909=ADVANCED_FACE('',(#2525),#7580,.F.);
#7910=ADVANCED_FACE('',(#2526),#262,.F.);
#7911=ADVANCED_FACE('',(#2527),#7581,.F.);
#7912=ADVANCED_FACE('',(#2528),#263,.F.);
#7913=ADVANCED_FACE('',(#2529),#7582,.F.);
#7914=ADVANCED_FACE('',(#2530),#264,.F.);
#7915=ADVANCED_FACE('',(#2531),#7583,.F.);
#7916=ADVANCED_FACE('',(#2532),#265,.F.);
#7917=ADVANCED_FACE('',(#2533),#7584,.F.);
#7918=ADVANCED_FACE('',(#2534),#266,.F.);
#7919=ADVANCED_FACE('',(#2535),#7585,.F.);
#7920=ADVANCED_FACE('',(#2536),#267,.F.);
#7921=ADVANCED_FACE('',(#2537),#7586,.F.);
#7922=ADVANCED_FACE('',(#2538),#268,.F.);
#7923=ADVANCED_FACE('',(#2539),#7587,.F.);
#7924=ADVANCED_FACE('',(#2540),#269,.F.);
#7925=ADVANCED_FACE('',(#2541),#7588,.F.);
#7926=ADVANCED_FACE('',(#2542),#270,.F.);
#7927=ADVANCED_FACE('',(#2543),#7589,.F.);
#7928=ADVANCED_FACE('',(#2544),#271,.F.);
#7929=ADVANCED_FACE('',(#2545),#7590,.F.);
#7930=ADVANCED_FACE('',(#2546),#272,.F.);
#7931=ADVANCED_FACE('',(#2547),#7591,.F.);
#7932=ADVANCED_FACE('',(#2548),#273,.F.);
#7933=ADVANCED_FACE('',(#2549),#7592,.F.);
#7934=ADVANCED_FACE('',(#2550),#7593,.T.);
#7935=ADVANCED_FACE('',(#2551),#7594,.F.);
#7936=ADVANCED_FACE('',(#2552),#7595,.F.);
#7937=ADVANCED_FACE('',(#2553),#7596,.F.);
#7938=ADVANCED_FACE('',(#2554),#7597,.F.);
#7939=ADVANCED_FACE('',(#2555),#7598,.F.);
#7940=ADVANCED_FACE('',(#2556),#274,.T.);
#7941=ADVANCED_FACE('',(#2557),#7599,.F.);
#7942=ADVANCED_FACE('',(#2558),#275,.T.);
#7943=ADVANCED_FACE('',(#2559),#7600,.F.);
#7944=ADVANCED_FACE('',(#2560),#276,.T.);
#7945=ADVANCED_FACE('',(#2561),#7601,.F.);
#7946=ADVANCED_FACE('',(#2562),#7602,.T.);
#7947=ADVANCED_FACE('',(#2563),#7603,.T.);
#7948=ADVANCED_FACE('',(#2564),#277,.T.);
#7949=ADVANCED_FACE('',(#2565,#78,#79,#80,#81,#82,#83,#84,#85),#278,.T.);
#7950=ADVANCED_FACE('',(#2566,#86,#87,#88,#89),#279,.T.);
#7951=ADVANCED_FACE('',(#2567),#280,.T.);
#7952=ADVANCED_FACE('',(#2568),#281,.T.);
#7953=ADVANCED_FACE('',(#2569),#282,.F.);
#7954=ADVANCED_FACE('',(#2570),#283,.F.);
#7955=ADVANCED_FACE('',(#2571),#284,.F.);
#7956=ADVANCED_FACE('',(#2572),#285,.F.);
#7957=ADVANCED_FACE('',(#2573),#286,.F.);
#7958=ADVANCED_FACE('',(#2574),#287,.F.);
#7959=ADVANCED_FACE('',(#2575),#288,.F.);
#7960=ADVANCED_FACE('',(#2576),#289,.F.);
#7961=ADVANCED_FACE('',(#2577),#290,.F.);
#7962=ADVANCED_FACE('',(#2578),#291,.F.);
#7963=ADVANCED_FACE('',(#2579),#292,.F.);
#7964=ADVANCED_FACE('',(#2580),#293,.F.);
#7965=ADVANCED_FACE('',(#2581),#294,.F.);
#7966=ADVANCED_FACE('',(#2582),#295,.F.);
#7967=ADVANCED_FACE('',(#2583),#296,.F.);
#7968=ADVANCED_FACE('',(#2584),#297,.F.);
#7969=ADVANCED_FACE('',(#2585),#298,.F.);
#7970=ADVANCED_FACE('',(#2586),#299,.F.);
#7971=ADVANCED_FACE('',(#2587),#300,.F.);
#7972=ADVANCED_FACE('',(#2588),#301,.F.);
#7973=ADVANCED_FACE('',(#2589,#90,#91,#92,#93,#94,#95,#96,#97),#302,.T.);
#7974=ADVANCED_FACE('',(#2590),#303,.T.);
#7975=ADVANCED_FACE('',(#2591),#304,.T.);
#7976=ADVANCED_FACE('',(#2592),#305,.T.);
#7977=ADVANCED_FACE('',(#2593),#306,.T.);
#7978=ADVANCED_FACE('',(#2594,#98),#307,.T.);
#7979=ADVANCED_FACE('',(#2595,#99),#308,.T.);
#7980=ADVANCED_FACE('',(#2596,#100),#309,.T.);
#7981=ADVANCED_FACE('',(#2597,#101),#310,.T.);
#7982=ADVANCED_FACE('',(#2598),#311,.T.);
#7983=ADVANCED_FACE('',(#2599),#7604,.F.);
#7984=ADVANCED_FACE('',(#2600,#102,#103,#104,#105,#106,#107,#108,#109,#110,
#111,#112,#113),#312,.T.);
#7985=ADVANCED_FACE('',(#2601),#7605,.F.);
#7986=ADVANCED_FACE('',(#2602),#313,.T.);
#7987=ADVANCED_FACE('',(#2603),#7606,.T.);
#7988=ADVANCED_FACE('',(#2604,#114,#115,#116,#117,#118),#314,.T.);
#7989=ADVANCED_FACE('',(#2605),#7607,.T.);
#7990=ADVANCED_FACE('',(#2606,#119,#120,#121,#122,#123,#124),#315,.T.);
#7991=ADVANCED_FACE('',(#2607),#316,.T.);
#7992=ADVANCED_FACE('',(#2608),#7608,.F.);
#7993=ADVANCED_FACE('',(#2609),#317,.T.);
#7994=ADVANCED_FACE('',(#2610),#7609,.T.);
#7995=ADVANCED_FACE('',(#2611),#7610,.F.);
#7996=ADVANCED_FACE('',(#2612),#7611,.F.);
#7997=ADVANCED_FACE('',(#2613),#7612,.F.);
#7998=ADVANCED_FACE('',(#2614),#7613,.F.);
#7999=ADVANCED_FACE('',(#2615),#7614,.T.);
#8000=ADVANCED_FACE('',(#2616),#7615,.T.);
#8001=ADVANCED_FACE('',(#2617),#318,.T.);
#8002=ADVANCED_FACE('',(#2618),#319,.F.);
#8003=ADVANCED_FACE('',(#2619),#7616,.T.);
#8004=ADVANCED_FACE('',(#2620),#320,.T.);
#8005=ADVANCED_FACE('',(#2621),#7617,.T.);
#8006=ADVANCED_FACE('',(#2622),#7618,.F.);
#8007=ADVANCED_FACE('',(#2623),#7619,.F.);
#8008=ADVANCED_FACE('',(#2624),#7620,.F.);
#8009=ADVANCED_FACE('',(#2625),#7621,.F.);
#8010=ADVANCED_FACE('',(#2626),#7622,.T.);
#8011=ADVANCED_FACE('',(#2627),#321,.T.);
#8012=ADVANCED_FACE('',(#2628),#7623,.T.);
#8013=ADVANCED_FACE('',(#2629),#322,.T.);
#8014=CLOSED_SHELL('',(#7624,#7625,#7626,#7627,#7628,#7629,#7630,#7631,
#7632,#7633,#7634,#7635,#7636,#7637,#7638,#7639,#7640,#7641,#7642,#7643,
#7644,#7645,#7646,#7647,#7648,#7649,#7650,#7651,#7652,#7653,#7654,#7655,
#7656,#7657,#7658,#7659,#7660,#7661,#7662,#7663,#7664,#7665,#7666,#7667,
#7668,#7669,#7670,#7671,#7672,#7673,#7674,#7675,#7676,#7677,#7678,#7679,
#7680,#7681,#7682,#7683,#7684,#7685,#7686,#7687,#7688,#7689,#7690,#7691,
#7692,#7693,#7694,#7695,#7696,#7697,#7698,#7699,#7700,#7701,#7702,#7703,
#7704,#7705,#7706,#7707,#7708,#7709,#7710,#7711,#7712,#7713,#7714,#7715,
#7716,#7717,#7718,#7719,#7720,#7721,#7722,#7723,#7724,#7725,#7726,#7727,
#7728,#7729,#7730,#7731,#7732,#7733,#7734,#7735,#7736,#7737,#7738,#7739,
#7740,#7741,#7742,#7743,#7744,#7745,#7746,#7747,#7748,#7749,#7750,#7751,
#7752,#7753,#7754,#7755,#7756,#7757,#7758,#7759,#7760,#7761,#7762,#7763,
#7764,#7765,#7766,#7767,#7768,#7769,#7770,#7771,#7772,#7773,#7774,#7775,
#7776,#7777,#7778,#7779,#7780,#7781,#7782,#7783,#7784,#7785,#7786,#7787,
#7788,#7789,#7790,#7791,#7792,#7793,#7794,#7795,#7796,#7797,#7798,#7799,
#7800,#7801,#7802,#7803,#7804,#7805,#7806,#7807,#7808,#7809,#7810,#7811,
#7812,#7813,#7814,#7815,#7816,#7817,#7818,#7819,#7820,#7821,#7822,#7823,
#7824,#7825,#7826,#7827,#7828,#7829,#7830,#7831,#7832,#7833,#7834,#7835,
#7836,#7837,#7838,#7839,#7840,#7841,#7842,#7843,#7844,#7845,#7846,#7847,
#7848,#7849,#7850,#7851,#7852,#7853,#7854,#7855,#7856,#7857,#7858,#7859,
#7860,#7861,#7862,#7863,#7864,#7865,#7866,#7867,#7868,#7869,#7870,#7871,
#7872,#7873,#7874,#7875,#7876,#7877,#7878,#7879,#7880,#7881,#7882,#7883,
#7884,#7885,#7886,#7887,#7888,#7889,#7890,#7891,#7892,#7893,#7894,#7895,
#7896,#7897,#7898,#7899,#7900,#7901,#7902,#7903,#7904,#7905,#7906,#7907,
#7908,#7909,#7910,#7911,#7912,#7913,#7914,#7915,#7916,#7917,#7918,#7919,
#7920,#7921,#7922,#7923,#7924,#7925,#7926,#7927,#7928,#7929,#7930,#7931,
#7932,#7933,#7934,#7935,#7936,#7937,#7938,#7939,#7940,#7941,#7942,#7943,
#7944,#7945,#7946,#7947,#7948,#7949,#7950,#7951,#7952,#7953,#7954,#7955,
#7956,#7957,#7958,#7959,#7960,#7961,#7962,#7963,#7964,#7965,#7966,#7967,
#7968,#7969,#7970,#7971,#7972,#7973,#7974,#7975,#7976,#7977,#7978,#7979,
#7980,#7981,#7982,#7983,#7984,#7985,#7986,#7987,#7988,#7989,#7990,#7991,
#7992,#7993,#7994,#7995,#7996,#7997,#7998,#7999,#8000,#8001,#8002,#8003,
#8004,#8005,#8006,#8007,#8008,#8009,#8010,#8011,#8012,#8013));
#8015=DERIVED_UNIT_ELEMENT(#8017,1.);
#8016=DERIVED_UNIT_ELEMENT(#13769,-3.);
#8017=(
MASS_UNIT()
NAMED_UNIT(*)
SI_UNIT(.KILO.,.GRAM.)
);
#8018=DERIVED_UNIT((#8015,#8016));
#8019=MEASURE_REPRESENTATION_ITEM('density measure',
POSITIVE_RATIO_MEASURE(7850.),#8018);
#8020=PROPERTY_DEFINITION_REPRESENTATION(#8025,#8022);
#8021=PROPERTY_DEFINITION_REPRESENTATION(#8026,#8023);
#8022=REPRESENTATION('material name',(#8024),#13766);
#8023=REPRESENTATION('density',(#8019),#13766);
#8024=DESCRIPTIVE_REPRESENTATION_ITEM('A\X\E7o','A\X\E7o');
#8025=PROPERTY_DEFINITION('material property','material name',#13781);
#8026=PROPERTY_DEFINITION('material property','density of part',#13781);
#8027=AXIS2_PLACEMENT_3D('',#11151,#8815,#8816);
#8028=AXIS2_PLACEMENT_3D('',#11152,#8817,#8818);
#8029=AXIS2_PLACEMENT_3D('',#11153,#8819,#8820);
#8030=AXIS2_PLACEMENT_3D('',#11189,#8821,#8822);
#8031=AXIS2_PLACEMENT_3D('',#11192,#8823,#8824);
#8032=AXIS2_PLACEMENT_3D('',#11205,#8826,#8827);
#8033=AXIS2_PLACEMENT_3D('',#11207,#8828,#8829);
#8034=AXIS2_PLACEMENT_3D('',#11216,#8830,#8831);
#8035=AXIS2_PLACEMENT_3D('',#11255,#8832,#8833);
#8036=AXIS2_PLACEMENT_3D('',#11269,#8835,#8836);
#8037=AXIS2_PLACEMENT_3D('',#11279,#8837,#8838);
#8038=AXIS2_PLACEMENT_3D('',#11280,#8839,#8840);
#8039=AXIS2_PLACEMENT_3D('',#11284,#8842,#8843);
#8040=AXIS2_PLACEMENT_3D('',#11288,#8845,#8846);
#8041=AXIS2_PLACEMENT_3D('',#11290,#8848,#8849);
#8042=AXIS2_PLACEMENT_3D('',#11294,#8852,#8853);
#8043=AXIS2_PLACEMENT_3D('',#11298,#8855,#8856);
#8044=AXIS2_PLACEMENT_3D('',#11302,#8858,#8859);
#8045=AXIS2_PLACEMENT_3D('',#11304,#8861,#8862);
#8046=AXIS2_PLACEMENT_3D('',#11307,#8863,#8864);
#8047=AXIS2_PLACEMENT_3D('',#11311,#8866,#8867);
#8048=AXIS2_PLACEMENT_3D('',#11316,#8870,#8871);
#8049=AXIS2_PLACEMENT_3D('',#11339,#8873,#8874);
#8050=AXIS2_PLACEMENT_3D('',#11343,#8877,#8878);
#8051=AXIS2_PLACEMENT_3D('',#11365,#8889,#8890);
#8052=AXIS2_PLACEMENT_3D('',#11369,#8892,#8893);
#8053=AXIS2_PLACEMENT_3D('',#11373,#8895,#8896);
#8054=AXIS2_PLACEMENT_3D('',#11376,#8898,#8899);
#8055=AXIS2_PLACEMENT_3D('',#11381,#8901,#8902);
#8056=AXIS2_PLACEMENT_3D('',#11385,#8904,#8905);
#8057=AXIS2_PLACEMENT_3D('',#11389,#8907,#8908);
#8058=AXIS2_PLACEMENT_3D('',#11392,#8910,#8911);
#8059=AXIS2_PLACEMENT_3D('',#11397,#8913,#8914);
#8060=AXIS2_PLACEMENT_3D('',#11401,#8916,#8917);
#8061=AXIS2_PLACEMENT_3D('',#11405,#8919,#8920);
#8062=AXIS2_PLACEMENT_3D('',#11408,#8922,#8923);
#8063=AXIS2_PLACEMENT_3D('',#11413,#8925,#8926);
#8064=AXIS2_PLACEMENT_3D('',#11417,#8928,#8929);
#8065=AXIS2_PLACEMENT_3D('',#11421,#8931,#8932);
#8066=AXIS2_PLACEMENT_3D('',#11424,#8934,#8935);
#8067=AXIS2_PLACEMENT_3D('',#11429,#8937,#8938);
#8068=AXIS2_PLACEMENT_3D('',#11433,#8940,#8941);
#8069=AXIS2_PLACEMENT_3D('',#11437,#8943,#8944);
#8070=AXIS2_PLACEMENT_3D('',#11440,#8946,#8947);
#8071=AXIS2_PLACEMENT_3D('',#11445,#8949,#8950);
#8072=AXIS2_PLACEMENT_3D('',#11449,#8952,#8953);
#8073=AXIS2_PLACEMENT_3D('',#11453,#8955,#8956);
#8074=AXIS2_PLACEMENT_3D('',#11456,#8958,#8959);
#8075=AXIS2_PLACEMENT_3D('',#11457,#8960,#8961);
#8076=AXIS2_PLACEMENT_3D('',#11460,#8962,#8963);
#8077=AXIS2_PLACEMENT_3D('',#11464,#8965,#8966);
#8078=AXIS2_PLACEMENT_3D('',#11468,#8968,#8969);
#8079=AXIS2_PLACEMENT_3D('',#11472,#8971,#8972);
#8080=AXIS2_PLACEMENT_3D('',#11475,#8974,#8975);
#8081=AXIS2_PLACEMENT_3D('',#11477,#8976,#8977);
#8082=AXIS2_PLACEMENT_3D('',#11479,#8978,#8979);
#8083=AXIS2_PLACEMENT_3D('',#11481,#8980,#8981);
#8084=AXIS2_PLACEMENT_3D('',#11483,#8982,#8983);
#8085=AXIS2_PLACEMENT_3D('',#11485,#8984,#8985);
#8086=AXIS2_PLACEMENT_3D('',#11487,#8986,#8987);
#8087=AXIS2_PLACEMENT_3D('',#11489,#8988,#8989);
#8088=AXIS2_PLACEMENT_3D('',#11491,#8990,#8991);
#8089=AXIS2_PLACEMENT_3D('',#11493,#8992,#8993);
#8090=AXIS2_PLACEMENT_3D('',#11495,#8994,#8995);
#8091=AXIS2_PLACEMENT_3D('',#11500,#8997,#8998);
#8092=AXIS2_PLACEMENT_3D('',#11504,#9000,#9001);
#8093=AXIS2_PLACEMENT_3D('',#11508,#9003,#9004);
#8094=AXIS2_PLACEMENT_3D('',#11512,#9006,#9007);
#8095=AXIS2_PLACEMENT_3D('',#11516,#9009,#9010);
#8096=AXIS2_PLACEMENT_3D('',#11518,#9011,#9012);
#8097=AXIS2_PLACEMENT_3D('',#11522,#9014,#9015);
#8098=AXIS2_PLACEMENT_3D('',#11525,#9017,#9018);
#8099=AXIS2_PLACEMENT_3D('',#11526,#9019,#9020);
#8100=AXIS2_PLACEMENT_3D('',#11529,#9021,#9022);
#8101=AXIS2_PLACEMENT_3D('',#11533,#9024,#9025);
#8102=AXIS2_PLACEMENT_3D('',#11567,#9027,#9028);
#8103=AXIS2_PLACEMENT_3D('',#11612,#9030,#9031);
#8104=AXIS2_PLACEMENT_3D('',#11652,#9033,#9034);
#8105=AXIS2_PLACEMENT_3D('',#11689,#9036,#9037);
#8106=AXIS2_PLACEMENT_3D('',#11697,#9039,#9040);
#8107=AXIS2_PLACEMENT_3D('',#11700,#9041,#9042);
#8108=AXIS2_PLACEMENT_3D('',#11701,#9043,#9044);
#8109=AXIS2_PLACEMENT_3D('',#11702,#9045,#9046);
#8110=AXIS2_PLACEMENT_3D('',#11703,#9047,#9048);
#8111=AXIS2_PLACEMENT_3D('',#11706,#9049,#9050);
#8112=AXIS2_PLACEMENT_3D('',#11707,#9051,#9052);
#8113=AXIS2_PLACEMENT_3D('',#11708,#9053,#9054);
#8114=AXIS2_PLACEMENT_3D('',#11709,#9055,#9056);
#8115=AXIS2_PLACEMENT_3D('',#11712,#9057,#9058);
#8116=AXIS2_PLACEMENT_3D('',#11715,#9061,#9062);
#8117=AXIS2_PLACEMENT_3D('',#11718,#9063,#9064);
#8118=AXIS2_PLACEMENT_3D('',#11721,#9067,#9068);
#8119=AXIS2_PLACEMENT_3D('',#11724,#9069,#9070);
#8120=AXIS2_PLACEMENT_3D('',#11725,#9071,#9072);
#8121=AXIS2_PLACEMENT_3D('',#11726,#9073,#9074);
#8122=AXIS2_PLACEMENT_3D('',#11727,#9075,#9076);
#8123=AXIS2_PLACEMENT_3D('',#11730,#9077,#9078);
#8124=AXIS2_PLACEMENT_3D('',#11731,#9079,#9080);
#8125=AXIS2_PLACEMENT_3D('',#11732,#9081,#9082);
#8126=AXIS2_PLACEMENT_3D('',#11733,#9083,#9084);
#8127=AXIS2_PLACEMENT_3D('',#11736,#9087,#9088);
#8128=AXIS2_PLACEMENT_3D('',#11739,#9090,#9091);
#8129=AXIS2_PLACEMENT_3D('',#11740,#9092,#9093);
#8130=AXIS2_PLACEMENT_3D('',#11744,#9096,#9097);
#8131=AXIS2_PLACEMENT_3D('',#11745,#9098,#9099);
#8132=AXIS2_PLACEMENT_3D('',#11746,#9100,#9101);
#8133=AXIS2_PLACEMENT_3D('',#11751,#9103,#9104);
#8134=AXIS2_PLACEMENT_3D('',#11755,#9106,#9107);
#8135=AXIS2_PLACEMENT_3D('',#11759,#9109,#9110);
#8136=AXIS2_PLACEMENT_3D('',#11762,#9112,#9113);
#8137=AXIS2_PLACEMENT_3D('',#11763,#9114,#9115);
#8138=AXIS2_PLACEMENT_3D('',#11766,#9116,#9117);
#8139=AXIS2_PLACEMENT_3D('',#11769,#9120,#9121);
#8140=AXIS2_PLACEMENT_3D('',#11773,#9124,#9125);
#8141=AXIS2_PLACEMENT_3D('',#11777,#9127,#9128);
#8142=AXIS2_PLACEMENT_3D('',#11779,#9130,#9131);
#8143=AXIS2_PLACEMENT_3D('',#11783,#9134,#9135);
#8144=AXIS2_PLACEMENT_3D('',#11785,#9136,#9137);
#8145=AXIS2_PLACEMENT_3D('',#11787,#9139,#9140);
#8146=AXIS2_PLACEMENT_3D('',#11789,#9141,#9142);
#8147=AXIS2_PLACEMENT_3D('',#11791,#9144,#9145);
#8148=AXIS2_PLACEMENT_3D('',#11806,#9153,#9154);
#8149=AXIS2_PLACEMENT_3D('',#11810,#9156,#9157);
#8150=AXIS2_PLACEMENT_3D('',#11814,#9159,#9160);
#8151=AXIS2_PLACEMENT_3D('',#11817,#9162,#9163);
#8152=AXIS2_PLACEMENT_3D('',#11822,#9165,#9166);
#8153=AXIS2_PLACEMENT_3D('',#11826,#9168,#9169);
#8154=AXIS2_PLACEMENT_3D('',#11830,#9171,#9172);
#8155=AXIS2_PLACEMENT_3D('',#11833,#9174,#9175);
#8156=AXIS2_PLACEMENT_3D('',#11838,#9177,#9178);
#8157=AXIS2_PLACEMENT_3D('',#11842,#9180,#9181);
#8158=AXIS2_PLACEMENT_3D('',#11846,#9183,#9184);
#8159=AXIS2_PLACEMENT_3D('',#11849,#9186,#9187);
#8160=AXIS2_PLACEMENT_3D('',#11854,#9189,#9190);
#8161=AXIS2_PLACEMENT_3D('',#11858,#9192,#9193);
#8162=AXIS2_PLACEMENT_3D('',#11862,#9195,#9196);
#8163=AXIS2_PLACEMENT_3D('',#11865,#9198,#9199);
#8164=AXIS2_PLACEMENT_3D('',#11870,#9201,#9202);
#8165=AXIS2_PLACEMENT_3D('',#11874,#9204,#9205);
#8166=AXIS2_PLACEMENT_3D('',#11878,#9207,#9208);
#8167=AXIS2_PLACEMENT_3D('',#11881,#9210,#9211);
#8168=AXIS2_PLACEMENT_3D('',#11886,#9213,#9214);
#8169=AXIS2_PLACEMENT_3D('',#11890,#9216,#9217);
#8170=AXIS2_PLACEMENT_3D('',#11894,#9219,#9220);
#8171=AXIS2_PLACEMENT_3D('',#11897,#9222,#9223);
#8172=AXIS2_PLACEMENT_3D('',#11902,#9225,#9226);
#8173=AXIS2_PLACEMENT_3D('',#11906,#9228,#9229);
#8174=AXIS2_PLACEMENT_3D('',#11910,#9231,#9232);
#8175=AXIS2_PLACEMENT_3D('',#11913,#9234,#9235);
#8176=AXIS2_PLACEMENT_3D('',#11918,#9237,#9238);
#8177=AXIS2_PLACEMENT_3D('',#11922,#9240,#9241);
#8178=AXIS2_PLACEMENT_3D('',#11926,#9243,#9244);
#8179=AXIS2_PLACEMENT_3D('',#11929,#9246,#9247);
#8180=AXIS2_PLACEMENT_3D('',#11934,#9249,#9250);
#8181=AXIS2_PLACEMENT_3D('',#11938,#9252,#9253);
#8182=AXIS2_PLACEMENT_3D('',#11942,#9255,#9256);
#8183=AXIS2_PLACEMENT_3D('',#11945,#9258,#9259);
#8184=AXIS2_PLACEMENT_3D('',#11950,#9261,#9262);
#8185=AXIS2_PLACEMENT_3D('',#11954,#9264,#9265);
#8186=AXIS2_PLACEMENT_3D('',#11958,#9267,#9268);
#8187=AXIS2_PLACEMENT_3D('',#11961,#9270,#9271);
#8188=AXIS2_PLACEMENT_3D('',#11966,#9273,#9274);
#8189=AXIS2_PLACEMENT_3D('',#11970,#9276,#9277);
#8190=AXIS2_PLACEMENT_3D('',#11974,#9279,#9280);
#8191=AXIS2_PLACEMENT_3D('',#11977,#9282,#9283);
#8192=AXIS2_PLACEMENT_3D('',#11982,#9285,#9286);
#8193=AXIS2_PLACEMENT_3D('',#11986,#9288,#9289);
#8194=AXIS2_PLACEMENT_3D('',#11990,#9291,#9292);
#8195=AXIS2_PLACEMENT_3D('',#11993,#9294,#9295);
#8196=AXIS2_PLACEMENT_3D('',#11994,#9296,#9297);
#8197=AXIS2_PLACEMENT_3D('',#11995,#9298,#9299);
#8198=AXIS2_PLACEMENT_3D('',#11996,#9300,#9301);
#8199=AXIS2_PLACEMENT_3D('',#11999,#9302,#9303);
#8200=AXIS2_PLACEMENT_3D('',#12002,#9306,#9307);
#8201=AXIS2_PLACEMENT_3D('',#12006,#9310,#9311);
#8202=AXIS2_PLACEMENT_3D('',#12008,#9312,#9313);
#8203=AXIS2_PLACEMENT_3D('',#12010,#9315,#9316);
#8204=AXIS2_PLACEMENT_3D('',#12014,#9319,#9320);
#8205=AXIS2_PLACEMENT_3D('',#12018,#9323,#9324);
#8206=AXIS2_PLACEMENT_3D('',#12020,#9325,#9326);
#8207=AXIS2_PLACEMENT_3D('',#12023,#9328,#9329);
#8208=AXIS2_PLACEMENT_3D('',#12024,#9330,#9331);
#8209=AXIS2_PLACEMENT_3D('',#12028,#9333,#9334);
#8210=AXIS2_PLACEMENT_3D('',#12030,#9336,#9337);
#8211=AXIS2_PLACEMENT_3D('',#12034,#9339,#9340);
#8212=AXIS2_PLACEMENT_3D('',#12038,#9342,#9343);
#8213=AXIS2_PLACEMENT_3D('',#12042,#9345,#9346);
#8214=AXIS2_PLACEMENT_3D('',#12046,#9348,#9349);
#8215=AXIS2_PLACEMENT_3D('',#12048,#9350,#9351);
#8216=AXIS2_PLACEMENT_3D('',#12052,#9353,#9354);
#8217=AXIS2_PLACEMENT_3D('',#12054,#9355,#9356);
#8218=AXIS2_PLACEMENT_3D('',#12057,#9358,#9359);
#8219=AXIS2_PLACEMENT_3D('',#12059,#9360,#9361);
#8220=AXIS2_PLACEMENT_3D('',#12063,#9363,#9364);
#8221=AXIS2_PLACEMENT_3D('',#12067,#9366,#9367);
#8222=AXIS2_PLACEMENT_3D('',#12071,#9369,#9370);
#8223=AXIS2_PLACEMENT_3D('',#12074,#9372,#9373);
#8224=AXIS2_PLACEMENT_3D('',#12076,#9374,#9375);
#8225=AXIS2_PLACEMENT_3D('',#12078,#9376,#9377);
#8226=AXIS2_PLACEMENT_3D('',#12080,#9378,#9379);
#8227=AXIS2_PLACEMENT_3D('',#12082,#9380,#9381);
#8228=AXIS2_PLACEMENT_3D('',#12084,#9382,#9383);
#8229=AXIS2_PLACEMENT_3D('',#12086,#9384,#9385);
#8230=AXIS2_PLACEMENT_3D('',#12087,#9386,#9387);
#8231=AXIS2_PLACEMENT_3D('',#12089,#9388,#9389);
#8232=AXIS2_PLACEMENT_3D('',#12091,#9391,#9392);
#8233=AXIS2_PLACEMENT_3D('',#12094,#9394,#9395);
#8234=AXIS2_PLACEMENT_3D('',#12095,#9396,#9397);
#8235=AXIS2_PLACEMENT_3D('',#12097,#9398,#9399);
#8236=AXIS2_PLACEMENT_3D('',#12099,#9401,#9402);
#8237=AXIS2_PLACEMENT_3D('',#12102,#9404,#9405);
#8238=AXIS2_PLACEMENT_3D('',#12103,#9406,#9407);
#8239=AXIS2_PLACEMENT_3D('',#12105,#9408,#9409);
#8240=AXIS2_PLACEMENT_3D('',#12107,#9411,#9412);
#8241=AXIS2_PLACEMENT_3D('',#12109,#9413,#9414);
#8242=AXIS2_PLACEMENT_3D('',#12111,#9416,#9417);
#8243=AXIS2_PLACEMENT_3D('',#12112,#9418,#9419);
#8244=AXIS2_PLACEMENT_3D('',#12114,#9420,#9421);
#8245=AXIS2_PLACEMENT_3D('',#12116,#9423,#9424);
#8246=AXIS2_PLACEMENT_3D('',#12117,#9425,#9426);
#8247=AXIS2_PLACEMENT_3D('',#12119,#9427,#9428);
#8248=AXIS2_PLACEMENT_3D('',#12121,#9430,#9431);
#8249=AXIS2_PLACEMENT_3D('',#12122,#9432,#9433);
#8250=AXIS2_PLACEMENT_3D('',#12125,#9434,#9435);
#8251=AXIS2_PLACEMENT_3D('',#12129,#9437,#9438);
#8252=AXIS2_PLACEMENT_3D('',#12131,#9440,#9441);
#8253=AXIS2_PLACEMENT_3D('',#12137,#9445,#9446);
#8254=AXIS2_PLACEMENT_3D('',#12139,#9447,#9448);
#8255=AXIS2_PLACEMENT_3D('',#12142,#9450,#9451);
#8256=AXIS2_PLACEMENT_3D('',#12143,#9452,#9453);
#8257=AXIS2_PLACEMENT_3D('',#12149,#9457,#9458);
#8258=AXIS2_PLACEMENT_3D('',#12151,#9459,#9460);
#8259=AXIS2_PLACEMENT_3D('',#12154,#9462,#9463);
#8260=AXIS2_PLACEMENT_3D('',#12155,#9464,#9465);
#8261=AXIS2_PLACEMENT_3D('',#12161,#9469,#9470);
#8262=AXIS2_PLACEMENT_3D('',#12163,#9471,#9472);
#8263=AXIS2_PLACEMENT_3D('',#12166,#9474,#9475);
#8264=AXIS2_PLACEMENT_3D('',#12167,#9476,#9477);
#8265=AXIS2_PLACEMENT_3D('',#12170,#9480,#9481);
#8266=AXIS2_PLACEMENT_3D('',#12173,#9482,#9483);
#8267=AXIS2_PLACEMENT_3D('',#12177,#9485,#9486);
#8268=AXIS2_PLACEMENT_3D('',#12179,#9488,#9489);
#8269=AXIS2_PLACEMENT_3D('',#12185,#9493,#9494);
#8270=AXIS2_PLACEMENT_3D('',#12187,#9495,#9496);
#8271=AXIS2_PLACEMENT_3D('',#12190,#9498,#9499);
#8272=AXIS2_PLACEMENT_3D('',#12191,#9500,#9501);
#8273=AXIS2_PLACEMENT_3D('',#12197,#9505,#9506);
#8274=AXIS2_PLACEMENT_3D('',#12199,#9507,#9508);
#8275=AXIS2_PLACEMENT_3D('',#12202,#9510,#9511);
#8276=AXIS2_PLACEMENT_3D('',#12203,#9512,#9513);
#8277=AXIS2_PLACEMENT_3D('',#12209,#9517,#9518);
#8278=AXIS2_PLACEMENT_3D('',#12211,#9519,#9520);
#8279=AXIS2_PLACEMENT_3D('',#12214,#9522,#9523);
#8280=AXIS2_PLACEMENT_3D('',#12215,#9524,#9525);
#8281=AXIS2_PLACEMENT_3D('',#12218,#9528,#9529);
#8282=AXIS2_PLACEMENT_3D('',#12221,#9530,#9531);
#8283=AXIS2_PLACEMENT_3D('',#12225,#9533,#9534);
#8284=AXIS2_PLACEMENT_3D('',#12227,#9536,#9537);
#8285=AXIS2_PLACEMENT_3D('',#12233,#9541,#9542);
#8286=AXIS2_PLACEMENT_3D('',#12235,#9543,#9544);
#8287=AXIS2_PLACEMENT_3D('',#12238,#9546,#9547);
#8288=AXIS2_PLACEMENT_3D('',#12239,#9548,#9549);
#8289=AXIS2_PLACEMENT_3D('',#12245,#9553,#9554);
#8290=AXIS2_PLACEMENT_3D('',#12247,#9555,#9556);
#8291=AXIS2_PLACEMENT_3D('',#12250,#9558,#9559);
#8292=AXIS2_PLACEMENT_3D('',#12251,#9560,#9561);
#8293=AXIS2_PLACEMENT_3D('',#12257,#9565,#9566);
#8294=AXIS2_PLACEMENT_3D('',#12259,#9567,#9568);
#8295=AXIS2_PLACEMENT_3D('',#12262,#9570,#9571);
#8296=AXIS2_PLACEMENT_3D('',#12263,#9572,#9573);
#8297=AXIS2_PLACEMENT_3D('',#12266,#9576,#9577);
#8298=AXIS2_PLACEMENT_3D('',#12269,#9578,#9579);
#8299=AXIS2_PLACEMENT_3D('',#12273,#9581,#9582);
#8300=AXIS2_PLACEMENT_3D('',#12275,#9584,#9585);
#8301=AXIS2_PLACEMENT_3D('',#12281,#9589,#9590);
#8302=AXIS2_PLACEMENT_3D('',#12283,#9591,#9592);
#8303=AXIS2_PLACEMENT_3D('',#12286,#9594,#9595);
#8304=AXIS2_PLACEMENT_3D('',#12287,#9596,#9597);
#8305=AXIS2_PLACEMENT_3D('',#12293,#9601,#9602);
#8306=AXIS2_PLACEMENT_3D('',#12295,#9603,#9604);
#8307=AXIS2_PLACEMENT_3D('',#12298,#9606,#9607);
#8308=AXIS2_PLACEMENT_3D('',#12299,#9608,#9609);
#8309=AXIS2_PLACEMENT_3D('',#12305,#9613,#9614);
#8310=AXIS2_PLACEMENT_3D('',#12307,#9615,#9616);
#8311=AXIS2_PLACEMENT_3D('',#12310,#9618,#9619);
#8312=AXIS2_PLACEMENT_3D('',#12311,#9620,#9621);
#8313=AXIS2_PLACEMENT_3D('',#12314,#9624,#9625);
#8314=AXIS2_PLACEMENT_3D('',#12317,#9626,#9627);
#8315=AXIS2_PLACEMENT_3D('',#12321,#9629,#9630);
#8316=AXIS2_PLACEMENT_3D('',#12323,#9632,#9633);
#8317=AXIS2_PLACEMENT_3D('',#12329,#9637,#9638);
#8318=AXIS2_PLACEMENT_3D('',#12331,#9639,#9640);
#8319=AXIS2_PLACEMENT_3D('',#12334,#9642,#9643);
#8320=AXIS2_PLACEMENT_3D('',#12335,#9644,#9645);
#8321=AXIS2_PLACEMENT_3D('',#12341,#9649,#9650);
#8322=AXIS2_PLACEMENT_3D('',#12343,#9651,#9652);
#8323=AXIS2_PLACEMENT_3D('',#12346,#9654,#9655);
#8324=AXIS2_PLACEMENT_3D('',#12347,#9656,#9657);
#8325=AXIS2_PLACEMENT_3D('',#12353,#9661,#9662);
#8326=AXIS2_PLACEMENT_3D('',#12355,#9663,#9664);
#8327=AXIS2_PLACEMENT_3D('',#12358,#9666,#9667);
#8328=AXIS2_PLACEMENT_3D('',#12359,#9668,#9669);
#8329=AXIS2_PLACEMENT_3D('',#12362,#9672,#9673);
#8330=AXIS2_PLACEMENT_3D('',#12365,#9674,#9675);
#8331=AXIS2_PLACEMENT_3D('',#12369,#9677,#9678);
#8332=AXIS2_PLACEMENT_3D('',#12371,#9680,#9681);
#8333=AXIS2_PLACEMENT_3D('',#12377,#9685,#9686);
#8334=AXIS2_PLACEMENT_3D('',#12379,#9687,#9688);
#8335=AXIS2_PLACEMENT_3D('',#12382,#9690,#9691);
#8336=AXIS2_PLACEMENT_3D('',#12383,#9692,#9693);
#8337=AXIS2_PLACEMENT_3D('',#12389,#9697,#9698);
#8338=AXIS2_PLACEMENT_3D('',#12391,#9699,#9700);
#8339=AXIS2_PLACEMENT_3D('',#12394,#9702,#9703);
#8340=AXIS2_PLACEMENT_3D('',#12395,#9704,#9705);
#8341=AXIS2_PLACEMENT_3D('',#12401,#9709,#9710);
#8342=AXIS2_PLACEMENT_3D('',#12403,#9711,#9712);
#8343=AXIS2_PLACEMENT_3D('',#12406,#9714,#9715);
#8344=AXIS2_PLACEMENT_3D('',#12407,#9716,#9717);
#8345=AXIS2_PLACEMENT_3D('',#12410,#9720,#9721);
#8346=AXIS2_PLACEMENT_3D('',#12413,#9722,#9723);
#8347=AXIS2_PLACEMENT_3D('',#12417,#9725,#9726);
#8348=AXIS2_PLACEMENT_3D('',#12419,#9728,#9729);
#8349=AXIS2_PLACEMENT_3D('',#12425,#9733,#9734);
#8350=AXIS2_PLACEMENT_3D('',#12427,#9735,#9736);
#8351=AXIS2_PLACEMENT_3D('',#12430,#9738,#9739);
#8352=AXIS2_PLACEMENT_3D('',#12431,#9740,#9741);
#8353=AXIS2_PLACEMENT_3D('',#12437,#9745,#9746);
#8354=AXIS2_PLACEMENT_3D('',#12439,#9747,#9748);
#8355=AXIS2_PLACEMENT_3D('',#12442,#9750,#9751);
#8356=AXIS2_PLACEMENT_3D('',#12443,#9752,#9753);
#8357=AXIS2_PLACEMENT_3D('',#12449,#9757,#9758);
#8358=AXIS2_PLACEMENT_3D('',#12451,#9759,#9760);
#8359=AXIS2_PLACEMENT_3D('',#12454,#9762,#9763);
#8360=AXIS2_PLACEMENT_3D('',#12455,#9764,#9765);
#8361=AXIS2_PLACEMENT_3D('',#12458,#9768,#9769);
#8362=AXIS2_PLACEMENT_3D('',#12461,#9770,#9771);
#8363=AXIS2_PLACEMENT_3D('',#12465,#9773,#9774);
#8364=AXIS2_PLACEMENT_3D('',#12467,#9776,#9777);
#8365=AXIS2_PLACEMENT_3D('',#12473,#9781,#9782);
#8366=AXIS2_PLACEMENT_3D('',#12475,#9783,#9784);
#8367=AXIS2_PLACEMENT_3D('',#12478,#9786,#9787);
#8368=AXIS2_PLACEMENT_3D('',#12479,#9788,#9789);
#8369=AXIS2_PLACEMENT_3D('',#12485,#9793,#9794);
#8370=AXIS2_PLACEMENT_3D('',#12487,#9795,#9796);
#8371=AXIS2_PLACEMENT_3D('',#12490,#9798,#9799);
#8372=AXIS2_PLACEMENT_3D('',#12491,#9800,#9801);
#8373=AXIS2_PLACEMENT_3D('',#12497,#9805,#9806);
#8374=AXIS2_PLACEMENT_3D('',#12499,#9807,#9808);
#8375=AXIS2_PLACEMENT_3D('',#12502,#9810,#9811);
#8376=AXIS2_PLACEMENT_3D('',#12503,#9812,#9813);
#8377=AXIS2_PLACEMENT_3D('',#12506,#9816,#9817);
#8378=AXIS2_PLACEMENT_3D('',#12512,#9821,#9822);
#8379=AXIS2_PLACEMENT_3D('',#12514,#9823,#9824);
#8380=AXIS2_PLACEMENT_3D('',#12516,#9826,#9827);
#8381=AXIS2_PLACEMENT_3D('',#12520,#9830,#9831);
#8382=AXIS2_PLACEMENT_3D('',#12522,#9832,#9833);
#8383=AXIS2_PLACEMENT_3D('',#12524,#9835,#9836);
#8384=AXIS2_PLACEMENT_3D('',#12528,#9839,#9840);
#8385=AXIS2_PLACEMENT_3D('',#12530,#9841,#9842);
#8386=AXIS2_PLACEMENT_3D('',#12532,#9844,#9845);
#8387=AXIS2_PLACEMENT_3D('',#12536,#9848,#9849);
#8388=AXIS2_PLACEMENT_3D('',#12537,#9850,#9851);
#8389=AXIS2_PLACEMENT_3D('',#12538,#9852,#9853);
#8390=AXIS2_PLACEMENT_3D('',#12544,#9857,#9858);
#8391=AXIS2_PLACEMENT_3D('',#12546,#9859,#9860);
#8392=AXIS2_PLACEMENT_3D('',#12548,#9862,#9863);
#8393=AXIS2_PLACEMENT_3D('',#12552,#9866,#9867);
#8394=AXIS2_PLACEMENT_3D('',#12554,#9868,#9869);
#8395=AXIS2_PLACEMENT_3D('',#12556,#9871,#9872);
#8396=AXIS2_PLACEMENT_3D('',#12560,#9875,#9876);
#8397=AXIS2_PLACEMENT_3D('',#12562,#9877,#9878);
#8398=AXIS2_PLACEMENT_3D('',#12564,#9880,#9881);
#8399=AXIS2_PLACEMENT_3D('',#12568,#9884,#9885);
#8400=AXIS2_PLACEMENT_3D('',#12569,#9886,#9887);
#8401=AXIS2_PLACEMENT_3D('',#12570,#9888,#9889);
#8402=AXIS2_PLACEMENT_3D('',#12576,#9893,#9894);
#8403=AXIS2_PLACEMENT_3D('',#12578,#9895,#9896);
#8404=AXIS2_PLACEMENT_3D('',#12580,#9898,#9899);
#8405=AXIS2_PLACEMENT_3D('',#12584,#9902,#9903);
#8406=AXIS2_PLACEMENT_3D('',#12586,#9904,#9905);
#8407=AXIS2_PLACEMENT_3D('',#12588,#9907,#9908);
#8408=AXIS2_PLACEMENT_3D('',#12592,#9911,#9912);
#8409=AXIS2_PLACEMENT_3D('',#12594,#9913,#9914);
#8410=AXIS2_PLACEMENT_3D('',#12596,#9916,#9917);
#8411=AXIS2_PLACEMENT_3D('',#12600,#9920,#9921);
#8412=AXIS2_PLACEMENT_3D('',#12601,#9922,#9923);
#8413=AXIS2_PLACEMENT_3D('',#12602,#9924,#9925);
#8414=AXIS2_PLACEMENT_3D('',#12608,#9929,#9930);
#8415=AXIS2_PLACEMENT_3D('',#12610,#9931,#9932);
#8416=AXIS2_PLACEMENT_3D('',#12612,#9934,#9935);
#8417=AXIS2_PLACEMENT_3D('',#12616,#9938,#9939);
#8418=AXIS2_PLACEMENT_3D('',#12618,#9940,#9941);
#8419=AXIS2_PLACEMENT_3D('',#12620,#9943,#9944);
#8420=AXIS2_PLACEMENT_3D('',#12624,#9947,#9948);
#8421=AXIS2_PLACEMENT_3D('',#12626,#9949,#9950);
#8422=AXIS2_PLACEMENT_3D('',#12628,#9952,#9953);
#8423=AXIS2_PLACEMENT_3D('',#12632,#9956,#9957);
#8424=AXIS2_PLACEMENT_3D('',#12633,#9958,#9959);
#8425=AXIS2_PLACEMENT_3D('',#12634,#9960,#9961);
#8426=AXIS2_PLACEMENT_3D('',#12640,#9965,#9966);
#8427=AXIS2_PLACEMENT_3D('',#12642,#9967,#9968);
#8428=AXIS2_PLACEMENT_3D('',#12644,#9970,#9971);
#8429=AXIS2_PLACEMENT_3D('',#12648,#9974,#9975);
#8430=AXIS2_PLACEMENT_3D('',#12650,#9976,#9977);
#8431=AXIS2_PLACEMENT_3D('',#12652,#9979,#9980);
#8432=AXIS2_PLACEMENT_3D('',#12656,#9983,#9984);
#8433=AXIS2_PLACEMENT_3D('',#12658,#9985,#9986);
#8434=AXIS2_PLACEMENT_3D('',#12660,#9988,#9989);
#8435=AXIS2_PLACEMENT_3D('',#12664,#9992,#9993);
#8436=AXIS2_PLACEMENT_3D('',#12665,#9994,#9995);
#8437=AXIS2_PLACEMENT_3D('',#12666,#9996,#9997);
#8438=AXIS2_PLACEMENT_3D('',#12672,#10001,#10002);
#8439=AXIS2_PLACEMENT_3D('',#12674,#10003,#10004);
#8440=AXIS2_PLACEMENT_3D('',#12676,#10006,#10007);
#8441=AXIS2_PLACEMENT_3D('',#12680,#10010,#10011);
#8442=AXIS2_PLACEMENT_3D('',#12682,#10012,#10013);
#8443=AXIS2_PLACEMENT_3D('',#12684,#10015,#10016);
#8444=AXIS2_PLACEMENT_3D('',#12688,#10019,#10020);
#8445=AXIS2_PLACEMENT_3D('',#12690,#10021,#10022);
#8446=AXIS2_PLACEMENT_3D('',#12692,#10024,#10025);
#8447=AXIS2_PLACEMENT_3D('',#12696,#10028,#10029);
#8448=AXIS2_PLACEMENT_3D('',#12697,#10030,#10031);
#8449=AXIS2_PLACEMENT_3D('',#12698,#10032,#10033);
#8450=AXIS2_PLACEMENT_3D('',#12704,#10037,#10038);
#8451=AXIS2_PLACEMENT_3D('',#12706,#10039,#10040);
#8452=AXIS2_PLACEMENT_3D('',#12708,#10042,#10043);
#8453=AXIS2_PLACEMENT_3D('',#12712,#10046,#10047);
#8454=AXIS2_PLACEMENT_3D('',#12714,#10048,#10049);
#8455=AXIS2_PLACEMENT_3D('',#12716,#10051,#10052);
#8456=AXIS2_PLACEMENT_3D('',#12720,#10055,#10056);
#8457=AXIS2_PLACEMENT_3D('',#12722,#10057,#10058);
#8458=AXIS2_PLACEMENT_3D('',#12724,#10060,#10061);
#8459=AXIS2_PLACEMENT_3D('',#12728,#10064,#10065);
#8460=AXIS2_PLACEMENT_3D('',#12729,#10066,#10067);
#8461=AXIS2_PLACEMENT_3D('',#12730,#10068,#10069);
#8462=AXIS2_PLACEMENT_3D('',#12736,#10073,#10074);
#8463=AXIS2_PLACEMENT_3D('',#12738,#10075,#10076);
#8464=AXIS2_PLACEMENT_3D('',#12740,#10078,#10079);
#8465=AXIS2_PLACEMENT_3D('',#12744,#10082,#10083);
#8466=AXIS2_PLACEMENT_3D('',#12746,#10084,#10085);
#8467=AXIS2_PLACEMENT_3D('',#12748,#10087,#10088);
#8468=AXIS2_PLACEMENT_3D('',#12752,#10091,#10092);
#8469=AXIS2_PLACEMENT_3D('',#12754,#10093,#10094);
#8470=AXIS2_PLACEMENT_3D('',#12756,#10096,#10097);
#8471=AXIS2_PLACEMENT_3D('',#12760,#10100,#10101);
#8472=AXIS2_PLACEMENT_3D('',#12761,#10102,#10103);
#8473=AXIS2_PLACEMENT_3D('',#12762,#10104,#10105);
#8474=AXIS2_PLACEMENT_3D('',#12768,#10109,#10110);
#8475=AXIS2_PLACEMENT_3D('',#12770,#10111,#10112);
#8476=AXIS2_PLACEMENT_3D('',#12772,#10114,#10115);
#8477=AXIS2_PLACEMENT_3D('',#12776,#10118,#10119);
#8478=AXIS2_PLACEMENT_3D('',#12778,#10120,#10121);
#8479=AXIS2_PLACEMENT_3D('',#12780,#10123,#10124);
#8480=AXIS2_PLACEMENT_3D('',#12784,#10127,#10128);
#8481=AXIS2_PLACEMENT_3D('',#12786,#10129,#10130);
#8482=AXIS2_PLACEMENT_3D('',#12788,#10132,#10133);
#8483=AXIS2_PLACEMENT_3D('',#12792,#10136,#10137);
#8484=AXIS2_PLACEMENT_3D('',#12793,#10138,#10139);
#8485=AXIS2_PLACEMENT_3D('',#12794,#10140,#10141);
#8486=AXIS2_PLACEMENT_3D('',#12800,#10145,#10146);
#8487=AXIS2_PLACEMENT_3D('',#12802,#10147,#10148);
#8488=AXIS2_PLACEMENT_3D('',#12804,#10150,#10151);
#8489=AXIS2_PLACEMENT_3D('',#12808,#10154,#10155);
#8490=AXIS2_PLACEMENT_3D('',#12810,#10156,#10157);
#8491=AXIS2_PLACEMENT_3D('',#12812,#10159,#10160);
#8492=AXIS2_PLACEMENT_3D('',#12816,#10163,#10164);
#8493=AXIS2_PLACEMENT_3D('',#12818,#10165,#10166);
#8494=AXIS2_PLACEMENT_3D('',#12820,#10168,#10169);
#8495=AXIS2_PLACEMENT_3D('',#12824,#10172,#10173);
#8496=AXIS2_PLACEMENT_3D('',#12825,#10174,#10175);
#8497=AXIS2_PLACEMENT_3D('',#12826,#10176,#10177);
#8498=AXIS2_PLACEMENT_3D('',#12832,#10181,#10182);
#8499=AXIS2_PLACEMENT_3D('',#12834,#10183,#10184);
#8500=AXIS2_PLACEMENT_3D('',#12836,#10186,#10187);
#8501=AXIS2_PLACEMENT_3D('',#12840,#10190,#10191);
#8502=AXIS2_PLACEMENT_3D('',#12842,#10192,#10193);
#8503=AXIS2_PLACEMENT_3D('',#12844,#10195,#10196);
#8504=AXIS2_PLACEMENT_3D('',#12848,#10199,#10200);
#8505=AXIS2_PLACEMENT_3D('',#12850,#10201,#10202);
#8506=AXIS2_PLACEMENT_3D('',#12852,#10204,#10205);
#8507=AXIS2_PLACEMENT_3D('',#12856,#10208,#10209);
#8508=AXIS2_PLACEMENT_3D('',#12857,#10210,#10211);
#8509=AXIS2_PLACEMENT_3D('',#12858,#10212,#10213);
#8510=AXIS2_PLACEMENT_3D('',#12864,#10217,#10218);
#8511=AXIS2_PLACEMENT_3D('',#12866,#10219,#10220);
#8512=AXIS2_PLACEMENT_3D('',#12868,#10222,#10223);
#8513=AXIS2_PLACEMENT_3D('',#12872,#10226,#10227);
#8514=AXIS2_PLACEMENT_3D('',#12874,#10228,#10229);
#8515=AXIS2_PLACEMENT_3D('',#12876,#10231,#10232);
#8516=AXIS2_PLACEMENT_3D('',#12880,#10235,#10236);
#8517=AXIS2_PLACEMENT_3D('',#12882,#10237,#10238);
#8518=AXIS2_PLACEMENT_3D('',#12884,#10240,#10241);
#8519=AXIS2_PLACEMENT_3D('',#12888,#10244,#10245);
#8520=AXIS2_PLACEMENT_3D('',#12889,#10246,#10247);
#8521=AXIS2_PLACEMENT_3D('',#12890,#10248,#10249);
#8522=AXIS2_PLACEMENT_3D('',#12893,#10250,#10251);
#8523=AXIS2_PLACEMENT_3D('',#12897,#10253,#10254);
#8524=AXIS2_PLACEMENT_3D('',#12899,#10256,#10257);
#8525=AXIS2_PLACEMENT_3D('',#12905,#10261,#10262);
#8526=AXIS2_PLACEMENT_3D('',#12907,#10263,#10264);
#8527=AXIS2_PLACEMENT_3D('',#12909,#10265,#10266);
#8528=AXIS2_PLACEMENT_3D('',#12911,#10268,#10269);
#8529=AXIS2_PLACEMENT_3D('',#12917,#10273,#10274);
#8530=AXIS2_PLACEMENT_3D('',#12919,#10275,#10276);
#8531=AXIS2_PLACEMENT_3D('',#12921,#10277,#10278);
#8532=AXIS2_PLACEMENT_3D('',#12923,#10280,#10281);
#8533=AXIS2_PLACEMENT_3D('',#12929,#10285,#10286);
#8534=AXIS2_PLACEMENT_3D('',#12931,#10287,#10288);
#8535=AXIS2_PLACEMENT_3D('',#12934,#10290,#10291);
#8536=AXIS2_PLACEMENT_3D('',#12935,#10292,#10293);
#8537=AXIS2_PLACEMENT_3D('',#12938,#10296,#10297);
#8538=AXIS2_PLACEMENT_3D('',#12941,#10298,#10299);
#8539=AXIS2_PLACEMENT_3D('',#12945,#10301,#10302);
#8540=AXIS2_PLACEMENT_3D('',#12947,#10304,#10305);
#8541=AXIS2_PLACEMENT_3D('',#12953,#10309,#10310);
#8542=AXIS2_PLACEMENT_3D('',#12955,#10311,#10312);
#8543=AXIS2_PLACEMENT_3D('',#12957,#10313,#10314);
#8544=AXIS2_PLACEMENT_3D('',#12959,#10316,#10317);
#8545=AXIS2_PLACEMENT_3D('',#12965,#10321,#10322);
#8546=AXIS2_PLACEMENT_3D('',#12967,#10323,#10324);
#8547=AXIS2_PLACEMENT_3D('',#12969,#10325,#10326);
#8548=AXIS2_PLACEMENT_3D('',#12971,#10328,#10329);
#8549=AXIS2_PLACEMENT_3D('',#12977,#10333,#10334);
#8550=AXIS2_PLACEMENT_3D('',#12979,#10335,#10336);
#8551=AXIS2_PLACEMENT_3D('',#12982,#10338,#10339);
#8552=AXIS2_PLACEMENT_3D('',#12983,#10340,#10341);
#8553=AXIS2_PLACEMENT_3D('',#12986,#10344,#10345);
#8554=AXIS2_PLACEMENT_3D('',#12989,#10346,#10347);
#8555=AXIS2_PLACEMENT_3D('',#12993,#10349,#10350);
#8556=AXIS2_PLACEMENT_3D('',#12995,#10352,#10353);
#8557=AXIS2_PLACEMENT_3D('',#13001,#10357,#10358);
#8558=AXIS2_PLACEMENT_3D('',#13003,#10359,#10360);
#8559=AXIS2_PLACEMENT_3D('',#13005,#10361,#10362);
#8560=AXIS2_PLACEMENT_3D('',#13007,#10364,#10365);
#8561=AXIS2_PLACEMENT_3D('',#13013,#10369,#10370);
#8562=AXIS2_PLACEMENT_3D('',#13015,#10371,#10372);
#8563=AXIS2_PLACEMENT_3D('',#13017,#10373,#10374);
#8564=AXIS2_PLACEMENT_3D('',#13019,#10376,#10377);
#8565=AXIS2_PLACEMENT_3D('',#13025,#10381,#10382);
#8566=AXIS2_PLACEMENT_3D('',#13027,#10383,#10384);
#8567=AXIS2_PLACEMENT_3D('',#13030,#10386,#10387);
#8568=AXIS2_PLACEMENT_3D('',#13031,#10388,#10389);
#8569=AXIS2_PLACEMENT_3D('',#13034,#10392,#10393);
#8570=AXIS2_PLACEMENT_3D('',#13037,#10394,#10395);
#8571=AXIS2_PLACEMENT_3D('',#13041,#10397,#10398);
#8572=AXIS2_PLACEMENT_3D('',#13043,#10400,#10401);
#8573=AXIS2_PLACEMENT_3D('',#13049,#10405,#10406);
#8574=AXIS2_PLACEMENT_3D('',#13051,#10407,#10408);
#8575=AXIS2_PLACEMENT_3D('',#13053,#10409,#10410);
#8576=AXIS2_PLACEMENT_3D('',#13055,#10412,#10413);
#8577=AXIS2_PLACEMENT_3D('',#13061,#10417,#10418);
#8578=AXIS2_PLACEMENT_3D('',#13063,#10419,#10420);
#8579=AXIS2_PLACEMENT_3D('',#13065,#10421,#10422);
#8580=AXIS2_PLACEMENT_3D('',#13067,#10424,#10425);
#8581=AXIS2_PLACEMENT_3D('',#13073,#10429,#10430);
#8582=AXIS2_PLACEMENT_3D('',#13075,#10431,#10432);
#8583=AXIS2_PLACEMENT_3D('',#13078,#10434,#10435);
#8584=AXIS2_PLACEMENT_3D('',#13079,#10436,#10437);
#8585=AXIS2_PLACEMENT_3D('',#13082,#10440,#10441);
#8586=AXIS2_PLACEMENT_3D('',#13085,#10442,#10443);
#8587=AXIS2_PLACEMENT_3D('',#13089,#10445,#10446);
#8588=AXIS2_PLACEMENT_3D('',#13091,#10448,#10449);
#8589=AXIS2_PLACEMENT_3D('',#13097,#10453,#10454);
#8590=AXIS2_PLACEMENT_3D('',#13099,#10455,#10456);
#8591=AXIS2_PLACEMENT_3D('',#13101,#10457,#10458);
#8592=AXIS2_PLACEMENT_3D('',#13103,#10460,#10461);
#8593=AXIS2_PLACEMENT_3D('',#13109,#10465,#10466);
#8594=AXIS2_PLACEMENT_3D('',#13111,#10467,#10468);
#8595=AXIS2_PLACEMENT_3D('',#13113,#10469,#10470);
#8596=AXIS2_PLACEMENT_3D('',#13115,#10472,#10473);
#8597=AXIS2_PLACEMENT_3D('',#13121,#10477,#10478);
#8598=AXIS2_PLACEMENT_3D('',#13123,#10479,#10480);
#8599=AXIS2_PLACEMENT_3D('',#13126,#10482,#10483);
#8600=AXIS2_PLACEMENT_3D('',#13127,#10484,#10485);
#8601=AXIS2_PLACEMENT_3D('',#13130,#10488,#10489);
#8602=AXIS2_PLACEMENT_3D('',#13133,#10490,#10491);
#8603=AXIS2_PLACEMENT_3D('',#13137,#10493,#10494);
#8604=AXIS2_PLACEMENT_3D('',#13139,#10496,#10497);
#8605=AXIS2_PLACEMENT_3D('',#13145,#10501,#10502);
#8606=AXIS2_PLACEMENT_3D('',#13147,#10503,#10504);
#8607=AXIS2_PLACEMENT_3D('',#13149,#10505,#10506);
#8608=AXIS2_PLACEMENT_3D('',#13151,#10508,#10509);
#8609=AXIS2_PLACEMENT_3D('',#13156,#10513,#10514);
#8610=AXIS2_PLACEMENT_3D('',#13158,#10515,#10516);
#8611=AXIS2_PLACEMENT_3D('',#13160,#10517,#10518);
#8612=AXIS2_PLACEMENT_3D('',#13162,#10520,#10521);
#8613=AXIS2_PLACEMENT_3D('',#13168,#10525,#10526);
#8614=AXIS2_PLACEMENT_3D('',#13170,#10527,#10528);
#8615=AXIS2_PLACEMENT_3D('',#13173,#10530,#10531);
#8616=AXIS2_PLACEMENT_3D('',#13174,#10532,#10533);
#8617=AXIS2_PLACEMENT_3D('',#13177,#10536,#10537);
#8618=AXIS2_PLACEMENT_3D('',#13181,#10540,#10541);
#8619=AXIS2_PLACEMENT_3D('',#13187,#10545,#10546);
#8620=AXIS2_PLACEMENT_3D('',#13189,#10547,#10548);
#8621=AXIS2_PLACEMENT_3D('',#13191,#10550,#10551);
#8622=AXIS2_PLACEMENT_3D('',#13195,#10554,#10555);
#8623=AXIS2_PLACEMENT_3D('',#13197,#10556,#10557);
#8624=AXIS2_PLACEMENT_3D('',#13199,#10559,#10560);
#8625=AXIS2_PLACEMENT_3D('',#13203,#10563,#10564);
#8626=AXIS2_PLACEMENT_3D('',#13205,#10565,#10566);
#8627=AXIS2_PLACEMENT_3D('',#13207,#10568,#10569);
#8628=AXIS2_PLACEMENT_3D('',#13211,#10572,#10573);
#8629=AXIS2_PLACEMENT_3D('',#13212,#10574,#10575);
#8630=AXIS2_PLACEMENT_3D('',#13213,#10576,#10577);
#8631=AXIS2_PLACEMENT_3D('',#13220,#10581,#10582);
#8632=AXIS2_PLACEMENT_3D('',#13221,#10583,#10584);
#8633=AXIS2_PLACEMENT_3D('',#13251,#10586,#10587);
#8634=AXIS2_PLACEMENT_3D('',#13252,#10588,#10589);
#8635=AXIS2_PLACEMENT_3D('',#13256,#10592,#10593);
#8636=AXIS2_PLACEMENT_3D('',#13258,#10594,#10595);
#8637=AXIS2_PLACEMENT_3D('',#13260,#10597,#10598);
#8638=AXIS2_PLACEMENT_3D('',#13264,#10601,#10602);
#8639=AXIS2_PLACEMENT_3D('',#13266,#10603,#10604);
#8640=AXIS2_PLACEMENT_3D('',#13268,#10606,#10607);
#8641=AXIS2_PLACEMENT_3D('',#13272,#10610,#10611);
#8642=AXIS2_PLACEMENT_3D('',#13273,#10612,#10613);
#8643=AXIS2_PLACEMENT_3D('',#13274,#10614,#10615);
#8644=AXIS2_PLACEMENT_3D('',#13280,#10619,#10620);
#8645=AXIS2_PLACEMENT_3D('',#13282,#10621,#10622);
#8646=AXIS2_PLACEMENT_3D('',#13284,#10624,#10625);
#8647=AXIS2_PLACEMENT_3D('',#13288,#10628,#10629);
#8648=AXIS2_PLACEMENT_3D('',#13290,#10630,#10631);
#8649=AXIS2_PLACEMENT_3D('',#13292,#10633,#10634);
#8650=AXIS2_PLACEMENT_3D('',#13296,#10637,#10638);
#8651=AXIS2_PLACEMENT_3D('',#13298,#10639,#10640);
#8652=AXIS2_PLACEMENT_3D('',#13300,#10642,#10643);
#8653=AXIS2_PLACEMENT_3D('',#13304,#10646,#10647);
#8654=AXIS2_PLACEMENT_3D('',#13305,#10648,#10649);
#8655=AXIS2_PLACEMENT_3D('',#13306,#10650,#10651);
#8656=AXIS2_PLACEMENT_3D('',#13312,#10655,#10656);
#8657=AXIS2_PLACEMENT_3D('',#13314,#10657,#10658);
#8658=AXIS2_PLACEMENT_3D('',#13316,#10660,#10661);
#8659=AXIS2_PLACEMENT_3D('',#13320,#10664,#10665);
#8660=AXIS2_PLACEMENT_3D('',#13322,#10666,#10667);
#8661=AXIS2_PLACEMENT_3D('',#13324,#10669,#10670);
#8662=AXIS2_PLACEMENT_3D('',#13328,#10673,#10674);
#8663=AXIS2_PLACEMENT_3D('',#13330,#10675,#10676);
#8664=AXIS2_PLACEMENT_3D('',#13332,#10678,#10679);
#8665=AXIS2_PLACEMENT_3D('',#13336,#10682,#10683);
#8666=AXIS2_PLACEMENT_3D('',#13337,#10684,#10685);
#8667=AXIS2_PLACEMENT_3D('',#13338,#10686,#10687);
#8668=AXIS2_PLACEMENT_3D('',#13344,#10691,#10692);
#8669=AXIS2_PLACEMENT_3D('',#13346,#10693,#10694);
#8670=AXIS2_PLACEMENT_3D('',#13348,#10696,#10697);
#8671=AXIS2_PLACEMENT_3D('',#13352,#10700,#10701);
#8672=AXIS2_PLACEMENT_3D('',#13354,#10702,#10703);
#8673=AXIS2_PLACEMENT_3D('',#13356,#10705,#10706);
#8674=AXIS2_PLACEMENT_3D('',#13360,#10709,#10710);
#8675=AXIS2_PLACEMENT_3D('',#13362,#10711,#10712);
#8676=AXIS2_PLACEMENT_3D('',#13364,#10714,#10715);
#8677=AXIS2_PLACEMENT_3D('',#13368,#10718,#10719);
#8678=AXIS2_PLACEMENT_3D('',#13369,#10720,#10721);
#8679=AXIS2_PLACEMENT_3D('',#13370,#10722,#10723);
#8680=AXIS2_PLACEMENT_3D('',#13376,#10727,#10728);
#8681=AXIS2_PLACEMENT_3D('',#13378,#10729,#10730);
#8682=AXIS2_PLACEMENT_3D('',#13380,#10732,#10733);
#8683=AXIS2_PLACEMENT_3D('',#13384,#10736,#10737);
#8684=AXIS2_PLACEMENT_3D('',#13386,#10738,#10739);
#8685=AXIS2_PLACEMENT_3D('',#13388,#10741,#10742);
#8686=AXIS2_PLACEMENT_3D('',#13392,#10745,#10746);
#8687=AXIS2_PLACEMENT_3D('',#13394,#10747,#10748);
#8688=AXIS2_PLACEMENT_3D('',#13396,#10750,#10751);
#8689=AXIS2_PLACEMENT_3D('',#13400,#10754,#10755);
#8690=AXIS2_PLACEMENT_3D('',#13401,#10756,#10757);
#8691=AXIS2_PLACEMENT_3D('',#13402,#10758,#10759);
#8692=AXIS2_PLACEMENT_3D('',#13404,#10761,#10762);
#8693=AXIS2_PLACEMENT_3D('',#13405,#10763,#10764);
#8694=AXIS2_PLACEMENT_3D('',#13409,#10767,#10768);
#8695=AXIS2_PLACEMENT_3D('',#13410,#10769,#10770);
#8696=AXIS2_PLACEMENT_3D('',#13412,#10772,#10773);
#8697=AXIS2_PLACEMENT_3D('',#13414,#10775,#10776);
#8698=AXIS2_PLACEMENT_3D('',#13416,#10778,#10779);
#8699=AXIS2_PLACEMENT_3D('',#13418,#10781,#10782);
#8700=AXIS2_PLACEMENT_3D('',#13421,#10785,#10786);
#8701=AXIS2_PLACEMENT_3D('',#13423,#10788,#10789);
#8702=AXIS2_PLACEMENT_3D('',#13426,#10792,#10793);
#8703=AXIS2_PLACEMENT_3D('',#13428,#10795,#10796);
#8704=AXIS2_PLACEMENT_3D('',#13430,#10798,#10799);
#8705=AXIS2_PLACEMENT_3D('',#13431,#10800,#10801);
#8706=AXIS2_PLACEMENT_3D('',#13433,#10803,#10804);
#8707=AXIS2_PLACEMENT_3D('',#13434,#10805,#10806);
#8708=AXIS2_PLACEMENT_3D('',#13436,#10808,#10809);
#8709=AXIS2_PLACEMENT_3D('',#13437,#10810,#10811);
#8710=AXIS2_PLACEMENT_3D('',#13499,#10843,#10844);
#8711=AXIS2_PLACEMENT_3D('',#13510,#10850,#10851);
#8712=AXIS2_PLACEMENT_3D('',#13514,#10853,#10854);
#8713=AXIS2_PLACEMENT_3D('',#13519,#10857,#10858);
#8714=AXIS2_PLACEMENT_3D('',#13522,#10860,#10861);
#8715=AXIS2_PLACEMENT_3D('',#13524,#10862,#10863);
#8716=AXIS2_PLACEMENT_3D('',#13533,#10869,#10870);
#8717=AXIS2_PLACEMENT_3D('',#13534,#10871,#10872);
#8718=AXIS2_PLACEMENT_3D('',#13535,#10873,#10874);
#8719=AXIS2_PLACEMENT_3D('',#13537,#10875,#10876);
#8720=AXIS2_PLACEMENT_3D('',#13539,#10877,#10878);
#8721=AXIS2_PLACEMENT_3D('',#13541,#10879,#10880);
#8722=AXIS2_PLACEMENT_3D('',#13543,#10881,#10882);
#8723=AXIS2_PLACEMENT_3D('',#13544,#10883,#10884);
#8724=AXIS2_PLACEMENT_3D('',#13548,#10887,#10888);
#8725=AXIS2_PLACEMENT_3D('',#13554,#10892,#10893);
#8726=AXIS2_PLACEMENT_3D('',#13556,#10895,#10896);
#8727=AXIS2_PLACEMENT_3D('',#13558,#10898,#10899);
#8728=AXIS2_PLACEMENT_3D('',#13564,#10903,#10904);
#8729=AXIS2_PLACEMENT_3D('',#13568,#10907,#10908);
#8730=AXIS2_PLACEMENT_3D('',#13572,#10911,#10912);
#8731=AXIS2_PLACEMENT_3D('',#13578,#10916,#10917);
#8732=AXIS2_PLACEMENT_3D('',#13582,#10920,#10921);
#8733=AXIS2_PLACEMENT_3D('',#13584,#10923,#10924);
#8734=AXIS2_PLACEMENT_3D('',#13590,#10928,#10929);
#8735=AXIS2_PLACEMENT_3D('',#13594,#10932,#10933);
#8736=AXIS2_PLACEMENT_3D('',#13598,#10936,#10937);
#8737=AXIS2_PLACEMENT_3D('',#13604,#10941,#10942);
#8738=AXIS2_PLACEMENT_3D('',#13610,#10946,#10947);
#8739=AXIS2_PLACEMENT_3D('',#13612,#10949,#10950);
#8740=AXIS2_PLACEMENT_3D('',#13618,#10954,#10955);
#8741=AXIS2_PLACEMENT_3D('',#13622,#10958,#10959);
#8742=AXIS2_PLACEMENT_3D('',#13626,#10962,#10963);
#8743=AXIS2_PLACEMENT_3D('',#13630,#10966,#10967);
#8744=AXIS2_PLACEMENT_3D('',#13634,#10970,#10971);
#8745=AXIS2_PLACEMENT_3D('',#13638,#10974,#10975);
#8746=AXIS2_PLACEMENT_3D('',#13645,#10982,#10983);
#8747=AXIS2_PLACEMENT_3D('',#13646,#10984,#10985);
#8748=AXIS2_PLACEMENT_3D('',#13647,#10986,#10987);
#8749=AXIS2_PLACEMENT_3D('',#13648,#10988,#10989);
#8750=AXIS2_PLACEMENT_3D('',#13649,#10990,#10991);
#8751=AXIS2_PLACEMENT_3D('',#13650,#10992,#10993);
#8752=AXIS2_PLACEMENT_3D('',#13651,#10994,#10995);
#8753=AXIS2_PLACEMENT_3D('',#13652,#10996,#10997);
#8754=AXIS2_PLACEMENT_3D('',#13653,#10998,#10999);
#8755=AXIS2_PLACEMENT_3D('',#13655,#11000,#11001);
#8756=AXIS2_PLACEMENT_3D('',#13656,#11002,#11003);
#8757=AXIS2_PLACEMENT_3D('',#13658,#11004,#11005);
#8758=AXIS2_PLACEMENT_3D('',#13659,#11006,#11007);
#8759=AXIS2_PLACEMENT_3D('',#13661,#11008,#11009);
#8760=AXIS2_PLACEMENT_3D('',#13664,#11011,#11012);
#8761=AXIS2_PLACEMENT_3D('',#13665,#11013,#11014);
#8762=AXIS2_PLACEMENT_3D('',#13666,#11015,#11016);
#8763=AXIS2_PLACEMENT_3D('',#13667,#11017,#11018);
#8764=AXIS2_PLACEMENT_3D('',#13669,#11019,#11020);
#8765=AXIS2_PLACEMENT_3D('',#13670,#11021,#11022);
#8766=AXIS2_PLACEMENT_3D('',#13672,#11023,#11024);
#8767=AXIS2_PLACEMENT_3D('',#13674,#11025,#11026);
#8768=AXIS2_PLACEMENT_3D('',#13677,#11028,#11029);
#8769=AXIS2_PLACEMENT_3D('',#13678,#11030,#11031);
#8770=AXIS2_PLACEMENT_3D('',#13681,#11034,#11035);
#8771=AXIS2_PLACEMENT_3D('',#13683,#11037,#11038);
#8772=AXIS2_PLACEMENT_3D('',#13685,#11040,#11041);
#8773=AXIS2_PLACEMENT_3D('',#13687,#11043,#11044);
#8774=AXIS2_PLACEMENT_3D('',#13689,#11046,#11047);
#8775=AXIS2_PLACEMENT_3D('',#13691,#11049,#11050);
#8776=AXIS2_PLACEMENT_3D('',#13692,#11051,#11052);
#8777=AXIS2_PLACEMENT_3D('',#13695,#11054,#11055);
#8778=AXIS2_PLACEMENT_3D('',#13696,#11056,#11057);
#8779=AXIS2_PLACEMENT_3D('',#13700,#11061,#11062);
#8780=AXIS2_PLACEMENT_3D('',#13701,#11063,#11064);
#8781=AXIS2_PLACEMENT_3D('',#13703,#11066,#11067);
#8782=AXIS2_PLACEMENT_3D('',#13704,#11068,#11069);
#8783=AXIS2_PLACEMENT_3D('',#13705,#11070,#11071);
#8784=AXIS2_PLACEMENT_3D('',#13707,#11073,#11074);
#8785=AXIS2_PLACEMENT_3D('',#13709,#11076,#11077);
#8786=AXIS2_PLACEMENT_3D('',#13711,#11079,#11080);
#8787=AXIS2_PLACEMENT_3D('',#13713,#11082,#11083);
#8788=AXIS2_PLACEMENT_3D('',#13714,#11084,#11085);
#8789=AXIS2_PLACEMENT_3D('',#13715,#11086,#11087);
#8790=AXIS2_PLACEMENT_3D('',#13716,#11088,#11089);
#8791=AXIS2_PLACEMENT_3D('',#13717,#11090,#11091);
#8792=AXIS2_PLACEMENT_3D('',#13718,#11092,#11093);
#8793=AXIS2_PLACEMENT_3D('',#13719,#11094,#11095);
#8794=AXIS2_PLACEMENT_3D('',#13720,#11096,#11097);
#8795=AXIS2_PLACEMENT_3D('',#13722,#11098,#11099);
#8796=AXIS2_PLACEMENT_3D('',#13723,#11100,#11101);
#8797=AXIS2_PLACEMENT_3D('',#13725,#11102,#11103);
#8798=AXIS2_PLACEMENT_3D('',#13726,#11104,#11105);
#8799=AXIS2_PLACEMENT_3D('',#13728,#11106,#11107);
#8800=AXIS2_PLACEMENT_3D('',#13732,#11109,#11110);
#8801=AXIS2_PLACEMENT_3D('',#13736,#11112,#11113);
#8802=AXIS2_PLACEMENT_3D('',#13739,#11115,#11116);
#8803=AXIS2_PLACEMENT_3D('',#13740,#11117,#11118);
#8804=AXIS2_PLACEMENT_3D('',#13743,#11121,#11122);
#8805=AXIS2_PLACEMENT_3D('',#13745,#11124,#11125);
#8806=AXIS2_PLACEMENT_3D('',#13746,#11126,#11127);
#8807=AXIS2_PLACEMENT_3D('',#13748,#11129,#11130);
#8808=AXIS2_PLACEMENT_3D('',#13750,#11132,#11133);
#8809=AXIS2_PLACEMENT_3D('',#13752,#11135,#11136);
#8810=AXIS2_PLACEMENT_3D('',#13754,#11138,#11139);
#8811=AXIS2_PLACEMENT_3D('',#13756,#11141,#11142);
#8812=AXIS2_PLACEMENT_3D('',#13758,#11144,#11145);
#8813=AXIS2_PLACEMENT_3D('',#13760,#11147,#11148);
#8814=AXIS2_PLACEMENT_3D('',#13761,#11149,#11150);
#8815=DIRECTION('axis',(0.,0.,1.));
#8816=DIRECTION('refdir',(1.,0.,0.));
#8817=DIRECTION('axis',(0.,0.,1.));
#8818=DIRECTION('refdir',(1.,0.,0.));
#8819=DIRECTION('center_axis',(1.,0.,1.29182634896773E-13));
#8820=DIRECTION('ref_axis',(-2.00267550678291E-28,-1.,1.55026680511913E-15));
#8821=DIRECTION('center_axis',(1.,0.,1.29182634896773E-13));
#8822=DIRECTION('ref_axis',(-2.00267550678291E-28,-1.,1.55026680511913E-15));
#8823=DIRECTION('center_axis',(1.,0.,0.));
#8824=DIRECTION('ref_axis',(-2.00267550678291E-28,-1.,1.55026680511913E-15));
#8825=DIRECTION('',(1.,0.,1.29182634896773E-13));
#8826=DIRECTION('center_axis',(-1.,0.,0.));
#8827=DIRECTION('ref_axis',(-2.00267550678291E-28,-1.,1.55026680511913E-15));
#8828=DIRECTION('center_axis',(-1.,0.,0.));
#8829=DIRECTION('ref_axis',(-2.00267550678291E-28,-1.,1.55026680511913E-15));
#8830=DIRECTION('center_axis',(1.,0.,1.29182634896773E-13));
#8831=DIRECTION('ref_axis',(-2.00267550678291E-28,-1.,1.55026680511913E-15));
#8832=DIRECTION('center_axis',(1.,0.,0.));
#8833=DIRECTION('ref_axis',(-2.00267550678291E-28,-1.,1.55026680511913E-15));
#8834=DIRECTION('',(1.,0.,1.29182634896773E-13));
#8835=DIRECTION('center_axis',(-1.,0.,0.));
#8836=DIRECTION('ref_axis',(-2.00267550678291E-28,-1.,1.55026680511913E-15));
#8837=DIRECTION('center_axis',(1.,0.,0.));
#8838=DIRECTION('ref_axis',(-2.00267550678291E-28,-1.,1.55026680511913E-15));
#8839=DIRECTION('center_axis',(0.,0.,1.));
#8840=DIRECTION('ref_axis',(9.47390314346405E-14,1.,0.));
#8841=DIRECTION('',(0.,0.,1.));
#8842=DIRECTION('center_axis',(0.,0.,1.));
#8843=DIRECTION('ref_axis',(9.47390314346405E-14,1.,0.));
#8844=DIRECTION('',(0.,0.,1.));
#8845=DIRECTION('center_axis',(0.,0.,1.));
#8846=DIRECTION('ref_axis',(9.47390314346405E-14,1.,0.));
#8847=DIRECTION('',(0.,0.,1.));
#8848=DIRECTION('center_axis',(-1.,0.,0.));
#8849=DIRECTION('ref_axis',(0.,-1.,0.));
#8850=DIRECTION('',(0.,0.,1.));
#8851=DIRECTION('',(0.,1.,0.));
#8852=DIRECTION('center_axis',(0.,0.,1.));
#8853=DIRECTION('ref_axis',(-1.,8.12048840868534E-14,0.));
#8854=DIRECTION('',(0.,0.,1.));
#8855=DIRECTION('center_axis',(0.,0.,-1.));
#8856=DIRECTION('ref_axis',(-1.,8.12048840868534E-14,0.));
#8857=DIRECTION('',(0.,0.,1.));
#8858=DIRECTION('center_axis',(0.,0.,-1.));
#8859=DIRECTION('ref_axis',(-1.,8.12048840868534E-14,0.));
#8860=DIRECTION('',(0.,0.,1.));
#8861=DIRECTION('center_axis',(0.,0.,1.));
#8862=DIRECTION('ref_axis',(1.,0.,0.));
#8863=DIRECTION('center_axis',(0.,0.819152044288991,-0.573576436351047));
#8864=DIRECTION('ref_axis',(0.,0.573576436351047,0.819152044288991));
#8865=DIRECTION('',(0.,0.,1.));
#8866=DIRECTION('center_axis',(0.,0.,-1.));
#8867=DIRECTION('ref_axis',(1.,0.,0.));
#8868=DIRECTION('',(0.,0.,1.));
#8869=DIRECTION('',(0.,0.,1.));
#8870=DIRECTION('center_axis',(0.,0.,-1.));
#8871=DIRECTION('ref_axis',(1.,0.,0.));
#8872=DIRECTION('',(0.,0.,1.));
#8873=DIRECTION('center_axis',(1.,0.,0.));
#8874=DIRECTION('ref_axis',(0.,1.,0.));
#8875=DIRECTION('',(0.,0.,1.));
#8876=DIRECTION('',(0.,-1.,0.));
#8877=DIRECTION('center_axis',(1.,0.,0.));
#8878=DIRECTION('ref_axis',(0.,1.,0.));
#8879=DIRECTION('',(0.,0.,1.));
#8880=DIRECTION('',(0.,-1.,0.));
#8881=DIRECTION('',(0.,0.,1.));
#8882=DIRECTION('',(0.,-1.,0.));
#8883=DIRECTION('',(0.,1.,0.));
#8884=DIRECTION('',(0.,-1.,0.));
#8885=DIRECTION('',(0.,1.,0.));
#8886=DIRECTION('',(0.,-1.,0.));
#8887=DIRECTION('',(0.,0.,1.));
#8888=DIRECTION('',(0.,1.,2.08749903583448E-15));
#8889=DIRECTION('center_axis',(-1.,0.,0.));
#8890=DIRECTION('ref_axis',(0.,0.819152044288992,-0.573576436351045));
#8891=DIRECTION('',(0.,-0.573576436351048,-0.819152044288991));
#8892=DIRECTION('center_axis',(-1.,0.,0.));
#8893=DIRECTION('ref_axis',(0.,-1.04320510021205E-14,-1.));
#8894=DIRECTION('',(0.,-1.,1.55026680511913E-15));
#8895=DIRECTION('center_axis',(-1.,0.,0.));
#8896=DIRECTION('ref_axis',(0.,-0.819152044288989,0.573576436351051));
#8897=DIRECTION('',(0.,0.573576436351047,0.819152044288991));
#8898=DIRECTION('center_axis',(-1.,0.,0.));
#8899=DIRECTION('ref_axis',(0.,-7.33151739188213E-15,1.));
#8900=DIRECTION('',(0.,1.,2.08749903583447E-15));
#8901=DIRECTION('center_axis',(-1.,0.,0.));
#8902=DIRECTION('ref_axis',(0.,0.81915204428899,-0.573576436351048));
#8903=DIRECTION('',(0.,-0.573576436351047,-0.819152044288991));
#8904=DIRECTION('center_axis',(-1.,0.,0.));
#8905=DIRECTION('ref_axis',(0.,-8.21160495287016E-15,-1.));
#8906=DIRECTION('',(0.,-1.,1.55026680511913E-15));
#8907=DIRECTION('center_axis',(-1.,0.,0.));
#8908=DIRECTION('ref_axis',(0.,-0.81915204428899,0.573576436351049));
#8909=DIRECTION('',(0.,0.573576436351047,0.819152044288991));
#8910=DIRECTION('center_axis',(-1.,0.,0.));
#8911=DIRECTION('ref_axis',(0.,-2.8906252933815E-15,1.));
#8912=DIRECTION('',(0.,1.,2.08749903583446E-15));
#8913=DIRECTION('center_axis',(-1.,0.,0.));
#8914=DIRECTION('ref_axis',(0.,0.81915204428899,-0.573576436351048));
#8915=DIRECTION('',(0.,-0.573576436351047,-0.819152044288991));
#8916=DIRECTION('center_axis',(-1.,0.,0.));
#8917=DIRECTION('ref_axis',(0.,-1.04320510021205E-14,-1.));
#8918=DIRECTION('',(0.,-1.,1.55026680511913E-15));
#8919=DIRECTION('center_axis',(-1.,0.,0.));
#8920=DIRECTION('ref_axis',(0.,-0.81915204428899,0.573576436351049));
#8921=DIRECTION('',(0.,0.573576436351046,0.819152044288992));
#8922=DIRECTION('center_axis',(-1.,0.,0.));
#8923=DIRECTION('ref_axis',(0.,-2.8906252933815E-15,1.));
#8924=DIRECTION('',(0.,1.,2.08749903583446E-15));
#8925=DIRECTION('center_axis',(-1.,0.,0.));
#8926=DIRECTION('ref_axis',(0.,0.819152044288989,-0.573576436351049));
#8927=DIRECTION('',(0.,-0.573576436351047,-0.819152044288991));
#8928=DIRECTION('center_axis',(-1.,0.,0.));
#8929=DIRECTION('ref_axis',(0.,-1.04320510021205E-14,-1.));
#8930=DIRECTION('',(0.,-1.,1.55026680511913E-15));
#8931=DIRECTION('center_axis',(-1.,0.,0.));
#8932=DIRECTION('ref_axis',(0.,-0.81915204428899,0.573576436351049));
#8933=DIRECTION('',(0.,0.573576436351046,0.819152044288992));
#8934=DIRECTION('center_axis',(-1.,0.,0.));
#8935=DIRECTION('ref_axis',(0.,-2.8906252933815E-15,1.));
#8936=DIRECTION('',(0.,1.,2.08749903583447E-15));
#8937=DIRECTION('center_axis',(-1.,0.,0.));
#8938=DIRECTION('ref_axis',(0.,0.81915204428899,-0.573576436351048));
#8939=DIRECTION('',(0.,-0.573576436351047,-0.819152044288991));
#8940=DIRECTION('center_axis',(-1.,0.,0.));
#8941=DIRECTION('ref_axis',(0.,-8.21160495287016E-15,-1.));
#8942=DIRECTION('',(0.,-1.,1.55026680511913E-15));
#8943=DIRECTION('center_axis',(-1.,0.,0.));
#8944=DIRECTION('ref_axis',(0.,-0.81915204428899,0.573576436351048));
#8945=DIRECTION('',(0.,0.573576436351047,0.819152044288991));
#8946=DIRECTION('center_axis',(-1.,0.,0.));
#8947=DIRECTION('ref_axis',(0.,-2.8906252933815E-15,1.));
#8948=DIRECTION('',(0.,1.,2.08749903583446E-15));
#8949=DIRECTION('center_axis',(-1.,0.,0.));
#8950=DIRECTION('ref_axis',(0.,0.819152044288989,-0.573576436351049));
#8951=DIRECTION('',(0.,-0.573576436351047,-0.819152044288991));
#8952=DIRECTION('center_axis',(-1.,0.,0.));
#8953=DIRECTION('ref_axis',(0.,-1.04320510021205E-14,-1.));
#8954=DIRECTION('',(0.,-1.,1.55026680511913E-15));
#8955=DIRECTION('center_axis',(-1.,0.,0.));
#8956=DIRECTION('ref_axis',(0.,-0.81915204428899,0.573576436351049));
#8957=DIRECTION('',(0.,0.573576436351046,0.819152044288992));
#8958=DIRECTION('center_axis',(-1.,0.,0.));
#8959=DIRECTION('ref_axis',(0.,-2.8906252933815E-15,1.));
#8960=DIRECTION('center_axis',(0.,0.,-1.));
#8961=DIRECTION('ref_axis',(1.,0.,0.));
#8962=DIRECTION('center_axis',(0.,0.,-1.));
#8963=DIRECTION('ref_axis',(8.74514136320039E-14,1.,0.));
#8964=DIRECTION('',(0.,1.,0.));
#8965=DIRECTION('center_axis',(0.,0.,-1.));
#8966=DIRECTION('ref_axis',(1.,-8.74514136320039E-14,0.));
#8967=DIRECTION('',(1.,0.,0.));
#8968=DIRECTION('center_axis',(0.,0.,-1.));
#8969=DIRECTION('ref_axis',(-8.74514136320039E-14,-1.,0.));
#8970=DIRECTION('',(0.,-1.,0.));
#8971=DIRECTION('center_axis',(0.,0.,-1.));
#8972=DIRECTION('ref_axis',(-1.,8.74514136320039E-14,0.));
#8973=DIRECTION('',(-1.,0.,0.));
#8974=DIRECTION('center_axis',(0.,0.,-1.));
#8975=DIRECTION('ref_axis',(1.,0.,0.));
#8976=DIRECTION('center_axis',(0.,0.,-1.));
#8977=DIRECTION('ref_axis',(1.,0.,0.));
#8978=DIRECTION('center_axis',(0.,0.,-1.));
#8979=DIRECTION('ref_axis',(1.,0.,0.));
#8980=DIRECTION('center_axis',(0.,0.,-1.));
#8981=DIRECTION('ref_axis',(1.,0.,0.));
#8982=DIRECTION('center_axis',(0.,0.,1.));
#8983=DIRECTION('ref_axis',(1.,5.96305732140684E-31,3.80571779801236E-16));
#8984=DIRECTION('center_axis',(0.,0.,1.));
#8985=DIRECTION('ref_axis',(1.,5.96305732140683E-31,3.80571779801236E-16));
#8986=DIRECTION('center_axis',(0.,0.,1.));
#8987=DIRECTION('ref_axis',(1.,5.96305732140684E-31,3.80571779801236E-16));
#8988=DIRECTION('center_axis',(0.,0.,1.));
#8989=DIRECTION('ref_axis',(1.,5.96305732140683E-31,3.80571779801236E-16));
#8990=DIRECTION('center_axis',(0.,0.,1.));
#8991=DIRECTION('ref_axis',(1.,2.52912648915333E-27,0.));
#8992=DIRECTION('center_axis',(0.,0.,1.));
#8993=DIRECTION('ref_axis',(1.,2.52912546661345E-27,0.));
#8994=DIRECTION('center_axis',(0.,0.,1.));
#8995=DIRECTION('ref_axis',(1.,2.52811250575538E-27,0.));
#8996=DIRECTION('',(0.,-1.,0.));
#8997=DIRECTION('center_axis',(0.,0.,1.));
#8998=DIRECTION('ref_axis',(0.707106781186547,-0.707106781186547,0.));
#8999=DIRECTION('',(1.,0.,0.));
#9000=DIRECTION('center_axis',(0.,0.,-1.));
#9001=DIRECTION('ref_axis',(-0.707106781186546,0.707106781186549,0.));
#9002=DIRECTION('',(0.,1.,0.));
#9003=DIRECTION('center_axis',(0.,0.,-1.));
#9004=DIRECTION('ref_axis',(-0.707106781186549,-0.707106781186546,0.));
#9005=DIRECTION('',(-1.,0.,0.));
#9006=DIRECTION('center_axis',(0.,0.,-1.));
#9007=DIRECTION('ref_axis',(0.707106781186548,-0.707106781186548,0.));
#9008=DIRECTION('',(0.,-1.,0.));
#9009=DIRECTION('center_axis',(0.,0.,1.));
#9010=DIRECTION('ref_axis',(-0.707106781186547,0.707106781186547,0.));
#9011=DIRECTION('center_axis',(0.,0.,-1.));
#9012=DIRECTION('ref_axis',(-1.,0.,0.));
#9013=DIRECTION('',(0.,1.,0.));
#9014=DIRECTION('center_axis',(0.,0.,-1.));
#9015=DIRECTION('ref_axis',(0.707106781186547,0.707106781186547,0.));
#9016=DIRECTION('',(-1.,0.,0.));
#9017=DIRECTION('center_axis',(0.,0.,-1.));
#9018=DIRECTION('ref_axis',(-0.707106781186547,0.707106781186547,0.));
#9019=DIRECTION('center_axis',(1.,-1.85398664823232E-32,1.42226795758193E-16));
#9020=DIRECTION('ref_axis',(2.22044604925031E-16,-0.370916204010836,-0.928666339221031));
#9021=DIRECTION('center_axis',(1.,0.,0.));
#9022=DIRECTION('ref_axis',(0.,-0.370916204010836,-0.928666339221031));
#9023=DIRECTION('',(-1.,1.85398664823232E-32,-1.42226795758193E-16));
#9024=DIRECTION('center_axis',(-1.,0.,0.));
#9025=DIRECTION('ref_axis',(0.,0.,-1.));
#9026=DIRECTION('',(1.,0.,0.));
#9027=DIRECTION('center_axis',(0.74983606828282,0.396005439772626,-0.530024114897286));
#9028=DIRECTION('ref_axis',(-4.44089209850063E-16,-0.801096068634572,-0.598535787416452));
#9029=DIRECTION('',(1.,0.,0.));
#9030=DIRECTION('center_axis',(-0.749836068280237,0.396005439768018,-0.530024114904384));
#9031=DIRECTION('ref_axis',(0.577212278090555,1.20126131264442E-13,-0.816594137880938));
#9032=DIRECTION('',(1.,0.,0.));
#9033=DIRECTION('center_axis',(0.48950806948857,-8.83183112882124E-16,-0.87199876714682));
#9034=DIRECTION('ref_axis',(-2.22044604925031E-16,-1.,8.88178419700125E-16));
#9035=DIRECTION('',(1.,0.,0.));
#9036=DIRECTION('center_axis',(-0.489508069488569,-1.35535835222361E-15,
-0.87199876714682));
#9037=DIRECTION('ref_axis',(0.854575353431619,-0.198903931357893,-0.479727205188112));
#9038=DIRECTION('',(1.,0.,0.));
#9039=DIRECTION('center_axis',(0.,1.,-1.55026679025645E-15));
#9040=DIRECTION('ref_axis',(-0.87199876714682,-7.6676749794263E-16,-0.489508069488569));
#9041=DIRECTION('center_axis',(-2.76641022815323E-15,-1.99840144432528E-15,
-1.));
#9042=DIRECTION('ref_axis',(0.,-1.,1.99840144432528E-15));
#9043=DIRECTION('center_axis',(0.,-1.,1.55026679025645E-15));
#9044=DIRECTION('ref_axis',(0.,1.55026679025645E-15,1.));
#9045=DIRECTION('center_axis',(0.,1.,-1.55026679025645E-15));
#9046=DIRECTION('ref_axis',(-0.87199876714682,-7.48456974335412E-16,-0.48950806948857));
#9047=DIRECTION('center_axis',(0.,1.,-1.55026679025645E-15));
#9048=DIRECTION('ref_axis',(0.87199876714682,-7.66767497942631E-16,-0.489508069488569));
#9049=DIRECTION('center_axis',(1.95025530061654E-15,-1.55431223447522E-15,
-1.));
#9050=DIRECTION('ref_axis',(0.98001899271921,-0.198903931357893,2.22044604925031E-15));
#9051=DIRECTION('center_axis',(0.,1.,-1.55026679025645E-15));
#9052=DIRECTION('ref_axis',(0.87199876714682,-7.48456974335412E-16,-0.489508069488569));
#9053=DIRECTION('center_axis',(0.,-1.,1.55026679025645E-15));
#9054=DIRECTION('ref_axis',(0.,1.55026679025645E-15,1.));
#9055=DIRECTION('center_axis',(7.40246071067906E-15,0.,1.));
#9056=DIRECTION('ref_axis',(-0.98001899271921,-0.198903931357894,7.32747196252603E-15));
#9057=DIRECTION('center_axis',(-7.47686730253549E-15,0.,-1.));
#9058=DIRECTION('ref_axis',(0.,-1.,0.));
#9059=DIRECTION('',(7.40246071067906E-15,0.,1.));
#9060=DIRECTION('',(-7.40246071067906E-15,0.,-1.));
#9061=DIRECTION('center_axis',(-1.55918163370566E-15,0.,-1.));
#9062=DIRECTION('ref_axis',(0.98001899271921,-0.198903931357894,-1.55431223447522E-15));
#9063=DIRECTION('center_axis',(-1.58600215508329E-15,0.,-1.));
#9064=DIRECTION('ref_axis',(0.980018992719209,-0.198903931357895,-1.55431223447522E-15));
#9065=DIRECTION('',(1.55918163370566E-15,0.,1.));
#9066=DIRECTION('',(-1.55918163370566E-15,0.,-1.));
#9067=DIRECTION('center_axis',(0.,1.,-1.55026679025645E-15));
#9068=DIRECTION('ref_axis',(-1.,0.,4.21722123868447E-15));
#9069=DIRECTION('center_axis',(-1.,-4.02472253640819E-30,-2.2657173644047E-15));
#9070=DIRECTION('ref_axis',(0.,-1.,1.77635683940025E-15));
#9071=DIRECTION('center_axis',(0.,-1.,1.55026679025645E-15));
#9072=DIRECTION('ref_axis',(0.,1.55026679025645E-15,1.));
#9073=DIRECTION('center_axis',(0.,1.,-1.55026679025645E-15));
#9074=DIRECTION('ref_axis',(-1.,0.,4.24352888512206E-15));
#9075=DIRECTION('center_axis',(0.,1.,-1.55026679025645E-15));
#9076=DIRECTION('ref_axis',(1.,0.,-7.6676749794263E-16));
#9077=DIRECTION('center_axis',(1.,4.82966704368983E-30,2.71886083728563E-15));
#9078=DIRECTION('ref_axis',(-2.66453525910037E-15,-0.198903931357893,0.98001899271921));
#9079=DIRECTION('center_axis',(0.,1.,-1.55026679025645E-15));
#9080=DIRECTION('ref_axis',(1.,0.,-7.46184277114025E-16));
#9081=DIRECTION('center_axis',(0.,-1.,1.55026679025645E-15));
#9082=DIRECTION('ref_axis',(0.,1.55026679025645E-15,1.));
#9083=DIRECTION('center_axis',(1.,0.,8.81280584340028E-16));
#9084=DIRECTION('ref_axis',(-8.88178419700125E-16,-0.198903931357895,0.980018992719209));
#9085=DIRECTION('',(1.,0.,8.81280584340028E-16));
#9086=DIRECTION('',(-1.,0.,-8.81280584340028E-16));
#9087=DIRECTION('center_axis',(-6.53052458887482E-31,1.,1.30354244314438E-16));
#9088=DIRECTION('ref_axis',(-3.88578058618804E-16,-1.30354244314438E-16,
1.));
#9089=DIRECTION('',(-6.53052458887482E-31,1.,1.30354244314438E-16));
#9090=DIRECTION('center_axis',(0.,-1.,1.55026679025645E-15));
#9091=DIRECTION('ref_axis',(-3.88578058618804E-16,-1.30354244314438E-16,
1.));
#9092=DIRECTION('center_axis',(-1.42226795758193E-16,-1.30354244314438E-16,
1.));
#9093=DIRECTION('ref_axis',(1.,-2.91738500451561E-32,1.42226795758193E-16));
#9094=DIRECTION('',(-6.53052458887482E-31,1.,1.30354244314438E-16));
#9095=DIRECTION('',(-1.,-2.20489478148513E-31,-1.42226795758193E-16));
#9096=DIRECTION('center_axis',(-6.53052458887482E-31,1.,1.30354244314438E-16));
#9097=DIRECTION('ref_axis',(1.,9.28024797338936E-31,-2.1094237467878E-15));
#9098=DIRECTION('center_axis',(0.,-1.,1.55026679025645E-15));
#9099=DIRECTION('ref_axis',(1.,9.28024797338936E-31,-2.1094237467878E-15));
#9100=DIRECTION('center_axis',(0.,-1.,1.55026679025645E-15));
#9101=DIRECTION('ref_axis',(-3.88578058618804E-16,1.55026679025645E-15,
1.));
#9102=DIRECTION('',(5.55111512312578E-16,-1.55026679025645E-15,-1.));
#9103=DIRECTION('center_axis',(0.,1.,-1.55026679025645E-15));
#9104=DIRECTION('ref_axis',(-0.707106781186548,-7.85046229341887E-16,-0.707106781186548));
#9105=DIRECTION('',(1.,0.,0.));
#9106=DIRECTION('center_axis',(0.,1.,-1.55026679025645E-15));
#9107=DIRECTION('ref_axis',(0.707106781186548,-7.85046229341887E-16,-0.707106781186548));
#9108=DIRECTION('',(0.,1.55026679025645E-15,1.));
#9109=DIRECTION('center_axis',(0.,1.,-1.55026679025645E-15));
#9110=DIRECTION('ref_axis',(0.707106781186548,7.85046229341887E-16,0.707106781186547));
#9111=DIRECTION('',(-1.,0.,0.));
#9112=DIRECTION('center_axis',(0.,1.,-1.55026679025645E-15));
#9113=DIRECTION('ref_axis',(-0.707106781186548,7.85046229341888E-16,0.707106781186547));
#9114=DIRECTION('center_axis',(0.,1.,-1.11022302462516E-15));
#9115=DIRECTION('ref_axis',(0.707106781186548,-7.85046229341887E-16,-0.707106781186548));
#9116=DIRECTION('center_axis',(0.,-1.,0.));
#9117=DIRECTION('ref_axis',(0.707106781186548,-7.85046229341887E-16,-0.707106781186548));
#9118=DIRECTION('',(0.,1.,-1.11022302462516E-15));
#9119=DIRECTION('',(0.,-1.,1.11022302462516E-15));
#9120=DIRECTION('center_axis',(1.,0.,0.));
#9121=DIRECTION('ref_axis',(0.,0.,-1.));
#9122=DIRECTION('',(0.,0.,-1.));
#9123=DIRECTION('',(0.,-1.,1.11022302462516E-15));
#9124=DIRECTION('center_axis',(-6.16297582203915E-31,-1.,1.11022302462516E-15));
#9125=DIRECTION('ref_axis',(-0.707106781186548,-7.85046229341887E-16,-0.707106781186548));
#9126=DIRECTION('',(-6.16297582203915E-31,-1.,1.11022302462516E-15));
#9127=DIRECTION('center_axis',(0.,-1.,0.));
#9128=DIRECTION('ref_axis',(-0.707106781186548,-7.85046229341887E-16,-0.707106781186548));
#9129=DIRECTION('',(6.16297582203915E-31,1.,-1.11022302462516E-15));
#9130=DIRECTION('center_axis',(-1.,0.,-5.55111512312578E-16));
#9131=DIRECTION('ref_axis',(-5.55111512312578E-16,0.,1.));
#9132=DIRECTION('',(6.16297582203915E-31,1.,-1.11022302462516E-15));
#9133=DIRECTION('',(-5.55111512312578E-16,0.,1.));
#9134=DIRECTION('center_axis',(6.16297582203915E-31,1.,-1.11022302462516E-15));
#9135=DIRECTION('ref_axis',(-0.707106781186548,7.85046229341888E-16,0.707106781186547));
#9136=DIRECTION('center_axis',(0.,-1.,0.));
#9137=DIRECTION('ref_axis',(-0.707106781186548,7.85046229341888E-16,0.707106781186547));
#9138=DIRECTION('',(-6.16297582203915E-31,-1.,1.11022302462516E-15));
#9139=DIRECTION('center_axis',(0.,-1.,1.11022302462516E-15));
#9140=DIRECTION('ref_axis',(0.707106781186548,7.85046229341887E-16,0.707106781186547));
#9141=DIRECTION('center_axis',(0.,-1.,0.));
#9142=DIRECTION('ref_axis',(0.707106781186548,7.85046229341887E-16,0.707106781186547));
#9143=DIRECTION('',(0.,1.,-1.11022302462516E-15));
#9144=DIRECTION('center_axis',(0.,-1.,0.));
#9145=DIRECTION('ref_axis',(1.,0.,0.));
#9146=DIRECTION('',(-1.,0.,0.));
#9147=DIRECTION('',(0.,0.,1.));
#9148=DIRECTION('',(-1.,0.,0.));
#9149=DIRECTION('',(0.,0.,1.));
#9150=DIRECTION('',(-1.,0.,-5.55111512312578E-16));
#9151=DIRECTION('',(1.,0.,5.55111512312578E-16));
#9152=DIRECTION('',(-0.573576436351044,0.,-0.819152044288993));
#9153=DIRECTION('center_axis',(0.,1.,0.));
#9154=DIRECTION('ref_axis',(3.88578058618809E-16,-1.38050658450413E-30,
-1.));
#9155=DIRECTION('',(-1.,0.,-3.88578058618809E-16));
#9156=DIRECTION('center_axis',(0.,1.,0.));
#9157=DIRECTION('ref_axis',(-0.819152044288993,2.9102126727629E-15,0.573576436351045));
#9158=DIRECTION('',(0.573576436351044,0.,0.819152044288993));
#9159=DIRECTION('center_axis',(0.,1.,0.));
#9160=DIRECTION('ref_axis',(-3.88578058618809E-16,1.38050658450411E-30,
1.));
#9161=DIRECTION('',(1.,0.,4.02634389957244E-15));
#9162=DIRECTION('center_axis',(0.,1.,0.));
#9163=DIRECTION('ref_axis',(0.819152044288991,-2.91021267276289E-15,-0.573576436351048));
#9164=DIRECTION('',(-0.573576436351044,0.,-0.819152044288993));
#9165=DIRECTION('center_axis',(0.,1.,0.));
#9166=DIRECTION('ref_axis',(3.88578058618809E-16,-1.03537993883727E-30,
-1.));
#9167=DIRECTION('',(-1.,0.,-3.88578058618809E-16));
#9168=DIRECTION('center_axis',(0.,1.,0.));
#9169=DIRECTION('ref_axis',(-0.819152044288993,2.18265950457217E-15,0.573576436351045));
#9170=DIRECTION('',(0.573576436351044,0.,0.819152044288993));
#9171=DIRECTION('center_axis',(0.,1.,0.));
#9172=DIRECTION('ref_axis',(-3.88578058618809E-16,1.03537993883726E-30,
1.));
#9173=DIRECTION('',(1.,0.,4.02634389957244E-15));
#9174=DIRECTION('center_axis',(0.,1.,0.));
#9175=DIRECTION('ref_axis',(0.819152044288991,-2.18265950457217E-15,-0.573576436351048));
#9176=DIRECTION('',(-0.573576436351044,0.,-0.819152044288993));
#9177=DIRECTION('center_axis',(0.,1.,0.));
#9178=DIRECTION('ref_axis',(3.88578058618809E-16,-1.03537993883727E-30,
-1.));
#9179=DIRECTION('',(-1.,0.,-3.88578058618809E-16));
#9180=DIRECTION('center_axis',(0.,1.,0.));
#9181=DIRECTION('ref_axis',(-0.819152044288993,2.18265950457217E-15,0.573576436351045));
#9182=DIRECTION('',(0.573576436351044,0.,0.819152044288993));
#9183=DIRECTION('center_axis',(0.,1.,0.));
#9184=DIRECTION('ref_axis',(-3.88578058618809E-16,1.03537993883726E-30,
1.));
#9185=DIRECTION('',(1.,0.,4.02634389957244E-15));
#9186=DIRECTION('center_axis',(0.,1.,0.));
#9187=DIRECTION('ref_axis',(0.819152044288991,-2.18265950457217E-15,-0.573576436351048));
#9188=DIRECTION('',(-0.573576436351044,0.,-0.819152044288993));
#9189=DIRECTION('center_axis',(0.,1.,0.));
#9190=DIRECTION('ref_axis',(3.88578058618809E-16,-1.03537993883727E-30,
-1.));
#9191=DIRECTION('',(-1.,0.,-3.88578058618809E-16));
#9192=DIRECTION('center_axis',(0.,1.,0.));
#9193=DIRECTION('ref_axis',(-0.819152044288993,2.18265950457217E-15,0.573576436351045));
#9194=DIRECTION('',(0.573576436351044,0.,0.819152044288993));
#9195=DIRECTION('center_axis',(0.,1.,0.));
#9196=DIRECTION('ref_axis',(-3.88578058618809E-16,1.03537993883726E-30,
1.));
#9197=DIRECTION('',(1.,0.,4.02634389957244E-15));
#9198=DIRECTION('center_axis',(0.,1.,0.));
#9199=DIRECTION('ref_axis',(0.819152044288991,-2.18265950457217E-15,-0.573576436351048));
#9200=DIRECTION('',(-0.573576436351044,0.,-0.819152044288993));
#9201=DIRECTION('center_axis',(0.,1.,0.));
#9202=DIRECTION('ref_axis',(3.88578058618809E-16,-1.03537993883727E-30,
-1.));
#9203=DIRECTION('',(-1.,0.,-3.88578058618809E-16));
#9204=DIRECTION('center_axis',(0.,1.,0.));
#9205=DIRECTION('ref_axis',(-0.819152044288993,2.18265950457217E-15,0.573576436351045));
#9206=DIRECTION('',(0.573576436351044,0.,0.819152044288993));
#9207=DIRECTION('center_axis',(0.,1.,0.));
#9208=DIRECTION('ref_axis',(-3.88578058618809E-16,1.03537993883726E-30,
1.));
#9209=DIRECTION('',(1.,0.,4.02634389957244E-15));
#9210=DIRECTION('center_axis',(0.,1.,0.));
#9211=DIRECTION('ref_axis',(0.819152044288991,-2.18265950457217E-15,-0.573576436351048));
#9212=DIRECTION('',(-0.573576436351044,0.,-0.819152044288993));
#9213=DIRECTION('center_axis',(0.,1.,0.));
#9214=DIRECTION('ref_axis',(3.88578058618809E-16,-1.38050658450413E-30,
-1.));
#9215=DIRECTION('',(-1.,0.,-3.88578058618809E-16));
#9216=DIRECTION('center_axis',(0.,1.,0.));
#9217=DIRECTION('ref_axis',(-0.819152044288993,2.9102126727629E-15,0.573576436351045));
#9218=DIRECTION('',(0.573576436351044,0.,0.819152044288993));
#9219=DIRECTION('center_axis',(0.,1.,0.));
#9220=DIRECTION('ref_axis',(-3.88578058618809E-16,1.38050658450411E-30,
1.));
#9221=DIRECTION('',(1.,0.,4.02634389957244E-15));
#9222=DIRECTION('center_axis',(0.,1.,0.));
#9223=DIRECTION('ref_axis',(0.819152044288991,-2.91021267276289E-15,-0.573576436351048));
#9224=DIRECTION('',(-0.573576436351044,0.,-0.819152044288993));
#9225=DIRECTION('center_axis',(0.,1.,0.));
#9226=DIRECTION('ref_axis',(3.88578058618809E-16,-1.03537993883727E-30,
-1.));
#9227=DIRECTION('',(-1.,0.,-3.88578058618809E-16));
#9228=DIRECTION('center_axis',(0.,1.,0.));
#9229=DIRECTION('ref_axis',(-0.819152044288993,2.18265950457217E-15,0.573576436351045));
#9230=DIRECTION('',(0.573576436351044,0.,0.819152044288993));
#9231=DIRECTION('center_axis',(0.,1.,0.));
#9232=DIRECTION('ref_axis',(-3.88578058618809E-16,1.03537993883726E-30,
1.));
#9233=DIRECTION('',(1.,0.,4.02634389957244E-15));
#9234=DIRECTION('center_axis',(0.,1.,0.));
#9235=DIRECTION('ref_axis',(0.819152044288991,-2.18265950457217E-15,-0.573576436351048));
#9236=DIRECTION('',(-0.573576436351044,0.,-0.819152044288993));
#9237=DIRECTION('center_axis',(0.,1.,0.));
#9238=DIRECTION('ref_axis',(3.88578058618809E-16,-1.05695035384707E-30,
-1.));
#9239=DIRECTION('',(-1.,0.,-3.88578058618809E-16));
#9240=DIRECTION('center_axis',(0.,1.,0.));
#9241=DIRECTION('ref_axis',(-0.819152044288993,2.22813157758409E-15,0.573576436351045));
#9242=DIRECTION('',(0.573576436351044,0.,0.819152044288993));
#9243=DIRECTION('center_axis',(0.,1.,0.));
#9244=DIRECTION('ref_axis',(-3.88578058618809E-16,1.05695035384706E-30,
1.));
#9245=DIRECTION('',(1.,0.,4.02634389957244E-15));
#9246=DIRECTION('center_axis',(0.,1.,0.));
#9247=DIRECTION('ref_axis',(0.819152044288991,-2.22813157758409E-15,-0.573576436351048));
#9248=DIRECTION('',(-0.573576436351044,0.,-0.819152044288993));
#9249=DIRECTION('center_axis',(0.,1.,0.));
#9250=DIRECTION('ref_axis',(3.88578058618809E-16,-1.03537993883727E-30,
-1.));
#9251=DIRECTION('',(-1.,0.,-3.88578058618809E-16));
#9252=DIRECTION('center_axis',(0.,1.,0.));
#9253=DIRECTION('ref_axis',(-0.819152044288993,2.18265950457217E-15,0.573576436351045));
#9254=DIRECTION('',(0.573576436351044,0.,0.819152044288993));
#9255=DIRECTION('center_axis',(0.,1.,0.));
#9256=DIRECTION('ref_axis',(-3.88578058618809E-16,1.03537993883726E-30,
1.));
#9257=DIRECTION('',(1.,0.,4.02634389957244E-15));
#9258=DIRECTION('center_axis',(0.,1.,0.));
#9259=DIRECTION('ref_axis',(0.819152044288991,-2.18265950457217E-15,-0.573576436351048));
#9260=DIRECTION('',(-0.573576436351044,0.,-0.819152044288993));
#9261=DIRECTION('center_axis',(0.,1.,0.));
#9262=DIRECTION('ref_axis',(3.88578058618809E-16,-1.03537993883727E-30,
-1.));
#9263=DIRECTION('',(-1.,0.,-3.88578058618809E-16));
#9264=DIRECTION('center_axis',(0.,1.,0.));
#9265=DIRECTION('ref_axis',(-0.819152044288993,2.18265950457217E-15,0.573576436351045));
#9266=DIRECTION('',(0.573576436351044,0.,0.819152044288993));
#9267=DIRECTION('center_axis',(0.,1.,0.));
#9268=DIRECTION('ref_axis',(-3.88578058618809E-16,1.03537993883726E-30,
1.));
#9269=DIRECTION('',(1.,0.,4.02634389957244E-15));
#9270=DIRECTION('center_axis',(0.,1.,0.));
#9271=DIRECTION('ref_axis',(0.819152044288991,-2.18265950457217E-15,-0.573576436351048));
#9272=DIRECTION('',(-0.573576436351044,0.,-0.819152044288993));
#9273=DIRECTION('center_axis',(0.,1.,0.));
#9274=DIRECTION('ref_axis',(3.88578058618809E-16,-1.03537993883727E-30,
-1.));
#9275=DIRECTION('',(-1.,0.,-3.88578058618809E-16));
#9276=DIRECTION('center_axis',(0.,1.,0.));
#9277=DIRECTION('ref_axis',(-0.819152044288993,2.18265950457217E-15,0.573576436351045));
#9278=DIRECTION('',(0.573576436351044,0.,0.819152044288993));
#9279=DIRECTION('center_axis',(0.,1.,0.));
#9280=DIRECTION('ref_axis',(-3.88578058618809E-16,1.03537993883726E-30,
1.));
#9281=DIRECTION('',(1.,0.,4.02634389957244E-15));
#9282=DIRECTION('center_axis',(0.,1.,0.));
#9283=DIRECTION('ref_axis',(0.819152044288991,-2.18265950457217E-15,-0.573576436351048));
#9284=DIRECTION('',(-0.573576436351044,0.,-0.819152044288993));
#9285=DIRECTION('center_axis',(0.,1.,0.));
#9286=DIRECTION('ref_axis',(3.88578058618809E-16,-1.38050658450413E-30,
-1.));
#9287=DIRECTION('',(-1.,0.,-3.88578058618809E-16));
#9288=DIRECTION('center_axis',(0.,1.,0.));
#9289=DIRECTION('ref_axis',(-0.819152044288993,2.9102126727629E-15,0.573576436351045));
#9290=DIRECTION('',(0.573576436351044,0.,0.819152044288993));
#9291=DIRECTION('center_axis',(0.,1.,0.));
#9292=DIRECTION('ref_axis',(-3.88578058618809E-16,1.38050658450411E-30,
1.));
#9293=DIRECTION('',(1.,0.,4.02634389957244E-15));
#9294=DIRECTION('center_axis',(0.,1.,0.));
#9295=DIRECTION('ref_axis',(0.819152044288991,-2.91021267276289E-15,-0.573576436351048));
#9296=DIRECTION('center_axis',(0.,-1.11022302462516E-15,-1.));
#9297=DIRECTION('ref_axis',(-1.,0.,0.));
#9298=DIRECTION('center_axis',(0.,1.11022302462516E-15,1.));
#9299=DIRECTION('ref_axis',(1.,0.,0.));
#9300=DIRECTION('center_axis',(0.,0.,-1.));
#9301=DIRECTION('ref_axis',(0.707106781186547,0.707106781186547,0.));
#9302=DIRECTION('center_axis',(0.,0.,1.));
#9303=DIRECTION('ref_axis',(0.707106781186547,0.707106781186547,0.));
#9304=DIRECTION('',(0.,0.,-1.));
#9305=DIRECTION('',(0.,0.,1.));
#9306=DIRECTION('center_axis',(0.,1.,0.));
#9307=DIRECTION('ref_axis',(1.,0.,0.));
#9308=DIRECTION('',(-1.,0.,0.));
#9309=DIRECTION('',(0.,0.,1.));
#9310=DIRECTION('center_axis',(0.,0.,1.));
#9311=DIRECTION('ref_axis',(-0.707106781186547,0.707106781186547,0.));
#9312=DIRECTION('center_axis',(0.,0.,1.));
#9313=DIRECTION('ref_axis',(-0.707106781186547,0.707106781186547,0.));
#9314=DIRECTION('',(0.,0.,-1.));
#9315=DIRECTION('center_axis',(-1.,0.,0.));
#9316=DIRECTION('ref_axis',(0.,1.,0.));
#9317=DIRECTION('',(0.,1.,0.));
#9318=DIRECTION('',(0.,0.,1.));
#9319=DIRECTION('center_axis',(1.,0.,0.));
#9320=DIRECTION('ref_axis',(0.,-1.,0.));
#9321=DIRECTION('',(0.,0.,-1.));
#9322=DIRECTION('',(0.,-1.,0.));
#9323=DIRECTION('center_axis',(0.,0.,-1.));
#9324=DIRECTION('ref_axis',(1.,2.52811250575538E-27,6.11656558735269E-13));
#9325=DIRECTION('center_axis',(0.,0.,1.));
#9326=DIRECTION('ref_axis',(1.,2.52811250575538E-27,0.));
#9327=DIRECTION('',(0.707106781173387,-8.659560562015E-17,0.707106781199708));
#9328=DIRECTION('center_axis',(0.,0.,-1.));
#9329=DIRECTION('ref_axis',(1.,2.52811250575538E-27,1.63108415662805E-12));
#9330=DIRECTION('center_axis',(0.,0.,-1.));
#9331=DIRECTION('ref_axis',(-1.,0.,0.));
#9332=DIRECTION('',(-1.,0.,0.));
#9333=DIRECTION('center_axis',(0.,0.,1.));
#9334=DIRECTION('ref_axis',(-1.,0.,0.));
#9335=DIRECTION('',(0.,-1.,0.));
#9336=DIRECTION('center_axis',(0.,0.,-1.));
#9337=DIRECTION('ref_axis',(1.,0.,0.));
#9338=DIRECTION('',(0.,-1.,0.));
#9339=DIRECTION('center_axis',(0.,0.,-1.));
#9340=DIRECTION('ref_axis',(1.,0.,0.));
#9341=DIRECTION('',(0.,-1.,0.));
#9342=DIRECTION('center_axis',(0.,0.,1.));
#9343=DIRECTION('ref_axis',(-3.78956125738562E-13,-1.,0.));
#9344=DIRECTION('',(1.,0.,0.));
#9345=DIRECTION('center_axis',(0.,0.,1.));
#9346=DIRECTION('ref_axis',(1.,-3.78956125738562E-13,0.));
#9347=DIRECTION('',(0.,1.,0.));
#9348=DIRECTION('center_axis',(0.,0.,-1.));
#9349=DIRECTION('ref_axis',(1.,0.,0.));
#9350=DIRECTION('center_axis',(0.,0.,-1.));
#9351=DIRECTION('ref_axis',(1.,0.,0.));
#9352=DIRECTION('',(0.,1.,0.));
#9353=DIRECTION('center_axis',(0.,0.,-1.));
#9354=DIRECTION('ref_axis',(1.,0.,0.));
#9355=DIRECTION('center_axis',(0.,0.,-1.));
#9356=DIRECTION('ref_axis',(1.,0.,0.));
#9357=DIRECTION('',(0.,1.,0.));
#9358=DIRECTION('center_axis',(0.,0.,1.));
#9359=DIRECTION('ref_axis',(-1.,0.,0.));
#9360=DIRECTION('center_axis',(0.,0.,-1.));
#9361=DIRECTION('ref_axis',(-0.707106781186547,0.707106781186547,0.));
#9362=DIRECTION('',(0.,-1.,0.));
#9363=DIRECTION('center_axis',(0.,0.,1.));
#9364=DIRECTION('ref_axis',(0.707106781186548,-0.707106781186548,0.));
#9365=DIRECTION('',(-1.,0.,0.));
#9366=DIRECTION('center_axis',(0.,0.,1.));
#9367=DIRECTION('ref_axis',(-0.707106781186549,-0.707106781186546,0.));
#9368=DIRECTION('',(0.,1.,0.));
#9369=DIRECTION('center_axis',(0.,0.,1.));
#9370=DIRECTION('ref_axis',(-0.707106781186546,0.707106781186549,0.));
#9371=DIRECTION('',(1.,0.,0.));
#9372=DIRECTION('center_axis',(0.,0.,-1.));
#9373=DIRECTION('ref_axis',(0.707106781186547,-0.707106781186547,0.));
#9374=DIRECTION('center_axis',(0.,0.,1.));
#9375=DIRECTION('ref_axis',(1.,2.52912648915333E-27,0.));
#9376=DIRECTION('center_axis',(0.,0.,1.));
#9377=DIRECTION('ref_axis',(1.,2.52912546661345E-27,0.));
#9378=DIRECTION('center_axis',(0.,0.,-1.));
#9379=DIRECTION('ref_axis',(1.,5.96305732140683E-31,3.80571779801236E-16));
#9380=DIRECTION('center_axis',(0.,0.,-1.));
#9381=DIRECTION('ref_axis',(1.,5.96305732140684E-31,3.80571779801236E-16));
#9382=DIRECTION('center_axis',(0.,0.,-1.));
#9383=DIRECTION('ref_axis',(1.,5.96305732140683E-31,3.80571779801236E-16));
#9384=DIRECTION('center_axis',(0.,0.,-1.));
#9385=DIRECTION('ref_axis',(1.,5.96305732140684E-31,3.80571779801236E-16));
#9386=DIRECTION('center_axis',(-1.63108415662805E-12,1.55026679025645E-15,
1.));
#9387=DIRECTION('ref_axis',(1.,2.52811250575538E-27,1.63108415662805E-12));
#9388=DIRECTION('center_axis',(0.,0.,1.));
#9389=DIRECTION('ref_axis',(1.,2.52902886852993E-27,1.63167525667632E-12));
#9390=DIRECTION('',(1.63108415662805E-12,-1.55026679025645E-15,-1.));
#9391=DIRECTION('center_axis',(0.,0.,-1.));
#9392=DIRECTION('ref_axis',(1.,2.52912648915333E-27,6.11781458825539E-13));
#9393=DIRECTION('',(0.707106781198111,-8.65956056231771E-17,0.707106781174984));
#9394=DIRECTION('center_axis',(0.,0.,-1.));
#9395=DIRECTION('ref_axis',(1.,2.52912648915333E-27,1.63141722353544E-12));
#9396=DIRECTION('center_axis',(-1.63141722353544E-12,1.55026679025645E-15,
1.));
#9397=DIRECTION('ref_axis',(1.,2.52912648915333E-27,1.63141722353544E-12));
#9398=DIRECTION('center_axis',(0.,0.,1.));
#9399=DIRECTION('ref_axis',(1.,2.52912109358515E-27,1.63141374312276E-12));
#9400=DIRECTION('',(1.63141722353544E-12,-1.55026679025645E-15,-1.));
#9401=DIRECTION('center_axis',(0.,0.,-1.));
#9402=DIRECTION('ref_axis',(1.,2.52912546661345E-27,6.11781458825539E-13));
#9403=DIRECTION('',(0.707106781198124,-8.65956056231786E-17,0.707106781174972));
#9404=DIRECTION('center_axis',(0.,0.,-1.));
#9405=DIRECTION('ref_axis',(1.,2.52912546661345E-27,1.63141722353544E-12));
#9406=DIRECTION('center_axis',(-1.63141722353544E-12,1.55026679025645E-15,
1.));
#9407=DIRECTION('ref_axis',(1.,2.52912546661345E-27,1.63141722353544E-12));
#9408=DIRECTION('center_axis',(0.,0.,1.));
#9409=DIRECTION('ref_axis',(1.,2.52912007104527E-27,1.63141374312276E-12));
#9410=DIRECTION('',(1.63141722353544E-12,-1.55026679025645E-15,-1.));
#9411=DIRECTION('center_axis',(-1.63108415662805E-12,1.55026679025645E-15,
1.));
#9412=DIRECTION('ref_axis',(1.,2.52811250575538E-27,1.63108415662805E-12));
#9413=DIRECTION('center_axis',(0.,0.,-1.));
#9414=DIRECTION('ref_axis',(1.,2.52902886852993E-27,1.63167525667632E-12));
#9415=DIRECTION('',(1.63108415662805E-12,-1.55026679025645E-15,-1.));
#9416=DIRECTION('center_axis',(0.,0.,1.));
#9417=DIRECTION('ref_axis',(-1.,0.,0.));
#9418=DIRECTION('center_axis',(-1.63141722353544E-12,1.55026679025645E-15,
1.));
#9419=DIRECTION('ref_axis',(1.,2.52912648915333E-27,1.63141722353544E-12));
#9420=DIRECTION('center_axis',(0.,0.,-1.));
#9421=DIRECTION('ref_axis',(1.,2.52912109358515E-27,1.63141374312276E-12));
#9422=DIRECTION('',(1.63141722353544E-12,-1.55026679025645E-15,-1.));
#9423=DIRECTION('center_axis',(0.,0.,1.));
#9424=DIRECTION('ref_axis',(-1.,0.,0.));
#9425=DIRECTION('center_axis',(-1.63141722353544E-12,1.55026679025645E-15,
1.));
#9426=DIRECTION('ref_axis',(1.,2.52912546661345E-27,1.63141722353544E-12));
#9427=DIRECTION('center_axis',(0.,0.,-1.));
#9428=DIRECTION('ref_axis',(1.,2.52912007104527E-27,1.63141374312276E-12));
#9429=DIRECTION('',(1.63141722353544E-12,-1.55026679025645E-15,-1.));
#9430=DIRECTION('center_axis',(0.,0.,1.));
#9431=DIRECTION('ref_axis',(-1.,0.,0.));
#9432=DIRECTION('center_axis',(-2.66453525910038E-15,-1.,0.));
#9433=DIRECTION('ref_axis',(0.819152044288991,-2.18265950457217E-15,-0.573576436351048));
#9434=DIRECTION('center_axis',(0.,-1.,0.));
#9435=DIRECTION('ref_axis',(0.819152044288991,-2.18265950457217E-15,-0.573576436351048));
#9436=DIRECTION('',(-2.66453525910038E-15,-1.,0.));
#9437=DIRECTION('center_axis',(0.,1.,0.));
#9438=DIRECTION('ref_axis',(0.819152044288991,-2.18265950457217E-15,-0.573576436351048));
#9439=DIRECTION('',(-2.66453525910038E-15,-1.,0.));
#9440=DIRECTION('center_axis',(0.819152044288993,-2.18265950457218E-15,
-0.573576436351044));
#9441=DIRECTION('ref_axis',(0.573576436351044,0.,0.819152044288993));
#9442=DIRECTION('',(0.573576436351044,0.,0.819152044288993));
#9443=DIRECTION('',(-2.66453525910038E-15,-1.,0.));
#9444=DIRECTION('',(-0.573576436351044,0.,-0.819152044288993));
#9445=DIRECTION('center_axis',(-2.66453525910038E-15,-1.,0.));
#9446=DIRECTION('ref_axis',(3.88578058618809E-16,-1.03537993810259E-30,
-1.));
#9447=DIRECTION('center_axis',(0.,-1.,0.));
#9448=DIRECTION('ref_axis',(3.88578058618809E-16,-1.03537993810259E-30,
-1.));
#9449=DIRECTION('',(-2.66453525910038E-15,-1.,0.));
#9450=DIRECTION('center_axis',(0.,1.,0.));
#9451=DIRECTION('ref_axis',(3.88578058618809E-16,-1.03537993810259E-30,
-1.));
#9452=DIRECTION('center_axis',(3.88578058618809E-16,-1.03537993810259E-30,
-1.));
#9453=DIRECTION('ref_axis',(1.,0.,3.88578058618809E-16));
#9454=DIRECTION('',(1.,0.,3.88578058618809E-16));
#9455=DIRECTION('',(-2.66453525910038E-15,-1.,0.));
#9456=DIRECTION('',(-1.,0.,-3.88578058618809E-16));
#9457=DIRECTION('center_axis',(-2.66453525910038E-15,-1.,0.));
#9458=DIRECTION('ref_axis',(-0.819152044288993,2.18265950457217E-15,0.573576436351045));
#9459=DIRECTION('center_axis',(0.,-1.,0.));
#9460=DIRECTION('ref_axis',(-0.819152044288993,2.18265950457217E-15,0.573576436351045));
#9461=DIRECTION('',(-2.66453525910038E-15,-1.,0.));
#9462=DIRECTION('center_axis',(0.,1.,0.));
#9463=DIRECTION('ref_axis',(-0.819152044288993,2.18265950457217E-15,0.573576436351045));
#9464=DIRECTION('center_axis',(-0.819152044288993,2.18265950457218E-15,
0.573576436351044));
#9465=DIRECTION('ref_axis',(-0.573576436351044,0.,-0.819152044288993));
#9466=DIRECTION('',(-0.573576436351044,0.,-0.819152044288993));
#9467=DIRECTION('',(-2.66453525910038E-15,-1.,0.));
#9468=DIRECTION('',(0.573576436351044,0.,0.819152044288993));
#9469=DIRECTION('center_axis',(-2.66453525910038E-15,-1.,0.));
#9470=DIRECTION('ref_axis',(-3.88578058618809E-16,1.03537993810259E-30,
1.));
#9471=DIRECTION('center_axis',(0.,-1.,0.));
#9472=DIRECTION('ref_axis',(-3.88578058618809E-16,1.03537993810259E-30,
1.));
#9473=DIRECTION('',(-2.66453525910038E-15,-1.,0.));
#9474=DIRECTION('center_axis',(0.,1.,0.));
#9475=DIRECTION('ref_axis',(-3.88578058618809E-16,1.03537993810259E-30,
1.));
#9476=DIRECTION('center_axis',(-4.02634389957244E-15,1.07283352856745E-29,
1.));
#9477=DIRECTION('ref_axis',(-1.,0.,-4.02634389957244E-15));
#9478=DIRECTION('',(-1.,0.,-4.02634389957244E-15));
#9479=DIRECTION('',(1.,0.,4.02634389957244E-15));
#9480=DIRECTION('center_axis',(-2.66453525910038E-15,-1.,0.));
#9481=DIRECTION('ref_axis',(0.819152044288991,-2.18265950457217E-15,-0.573576436351048));
#9482=DIRECTION('center_axis',(0.,-1.,0.));
#9483=DIRECTION('ref_axis',(0.819152044288991,-2.18265950457217E-15,-0.573576436351048));
#9484=DIRECTION('',(-2.66453525910038E-15,-1.,0.));
#9485=DIRECTION('center_axis',(0.,1.,0.));
#9486=DIRECTION('ref_axis',(0.819152044288991,-2.18265950457217E-15,-0.573576436351048));
#9487=DIRECTION('',(-2.66453525910038E-15,-1.,0.));
#9488=DIRECTION('center_axis',(0.819152044288993,-2.18265950457218E-15,
-0.573576436351044));
#9489=DIRECTION('ref_axis',(0.573576436351044,0.,0.819152044288993));
#9490=DIRECTION('',(0.573576436351044,0.,0.819152044288993));
#9491=DIRECTION('',(-2.66453525910038E-15,-1.,0.));
#9492=DIRECTION('',(-0.573576436351044,0.,-0.819152044288993));
#9493=DIRECTION('center_axis',(-2.66453525910038E-15,-1.,0.));
#9494=DIRECTION('ref_axis',(3.88578058618809E-16,-1.03537993810259E-30,
-1.));
#9495=DIRECTION('center_axis',(0.,-1.,0.));
#9496=DIRECTION('ref_axis',(3.88578058618809E-16,-1.03537993810259E-30,
-1.));
#9497=DIRECTION('',(-2.66453525910038E-15,-1.,0.));
#9498=DIRECTION('center_axis',(0.,1.,0.));
#9499=DIRECTION('ref_axis',(3.88578058618809E-16,-1.03537993810259E-30,
-1.));
#9500=DIRECTION('center_axis',(3.88578058618809E-16,-1.03537993810259E-30,
-1.));
#9501=DIRECTION('ref_axis',(1.,0.,3.88578058618809E-16));
#9502=DIRECTION('',(1.,0.,3.88578058618809E-16));
#9503=DIRECTION('',(-2.66453525910038E-15,-1.,0.));
#9504=DIRECTION('',(-1.,0.,-3.88578058618809E-16));
#9505=DIRECTION('center_axis',(-2.66453525910038E-15,-1.,0.));
#9506=DIRECTION('ref_axis',(-0.819152044288993,2.18265950457217E-15,0.573576436351045));
#9507=DIRECTION('center_axis',(0.,-1.,0.));
#9508=DIRECTION('ref_axis',(-0.819152044288993,2.18265950457217E-15,0.573576436351045));
#9509=DIRECTION('',(-2.66453525910038E-15,-1.,0.));
#9510=DIRECTION('center_axis',(0.,1.,0.));
#9511=DIRECTION('ref_axis',(-0.819152044288993,2.18265950457217E-15,0.573576436351045));
#9512=DIRECTION('center_axis',(-0.819152044288993,2.18265950457218E-15,
0.573576436351044));
#9513=DIRECTION('ref_axis',(-0.573576436351044,0.,-0.819152044288993));
#9514=DIRECTION('',(-0.573576436351044,0.,-0.819152044288993));
#9515=DIRECTION('',(-2.66453525910038E-15,-1.,0.));
#9516=DIRECTION('',(0.573576436351044,0.,0.819152044288993));
#9517=DIRECTION('center_axis',(-2.66453525910038E-15,-1.,0.));
#9518=DIRECTION('ref_axis',(-3.88578058618809E-16,1.03537993810259E-30,
1.));
#9519=DIRECTION('center_axis',(0.,-1.,0.));
#9520=DIRECTION('ref_axis',(-3.88578058618809E-16,1.03537993810259E-30,
1.));
#9521=DIRECTION('',(-2.66453525910038E-15,-1.,0.));
#9522=DIRECTION('center_axis',(0.,1.,0.));
#9523=DIRECTION('ref_axis',(-3.88578058618809E-16,1.03537993810259E-30,
1.));
#9524=DIRECTION('center_axis',(-4.02634389957244E-15,1.07283352856745E-29,
1.));
#9525=DIRECTION('ref_axis',(-1.,0.,-4.02634389957244E-15));
#9526=DIRECTION('',(-1.,0.,-4.02634389957244E-15));
#9527=DIRECTION('',(1.,0.,4.02634389957244E-15));
#9528=DIRECTION('center_axis',(-2.66453525910038E-15,-1.,0.));
#9529=DIRECTION('ref_axis',(0.819152044288991,-2.18265950457217E-15,-0.573576436351048));
#9530=DIRECTION('center_axis',(0.,-1.,0.));
#9531=DIRECTION('ref_axis',(0.819152044288991,-2.18265950457217E-15,-0.573576436351048));
#9532=DIRECTION('',(-2.66453525910038E-15,-1.,0.));
#9533=DIRECTION('center_axis',(0.,1.,0.));
#9534=DIRECTION('ref_axis',(0.819152044288991,-2.18265950457217E-15,-0.573576436351048));
#9535=DIRECTION('',(-2.66453525910038E-15,-1.,0.));
#9536=DIRECTION('center_axis',(0.819152044288993,-2.18265950457218E-15,
-0.573576436351044));
#9537=DIRECTION('ref_axis',(0.573576436351044,0.,0.819152044288993));
#9538=DIRECTION('',(0.573576436351044,0.,0.819152044288993));
#9539=DIRECTION('',(-2.66453525910038E-15,-1.,0.));
#9540=DIRECTION('',(-0.573576436351044,0.,-0.819152044288993));
#9541=DIRECTION('center_axis',(-2.66453525910038E-15,-1.,0.));
#9542=DIRECTION('ref_axis',(3.88578058618809E-16,-1.03537993810259E-30,
-1.));
#9543=DIRECTION('center_axis',(0.,-1.,0.));
#9544=DIRECTION('ref_axis',(3.88578058618809E-16,-1.03537993810259E-30,
-1.));
#9545=DIRECTION('',(-2.66453525910038E-15,-1.,0.));
#9546=DIRECTION('center_axis',(0.,1.,0.));
#9547=DIRECTION('ref_axis',(3.88578058618809E-16,-1.03537993810259E-30,
-1.));
#9548=DIRECTION('center_axis',(3.88578058618809E-16,-1.03537993810259E-30,
-1.));
#9549=DIRECTION('ref_axis',(1.,0.,3.88578058618809E-16));
#9550=DIRECTION('',(1.,0.,3.88578058618809E-16));
#9551=DIRECTION('',(-2.66453525910038E-15,-1.,0.));
#9552=DIRECTION('',(-1.,0.,-3.88578058618809E-16));
#9553=DIRECTION('center_axis',(-2.66453525910038E-15,-1.,0.));
#9554=DIRECTION('ref_axis',(-0.819152044288993,2.18265950457217E-15,0.573576436351045));
#9555=DIRECTION('center_axis',(0.,-1.,0.));
#9556=DIRECTION('ref_axis',(-0.819152044288993,2.18265950457217E-15,0.573576436351045));
#9557=DIRECTION('',(-2.66453525910038E-15,-1.,0.));
#9558=DIRECTION('center_axis',(0.,1.,0.));
#9559=DIRECTION('ref_axis',(-0.819152044288993,2.18265950457217E-15,0.573576436351045));
#9560=DIRECTION('center_axis',(-0.819152044288993,2.18265950457218E-15,
0.573576436351044));
#9561=DIRECTION('ref_axis',(-0.573576436351044,0.,-0.819152044288993));
#9562=DIRECTION('',(-0.573576436351044,0.,-0.819152044288993));
#9563=DIRECTION('',(-2.66453525910038E-15,-1.,0.));
#9564=DIRECTION('',(0.573576436351044,0.,0.819152044288993));
#9565=DIRECTION('center_axis',(-2.66453525910038E-15,-1.,0.));
#9566=DIRECTION('ref_axis',(-3.88578058618809E-16,1.03537993810259E-30,
1.));
#9567=DIRECTION('center_axis',(0.,-1.,0.));
#9568=DIRECTION('ref_axis',(-3.88578058618809E-16,1.03537993810259E-30,
1.));
#9569=DIRECTION('',(-2.66453525910038E-15,-1.,0.));
#9570=DIRECTION('center_axis',(0.,1.,0.));
#9571=DIRECTION('ref_axis',(-3.88578058618809E-16,1.03537993810259E-30,
1.));
#9572=DIRECTION('center_axis',(-4.02634389957244E-15,1.07283352856745E-29,
1.));
#9573=DIRECTION('ref_axis',(-1.,0.,-4.02634389957244E-15));
#9574=DIRECTION('',(-1.,0.,-4.02634389957244E-15));
#9575=DIRECTION('',(1.,0.,4.02634389957244E-15));
#9576=DIRECTION('center_axis',(-2.66453525910038E-15,-1.,0.));
#9577=DIRECTION('ref_axis',(0.819152044288991,-2.18265950457217E-15,-0.573576436351048));
#9578=DIRECTION('center_axis',(0.,-1.,0.));
#9579=DIRECTION('ref_axis',(0.819152044288991,-2.18265950457217E-15,-0.573576436351048));
#9580=DIRECTION('',(-2.66453525910038E-15,-1.,0.));
#9581=DIRECTION('center_axis',(0.,1.,0.));
#9582=DIRECTION('ref_axis',(0.819152044288991,-2.18265950457217E-15,-0.573576436351048));
#9583=DIRECTION('',(-2.66453525910038E-15,-1.,0.));
#9584=DIRECTION('center_axis',(0.819152044288993,-2.18265950457218E-15,
-0.573576436351044));
#9585=DIRECTION('ref_axis',(0.573576436351044,0.,0.819152044288993));
#9586=DIRECTION('',(0.573576436351044,0.,0.819152044288993));
#9587=DIRECTION('',(-2.66453525910038E-15,-1.,0.));
#9588=DIRECTION('',(-0.573576436351044,0.,-0.819152044288993));
#9589=DIRECTION('center_axis',(-2.66453525910038E-15,-1.,0.));
#9590=DIRECTION('ref_axis',(3.88578058618809E-16,-1.03537993810259E-30,
-1.));
#9591=DIRECTION('center_axis',(0.,-1.,0.));
#9592=DIRECTION('ref_axis',(3.88578058618809E-16,-1.03537993810259E-30,
-1.));
#9593=DIRECTION('',(-2.66453525910038E-15,-1.,0.));
#9594=DIRECTION('center_axis',(0.,1.,0.));
#9595=DIRECTION('ref_axis',(3.88578058618809E-16,-1.03537993810259E-30,
-1.));
#9596=DIRECTION('center_axis',(3.88578058618809E-16,-1.03537993810259E-30,
-1.));
#9597=DIRECTION('ref_axis',(1.,0.,3.88578058618809E-16));
#9598=DIRECTION('',(1.,0.,3.88578058618809E-16));
#9599=DIRECTION('',(-2.66453525910038E-15,-1.,0.));
#9600=DIRECTION('',(-1.,0.,-3.88578058618809E-16));
#9601=DIRECTION('center_axis',(-2.66453525910038E-15,-1.,0.));
#9602=DIRECTION('ref_axis',(-0.819152044288993,2.18265950457217E-15,0.573576436351045));
#9603=DIRECTION('center_axis',(0.,-1.,0.));
#9604=DIRECTION('ref_axis',(-0.819152044288993,2.18265950457217E-15,0.573576436351045));
#9605=DIRECTION('',(-2.66453525910038E-15,-1.,0.));
#9606=DIRECTION('center_axis',(0.,1.,0.));
#9607=DIRECTION('ref_axis',(-0.819152044288993,2.18265950457217E-15,0.573576436351045));
#9608=DIRECTION('center_axis',(-0.819152044288993,2.18265950457218E-15,
0.573576436351044));
#9609=DIRECTION('ref_axis',(-0.573576436351044,0.,-0.819152044288993));
#9610=DIRECTION('',(-0.573576436351044,0.,-0.819152044288993));
#9611=DIRECTION('',(-2.66453525910038E-15,-1.,0.));
#9612=DIRECTION('',(0.573576436351044,0.,0.819152044288993));
#9613=DIRECTION('center_axis',(-2.66453525910038E-15,-1.,0.));
#9614=DIRECTION('ref_axis',(-3.88578058618809E-16,1.03537993810259E-30,
1.));
#9615=DIRECTION('center_axis',(0.,-1.,0.));
#9616=DIRECTION('ref_axis',(-3.88578058618809E-16,1.03537993810259E-30,
1.));
#9617=DIRECTION('',(-2.66453525910038E-15,-1.,0.));
#9618=DIRECTION('center_axis',(0.,1.,0.));
#9619=DIRECTION('ref_axis',(-3.88578058618809E-16,1.03537993810259E-30,
1.));
#9620=DIRECTION('center_axis',(-4.02634389957244E-15,1.07283352856745E-29,
1.));
#9621=DIRECTION('ref_axis',(-1.,0.,-4.02634389957244E-15));
#9622=DIRECTION('',(-1.,0.,-4.02634389957244E-15));
#9623=DIRECTION('',(1.,0.,4.02634389957244E-15));
#9624=DIRECTION('center_axis',(-2.72004641033163E-15,-1.,0.));
#9625=DIRECTION('ref_axis',(0.819152044288991,-2.22813157758409E-15,-0.573576436351048));
#9626=DIRECTION('center_axis',(0.,-1.,0.));
#9627=DIRECTION('ref_axis',(0.819152044288991,-2.22813157758409E-15,-0.573576436351048));
#9628=DIRECTION('',(-2.72004641033163E-15,-1.,0.));
#9629=DIRECTION('center_axis',(0.,1.,0.));
#9630=DIRECTION('ref_axis',(0.819152044288991,-2.22813157758409E-15,-0.573576436351048));
#9631=DIRECTION('',(-2.72004641033163E-15,-1.,0.));
#9632=DIRECTION('center_axis',(0.819152044288993,-2.2281315775841E-15,-0.573576436351044));
#9633=DIRECTION('ref_axis',(0.573576436351044,0.,0.819152044288993));
#9634=DIRECTION('',(0.573576436351044,0.,0.819152044288993));
#9635=DIRECTION('',(-2.72004641033163E-15,-1.,0.));
#9636=DIRECTION('',(-0.573576436351044,0.,-0.819152044288993));
#9637=DIRECTION('center_axis',(-2.72004641033163E-15,-1.,0.));
#9638=DIRECTION('ref_axis',(3.88578058618809E-16,-1.05695035347973E-30,
-1.));
#9639=DIRECTION('center_axis',(0.,-1.,0.));
#9640=DIRECTION('ref_axis',(3.88578058618809E-16,-1.05695035347973E-30,
-1.));
#9641=DIRECTION('',(-2.72004641033163E-15,-1.,0.));
#9642=DIRECTION('center_axis',(0.,1.,0.));
#9643=DIRECTION('ref_axis',(3.88578058618809E-16,-1.05695035347973E-30,
-1.));
#9644=DIRECTION('center_axis',(3.88578058618809E-16,-1.05695035347973E-30,
-1.));
#9645=DIRECTION('ref_axis',(1.,0.,3.88578058618809E-16));
#9646=DIRECTION('',(1.,0.,3.88578058618809E-16));
#9647=DIRECTION('',(-2.72004641033163E-15,-1.,0.));
#9648=DIRECTION('',(-1.,0.,-3.88578058618809E-16));
#9649=DIRECTION('center_axis',(-2.72004641033163E-15,-1.,0.));
#9650=DIRECTION('ref_axis',(-0.819152044288993,2.22813157758409E-15,0.573576436351045));
#9651=DIRECTION('center_axis',(0.,-1.,0.));
#9652=DIRECTION('ref_axis',(-0.819152044288993,2.22813157758409E-15,0.573576436351045));
#9653=DIRECTION('',(-2.72004641033163E-15,-1.,0.));
#9654=DIRECTION('center_axis',(0.,1.,0.));
#9655=DIRECTION('ref_axis',(-0.819152044288993,2.22813157758409E-15,0.573576436351045));
#9656=DIRECTION('center_axis',(-0.819152044288993,2.2281315775841E-15,0.573576436351044));
#9657=DIRECTION('ref_axis',(-0.573576436351044,0.,-0.819152044288993));
#9658=DIRECTION('',(-0.573576436351044,0.,-0.819152044288993));
#9659=DIRECTION('',(-2.72004641033163E-15,-1.,0.));
#9660=DIRECTION('',(0.573576436351044,0.,0.819152044288993));
#9661=DIRECTION('center_axis',(-2.72004641033163E-15,-1.,0.));
#9662=DIRECTION('ref_axis',(-3.88578058618809E-16,1.05695035347973E-30,
1.));
#9663=DIRECTION('center_axis',(0.,-1.,0.));
#9664=DIRECTION('ref_axis',(-3.88578058618809E-16,1.05695035347973E-30,
1.));
#9665=DIRECTION('',(-2.72004641033163E-15,-1.,0.));
#9666=DIRECTION('center_axis',(0.,1.,0.));
#9667=DIRECTION('ref_axis',(-3.88578058618809E-16,1.05695035347973E-30,
1.));
#9668=DIRECTION('center_axis',(-4.02634389957244E-15,1.09518422707927E-29,
1.));
#9669=DIRECTION('ref_axis',(-1.,0.,-4.02634389957244E-15));
#9670=DIRECTION('',(-1.,0.,-4.02634389957244E-15));
#9671=DIRECTION('',(1.,0.,4.02634389957244E-15));
#9672=DIRECTION('center_axis',(-2.66453525910038E-15,-1.,0.));
#9673=DIRECTION('ref_axis',(0.819152044288991,-2.18265950457217E-15,-0.573576436351048));
#9674=DIRECTION('center_axis',(0.,-1.,0.));
#9675=DIRECTION('ref_axis',(0.819152044288991,-2.18265950457217E-15,-0.573576436351048));
#9676=DIRECTION('',(-2.66453525910038E-15,-1.,0.));
#9677=DIRECTION('center_axis',(0.,1.,0.));
#9678=DIRECTION('ref_axis',(0.819152044288991,-2.18265950457217E-15,-0.573576436351048));
#9679=DIRECTION('',(-2.66453525910038E-15,-1.,0.));
#9680=DIRECTION('center_axis',(0.819152044288993,-2.18265950457218E-15,
-0.573576436351044));
#9681=DIRECTION('ref_axis',(0.573576436351044,0.,0.819152044288993));
#9682=DIRECTION('',(0.573576436351044,0.,0.819152044288993));
#9683=DIRECTION('',(-2.66453525910038E-15,-1.,0.));
#9684=DIRECTION('',(-0.573576436351044,0.,-0.819152044288993));
#9685=DIRECTION('center_axis',(-2.66453525910038E-15,-1.,0.));
#9686=DIRECTION('ref_axis',(3.88578058618809E-16,-1.03537993810259E-30,
-1.));
#9687=DIRECTION('center_axis',(0.,-1.,0.));
#9688=DIRECTION('ref_axis',(3.88578058618809E-16,-1.03537993810259E-30,
-1.));
#9689=DIRECTION('',(-2.66453525910038E-15,-1.,0.));
#9690=DIRECTION('center_axis',(0.,1.,0.));
#9691=DIRECTION('ref_axis',(3.88578058618809E-16,-1.03537993810259E-30,
-1.));
#9692=DIRECTION('center_axis',(3.88578058618809E-16,-1.03537993810259E-30,
-1.));
#9693=DIRECTION('ref_axis',(1.,0.,3.88578058618809E-16));
#9694=DIRECTION('',(1.,0.,3.88578058618809E-16));
#9695=DIRECTION('',(-2.66453525910038E-15,-1.,0.));
#9696=DIRECTION('',(-1.,0.,-3.88578058618809E-16));
#9697=DIRECTION('center_axis',(-2.66453525910038E-15,-1.,0.));
#9698=DIRECTION('ref_axis',(-0.819152044288993,2.18265950457217E-15,0.573576436351045));
#9699=DIRECTION('center_axis',(0.,-1.,0.));
#9700=DIRECTION('ref_axis',(-0.819152044288993,2.18265950457217E-15,0.573576436351045));
#9701=DIRECTION('',(-2.66453525910038E-15,-1.,0.));
#9702=DIRECTION('center_axis',(0.,1.,0.));
#9703=DIRECTION('ref_axis',(-0.819152044288993,2.18265950457217E-15,0.573576436351045));
#9704=DIRECTION('center_axis',(-0.819152044288993,2.18265950457218E-15,
0.573576436351044));
#9705=DIRECTION('ref_axis',(-0.573576436351044,0.,-0.819152044288993));
#9706=DIRECTION('',(-0.573576436351044,0.,-0.819152044288993));
#9707=DIRECTION('',(-2.66453525910038E-15,-1.,0.));
#9708=DIRECTION('',(0.573576436351044,0.,0.819152044288993));
#9709=DIRECTION('center_axis',(-2.66453525910038E-15,-1.,0.));
#9710=DIRECTION('ref_axis',(-3.88578058618809E-16,1.03537993810259E-30,
1.));
#9711=DIRECTION('center_axis',(0.,-1.,0.));
#9712=DIRECTION('ref_axis',(-3.88578058618809E-16,1.03537993810259E-30,
1.));
#9713=DIRECTION('',(-2.66453525910038E-15,-1.,0.));
#9714=DIRECTION('center_axis',(0.,1.,0.));
#9715=DIRECTION('ref_axis',(-3.88578058618809E-16,1.03537993810259E-30,
1.));
#9716=DIRECTION('center_axis',(-4.02634389957244E-15,1.07283352856745E-29,
1.));
#9717=DIRECTION('ref_axis',(-1.,0.,-4.02634389957244E-15));
#9718=DIRECTION('',(-1.,0.,-4.02634389957244E-15));
#9719=DIRECTION('',(1.,0.,4.02634389957244E-15));
#9720=DIRECTION('center_axis',(-2.66453525910038E-15,-1.,0.));
#9721=DIRECTION('ref_axis',(0.819152044288991,-2.18265950457217E-15,-0.573576436351048));
#9722=DIRECTION('center_axis',(0.,-1.,0.));
#9723=DIRECTION('ref_axis',(0.819152044288991,-2.18265950457217E-15,-0.573576436351048));
#9724=DIRECTION('',(-2.66453525910038E-15,-1.,0.));
#9725=DIRECTION('center_axis',(0.,1.,0.));
#9726=DIRECTION('ref_axis',(0.819152044288991,-2.18265950457217E-15,-0.573576436351048));
#9727=DIRECTION('',(-2.66453525910038E-15,-1.,0.));
#9728=DIRECTION('center_axis',(0.819152044288993,-2.18265950457218E-15,
-0.573576436351044));
#9729=DIRECTION('ref_axis',(0.573576436351044,0.,0.819152044288993));
#9730=DIRECTION('',(0.573576436351044,0.,0.819152044288993));
#9731=DIRECTION('',(-2.66453525910038E-15,-1.,0.));
#9732=DIRECTION('',(-0.573576436351044,0.,-0.819152044288993));
#9733=DIRECTION('center_axis',(-2.66453525910038E-15,-1.,0.));
#9734=DIRECTION('ref_axis',(3.88578058618809E-16,-1.03537993810259E-30,
-1.));
#9735=DIRECTION('center_axis',(0.,-1.,0.));
#9736=DIRECTION('ref_axis',(3.88578058618809E-16,-1.03537993810259E-30,
-1.));
#9737=DIRECTION('',(-2.66453525910038E-15,-1.,0.));
#9738=DIRECTION('center_axis',(0.,1.,0.));
#9739=DIRECTION('ref_axis',(3.88578058618809E-16,-1.03537993810259E-30,
-1.));
#9740=DIRECTION('center_axis',(3.88578058618809E-16,-1.03537993810259E-30,
-1.));
#9741=DIRECTION('ref_axis',(1.,0.,3.88578058618809E-16));
#9742=DIRECTION('',(1.,0.,3.88578058618809E-16));
#9743=DIRECTION('',(-2.66453525910038E-15,-1.,0.));
#9744=DIRECTION('',(-1.,0.,-3.88578058618809E-16));
#9745=DIRECTION('center_axis',(-2.66453525910038E-15,-1.,0.));
#9746=DIRECTION('ref_axis',(-0.819152044288993,2.18265950457217E-15,0.573576436351045));
#9747=DIRECTION('center_axis',(0.,-1.,0.));
#9748=DIRECTION('ref_axis',(-0.819152044288993,2.18265950457217E-15,0.573576436351045));
#9749=DIRECTION('',(-2.66453525910038E-15,-1.,0.));
#9750=DIRECTION('center_axis',(0.,1.,0.));
#9751=DIRECTION('ref_axis',(-0.819152044288993,2.18265950457217E-15,0.573576436351045));
#9752=DIRECTION('center_axis',(-0.819152044288993,2.18265950457218E-15,
0.573576436351044));
#9753=DIRECTION('ref_axis',(-0.573576436351044,0.,-0.819152044288993));
#9754=DIRECTION('',(-0.573576436351044,0.,-0.819152044288993));
#9755=DIRECTION('',(-2.66453525910038E-15,-1.,0.));
#9756=DIRECTION('',(0.573576436351044,0.,0.819152044288993));
#9757=DIRECTION('center_axis',(-2.66453525910038E-15,-1.,0.));
#9758=DIRECTION('ref_axis',(-3.88578058618809E-16,1.03537993810259E-30,
1.));
#9759=DIRECTION('center_axis',(0.,-1.,0.));
#9760=DIRECTION('ref_axis',(-3.88578058618809E-16,1.03537993810259E-30,
1.));
#9761=DIRECTION('',(-2.66453525910038E-15,-1.,0.));
#9762=DIRECTION('center_axis',(0.,1.,0.));
#9763=DIRECTION('ref_axis',(-3.88578058618809E-16,1.03537993810259E-30,
1.));
#9764=DIRECTION('center_axis',(-4.02634389957244E-15,1.07283352856745E-29,
1.));
#9765=DIRECTION('ref_axis',(-1.,0.,-4.02634389957244E-15));
#9766=DIRECTION('',(-1.,0.,-4.02634389957244E-15));
#9767=DIRECTION('',(1.,0.,4.02634389957244E-15));
#9768=DIRECTION('center_axis',(-2.66453525910038E-15,-1.,0.));
#9769=DIRECTION('ref_axis',(0.819152044288991,-2.18265950457217E-15,-0.573576436351048));
#9770=DIRECTION('center_axis',(0.,-1.,0.));
#9771=DIRECTION('ref_axis',(0.819152044288991,-2.18265950457217E-15,-0.573576436351048));
#9772=DIRECTION('',(-2.66453525910038E-15,-1.,0.));
#9773=DIRECTION('center_axis',(0.,1.,0.));
#9774=DIRECTION('ref_axis',(0.819152044288991,-2.18265950457217E-15,-0.573576436351048));
#9775=DIRECTION('',(-2.66453525910038E-15,-1.,0.));
#9776=DIRECTION('center_axis',(0.819152044288993,-2.18265950457218E-15,
-0.573576436351044));
#9777=DIRECTION('ref_axis',(0.573576436351044,0.,0.819152044288993));
#9778=DIRECTION('',(0.573576436351044,0.,0.819152044288993));
#9779=DIRECTION('',(-2.66453525910038E-15,-1.,0.));
#9780=DIRECTION('',(-0.573576436351044,0.,-0.819152044288993));
#9781=DIRECTION('center_axis',(-2.66453525910038E-15,-1.,0.));
#9782=DIRECTION('ref_axis',(3.88578058618809E-16,-1.03537993810259E-30,
-1.));
#9783=DIRECTION('center_axis',(0.,-1.,0.));
#9784=DIRECTION('ref_axis',(3.88578058618809E-16,-1.03537993810259E-30,
-1.));
#9785=DIRECTION('',(-2.66453525910038E-15,-1.,0.));
#9786=DIRECTION('center_axis',(0.,1.,0.));
#9787=DIRECTION('ref_axis',(3.88578058618809E-16,-1.03537993810259E-30,
-1.));
#9788=DIRECTION('center_axis',(3.88578058618809E-16,-1.03537993810259E-30,
-1.));
#9789=DIRECTION('ref_axis',(1.,0.,3.88578058618809E-16));
#9790=DIRECTION('',(1.,0.,3.88578058618809E-16));
#9791=DIRECTION('',(-2.66453525910038E-15,-1.,0.));
#9792=DIRECTION('',(-1.,0.,-3.88578058618809E-16));
#9793=DIRECTION('center_axis',(-2.66453525910038E-15,-1.,0.));
#9794=DIRECTION('ref_axis',(-0.819152044288993,2.18265950457217E-15,0.573576436351045));
#9795=DIRECTION('center_axis',(0.,-1.,0.));
#9796=DIRECTION('ref_axis',(-0.819152044288993,2.18265950457217E-15,0.573576436351045));
#9797=DIRECTION('',(-2.66453525910038E-15,-1.,0.));
#9798=DIRECTION('center_axis',(0.,1.,0.));
#9799=DIRECTION('ref_axis',(-0.819152044288993,2.18265950457217E-15,0.573576436351045));
#9800=DIRECTION('center_axis',(-0.819152044288993,2.18265950457218E-15,
0.573576436351044));
#9801=DIRECTION('ref_axis',(-0.573576436351044,0.,-0.819152044288993));
#9802=DIRECTION('',(-0.573576436351044,0.,-0.819152044288993));
#9803=DIRECTION('',(-2.66453525910038E-15,-1.,0.));
#9804=DIRECTION('',(0.573576436351044,0.,0.819152044288993));
#9805=DIRECTION('center_axis',(-2.66453525910038E-15,-1.,0.));
#9806=DIRECTION('ref_axis',(-3.88578058618809E-16,1.03537993810259E-30,
1.));
#9807=DIRECTION('center_axis',(0.,-1.,0.));
#9808=DIRECTION('ref_axis',(-3.88578058618809E-16,1.03537993810259E-30,
1.));
#9809=DIRECTION('',(-2.66453525910038E-15,-1.,0.));
#9810=DIRECTION('center_axis',(0.,1.,0.));
#9811=DIRECTION('ref_axis',(-3.88578058618809E-16,1.03537993810259E-30,
1.));
#9812=DIRECTION('center_axis',(-4.02634389957244E-15,1.07283352856745E-29,
1.));
#9813=DIRECTION('ref_axis',(-1.,0.,-4.02634389957244E-15));
#9814=DIRECTION('',(-1.,0.,-4.02634389957244E-15));
#9815=DIRECTION('',(1.,0.,4.02634389957244E-15));
#9816=DIRECTION('center_axis',(-0.819152044288993,2.9102126727629E-15,0.573576436351044));
#9817=DIRECTION('ref_axis',(-0.573576436351044,1.55257358878605E-15,-0.819152044288993));
#9818=DIRECTION('',(-0.573576436351044,0.,-0.819152044288993));
#9819=DIRECTION('',(-3.5527136788005E-15,-1.,0.));
#9820=DIRECTION('',(-3.5527136788005E-15,-1.,0.));
#9821=DIRECTION('center_axis',(-3.5527136788005E-15,-1.,0.));
#9822=DIRECTION('ref_axis',(-0.819152044288993,2.9102126727629E-15,0.573576436351045));
#9823=DIRECTION('center_axis',(0.,-1.,0.));
#9824=DIRECTION('ref_axis',(-0.819152044288993,2.9102126727629E-15,0.573576436351045));
#9825=DIRECTION('',(-3.5527136788005E-15,-1.,0.));
#9826=DIRECTION('center_axis',(3.88578058618809E-16,-1.38050658413679E-30,
-1.));
#9827=DIRECTION('ref_axis',(1.,-2.7068294695606E-15,3.88578058618809E-16));
#9828=DIRECTION('',(1.,0.,3.88578058618809E-16));
#9829=DIRECTION('',(-3.5527136788005E-15,-1.,0.));
#9830=DIRECTION('center_axis',(-3.5527136788005E-15,-1.,0.));
#9831=DIRECTION('ref_axis',(3.88578058618809E-16,-1.38050658450413E-30,
-1.));
#9832=DIRECTION('center_axis',(0.,-1.,0.));
#9833=DIRECTION('ref_axis',(3.88578058618809E-16,-1.38050658450413E-30,
-1.));
#9834=DIRECTION('',(-3.5527136788005E-15,-1.,0.));
#9835=DIRECTION('center_axis',(0.819152044288993,-2.9102126727629E-15,-0.573576436351044));
#9836=DIRECTION('ref_axis',(0.573576436351044,-1.55257358878605E-15,0.819152044288993));
#9837=DIRECTION('',(0.573576436351044,0.,0.819152044288993));
#9838=DIRECTION('',(3.5527136788005E-15,1.,0.));
#9839=DIRECTION('center_axis',(-3.5527136788005E-15,-1.,0.));
#9840=DIRECTION('ref_axis',(-3.88578058618809E-16,1.38050658450411E-30,
1.));
#9841=DIRECTION('center_axis',(0.,-1.,0.));
#9842=DIRECTION('ref_axis',(-3.88578058618809E-16,1.38050658450411E-30,
1.));
#9843=DIRECTION('',(-3.5527136788005E-15,-1.,0.));
#9844=DIRECTION('center_axis',(-4.02634389957244E-15,1.4304447047566E-29,
1.));
#9845=DIRECTION('ref_axis',(-1.,2.7068294695606E-15,-4.02634389957244E-15));
#9846=DIRECTION('',(-1.,0.,-4.02634389957244E-15));
#9847=DIRECTION('',(-3.5527136788005E-15,-1.,0.));
#9848=DIRECTION('center_axis',(-3.5527136788005E-15,-1.,0.));
#9849=DIRECTION('ref_axis',(0.819152044288991,-2.91021267276289E-15,-0.573576436351048));
#9850=DIRECTION('center_axis',(0.,-1.,0.));
#9851=DIRECTION('ref_axis',(0.819152044288991,-2.91021267276289E-15,-0.573576436351048));
#9852=DIRECTION('center_axis',(-0.819152044288993,2.18265950457218E-15,
0.573576436351044));
#9853=DIRECTION('ref_axis',(-0.573576436351044,1.55257358878605E-15,-0.819152044288993));
#9854=DIRECTION('',(-0.573576436351044,0.,-0.819152044288993));
#9855=DIRECTION('',(-2.66453525910038E-15,-1.,0.));
#9856=DIRECTION('',(-2.66453525910038E-15,-1.,0.));
#9857=DIRECTION('center_axis',(-2.66453525910038E-15,-1.,0.));
#9858=DIRECTION('ref_axis',(-0.819152044288993,2.18265950457217E-15,0.573576436351045));
#9859=DIRECTION('center_axis',(0.,-1.,0.));
#9860=DIRECTION('ref_axis',(-0.819152044288993,2.18265950457217E-15,0.573576436351045));
#9861=DIRECTION('',(-2.66453525910038E-15,-1.,0.));
#9862=DIRECTION('center_axis',(3.88578058618809E-16,-1.03537993810259E-30,
-1.));
#9863=DIRECTION('ref_axis',(1.,-2.7068294695606E-15,3.88578058618809E-16));
#9864=DIRECTION('',(1.,0.,3.88578058618809E-16));
#9865=DIRECTION('',(-2.66453525910038E-15,-1.,0.));
#9866=DIRECTION('center_axis',(-2.66453525910038E-15,-1.,0.));
#9867=DIRECTION('ref_axis',(3.88578058618809E-16,-1.03537993883727E-30,
-1.));
#9868=DIRECTION('center_axis',(0.,-1.,0.));
#9869=DIRECTION('ref_axis',(3.88578058618809E-16,-1.03537993883727E-30,
-1.));
#9870=DIRECTION('',(-2.66453525910038E-15,-1.,0.));
#9871=DIRECTION('center_axis',(0.819152044288993,-2.18265950457218E-15,
-0.573576436351044));
#9872=DIRECTION('ref_axis',(0.573576436351044,-1.55257358878605E-15,0.819152044288993));
#9873=DIRECTION('',(0.573576436351044,0.,0.819152044288993));
#9874=DIRECTION('',(2.66453525910038E-15,1.,0.));
#9875=DIRECTION('center_axis',(-2.66453525910038E-15,-1.,0.));
#9876=DIRECTION('ref_axis',(-3.88578058618809E-16,1.03537993883726E-30,
1.));
#9877=DIRECTION('center_axis',(0.,-1.,0.));
#9878=DIRECTION('ref_axis',(-3.88578058618809E-16,1.03537993883726E-30,
1.));
#9879=DIRECTION('',(-2.66453525910038E-15,-1.,0.));
#9880=DIRECTION('center_axis',(-4.02634389957244E-15,1.07283352856745E-29,
1.));
#9881=DIRECTION('ref_axis',(-1.,2.7068294695606E-15,-4.02634389957244E-15));
#9882=DIRECTION('',(-1.,0.,-4.02634389957244E-15));
#9883=DIRECTION('',(-2.66453525910038E-15,-1.,0.));
#9884=DIRECTION('center_axis',(-2.66453525910038E-15,-1.,0.));
#9885=DIRECTION('ref_axis',(0.819152044288991,-2.18265950457217E-15,-0.573576436351048));
#9886=DIRECTION('center_axis',(0.,-1.,0.));
#9887=DIRECTION('ref_axis',(0.819152044288991,-2.18265950457217E-15,-0.573576436351048));
#9888=DIRECTION('center_axis',(-0.819152044288993,2.18265950457218E-15,
0.573576436351044));
#9889=DIRECTION('ref_axis',(-0.573576436351044,1.55257358878605E-15,-0.819152044288993));
#9890=DIRECTION('',(-0.573576436351044,0.,-0.819152044288993));
#9891=DIRECTION('',(-2.66453525910038E-15,-1.,0.));
#9892=DIRECTION('',(-2.66453525910038E-15,-1.,0.));
#9893=DIRECTION('center_axis',(-2.66453525910038E-15,-1.,0.));
#9894=DIRECTION('ref_axis',(-0.819152044288993,2.18265950457217E-15,0.573576436351045));
#9895=DIRECTION('center_axis',(0.,-1.,0.));
#9896=DIRECTION('ref_axis',(-0.819152044288993,2.18265950457217E-15,0.573576436351045));
#9897=DIRECTION('',(-2.66453525910038E-15,-1.,0.));
#9898=DIRECTION('center_axis',(3.88578058618809E-16,-1.03537993810259E-30,
-1.));
#9899=DIRECTION('ref_axis',(1.,-2.7068294695606E-15,3.88578058618809E-16));
#9900=DIRECTION('',(1.,0.,3.88578058618809E-16));
#9901=DIRECTION('',(-2.66453525910038E-15,-1.,0.));
#9902=DIRECTION('center_axis',(-2.66453525910038E-15,-1.,0.));
#9903=DIRECTION('ref_axis',(3.88578058618809E-16,-1.03537993883727E-30,
-1.));
#9904=DIRECTION('center_axis',(0.,-1.,0.));
#9905=DIRECTION('ref_axis',(3.88578058618809E-16,-1.03537993883727E-30,
-1.));
#9906=DIRECTION('',(-2.66453525910038E-15,-1.,0.));
#9907=DIRECTION('center_axis',(0.819152044288993,-2.18265950457218E-15,
-0.573576436351044));
#9908=DIRECTION('ref_axis',(0.573576436351044,-1.55257358878605E-15,0.819152044288993));
#9909=DIRECTION('',(0.573576436351044,0.,0.819152044288993));
#9910=DIRECTION('',(2.66453525910038E-15,1.,0.));
#9911=DIRECTION('center_axis',(-2.66453525910038E-15,-1.,0.));
#9912=DIRECTION('ref_axis',(-3.88578058618809E-16,1.03537993883726E-30,
1.));
#9913=DIRECTION('center_axis',(0.,-1.,0.));
#9914=DIRECTION('ref_axis',(-3.88578058618809E-16,1.03537993883726E-30,
1.));
#9915=DIRECTION('',(-2.66453525910038E-15,-1.,0.));
#9916=DIRECTION('center_axis',(-4.02634389957244E-15,1.07283352856745E-29,
1.));
#9917=DIRECTION('ref_axis',(-1.,2.7068294695606E-15,-4.02634389957244E-15));
#9918=DIRECTION('',(-1.,0.,-4.02634389957244E-15));
#9919=DIRECTION('',(-2.66453525910038E-15,-1.,0.));
#9920=DIRECTION('center_axis',(-2.66453525910038E-15,-1.,0.));
#9921=DIRECTION('ref_axis',(0.819152044288991,-2.18265950457217E-15,-0.573576436351048));
#9922=DIRECTION('center_axis',(0.,-1.,0.));
#9923=DIRECTION('ref_axis',(0.819152044288991,-2.18265950457217E-15,-0.573576436351048));
#9924=DIRECTION('center_axis',(-0.819152044288993,2.18265950457218E-15,
0.573576436351044));
#9925=DIRECTION('ref_axis',(-0.573576436351044,1.55257358878605E-15,-0.819152044288993));
#9926=DIRECTION('',(-0.573576436351044,0.,-0.819152044288993));
#9927=DIRECTION('',(-2.66453525910038E-15,-1.,0.));
#9928=DIRECTION('',(-2.66453525910038E-15,-1.,0.));
#9929=DIRECTION('center_axis',(-2.66453525910038E-15,-1.,0.));
#9930=DIRECTION('ref_axis',(-0.819152044288993,2.18265950457217E-15,0.573576436351045));
#9931=DIRECTION('center_axis',(0.,-1.,0.));
#9932=DIRECTION('ref_axis',(-0.819152044288993,2.18265950457217E-15,0.573576436351045));
#9933=DIRECTION('',(-2.66453525910038E-15,-1.,0.));
#9934=DIRECTION('center_axis',(3.88578058618809E-16,-1.03537993810259E-30,
-1.));
#9935=DIRECTION('ref_axis',(1.,-2.7068294695606E-15,3.88578058618809E-16));
#9936=DIRECTION('',(1.,0.,3.88578058618809E-16));
#9937=DIRECTION('',(-2.66453525910038E-15,-1.,0.));
#9938=DIRECTION('center_axis',(-2.66453525910038E-15,-1.,0.));
#9939=DIRECTION('ref_axis',(3.88578058618809E-16,-1.03537993883727E-30,
-1.));
#9940=DIRECTION('center_axis',(0.,-1.,0.));
#9941=DIRECTION('ref_axis',(3.88578058618809E-16,-1.03537993883727E-30,
-1.));
#9942=DIRECTION('',(-2.66453525910038E-15,-1.,0.));
#9943=DIRECTION('center_axis',(0.819152044288993,-2.18265950457218E-15,
-0.573576436351044));
#9944=DIRECTION('ref_axis',(0.573576436351044,-1.55257358878605E-15,0.819152044288993));
#9945=DIRECTION('',(0.573576436351044,0.,0.819152044288993));
#9946=DIRECTION('',(2.66453525910038E-15,1.,0.));
#9947=DIRECTION('center_axis',(-2.66453525910038E-15,-1.,0.));
#9948=DIRECTION('ref_axis',(-3.88578058618809E-16,1.03537993883726E-30,
1.));
#9949=DIRECTION('center_axis',(0.,-1.,0.));
#9950=DIRECTION('ref_axis',(-3.88578058618809E-16,1.03537993883726E-30,
1.));
#9951=DIRECTION('',(-2.66453525910038E-15,-1.,0.));
#9952=DIRECTION('center_axis',(-4.02634389957244E-15,1.07283352856745E-29,
1.));
#9953=DIRECTION('ref_axis',(-1.,2.7068294695606E-15,-4.02634389957244E-15));
#9954=DIRECTION('',(-1.,0.,-4.02634389957244E-15));
#9955=DIRECTION('',(-2.66453525910038E-15,-1.,0.));
#9956=DIRECTION('center_axis',(-2.66453525910038E-15,-1.,0.));
#9957=DIRECTION('ref_axis',(0.819152044288991,-2.18265950457217E-15,-0.573576436351048));
#9958=DIRECTION('center_axis',(0.,-1.,0.));
#9959=DIRECTION('ref_axis',(0.819152044288991,-2.18265950457217E-15,-0.573576436351048));
#9960=DIRECTION('center_axis',(-0.819152044288993,2.18265950457218E-15,
0.573576436351044));
#9961=DIRECTION('ref_axis',(-0.573576436351044,1.55257358878605E-15,-0.819152044288993));
#9962=DIRECTION('',(-0.573576436351044,0.,-0.819152044288993));
#9963=DIRECTION('',(-2.66453525910038E-15,-1.,0.));
#9964=DIRECTION('',(-2.66453525910038E-15,-1.,0.));
#9965=DIRECTION('center_axis',(-2.66453525910038E-15,-1.,0.));
#9966=DIRECTION('ref_axis',(-0.819152044288993,2.18265950457217E-15,0.573576436351045));
#9967=DIRECTION('center_axis',(0.,-1.,0.));
#9968=DIRECTION('ref_axis',(-0.819152044288993,2.18265950457217E-15,0.573576436351045));
#9969=DIRECTION('',(-2.66453525910038E-15,-1.,0.));
#9970=DIRECTION('center_axis',(3.88578058618809E-16,-1.03537993810259E-30,
-1.));
#9971=DIRECTION('ref_axis',(1.,-2.7068294695606E-15,3.88578058618809E-16));
#9972=DIRECTION('',(1.,0.,3.88578058618809E-16));
#9973=DIRECTION('',(-2.66453525910038E-15,-1.,0.));
#9974=DIRECTION('center_axis',(-2.66453525910038E-15,-1.,0.));
#9975=DIRECTION('ref_axis',(3.88578058618809E-16,-1.03537993883727E-30,
-1.));
#9976=DIRECTION('center_axis',(0.,-1.,0.));
#9977=DIRECTION('ref_axis',(3.88578058618809E-16,-1.03537993883727E-30,
-1.));
#9978=DIRECTION('',(-2.66453525910038E-15,-1.,0.));
#9979=DIRECTION('center_axis',(0.819152044288993,-2.18265950457218E-15,
-0.573576436351044));
#9980=DIRECTION('ref_axis',(0.573576436351044,-1.55257358878605E-15,0.819152044288993));
#9981=DIRECTION('',(0.573576436351044,0.,0.819152044288993));
#9982=DIRECTION('',(2.66453525910038E-15,1.,0.));
#9983=DIRECTION('center_axis',(-2.66453525910038E-15,-1.,0.));
#9984=DIRECTION('ref_axis',(-3.88578058618809E-16,1.03537993883726E-30,
1.));
#9985=DIRECTION('center_axis',(0.,-1.,0.));
#9986=DIRECTION('ref_axis',(-3.88578058618809E-16,1.03537993883726E-30,
1.));
#9987=DIRECTION('',(-2.66453525910038E-15,-1.,0.));
#9988=DIRECTION('center_axis',(-4.02634389957244E-15,1.07283352856745E-29,
1.));
#9989=DIRECTION('ref_axis',(-1.,2.7068294695606E-15,-4.02634389957244E-15));
#9990=DIRECTION('',(-1.,0.,-4.02634389957244E-15));
#9991=DIRECTION('',(-2.66453525910038E-15,-1.,0.));
#9992=DIRECTION('center_axis',(-2.66453525910038E-15,-1.,0.));
#9993=DIRECTION('ref_axis',(0.819152044288991,-2.18265950457217E-15,-0.573576436351048));
#9994=DIRECTION('center_axis',(0.,-1.,0.));
#9995=DIRECTION('ref_axis',(0.819152044288991,-2.18265950457217E-15,-0.573576436351048));
#9996=DIRECTION('center_axis',(-0.819152044288993,2.9102126727629E-15,0.573576436351044));
#9997=DIRECTION('ref_axis',(-0.573576436351044,1.55257358878605E-15,-0.819152044288993));
#9998=DIRECTION('',(-0.573576436351044,0.,-0.819152044288993));
#9999=DIRECTION('',(-3.5527136788005E-15,-1.,0.));
#10000=DIRECTION('',(-3.5527136788005E-15,-1.,0.));
#10001=DIRECTION('center_axis',(-3.5527136788005E-15,-1.,0.));
#10002=DIRECTION('ref_axis',(-0.819152044288993,2.9102126727629E-15,0.573576436351045));
#10003=DIRECTION('center_axis',(0.,-1.,0.));
#10004=DIRECTION('ref_axis',(-0.819152044288993,2.9102126727629E-15,0.573576436351045));
#10005=DIRECTION('',(-3.5527136788005E-15,-1.,0.));
#10006=DIRECTION('center_axis',(3.88578058618809E-16,-1.38050658413679E-30,
-1.));
#10007=DIRECTION('ref_axis',(1.,-2.7068294695606E-15,3.88578058618809E-16));
#10008=DIRECTION('',(1.,0.,3.88578058618809E-16));
#10009=DIRECTION('',(-3.5527136788005E-15,-1.,0.));
#10010=DIRECTION('center_axis',(-3.5527136788005E-15,-1.,0.));
#10011=DIRECTION('ref_axis',(3.88578058618809E-16,-1.38050658450413E-30,
-1.));
#10012=DIRECTION('center_axis',(0.,-1.,0.));
#10013=DIRECTION('ref_axis',(3.88578058618809E-16,-1.38050658450413E-30,
-1.));
#10014=DIRECTION('',(-3.5527136788005E-15,-1.,0.));
#10015=DIRECTION('center_axis',(0.819152044288993,-2.9102126727629E-15,
-0.573576436351044));
#10016=DIRECTION('ref_axis',(0.573576436351044,-1.55257358878605E-15,0.819152044288993));
#10017=DIRECTION('',(0.573576436351044,0.,0.819152044288993));
#10018=DIRECTION('',(3.5527136788005E-15,1.,0.));
#10019=DIRECTION('center_axis',(-3.5527136788005E-15,-1.,0.));
#10020=DIRECTION('ref_axis',(-3.88578058618809E-16,1.38050658450411E-30,
1.));
#10021=DIRECTION('center_axis',(0.,-1.,0.));
#10022=DIRECTION('ref_axis',(-3.88578058618809E-16,1.38050658450411E-30,
1.));
#10023=DIRECTION('',(-3.5527136788005E-15,-1.,0.));
#10024=DIRECTION('center_axis',(-4.02634389957244E-15,1.4304447047566E-29,
1.));
#10025=DIRECTION('ref_axis',(-1.,2.7068294695606E-15,-4.02634389957244E-15));
#10026=DIRECTION('',(-1.,0.,-4.02634389957244E-15));
#10027=DIRECTION('',(-3.5527136788005E-15,-1.,0.));
#10028=DIRECTION('center_axis',(-3.5527136788005E-15,-1.,0.));
#10029=DIRECTION('ref_axis',(0.819152044288991,-2.91021267276289E-15,-0.573576436351048));
#10030=DIRECTION('center_axis',(0.,-1.,0.));
#10031=DIRECTION('ref_axis',(0.819152044288991,-2.91021267276289E-15,-0.573576436351048));
#10032=DIRECTION('center_axis',(-0.819152044288993,2.18265950457218E-15,
0.573576436351044));
#10033=DIRECTION('ref_axis',(-0.573576436351044,1.55257358878605E-15,-0.819152044288993));
#10034=DIRECTION('',(-0.573576436351044,0.,-0.819152044288993));
#10035=DIRECTION('',(-2.66453525910038E-15,-1.,0.));
#10036=DIRECTION('',(-2.66453525910038E-15,-1.,0.));
#10037=DIRECTION('center_axis',(-2.66453525910038E-15,-1.,0.));
#10038=DIRECTION('ref_axis',(-0.819152044288993,2.18265950457217E-15,0.573576436351045));
#10039=DIRECTION('center_axis',(0.,-1.,0.));
#10040=DIRECTION('ref_axis',(-0.819152044288993,2.18265950457217E-15,0.573576436351045));
#10041=DIRECTION('',(-2.66453525910038E-15,-1.,0.));
#10042=DIRECTION('center_axis',(3.88578058618809E-16,-1.03537993810259E-30,
-1.));
#10043=DIRECTION('ref_axis',(1.,-2.7068294695606E-15,3.88578058618809E-16));
#10044=DIRECTION('',(1.,0.,3.88578058618809E-16));
#10045=DIRECTION('',(-2.66453525910038E-15,-1.,0.));
#10046=DIRECTION('center_axis',(-2.66453525910038E-15,-1.,0.));
#10047=DIRECTION('ref_axis',(3.88578058618809E-16,-1.03537993883727E-30,
-1.));
#10048=DIRECTION('center_axis',(0.,-1.,0.));
#10049=DIRECTION('ref_axis',(3.88578058618809E-16,-1.03537993883727E-30,
-1.));
#10050=DIRECTION('',(-2.66453525910038E-15,-1.,0.));
#10051=DIRECTION('center_axis',(0.819152044288993,-2.18265950457218E-15,
-0.573576436351044));
#10052=DIRECTION('ref_axis',(0.573576436351044,-1.55257358878605E-15,0.819152044288993));
#10053=DIRECTION('',(0.573576436351044,0.,0.819152044288993));
#10054=DIRECTION('',(2.66453525910038E-15,1.,0.));
#10055=DIRECTION('center_axis',(-2.66453525910038E-15,-1.,0.));
#10056=DIRECTION('ref_axis',(-3.88578058618809E-16,1.03537993883726E-30,
1.));
#10057=DIRECTION('center_axis',(0.,-1.,0.));
#10058=DIRECTION('ref_axis',(-3.88578058618809E-16,1.03537993883726E-30,
1.));
#10059=DIRECTION('',(-2.66453525910038E-15,-1.,0.));
#10060=DIRECTION('center_axis',(-4.02634389957244E-15,1.07283352856745E-29,
1.));
#10061=DIRECTION('ref_axis',(-1.,2.7068294695606E-15,-4.02634389957244E-15));
#10062=DIRECTION('',(-1.,0.,-4.02634389957244E-15));
#10063=DIRECTION('',(-2.66453525910038E-15,-1.,0.));
#10064=DIRECTION('center_axis',(-2.66453525910038E-15,-1.,0.));
#10065=DIRECTION('ref_axis',(0.819152044288991,-2.18265950457217E-15,-0.573576436351048));
#10066=DIRECTION('center_axis',(0.,-1.,0.));
#10067=DIRECTION('ref_axis',(0.819152044288991,-2.18265950457217E-15,-0.573576436351048));
#10068=DIRECTION('center_axis',(-0.819152044288993,2.2281315775841E-15,
0.573576436351044));
#10069=DIRECTION('ref_axis',(-0.573576436351044,1.55257358878605E-15,-0.819152044288993));
#10070=DIRECTION('',(-0.573576436351044,0.,-0.819152044288993));
#10071=DIRECTION('',(-2.72004641033163E-15,-1.,0.));
#10072=DIRECTION('',(-2.72004641033163E-15,-1.,0.));
#10073=DIRECTION('center_axis',(-2.72004641033163E-15,-1.,0.));
#10074=DIRECTION('ref_axis',(-0.819152044288993,2.22813157758409E-15,0.573576436351045));
#10075=DIRECTION('center_axis',(0.,-1.,0.));
#10076=DIRECTION('ref_axis',(-0.819152044288993,2.22813157758409E-15,0.573576436351045));
#10077=DIRECTION('',(-2.72004641033163E-15,-1.,0.));
#10078=DIRECTION('center_axis',(3.88578058618809E-16,-1.05695035347973E-30,
-1.));
#10079=DIRECTION('ref_axis',(1.,-2.7068294695606E-15,3.88578058618809E-16));
#10080=DIRECTION('',(1.,0.,3.88578058618809E-16));
#10081=DIRECTION('',(-2.72004641033163E-15,-1.,0.));
#10082=DIRECTION('center_axis',(-2.72004641033163E-15,-1.,0.));
#10083=DIRECTION('ref_axis',(3.88578058618809E-16,-1.05695035384707E-30,
-1.));
#10084=DIRECTION('center_axis',(0.,-1.,0.));
#10085=DIRECTION('ref_axis',(3.88578058618809E-16,-1.05695035384707E-30,
-1.));
#10086=DIRECTION('',(-2.72004641033163E-15,-1.,0.));
#10087=DIRECTION('center_axis',(0.819152044288993,-2.2281315775841E-15,
-0.573576436351044));
#10088=DIRECTION('ref_axis',(0.573576436351044,-1.55257358878605E-15,0.819152044288993));
#10089=DIRECTION('',(0.573576436351044,0.,0.819152044288993));
#10090=DIRECTION('',(2.72004641033163E-15,1.,0.));
#10091=DIRECTION('center_axis',(-2.72004641033163E-15,-1.,0.));
#10092=DIRECTION('ref_axis',(-3.88578058618809E-16,1.05695035384706E-30,
1.));
#10093=DIRECTION('center_axis',(0.,-1.,0.));
#10094=DIRECTION('ref_axis',(-3.88578058618809E-16,1.05695035384706E-30,
1.));
#10095=DIRECTION('',(-2.72004641033163E-15,-1.,0.));
#10096=DIRECTION('center_axis',(-4.02634389957244E-15,1.09518422707927E-29,
1.));
#10097=DIRECTION('ref_axis',(-1.,2.7068294695606E-15,-4.02634389957244E-15));
#10098=DIRECTION('',(-1.,0.,-4.02634389957244E-15));
#10099=DIRECTION('',(-2.72004641033163E-15,-1.,0.));
#10100=DIRECTION('center_axis',(-2.72004641033163E-15,-1.,0.));
#10101=DIRECTION('ref_axis',(0.819152044288991,-2.22813157758409E-15,-0.573576436351048));
#10102=DIRECTION('center_axis',(0.,-1.,0.));
#10103=DIRECTION('ref_axis',(0.819152044288991,-2.22813157758409E-15,-0.573576436351048));
#10104=DIRECTION('center_axis',(-0.819152044288993,2.18265950457218E-15,
0.573576436351044));
#10105=DIRECTION('ref_axis',(-0.573576436351044,1.55257358878605E-15,-0.819152044288993));
#10106=DIRECTION('',(-0.573576436351044,0.,-0.819152044288993));
#10107=DIRECTION('',(-2.66453525910038E-15,-1.,0.));
#10108=DIRECTION('',(-2.66453525910038E-15,-1.,0.));
#10109=DIRECTION('center_axis',(-2.66453525910038E-15,-1.,0.));
#10110=DIRECTION('ref_axis',(-0.819152044288993,2.18265950457217E-15,0.573576436351045));
#10111=DIRECTION('center_axis',(0.,-1.,0.));
#10112=DIRECTION('ref_axis',(-0.819152044288993,2.18265950457217E-15,0.573576436351045));
#10113=DIRECTION('',(-2.66453525910038E-15,-1.,0.));
#10114=DIRECTION('center_axis',(3.88578058618809E-16,-1.03537993810259E-30,
-1.));
#10115=DIRECTION('ref_axis',(1.,-2.7068294695606E-15,3.88578058618809E-16));
#10116=DIRECTION('',(1.,0.,3.88578058618809E-16));
#10117=DIRECTION('',(-2.66453525910038E-15,-1.,0.));
#10118=DIRECTION('center_axis',(-2.66453525910038E-15,-1.,0.));
#10119=DIRECTION('ref_axis',(3.88578058618809E-16,-1.03537993883727E-30,
-1.));
#10120=DIRECTION('center_axis',(0.,-1.,0.));
#10121=DIRECTION('ref_axis',(3.88578058618809E-16,-1.03537993883727E-30,
-1.));
#10122=DIRECTION('',(-2.66453525910038E-15,-1.,0.));
#10123=DIRECTION('center_axis',(0.819152044288993,-2.18265950457218E-15,
-0.573576436351044));
#10124=DIRECTION('ref_axis',(0.573576436351044,-1.55257358878605E-15,0.819152044288993));
#10125=DIRECTION('',(0.573576436351044,0.,0.819152044288993));
#10126=DIRECTION('',(2.66453525910038E-15,1.,0.));
#10127=DIRECTION('center_axis',(-2.66453525910038E-15,-1.,0.));
#10128=DIRECTION('ref_axis',(-3.88578058618809E-16,1.03537993883726E-30,
1.));
#10129=DIRECTION('center_axis',(0.,-1.,0.));
#10130=DIRECTION('ref_axis',(-3.88578058618809E-16,1.03537993883726E-30,
1.));
#10131=DIRECTION('',(-2.66453525910038E-15,-1.,0.));
#10132=DIRECTION('center_axis',(-4.02634389957244E-15,1.07283352856745E-29,
1.));
#10133=DIRECTION('ref_axis',(-1.,2.7068294695606E-15,-4.02634389957244E-15));
#10134=DIRECTION('',(-1.,0.,-4.02634389957244E-15));
#10135=DIRECTION('',(-2.66453525910038E-15,-1.,0.));
#10136=DIRECTION('center_axis',(-2.66453525910038E-15,-1.,0.));
#10137=DIRECTION('ref_axis',(0.819152044288991,-2.18265950457217E-15,-0.573576436351048));
#10138=DIRECTION('center_axis',(0.,-1.,0.));
#10139=DIRECTION('ref_axis',(0.819152044288991,-2.18265950457217E-15,-0.573576436351048));
#10140=DIRECTION('center_axis',(-0.819152044288993,2.18265950457218E-15,
0.573576436351044));
#10141=DIRECTION('ref_axis',(-0.573576436351044,1.55257358878605E-15,-0.819152044288993));
#10142=DIRECTION('',(-0.573576436351044,0.,-0.819152044288993));
#10143=DIRECTION('',(-2.66453525910038E-15,-1.,0.));
#10144=DIRECTION('',(-2.66453525910038E-15,-1.,0.));
#10145=DIRECTION('center_axis',(-2.66453525910038E-15,-1.,0.));
#10146=DIRECTION('ref_axis',(-0.819152044288993,2.18265950457217E-15,0.573576436351045));
#10147=DIRECTION('center_axis',(0.,-1.,0.));
#10148=DIRECTION('ref_axis',(-0.819152044288993,2.18265950457217E-15,0.573576436351045));
#10149=DIRECTION('',(-2.66453525910038E-15,-1.,0.));
#10150=DIRECTION('center_axis',(3.88578058618809E-16,-1.03537993810259E-30,
-1.));
#10151=DIRECTION('ref_axis',(1.,-2.7068294695606E-15,3.88578058618809E-16));
#10152=DIRECTION('',(1.,0.,3.88578058618809E-16));
#10153=DIRECTION('',(-2.66453525910038E-15,-1.,0.));
#10154=DIRECTION('center_axis',(-2.66453525910038E-15,-1.,0.));
#10155=DIRECTION('ref_axis',(3.88578058618809E-16,-1.03537993883727E-30,
-1.));
#10156=DIRECTION('center_axis',(0.,-1.,0.));
#10157=DIRECTION('ref_axis',(3.88578058618809E-16,-1.03537993883727E-30,
-1.));
#10158=DIRECTION('',(-2.66453525910038E-15,-1.,0.));
#10159=DIRECTION('center_axis',(0.819152044288993,-2.18265950457218E-15,
-0.573576436351044));
#10160=DIRECTION('ref_axis',(0.573576436351044,-1.55257358878605E-15,0.819152044288993));
#10161=DIRECTION('',(0.573576436351044,0.,0.819152044288993));
#10162=DIRECTION('',(2.66453525910038E-15,1.,0.));
#10163=DIRECTION('center_axis',(-2.66453525910038E-15,-1.,0.));
#10164=DIRECTION('ref_axis',(-3.88578058618809E-16,1.03537993883726E-30,
1.));
#10165=DIRECTION('center_axis',(0.,-1.,0.));
#10166=DIRECTION('ref_axis',(-3.88578058618809E-16,1.03537993883726E-30,
1.));
#10167=DIRECTION('',(-2.66453525910038E-15,-1.,0.));
#10168=DIRECTION('center_axis',(-4.02634389957244E-15,1.07283352856745E-29,
1.));
#10169=DIRECTION('ref_axis',(-1.,2.7068294695606E-15,-4.02634389957244E-15));
#10170=DIRECTION('',(-1.,0.,-4.02634389957244E-15));
#10171=DIRECTION('',(-2.66453525910038E-15,-1.,0.));
#10172=DIRECTION('center_axis',(-2.66453525910038E-15,-1.,0.));
#10173=DIRECTION('ref_axis',(0.819152044288991,-2.18265950457217E-15,-0.573576436351048));
#10174=DIRECTION('center_axis',(0.,-1.,0.));
#10175=DIRECTION('ref_axis',(0.819152044288991,-2.18265950457217E-15,-0.573576436351048));
#10176=DIRECTION('center_axis',(-0.819152044288993,2.18265950457218E-15,
0.573576436351044));
#10177=DIRECTION('ref_axis',(-0.573576436351044,1.55257358878605E-15,-0.819152044288993));
#10178=DIRECTION('',(-0.573576436351044,0.,-0.819152044288993));
#10179=DIRECTION('',(-2.66453525910038E-15,-1.,0.));
#10180=DIRECTION('',(-2.66453525910038E-15,-1.,0.));
#10181=DIRECTION('center_axis',(-2.66453525910038E-15,-1.,0.));
#10182=DIRECTION('ref_axis',(-0.819152044288993,2.18265950457217E-15,0.573576436351045));
#10183=DIRECTION('center_axis',(0.,-1.,0.));
#10184=DIRECTION('ref_axis',(-0.819152044288993,2.18265950457217E-15,0.573576436351045));
#10185=DIRECTION('',(-2.66453525910038E-15,-1.,0.));
#10186=DIRECTION('center_axis',(3.88578058618809E-16,-1.03537993810259E-30,
-1.));
#10187=DIRECTION('ref_axis',(1.,-2.7068294695606E-15,3.88578058618809E-16));
#10188=DIRECTION('',(1.,0.,3.88578058618809E-16));
#10189=DIRECTION('',(-2.66453525910038E-15,-1.,0.));
#10190=DIRECTION('center_axis',(-2.66453525910038E-15,-1.,0.));
#10191=DIRECTION('ref_axis',(3.88578058618809E-16,-1.03537993883727E-30,
-1.));
#10192=DIRECTION('center_axis',(0.,-1.,0.));
#10193=DIRECTION('ref_axis',(3.88578058618809E-16,-1.03537993883727E-30,
-1.));
#10194=DIRECTION('',(-2.66453525910038E-15,-1.,0.));
#10195=DIRECTION('center_axis',(0.819152044288993,-2.18265950457218E-15,
-0.573576436351044));
#10196=DIRECTION('ref_axis',(0.573576436351044,-1.55257358878605E-15,0.819152044288993));
#10197=DIRECTION('',(0.573576436351044,0.,0.819152044288993));
#10198=DIRECTION('',(2.66453525910038E-15,1.,0.));
#10199=DIRECTION('center_axis',(-2.66453525910038E-15,-1.,0.));
#10200=DIRECTION('ref_axis',(-3.88578058618809E-16,1.03537993883726E-30,
1.));
#10201=DIRECTION('center_axis',(0.,-1.,0.));
#10202=DIRECTION('ref_axis',(-3.88578058618809E-16,1.03537993883726E-30,
1.));
#10203=DIRECTION('',(-2.66453525910038E-15,-1.,0.));
#10204=DIRECTION('center_axis',(-4.02634389957244E-15,1.07283352856745E-29,
1.));
#10205=DIRECTION('ref_axis',(-1.,2.7068294695606E-15,-4.02634389957244E-15));
#10206=DIRECTION('',(-1.,0.,-4.02634389957244E-15));
#10207=DIRECTION('',(-2.66453525910038E-15,-1.,0.));
#10208=DIRECTION('center_axis',(-2.66453525910038E-15,-1.,0.));
#10209=DIRECTION('ref_axis',(0.819152044288991,-2.18265950457217E-15,-0.573576436351048));
#10210=DIRECTION('center_axis',(0.,-1.,0.));
#10211=DIRECTION('ref_axis',(0.819152044288991,-2.18265950457217E-15,-0.573576436351048));
#10212=DIRECTION('center_axis',(-0.819152044288993,2.9102126727629E-15,
0.573576436351044));
#10213=DIRECTION('ref_axis',(-0.573576436351044,1.55257358878605E-15,-0.819152044288993));
#10214=DIRECTION('',(-0.573576436351044,0.,-0.819152044288993));
#10215=DIRECTION('',(-3.5527136788005E-15,-1.,0.));
#10216=DIRECTION('',(-3.5527136788005E-15,-1.,0.));
#10217=DIRECTION('center_axis',(-3.5527136788005E-15,-1.,0.));
#10218=DIRECTION('ref_axis',(-0.819152044288993,2.9102126727629E-15,0.573576436351045));
#10219=DIRECTION('center_axis',(0.,-1.,0.));
#10220=DIRECTION('ref_axis',(-0.819152044288993,2.9102126727629E-15,0.573576436351045));
#10221=DIRECTION('',(-3.5527136788005E-15,-1.,0.));
#10222=DIRECTION('center_axis',(3.88578058618809E-16,-1.38050658413679E-30,
-1.));
#10223=DIRECTION('ref_axis',(1.,-2.7068294695606E-15,3.88578058618809E-16));
#10224=DIRECTION('',(1.,0.,3.88578058618809E-16));
#10225=DIRECTION('',(-3.5527136788005E-15,-1.,0.));
#10226=DIRECTION('center_axis',(-3.5527136788005E-15,-1.,0.));
#10227=DIRECTION('ref_axis',(3.88578058618809E-16,-1.38050658450413E-30,
-1.));
#10228=DIRECTION('center_axis',(0.,-1.,0.));
#10229=DIRECTION('ref_axis',(3.88578058618809E-16,-1.38050658450413E-30,
-1.));
#10230=DIRECTION('',(-3.5527136788005E-15,-1.,0.));
#10231=DIRECTION('center_axis',(0.819152044288993,-2.9102126727629E-15,
-0.573576436351044));
#10232=DIRECTION('ref_axis',(0.573576436351044,-1.55257358878605E-15,0.819152044288993));
#10233=DIRECTION('',(0.573576436351044,0.,0.819152044288993));
#10234=DIRECTION('',(3.5527136788005E-15,1.,0.));
#10235=DIRECTION('center_axis',(-3.5527136788005E-15,-1.,0.));
#10236=DIRECTION('ref_axis',(-3.88578058618809E-16,1.38050658450411E-30,
1.));
#10237=DIRECTION('center_axis',(0.,-1.,0.));
#10238=DIRECTION('ref_axis',(-3.88578058618809E-16,1.38050658450411E-30,
1.));
#10239=DIRECTION('',(-3.5527136788005E-15,-1.,0.));
#10240=DIRECTION('center_axis',(-4.02634389957244E-15,1.4304447047566E-29,
1.));
#10241=DIRECTION('ref_axis',(-1.,2.7068294695606E-15,-4.02634389957244E-15));
#10242=DIRECTION('',(-1.,0.,-4.02634389957244E-15));
#10243=DIRECTION('',(-3.5527136788005E-15,-1.,0.));
#10244=DIRECTION('center_axis',(-3.5527136788005E-15,-1.,0.));
#10245=DIRECTION('ref_axis',(0.819152044288991,-2.91021267276289E-15,-0.573576436351048));
#10246=DIRECTION('center_axis',(0.,-1.,0.));
#10247=DIRECTION('ref_axis',(0.819152044288991,-2.91021267276289E-15,-0.573576436351048));
#10248=DIRECTION('center_axis',(1.,0.,0.));
#10249=DIRECTION('ref_axis',(0.,-0.81915204428899,0.573576436351049));
#10250=DIRECTION('center_axis',(1.,0.,0.));
#10251=DIRECTION('ref_axis',(0.,-0.81915204428899,0.573576436351049));
#10252=DIRECTION('',(-1.,0.,0.));
#10253=DIRECTION('center_axis',(-1.,0.,0.));
#10254=DIRECTION('ref_axis',(0.,-0.81915204428899,0.573576436351049));
#10255=DIRECTION('',(-1.,0.,0.));
#10256=DIRECTION('center_axis',(0.,-1.55026680511913E-15,-1.));
#10257=DIRECTION('ref_axis',(0.,1.,-1.55026680511913E-15));
#10258=DIRECTION('',(0.,1.,-1.55026680511913E-15));
#10259=DIRECTION('',(0.,-1.,1.55026680511913E-15));
#10260=DIRECTION('',(-1.,0.,0.));
#10261=DIRECTION('center_axis',(1.,0.,0.));
#10262=DIRECTION('ref_axis',(0.,-1.04320510021205E-14,-1.));
#10263=DIRECTION('center_axis',(1.,0.,0.));
#10264=DIRECTION('ref_axis',(0.,-1.04320510021205E-14,-1.));
#10265=DIRECTION('center_axis',(-1.,0.,0.));
#10266=DIRECTION('ref_axis',(0.,-1.04320510021205E-14,-1.));
#10267=DIRECTION('',(-1.,0.,0.));
#10268=DIRECTION('center_axis',(0.,0.819152044288991,-0.573576436351047));
#10269=DIRECTION('ref_axis',(0.,0.573576436351047,0.819152044288991));
#10270=DIRECTION('',(0.,0.573576436351047,0.819152044288991));
#10271=DIRECTION('',(0.,-0.573576436351047,-0.819152044288991));
#10272=DIRECTION('',(-1.,0.,0.));
#10273=DIRECTION('center_axis',(1.,0.,0.));
#10274=DIRECTION('ref_axis',(0.,0.81915204428899,-0.573576436351048));
#10275=DIRECTION('center_axis',(1.,0.,0.));
#10276=DIRECTION('ref_axis',(0.,0.81915204428899,-0.573576436351048));
#10277=DIRECTION('center_axis',(-1.,0.,0.));
#10278=DIRECTION('ref_axis',(0.,0.81915204428899,-0.573576436351048));
#10279=DIRECTION('',(-1.,0.,0.));
#10280=DIRECTION('center_axis',(0.,-0.819152044288992,0.573576436351046));
#10281=DIRECTION('ref_axis',(0.,-0.573576436351046,-0.819152044288992));
#10282=DIRECTION('',(0.,-0.573576436351046,-0.819152044288992));
#10283=DIRECTION('',(-1.,0.,0.));
#10284=DIRECTION('',(0.,0.573576436351046,0.819152044288992));
#10285=DIRECTION('center_axis',(1.,0.,0.));
#10286=DIRECTION('ref_axis',(0.,-2.8906252933815E-15,1.));
#10287=DIRECTION('center_axis',(1.,0.,0.));
#10288=DIRECTION('ref_axis',(0.,-2.8906252933815E-15,1.));
#10289=DIRECTION('',(1.,0.,0.));
#10290=DIRECTION('center_axis',(-1.,0.,0.));
#10291=DIRECTION('ref_axis',(0.,-2.8906252933815E-15,1.));
#10292=DIRECTION('center_axis',(0.,-2.08749903583446E-15,1.));
#10293=DIRECTION('ref_axis',(0.,-1.,-2.08749903583446E-15));
#10294=DIRECTION('',(0.,-1.,-2.08749903583446E-15));
#10295=DIRECTION('',(0.,1.,2.08749903583446E-15));
#10296=DIRECTION('center_axis',(1.,0.,0.));
#10297=DIRECTION('ref_axis',(0.,-0.819152044288989,0.573576436351051));
#10298=DIRECTION('center_axis',(1.,0.,0.));
#10299=DIRECTION('ref_axis',(0.,-0.819152044288989,0.573576436351051));
#10300=DIRECTION('',(-1.,0.,0.));
#10301=DIRECTION('center_axis',(-1.,0.,0.));
#10302=DIRECTION('ref_axis',(0.,-0.819152044288989,0.573576436351051));
#10303=DIRECTION('',(-1.,0.,0.));
#10304=DIRECTION('center_axis',(0.,-1.55026680511913E-15,-1.));
#10305=DIRECTION('ref_axis',(0.,1.,-1.55026680511913E-15));
#10306=DIRECTION('',(0.,1.,-1.55026680511913E-15));
#10307=DIRECTION('',(0.,-1.,1.55026680511913E-15));
#10308=DIRECTION('',(-1.,0.,0.));
#10309=DIRECTION('center_axis',(1.,0.,0.));
#10310=DIRECTION('ref_axis',(0.,-1.04320510021205E-14,-1.));
#10311=DIRECTION('center_axis',(1.,0.,0.));
#10312=DIRECTION('ref_axis',(0.,-1.04320510021205E-14,-1.));
#10313=DIRECTION('center_axis',(-1.,0.,0.));
#10314=DIRECTION('ref_axis',(0.,-1.04320510021205E-14,-1.));
#10315=DIRECTION('',(-1.,0.,0.));
#10316=DIRECTION('center_axis',(0.,0.819152044288991,-0.573576436351048));
#10317=DIRECTION('ref_axis',(0.,0.573576436351048,0.819152044288991));
#10318=DIRECTION('',(0.,0.573576436351048,0.819152044288991));
#10319=DIRECTION('',(0.,-0.573576436351048,-0.819152044288991));
#10320=DIRECTION('',(-1.,0.,0.));
#10321=DIRECTION('center_axis',(1.,0.,0.));
#10322=DIRECTION('ref_axis',(0.,0.819152044288992,-0.573576436351045));
#10323=DIRECTION('center_axis',(1.,0.,0.));
#10324=DIRECTION('ref_axis',(0.,0.819152044288992,-0.573576436351045));
#10325=DIRECTION('center_axis',(-1.,0.,0.));
#10326=DIRECTION('ref_axis',(0.,0.819152044288992,-0.573576436351045));
#10327=DIRECTION('',(-1.,0.,0.));
#10328=DIRECTION('center_axis',(0.,-0.819152044288991,0.573576436351047));
#10329=DIRECTION('ref_axis',(0.,-0.573576436351047,-0.819152044288991));
#10330=DIRECTION('',(0.,-0.573576436351047,-0.819152044288991));
#10331=DIRECTION('',(-1.,0.,0.));
#10332=DIRECTION('',(0.,0.573576436351047,0.819152044288991));
#10333=DIRECTION('center_axis',(1.,0.,0.));
#10334=DIRECTION('ref_axis',(0.,-7.33151739188213E-15,1.));
#10335=DIRECTION('center_axis',(1.,0.,0.));
#10336=DIRECTION('ref_axis',(0.,-7.33151739188213E-15,1.));
#10337=DIRECTION('',(1.,0.,0.));
#10338=DIRECTION('center_axis',(-1.,0.,0.));
#10339=DIRECTION('ref_axis',(0.,-7.33151739188213E-15,1.));
#10340=DIRECTION('center_axis',(0.,-2.08749903583448E-15,1.));
#10341=DIRECTION('ref_axis',(0.,-1.,-2.08749903583448E-15));
#10342=DIRECTION('',(0.,-1.,-2.08749903583448E-15));
#10343=DIRECTION('',(0.,1.,2.08749903583448E-15));
#10344=DIRECTION('center_axis',(1.,0.,0.));
#10345=DIRECTION('ref_axis',(0.,-0.81915204428899,0.573576436351049));
#10346=DIRECTION('center_axis',(1.,0.,0.));
#10347=DIRECTION('ref_axis',(0.,-0.81915204428899,0.573576436351049));
#10348=DIRECTION('',(-1.,0.,0.));
#10349=DIRECTION('center_axis',(-1.,0.,0.));
#10350=DIRECTION('ref_axis',(0.,-0.81915204428899,0.573576436351049));
#10351=DIRECTION('',(-1.,0.,0.));
#10352=DIRECTION('center_axis',(0.,-1.55026680511913E-15,-1.));
#10353=DIRECTION('ref_axis',(0.,1.,-1.55026680511913E-15));
#10354=DIRECTION('',(0.,1.,-1.55026680511913E-15));
#10355=DIRECTION('',(0.,-1.,1.55026680511913E-15));
#10356=DIRECTION('',(-1.,0.,0.));
#10357=DIRECTION('center_axis',(1.,0.,0.));
#10358=DIRECTION('ref_axis',(0.,-8.21160495287016E-15,-1.));
#10359=DIRECTION('center_axis',(1.,0.,0.));
#10360=DIRECTION('ref_axis',(0.,-8.21160495287016E-15,-1.));
#10361=DIRECTION('center_axis',(-1.,0.,0.));
#10362=DIRECTION('ref_axis',(0.,-8.21160495287016E-15,-1.));
#10363=DIRECTION('',(-1.,0.,0.));
#10364=DIRECTION('center_axis',(0.,0.819152044288991,-0.573576436351047));
#10365=DIRECTION('ref_axis',(0.,0.573576436351047,0.819152044288991));
#10366=DIRECTION('',(0.,0.573576436351047,0.819152044288991));
#10367=DIRECTION('',(0.,-0.573576436351047,-0.819152044288991));
#10368=DIRECTION('',(-1.,0.,0.));
#10369=DIRECTION('center_axis',(1.,0.,0.));
#10370=DIRECTION('ref_axis',(0.,0.81915204428899,-0.573576436351048));
#10371=DIRECTION('center_axis',(1.,0.,0.));
#10372=DIRECTION('ref_axis',(0.,0.81915204428899,-0.573576436351048));
#10373=DIRECTION('center_axis',(-1.,0.,0.));
#10374=DIRECTION('ref_axis',(0.,0.81915204428899,-0.573576436351048));
#10375=DIRECTION('',(-1.,0.,0.));
#10376=DIRECTION('center_axis',(0.,-0.819152044288991,0.573576436351047));
#10377=DIRECTION('ref_axis',(0.,-0.573576436351047,-0.819152044288991));
#10378=DIRECTION('',(0.,-0.573576436351047,-0.819152044288991));
#10379=DIRECTION('',(-1.,0.,0.));
#10380=DIRECTION('',(0.,0.573576436351047,0.819152044288991));
#10381=DIRECTION('center_axis',(1.,0.,0.));
#10382=DIRECTION('ref_axis',(0.,-2.8906252933815E-15,1.));
#10383=DIRECTION('center_axis',(1.,0.,0.));
#10384=DIRECTION('ref_axis',(0.,-2.8906252933815E-15,1.));
#10385=DIRECTION('',(1.,0.,0.));
#10386=DIRECTION('center_axis',(-1.,0.,0.));
#10387=DIRECTION('ref_axis',(0.,-2.8906252933815E-15,1.));
#10388=DIRECTION('center_axis',(0.,-2.08749903583447E-15,1.));
#10389=DIRECTION('ref_axis',(0.,-1.,-2.08749903583447E-15));
#10390=DIRECTION('',(0.,-1.,-2.08749903583447E-15));
#10391=DIRECTION('',(0.,1.,2.08749903583447E-15));
#10392=DIRECTION('center_axis',(1.,0.,0.));
#10393=DIRECTION('ref_axis',(0.,-0.81915204428899,0.573576436351049));
#10394=DIRECTION('center_axis',(1.,0.,0.));
#10395=DIRECTION('ref_axis',(0.,-0.81915204428899,0.573576436351049));
#10396=DIRECTION('',(-1.,0.,0.));
#10397=DIRECTION('center_axis',(-1.,0.,0.));
#10398=DIRECTION('ref_axis',(0.,-0.81915204428899,0.573576436351049));
#10399=DIRECTION('',(-1.,0.,0.));
#10400=DIRECTION('center_axis',(0.,-1.55026680511913E-15,-1.));
#10401=DIRECTION('ref_axis',(0.,1.,-1.55026680511913E-15));
#10402=DIRECTION('',(0.,1.,-1.55026680511913E-15));
#10403=DIRECTION('',(0.,-1.,1.55026680511913E-15));
#10404=DIRECTION('',(-1.,0.,0.));
#10405=DIRECTION('center_axis',(1.,0.,0.));
#10406=DIRECTION('ref_axis',(0.,-1.04320510021205E-14,-1.));
#10407=DIRECTION('center_axis',(1.,0.,0.));
#10408=DIRECTION('ref_axis',(0.,-1.04320510021205E-14,-1.));
#10409=DIRECTION('center_axis',(-1.,0.,0.));
#10410=DIRECTION('ref_axis',(0.,-1.04320510021205E-14,-1.));
#10411=DIRECTION('',(-1.,0.,0.));
#10412=DIRECTION('center_axis',(0.,0.819152044288991,-0.573576436351047));
#10413=DIRECTION('ref_axis',(0.,0.573576436351047,0.819152044288991));
#10414=DIRECTION('',(0.,0.573576436351047,0.819152044288991));
#10415=DIRECTION('',(0.,-0.573576436351047,-0.819152044288991));
#10416=DIRECTION('',(-1.,0.,0.));
#10417=DIRECTION('center_axis',(1.,0.,0.));
#10418=DIRECTION('ref_axis',(0.,0.819152044288989,-0.573576436351049));
#10419=DIRECTION('center_axis',(1.,0.,0.));
#10420=DIRECTION('ref_axis',(0.,0.819152044288989,-0.573576436351049));
#10421=DIRECTION('center_axis',(-1.,0.,0.));
#10422=DIRECTION('ref_axis',(0.,0.819152044288989,-0.573576436351049));
#10423=DIRECTION('',(-1.,0.,0.));
#10424=DIRECTION('center_axis',(0.,-0.819152044288992,0.573576436351046));
#10425=DIRECTION('ref_axis',(0.,-0.573576436351046,-0.819152044288992));
#10426=DIRECTION('',(0.,-0.573576436351046,-0.819152044288992));
#10427=DIRECTION('',(-1.,0.,0.));
#10428=DIRECTION('',(0.,0.573576436351046,0.819152044288992));
#10429=DIRECTION('center_axis',(1.,0.,0.));
#10430=DIRECTION('ref_axis',(0.,-2.8906252933815E-15,1.));
#10431=DIRECTION('center_axis',(1.,0.,0.));
#10432=DIRECTION('ref_axis',(0.,-2.8906252933815E-15,1.));
#10433=DIRECTION('',(1.,0.,0.));
#10434=DIRECTION('center_axis',(-1.,0.,0.));
#10435=DIRECTION('ref_axis',(0.,-2.8906252933815E-15,1.));
#10436=DIRECTION('center_axis',(0.,-2.08749903583446E-15,1.));
#10437=DIRECTION('ref_axis',(0.,-1.,-2.08749903583446E-15));
#10438=DIRECTION('',(0.,-1.,-2.08749903583446E-15));
#10439=DIRECTION('',(0.,1.,2.08749903583446E-15));
#10440=DIRECTION('center_axis',(1.,0.,0.));
#10441=DIRECTION('ref_axis',(0.,-0.81915204428899,0.573576436351049));
#10442=DIRECTION('center_axis',(1.,0.,0.));
#10443=DIRECTION('ref_axis',(0.,-0.81915204428899,0.573576436351049));
#10444=DIRECTION('',(-1.,0.,0.));
#10445=DIRECTION('center_axis',(-1.,0.,0.));
#10446=DIRECTION('ref_axis',(0.,-0.81915204428899,0.573576436351049));
#10447=DIRECTION('',(-1.,0.,0.));
#10448=DIRECTION('center_axis',(0.,-1.55026680511913E-15,-1.));
#10449=DIRECTION('ref_axis',(0.,1.,-1.55026680511913E-15));
#10450=DIRECTION('',(0.,1.,-1.55026680511913E-15));
#10451=DIRECTION('',(0.,-1.,1.55026680511913E-15));
#10452=DIRECTION('',(-1.,0.,0.));
#10453=DIRECTION('center_axis',(1.,0.,0.));
#10454=DIRECTION('ref_axis',(0.,-1.04320510021205E-14,-1.));
#10455=DIRECTION('center_axis',(1.,0.,0.));
#10456=DIRECTION('ref_axis',(0.,-1.04320510021205E-14,-1.));
#10457=DIRECTION('center_axis',(-1.,0.,0.));
#10458=DIRECTION('ref_axis',(0.,-1.04320510021205E-14,-1.));
#10459=DIRECTION('',(-1.,0.,0.));
#10460=DIRECTION('center_axis',(0.,0.819152044288991,-0.573576436351047));
#10461=DIRECTION('ref_axis',(0.,0.573576436351047,0.819152044288991));
#10462=DIRECTION('',(0.,0.573576436351047,0.819152044288991));
#10463=DIRECTION('',(0.,-0.573576436351047,-0.819152044288991));
#10464=DIRECTION('',(-1.,0.,0.));
#10465=DIRECTION('center_axis',(1.,0.,0.));
#10466=DIRECTION('ref_axis',(0.,0.819152044288989,-0.573576436351049));
#10467=DIRECTION('center_axis',(1.,0.,0.));
#10468=DIRECTION('ref_axis',(0.,0.819152044288989,-0.573576436351049));
#10469=DIRECTION('center_axis',(-1.,0.,0.));
#10470=DIRECTION('ref_axis',(0.,0.819152044288989,-0.573576436351049));
#10471=DIRECTION('',(-1.,0.,0.));
#10472=DIRECTION('center_axis',(0.,-0.819152044288992,0.573576436351046));
#10473=DIRECTION('ref_axis',(0.,-0.573576436351046,-0.819152044288992));
#10474=DIRECTION('',(0.,-0.573576436351046,-0.819152044288992));
#10475=DIRECTION('',(-1.,0.,0.));
#10476=DIRECTION('',(0.,0.573576436351046,0.819152044288992));
#10477=DIRECTION('center_axis',(1.,0.,0.));
#10478=DIRECTION('ref_axis',(0.,-2.8906252933815E-15,1.));
#10479=DIRECTION('center_axis',(1.,0.,0.));
#10480=DIRECTION('ref_axis',(0.,-2.8906252933815E-15,1.));
#10481=DIRECTION('',(1.,0.,0.));
#10482=DIRECTION('center_axis',(-1.,0.,0.));
#10483=DIRECTION('ref_axis',(0.,-2.8906252933815E-15,1.));
#10484=DIRECTION('center_axis',(0.,-2.08749903583446E-15,1.));
#10485=DIRECTION('ref_axis',(0.,-1.,-2.08749903583446E-15));
#10486=DIRECTION('',(0.,-1.,-2.08749903583446E-15));
#10487=DIRECTION('',(0.,1.,2.08749903583446E-15));
#10488=DIRECTION('center_axis',(1.,0.,0.));
#10489=DIRECTION('ref_axis',(0.,-0.81915204428899,0.573576436351048));
#10490=DIRECTION('center_axis',(1.,0.,0.));
#10491=DIRECTION('ref_axis',(0.,-0.81915204428899,0.573576436351048));
#10492=DIRECTION('',(-1.,0.,0.));
#10493=DIRECTION('center_axis',(-1.,0.,0.));
#10494=DIRECTION('ref_axis',(0.,-0.81915204428899,0.573576436351048));
#10495=DIRECTION('',(-1.,0.,0.));
#10496=DIRECTION('center_axis',(0.,-1.55026680511913E-15,-1.));
#10497=DIRECTION('ref_axis',(0.,1.,-1.55026680511913E-15));
#10498=DIRECTION('',(0.,1.,-1.55026680511913E-15));
#10499=DIRECTION('',(0.,-1.,1.55026680511913E-15));
#10500=DIRECTION('',(-1.,0.,0.));
#10501=DIRECTION('center_axis',(1.,0.,0.));
#10502=DIRECTION('ref_axis',(0.,-8.21160495287016E-15,-1.));
#10503=DIRECTION('center_axis',(1.,0.,0.));
#10504=DIRECTION('ref_axis',(0.,-8.21160495287016E-15,-1.));
#10505=DIRECTION('center_axis',(-1.,0.,0.));
#10506=DIRECTION('ref_axis',(0.,-8.21160495287016E-15,-1.));
#10507=DIRECTION('',(-1.,0.,0.));
#10508=DIRECTION('center_axis',(0.,0.819152044288991,-0.573576436351047));
#10509=DIRECTION('ref_axis',(0.,0.573576436351047,0.819152044288991));
#10510=DIRECTION('',(0.,0.573576436351047,0.819152044288991));
#10511=DIRECTION('',(0.,-0.573576436351047,-0.819152044288991));
#10512=DIRECTION('',(-1.,0.,0.));
#10513=DIRECTION('center_axis',(1.,0.,0.));
#10514=DIRECTION('ref_axis',(0.,0.81915204428899,-0.573576436351048));
#10515=DIRECTION('center_axis',(1.,0.,0.));
#10516=DIRECTION('ref_axis',(0.,0.81915204428899,-0.573576436351048));
#10517=DIRECTION('center_axis',(-1.,0.,0.));
#10518=DIRECTION('ref_axis',(0.,0.81915204428899,-0.573576436351048));
#10519=DIRECTION('',(-1.,0.,0.));
#10520=DIRECTION('center_axis',(0.,-0.819152044288991,0.573576436351047));
#10521=DIRECTION('ref_axis',(0.,-0.573576436351047,-0.819152044288991));
#10522=DIRECTION('',(0.,-0.573576436351047,-0.819152044288991));
#10523=DIRECTION('',(-1.,0.,0.));
#10524=DIRECTION('',(0.,0.573576436351047,0.819152044288991));
#10525=DIRECTION('center_axis',(1.,0.,0.));
#10526=DIRECTION('ref_axis',(0.,-2.8906252933815E-15,1.));
#10527=DIRECTION('center_axis',(1.,0.,0.));
#10528=DIRECTION('ref_axis',(0.,-2.8906252933815E-15,1.));
#10529=DIRECTION('',(1.,0.,0.));
#10530=DIRECTION('center_axis',(-1.,0.,0.));
#10531=DIRECTION('ref_axis',(0.,-2.8906252933815E-15,1.));
#10532=DIRECTION('center_axis',(0.,-2.08749903583447E-15,1.));
#10533=DIRECTION('ref_axis',(0.,-1.,-2.08749903583447E-15));
#10534=DIRECTION('',(0.,-1.,-2.08749903583447E-15));
#10535=DIRECTION('',(0.,1.,2.08749903583447E-15));
#10536=DIRECTION('center_axis',(1.,0.,0.));
#10537=DIRECTION('ref_axis',(0.,1.,0.));
#10538=DIRECTION('',(0.,-1.,0.));
#10539=DIRECTION('',(0.,0.,1.));
#10540=DIRECTION('center_axis',(0.,-1.55026680511913E-15,-1.));
#10541=DIRECTION('ref_axis',(2.18952950303797E-47,-1.,1.55026680511913E-15));
#10542=DIRECTION('',(0.,1.,-1.55026680511913E-15));
#10543=DIRECTION('',(1.,0.,0.));
#10544=DIRECTION('',(1.,0.,0.));
#10545=DIRECTION('center_axis',(-1.,0.,0.));
#10546=DIRECTION('ref_axis',(0.,-1.04320510021205E-14,-1.));
#10547=DIRECTION('center_axis',(1.,0.,0.));
#10548=DIRECTION('ref_axis',(0.,-1.04320510021205E-14,-1.));
#10549=DIRECTION('',(1.,0.,0.));
#10550=DIRECTION('center_axis',(0.,0.819152044288991,-0.573576436351047));
#10551=DIRECTION('ref_axis',(1.97215226305253E-31,-0.573576436351047,-0.819152044288991));
#10552=DIRECTION('',(0.,0.573576436351047,0.819152044288991));
#10553=DIRECTION('',(-1.,0.,0.));
#10554=DIRECTION('center_axis',(-1.,0.,0.));
#10555=DIRECTION('ref_axis',(0.,0.819152044288989,-0.573576436351049));
#10556=DIRECTION('center_axis',(1.,0.,0.));
#10557=DIRECTION('ref_axis',(0.,0.819152044288989,-0.573576436351049));
#10558=DIRECTION('',(1.,0.,0.));
#10559=DIRECTION('center_axis',(0.,-2.08749903583446E-15,1.));
#10560=DIRECTION('ref_axis',(-1.05097384824361E-45,1.,2.08749903583446E-15));
#10561=DIRECTION('',(0.,-1.,-2.08749903583446E-15));
#10562=DIRECTION('',(1.,0.,0.));
#10563=DIRECTION('center_axis',(-1.,0.,0.));
#10564=DIRECTION('ref_axis',(0.,-2.8906252933815E-15,1.));
#10565=DIRECTION('center_axis',(1.,0.,0.));
#10566=DIRECTION('ref_axis',(0.,-2.8906252933815E-15,1.));
#10567=DIRECTION('',(1.,0.,0.));
#10568=DIRECTION('center_axis',(0.,-0.819152044288992,0.573576436351046));
#10569=DIRECTION('ref_axis',(-1.97215226305253E-31,0.573576436351046,0.819152044288992));
#10570=DIRECTION('',(0.,-0.573576436351046,-0.819152044288992));
#10571=DIRECTION('',(1.,0.,0.));
#10572=DIRECTION('center_axis',(-1.,0.,0.));
#10573=DIRECTION('ref_axis',(0.,-0.81915204428899,0.573576436351049));
#10574=DIRECTION('center_axis',(1.,0.,0.));
#10575=DIRECTION('ref_axis',(0.,-0.81915204428899,0.573576436351049));
#10576=DIRECTION('center_axis',(0.,0.819152044288991,-0.573576436351047));
#10577=DIRECTION('ref_axis',(2.46519032881566E-31,-0.573576436351047,-0.819152044288991));
#10578=DIRECTION('',(0.,0.573576436351047,0.819152044288991));
#10579=DIRECTION('',(1.,0.,0.));
#10580=DIRECTION('',(-1.,0.,0.));
#10581=DIRECTION('center_axis',(0.,0.819152044288991,-0.573576436351047));
#10582=DIRECTION('ref_axis',(0.,0.573576436351047,0.819152044288991));
#10583=DIRECTION('center_axis',(-1.,0.,0.));
#10584=DIRECTION('ref_axis',(0.,0.81915204428899,-0.573576436351048));
#10585=DIRECTION('',(1.,0.,0.));
#10586=DIRECTION('center_axis',(1.,0.,0.));
#10587=DIRECTION('ref_axis',(0.,0.81915204428899,-0.573576436351048));
#10588=DIRECTION('center_axis',(0.,-2.08749903583447E-15,1.));
#10589=DIRECTION('ref_axis',(-1.05097384824361E-45,1.,2.08749903583447E-15));
#10590=DIRECTION('',(0.,-1.,-2.08749903583447E-15));
#10591=DIRECTION('',(1.,0.,0.));
#10592=DIRECTION('center_axis',(-1.,0.,0.));
#10593=DIRECTION('ref_axis',(0.,-2.8906252933815E-15,1.));
#10594=DIRECTION('center_axis',(1.,0.,0.));
#10595=DIRECTION('ref_axis',(0.,-2.8906252933815E-15,1.));
#10596=DIRECTION('',(1.,0.,0.));
#10597=DIRECTION('center_axis',(0.,-0.819152044288991,0.573576436351047));
#10598=DIRECTION('ref_axis',(-1.97215226305253E-31,0.573576436351047,0.819152044288991));
#10599=DIRECTION('',(0.,-0.573576436351047,-0.819152044288991));
#10600=DIRECTION('',(1.,0.,0.));
#10601=DIRECTION('center_axis',(-1.,0.,0.));
#10602=DIRECTION('ref_axis',(0.,-0.81915204428899,0.573576436351048));
#10603=DIRECTION('center_axis',(1.,0.,0.));
#10604=DIRECTION('ref_axis',(0.,-0.81915204428899,0.573576436351048));
#10605=DIRECTION('',(1.,0.,0.));
#10606=DIRECTION('center_axis',(0.,-1.55026680511913E-15,-1.));
#10607=DIRECTION('ref_axis',(2.18952950303797E-47,-1.,1.55026680511913E-15));
#10608=DIRECTION('',(0.,1.,-1.55026680511913E-15));
#10609=DIRECTION('',(1.,0.,0.));
#10610=DIRECTION('center_axis',(-1.,0.,0.));
#10611=DIRECTION('ref_axis',(0.,-8.21160495287016E-15,-1.));
#10612=DIRECTION('center_axis',(1.,0.,0.));
#10613=DIRECTION('ref_axis',(0.,-8.21160495287016E-15,-1.));
#10614=DIRECTION('center_axis',(0.,-1.55026680511913E-15,-1.));
#10615=DIRECTION('ref_axis',(2.18952950303797E-47,-1.,1.55026680511913E-15));
#10616=DIRECTION('',(0.,1.,-1.55026680511913E-15));
#10617=DIRECTION('',(1.,0.,0.));
#10618=DIRECTION('',(1.,0.,0.));
#10619=DIRECTION('center_axis',(-1.,0.,0.));
#10620=DIRECTION('ref_axis',(0.,-1.04320510021205E-14,-1.));
#10621=DIRECTION('center_axis',(1.,0.,0.));
#10622=DIRECTION('ref_axis',(0.,-1.04320510021205E-14,-1.));
#10623=DIRECTION('',(1.,0.,0.));
#10624=DIRECTION('center_axis',(0.,0.819152044288991,-0.573576436351047));
#10625=DIRECTION('ref_axis',(1.97215226305253E-31,-0.573576436351047,-0.819152044288991));
#10626=DIRECTION('',(0.,0.573576436351047,0.819152044288991));
#10627=DIRECTION('',(-1.,0.,0.));
#10628=DIRECTION('center_axis',(-1.,0.,0.));
#10629=DIRECTION('ref_axis',(0.,0.819152044288989,-0.573576436351049));
#10630=DIRECTION('center_axis',(1.,0.,0.));
#10631=DIRECTION('ref_axis',(0.,0.819152044288989,-0.573576436351049));
#10632=DIRECTION('',(1.,0.,0.));
#10633=DIRECTION('center_axis',(0.,-2.08749903583446E-15,1.));
#10634=DIRECTION('ref_axis',(-1.05097384824361E-45,1.,2.08749903583446E-15));
#10635=DIRECTION('',(0.,-1.,-2.08749903583446E-15));
#10636=DIRECTION('',(1.,0.,0.));
#10637=DIRECTION('center_axis',(-1.,0.,0.));
#10638=DIRECTION('ref_axis',(0.,-2.8906252933815E-15,1.));
#10639=DIRECTION('center_axis',(1.,0.,0.));
#10640=DIRECTION('ref_axis',(0.,-2.8906252933815E-15,1.));
#10641=DIRECTION('',(1.,0.,0.));
#10642=DIRECTION('center_axis',(0.,-0.819152044288992,0.573576436351046));
#10643=DIRECTION('ref_axis',(-1.97215226305253E-31,0.573576436351046,0.819152044288992));
#10644=DIRECTION('',(0.,-0.573576436351046,-0.819152044288992));
#10645=DIRECTION('',(1.,0.,0.));
#10646=DIRECTION('center_axis',(-1.,0.,0.));
#10647=DIRECTION('ref_axis',(0.,-0.81915204428899,0.573576436351049));
#10648=DIRECTION('center_axis',(1.,0.,0.));
#10649=DIRECTION('ref_axis',(0.,-0.81915204428899,0.573576436351049));
#10650=DIRECTION('center_axis',(0.,-1.55026680511913E-15,-1.));
#10651=DIRECTION('ref_axis',(2.18952950303797E-47,-1.,1.55026680511913E-15));
#10652=DIRECTION('',(0.,1.,-1.55026680511913E-15));
#10653=DIRECTION('',(1.,0.,0.));
#10654=DIRECTION('',(1.,0.,0.));
#10655=DIRECTION('center_axis',(-1.,0.,0.));
#10656=DIRECTION('ref_axis',(0.,-1.04320510021205E-14,-1.));
#10657=DIRECTION('center_axis',(1.,0.,0.));
#10658=DIRECTION('ref_axis',(0.,-1.04320510021205E-14,-1.));
#10659=DIRECTION('',(1.,0.,0.));
#10660=DIRECTION('center_axis',(0.,0.819152044288991,-0.573576436351047));
#10661=DIRECTION('ref_axis',(1.97215226305253E-31,-0.573576436351047,-0.819152044288991));
#10662=DIRECTION('',(0.,0.573576436351047,0.819152044288991));
#10663=DIRECTION('',(-1.,0.,0.));
#10664=DIRECTION('center_axis',(-1.,0.,0.));
#10665=DIRECTION('ref_axis',(0.,0.81915204428899,-0.573576436351048));
#10666=DIRECTION('center_axis',(1.,0.,0.));
#10667=DIRECTION('ref_axis',(0.,0.81915204428899,-0.573576436351048));
#10668=DIRECTION('',(1.,0.,0.));
#10669=DIRECTION('center_axis',(0.,-2.08749903583446E-15,1.));
#10670=DIRECTION('ref_axis',(-1.05097384824361E-45,1.,2.08749903583446E-15));
#10671=DIRECTION('',(0.,-1.,-2.08749903583446E-15));
#10672=DIRECTION('',(1.,0.,0.));
#10673=DIRECTION('center_axis',(-1.,0.,0.));
#10674=DIRECTION('ref_axis',(0.,-2.8906252933815E-15,1.));
#10675=DIRECTION('center_axis',(1.,0.,0.));
#10676=DIRECTION('ref_axis',(0.,-2.8906252933815E-15,1.));
#10677=DIRECTION('',(1.,0.,0.));
#10678=DIRECTION('center_axis',(0.,-0.819152044288992,0.573576436351046));
#10679=DIRECTION('ref_axis',(-1.97215226305253E-31,0.573576436351046,0.819152044288992));
#10680=DIRECTION('',(0.,-0.573576436351046,-0.819152044288992));
#10681=DIRECTION('',(1.,0.,0.));
#10682=DIRECTION('center_axis',(-1.,0.,0.));
#10683=DIRECTION('ref_axis',(0.,-0.81915204428899,0.573576436351049));
#10684=DIRECTION('center_axis',(1.,0.,0.));
#10685=DIRECTION('ref_axis',(0.,-0.81915204428899,0.573576436351049));
#10686=DIRECTION('center_axis',(0.,-1.55026680511913E-15,-1.));
#10687=DIRECTION('ref_axis',(2.18952950303797E-47,-1.,1.55026680511913E-15));
#10688=DIRECTION('',(0.,1.,-1.55026680511913E-15));
#10689=DIRECTION('',(1.,0.,0.));
#10690=DIRECTION('',(1.,0.,0.));
#10691=DIRECTION('center_axis',(-1.,0.,0.));
#10692=DIRECTION('ref_axis',(0.,-8.21160495287016E-15,-1.));
#10693=DIRECTION('center_axis',(1.,0.,0.));
#10694=DIRECTION('ref_axis',(0.,-8.21160495287016E-15,-1.));
#10695=DIRECTION('',(1.,0.,0.));
#10696=DIRECTION('center_axis',(0.,0.819152044288991,-0.573576436351047));
#10697=DIRECTION('ref_axis',(1.97215226305253E-31,-0.573576436351047,-0.819152044288991));
#10698=DIRECTION('',(0.,0.573576436351047,0.819152044288991));
#10699=DIRECTION('',(-1.,0.,0.));
#10700=DIRECTION('center_axis',(-1.,0.,0.));
#10701=DIRECTION('ref_axis',(0.,0.81915204428899,-0.573576436351048));
#10702=DIRECTION('center_axis',(1.,0.,0.));
#10703=DIRECTION('ref_axis',(0.,0.81915204428899,-0.573576436351048));
#10704=DIRECTION('',(1.,0.,0.));
#10705=DIRECTION('center_axis',(0.,-2.08749903583447E-15,1.));
#10706=DIRECTION('ref_axis',(-7.00649232162409E-46,1.,2.08749903583447E-15));
#10707=DIRECTION('',(0.,-1.,-2.08749903583447E-15));
#10708=DIRECTION('',(1.,0.,0.));
#10709=DIRECTION('center_axis',(-1.,0.,0.));
#10710=DIRECTION('ref_axis',(0.,-2.8906252933815E-15,1.));
#10711=DIRECTION('center_axis',(1.,0.,0.));
#10712=DIRECTION('ref_axis',(0.,-2.8906252933815E-15,1.));
#10713=DIRECTION('',(1.,0.,0.));
#10714=DIRECTION('center_axis',(0.,-0.819152044288991,0.573576436351047));
#10715=DIRECTION('ref_axis',(-1.97215226305253E-31,0.573576436351047,0.819152044288991));
#10716=DIRECTION('',(0.,-0.573576436351047,-0.819152044288991));
#10717=DIRECTION('',(1.,0.,0.));
#10718=DIRECTION('center_axis',(-1.,0.,0.));
#10719=DIRECTION('ref_axis',(0.,-0.81915204428899,0.573576436351049));
#10720=DIRECTION('center_axis',(1.,0.,0.));
#10721=DIRECTION('ref_axis',(0.,-0.81915204428899,0.573576436351049));
#10722=DIRECTION('center_axis',(0.,-1.55026680511913E-15,-1.));
#10723=DIRECTION('ref_axis',(2.18952950303797E-47,-1.,1.55026680511913E-15));
#10724=DIRECTION('',(0.,1.,-1.55026680511913E-15));
#10725=DIRECTION('',(1.,0.,0.));
#10726=DIRECTION('',(1.,0.,0.));
#10727=DIRECTION('center_axis',(-1.,0.,0.));
#10728=DIRECTION('ref_axis',(0.,-1.04320510021205E-14,-1.));
#10729=DIRECTION('center_axis',(1.,0.,0.));
#10730=DIRECTION('ref_axis',(0.,-1.04320510021205E-14,-1.));
#10731=DIRECTION('',(1.,0.,0.));
#10732=DIRECTION('center_axis',(0.,0.819152044288991,-0.573576436351048));
#10733=DIRECTION('ref_axis',(1.97215226305253E-31,-0.573576436351048,-0.819152044288991));
#10734=DIRECTION('',(0.,0.573576436351048,0.819152044288991));
#10735=DIRECTION('',(-1.,0.,0.));
#10736=DIRECTION('center_axis',(-1.,0.,0.));
#10737=DIRECTION('ref_axis',(0.,0.819152044288992,-0.573576436351045));
#10738=DIRECTION('center_axis',(1.,0.,0.));
#10739=DIRECTION('ref_axis',(0.,0.819152044288992,-0.573576436351045));
#10740=DIRECTION('',(1.,0.,0.));
#10741=DIRECTION('center_axis',(0.,-2.08749903583448E-15,1.));
#10742=DIRECTION('ref_axis',(-7.00649232162409E-46,1.,2.08749903583448E-15));
#10743=DIRECTION('',(0.,-1.,-2.08749903583448E-15));
#10744=DIRECTION('',(1.,0.,0.));
#10745=DIRECTION('center_axis',(-1.,0.,0.));
#10746=DIRECTION('ref_axis',(0.,-7.33151739188213E-15,1.));
#10747=DIRECTION('center_axis',(1.,0.,0.));
#10748=DIRECTION('ref_axis',(0.,-7.33151739188213E-15,1.));
#10749=DIRECTION('',(1.,0.,0.));
#10750=DIRECTION('center_axis',(0.,-0.819152044288991,0.573576436351047));
#10751=DIRECTION('ref_axis',(-2.46519032881566E-31,0.573576436351047,0.819152044288991));
#10752=DIRECTION('',(0.,-0.573576436351047,-0.819152044288991));
#10753=DIRECTION('',(1.,0.,0.));
#10754=DIRECTION('center_axis',(-1.,0.,0.));
#10755=DIRECTION('ref_axis',(0.,-0.819152044288989,0.573576436351051));
#10756=DIRECTION('center_axis',(1.,0.,0.));
#10757=DIRECTION('ref_axis',(0.,-0.819152044288989,0.573576436351051));
#10758=DIRECTION('center_axis',(0.,0.,1.));
#10759=DIRECTION('ref_axis',(-1.,7.20649166756249E-14,0.));
#10760=DIRECTION('',(0.,0.,1.));
#10761=DIRECTION('center_axis',(0.,0.,-1.));
#10762=DIRECTION('ref_axis',(1.,0.,0.));
#10763=DIRECTION('center_axis',(0.,0.,-1.));
#10764=DIRECTION('ref_axis',(1.,0.,0.));
#10765=DIRECTION('',(0.,0.,1.));
#10766=DIRECTION('',(0.,0.,1.));
#10767=DIRECTION('center_axis',(0.,0.,-1.));
#10768=DIRECTION('ref_axis',(1.,0.,0.));
#10769=DIRECTION('center_axis',(3.80571779801236E-16,-7.61143559602473E-16,
-1.));
#10770=DIRECTION('ref_axis',(1.,5.96305732140683E-31,3.80571779801236E-16));
#10771=DIRECTION('',(3.80571779801236E-16,-7.61143559602472E-16,-1.));
#10772=DIRECTION('center_axis',(3.80571779801236E-16,-7.61143559602473E-16,
-1.));
#10773=DIRECTION('ref_axis',(1.,5.96305732140684E-31,3.80571779801236E-16));
#10774=DIRECTION('',(3.80571779801236E-16,-7.61143559602473E-16,-1.));
#10775=DIRECTION('center_axis',(3.80571779801236E-16,-7.61143559602473E-16,
-1.));
#10776=DIRECTION('ref_axis',(1.,5.96305732140683E-31,3.80571779801236E-16));
#10777=DIRECTION('',(3.80571779801236E-16,-7.61143559602472E-16,-1.));
#10778=DIRECTION('center_axis',(3.80571779801236E-16,-7.61143559602473E-16,
-1.));
#10779=DIRECTION('ref_axis',(1.,5.96305732140684E-31,3.80571779801236E-16));
#10780=DIRECTION('',(3.80571779801236E-16,-7.61143559602473E-16,-1.));
#10781=DIRECTION('center_axis',(0.,0.,1.));
#10782=DIRECTION('ref_axis',(-0.707106781186546,0.707106781186549,0.));
#10783=DIRECTION('',(0.,0.,1.));
#10784=DIRECTION('',(0.,0.,-1.));
#10785=DIRECTION('center_axis',(0.,-1.,0.));
#10786=DIRECTION('ref_axis',(1.,0.,0.));
#10787=DIRECTION('',(0.,0.,-1.));
#10788=DIRECTION('center_axis',(0.,0.,1.));
#10789=DIRECTION('ref_axis',(0.707106781186548,-0.707106781186548,0.));
#10790=DIRECTION('',(0.,0.,1.));
#10791=DIRECTION('',(0.,0.,-1.));
#10792=DIRECTION('center_axis',(0.,1.,0.));
#10793=DIRECTION('ref_axis',(-1.,0.,0.));
#10794=DIRECTION('',(0.,0.,-1.));
#10795=DIRECTION('center_axis',(0.,0.,1.));
#10796=DIRECTION('ref_axis',(-0.707106781186549,-0.707106781186546,0.));
#10797=DIRECTION('',(0.,0.,1.));
#10798=DIRECTION('center_axis',(1.,0.,0.));
#10799=DIRECTION('ref_axis',(0.,1.,0.));
#10800=DIRECTION('center_axis',(0.,0.,-1.));
#10801=DIRECTION('ref_axis',(-1.,0.,0.));
#10802=DIRECTION('',(0.,0.,1.));
#10803=DIRECTION('center_axis',(0.,0.,1.));
#10804=DIRECTION('ref_axis',(0.707106781186547,-0.707106781186547,0.));
#10805=DIRECTION('center_axis',(0.,0.,-1.));
#10806=DIRECTION('ref_axis',(-0.707106781186547,0.707106781186547,0.));
#10807=DIRECTION('',(0.,0.,1.));
#10808=DIRECTION('center_axis',(-1.,0.,0.));
#10809=DIRECTION('ref_axis',(0.,-1.,0.));
#10810=DIRECTION('center_axis',(0.,1.,0.));
#10811=DIRECTION('ref_axis',(-1.,0.,0.));
#10812=DIRECTION('',(1.,0.,0.));
#10813=DIRECTION('',(-1.00929365875014E-13,0.,1.));
#10814=DIRECTION('',(1.,0.,0.));
#10815=DIRECTION('',(0.,0.,-1.));
#10816=DIRECTION('',(1.,0.,0.));
#10817=DIRECTION('',(0.,0.,1.));
#10818=DIRECTION('',(1.,0.,0.));
#10819=DIRECTION('',(0.,0.,-1.));
#10820=DIRECTION('',(1.,0.,0.));
#10821=DIRECTION('',(0.,0.,1.));
#10822=DIRECTION('',(1.,0.,0.));
#10823=DIRECTION('',(0.,0.,-1.));
#10824=DIRECTION('',(1.,0.,0.));
#10825=DIRECTION('',(0.,0.,1.));
#10826=DIRECTION('',(1.,0.,0.));
#10827=DIRECTION('',(0.,0.,-1.));
#10828=DIRECTION('',(1.,0.,0.));
#10829=DIRECTION('',(0.,0.,1.));
#10830=DIRECTION('',(1.,0.,0.));
#10831=DIRECTION('',(0.,0.,-1.));
#10832=DIRECTION('',(1.,0.,0.));
#10833=DIRECTION('',(0.,0.,1.));
#10834=DIRECTION('',(1.,0.,0.));
#10835=DIRECTION('',(0.,0.,-1.));
#10836=DIRECTION('',(1.,0.,0.));
#10837=DIRECTION('',(0.,0.,1.));
#10838=DIRECTION('',(1.,0.,0.));
#10839=DIRECTION('',(1.00929365875014E-13,0.,-1.));
#10840=DIRECTION('',(1.,0.,0.));
#10841=DIRECTION('',(0.,0.,1.));
#10842=DIRECTION('',(0.,0.,1.));
#10843=DIRECTION('center_axis',(0.,0.,1.));
#10844=DIRECTION('ref_axis',(1.,0.,0.));
#10845=DIRECTION('',(-1.,0.,0.));
#10846=DIRECTION('',(0.,1.,0.));
#10847=DIRECTION('',(0.,-1.,0.));
#10848=DIRECTION('',(-1.,0.,0.));
#10849=DIRECTION('',(0.,1.,0.));
#10850=DIRECTION('center_axis',(0.,0.,-1.));
#10851=DIRECTION('ref_axis',(1.,0.,0.));
#10852=DIRECTION('',(0.,1.,0.));
#10853=DIRECTION('center_axis',(0.,0.,1.));
#10854=DIRECTION('ref_axis',(1.,-3.78956125738562E-13,0.));
#10855=DIRECTION('',(1.,0.,0.));
#10856=DIRECTION('',(1.,0.,0.));
#10857=DIRECTION('center_axis',(0.,0.,1.));
#10858=DIRECTION('ref_axis',(-3.78956125738562E-13,-1.,0.));
#10859=DIRECTION('',(0.,-1.,0.));
#10860=DIRECTION('center_axis',(0.,0.,-1.));
#10861=DIRECTION('ref_axis',(1.,0.,0.));
#10862=DIRECTION('center_axis',(0.,0.,1.));
#10863=DIRECTION('ref_axis',(-1.,0.,0.));
#10864=DIRECTION('',(-1.,0.,0.));
#10865=DIRECTION('',(0.,1.,0.));
#10866=DIRECTION('',(7.81597009336044E-13,-1.,0.));
#10867=DIRECTION('',(-1.,7.93668449261875E-44,0.));
#10868=DIRECTION('',(0.,1.,0.));
#10869=DIRECTION('center_axis',(0.,0.,-1.));
#10870=DIRECTION('ref_axis',(-1.62409768173713E-13,-1.,0.));
#10871=DIRECTION('center_axis',(0.,0.,-1.));
#10872=DIRECTION('ref_axis',(1.,-1.62409768173707E-13,0.));
#10873=DIRECTION('center_axis',(0.,0.,-1.));
#10874=DIRECTION('ref_axis',(8.12048840868567E-14,1.,0.));
#10875=DIRECTION('center_axis',(0.,0.,1.));
#10876=DIRECTION('ref_axis',(1.,0.,0.));
#10877=DIRECTION('center_axis',(0.,0.,1.));
#10878=DIRECTION('ref_axis',(1.,0.,0.));
#10879=DIRECTION('center_axis',(0.,0.,1.));
#10880=DIRECTION('ref_axis',(1.,0.,0.));
#10881=DIRECTION('center_axis',(0.,0.,1.));
#10882=DIRECTION('ref_axis',(1.,0.,0.));
#10883=DIRECTION('center_axis',(7.93668449261875E-44,1.,8.01044532990069E-57));
#10884=DIRECTION('ref_axis',(0.,-8.01044532990069E-57,1.));
#10885=DIRECTION('',(-1.00929365875014E-13,0.,1.));
#10886=DIRECTION('',(-1.,7.93668449261875E-44,0.));
#10887=DIRECTION('center_axis',(7.93668449261875E-44,1.,8.01044532990069E-57));
#10888=DIRECTION('ref_axis',(0.,-8.01044532990069E-57,1.));
#10889=DIRECTION('',(1.00929365875014E-13,0.,-1.));
#10890=DIRECTION('',(0.,0.,1.));
#10891=DIRECTION('',(-1.,7.93668449261875E-44,0.));
#10892=DIRECTION('center_axis',(1.,7.81597009336044E-13,1.00929365875014E-13));
#10893=DIRECTION('ref_axis',(7.81597009336044E-13,-1.,3.30952067871522E-16));
#10894=DIRECTION('',(7.81597009336044E-13,-1.,0.));
#10895=DIRECTION('center_axis',(-1.,-7.81597009336266E-13,-1.00929365875014E-13));
#10896=DIRECTION('ref_axis',(-7.81597009336266E-13,1.,-3.30952067871522E-16));
#10897=DIRECTION('',(0.,1.,0.));
#10898=DIRECTION('center_axis',(1.,0.,0.));
#10899=DIRECTION('ref_axis',(0.,0.,1.));
#10900=DIRECTION('',(0.,0.,-1.));
#10901=DIRECTION('',(0.,-1.,0.));
#10902=DIRECTION('',(0.,-1.,0.));
#10903=DIRECTION('center_axis',(0.,0.,-1.));
#10904=DIRECTION('ref_axis',(1.,0.,0.));
#10905=DIRECTION('',(-1.,0.,0.));
#10906=DIRECTION('',(0.,-1.,0.));
#10907=DIRECTION('center_axis',(-1.,0.,0.));
#10908=DIRECTION('ref_axis',(0.,0.,-1.));
#10909=DIRECTION('',(0.,0.,1.));
#10910=DIRECTION('',(0.,1.,0.));
#10911=DIRECTION('center_axis',(1.,0.,0.));
#10912=DIRECTION('ref_axis',(0.,0.,1.));
#10913=DIRECTION('',(0.,0.,-1.));
#10914=DIRECTION('',(0.,-1.,0.));
#10915=DIRECTION('',(0.,-1.,0.));
#10916=DIRECTION('center_axis',(0.,0.,-1.));
#10917=DIRECTION('ref_axis',(1.,0.,0.));
#10918=DIRECTION('',(-1.,0.,0.));
#10919=DIRECTION('',(0.,-1.,0.));
#10920=DIRECTION('center_axis',(-1.,0.,0.));
#10921=DIRECTION('ref_axis',(0.,0.,-1.));
#10922=DIRECTION('',(0.,0.,1.));
#10923=DIRECTION('center_axis',(1.,0.,0.));
#10924=DIRECTION('ref_axis',(0.,0.,1.));
#10925=DIRECTION('',(0.,0.,-1.));
#10926=DIRECTION('',(0.,-1.,0.));
#10927=DIRECTION('',(0.,-1.,0.));
#10928=DIRECTION('center_axis',(0.,0.,-1.));
#10929=DIRECTION('ref_axis',(1.,0.,0.));
#10930=DIRECTION('',(-1.,0.,0.));
#10931=DIRECTION('',(0.,-1.,0.));
#10932=DIRECTION('center_axis',(-1.,0.,0.));
#10933=DIRECTION('ref_axis',(0.,0.,-1.));
#10934=DIRECTION('',(0.,0.,1.));
#10935=DIRECTION('',(0.,1.,0.));
#10936=DIRECTION('center_axis',(-1.,0.,0.));
#10937=DIRECTION('ref_axis',(0.,0.,-1.));
#10938=DIRECTION('',(0.,0.,1.));
#10939=DIRECTION('',(0.,-1.,0.));
#10940=DIRECTION('',(0.,1.,0.));
#10941=DIRECTION('center_axis',(1.,0.,0.));
#10942=DIRECTION('ref_axis',(0.,0.,1.));
#10943=DIRECTION('',(0.,0.,-1.));
#10944=DIRECTION('',(0.,-1.,0.));
#10945=DIRECTION('',(0.,-1.,0.));
#10946=DIRECTION('center_axis',(0.,0.,-1.));
#10947=DIRECTION('ref_axis',(1.,0.,0.));
#10948=DIRECTION('',(-1.,0.,0.));
#10949=DIRECTION('center_axis',(1.,0.,0.));
#10950=DIRECTION('ref_axis',(0.,0.,1.));
#10951=DIRECTION('',(0.,0.,-1.));
#10952=DIRECTION('',(0.,-1.,0.));
#10953=DIRECTION('',(0.,-1.,0.));
#10954=DIRECTION('center_axis',(0.,0.,-1.));
#10955=DIRECTION('ref_axis',(1.,0.,0.));
#10956=DIRECTION('',(-1.,0.,0.));
#10957=DIRECTION('',(0.,-1.,0.));
#10958=DIRECTION('center_axis',(-1.,0.,0.));
#10959=DIRECTION('ref_axis',(0.,0.,-1.));
#10960=DIRECTION('',(0.,0.,1.));
#10961=DIRECTION('',(0.,1.,0.));
#10962=DIRECTION('center_axis',(1.,0.,0.));
#10963=DIRECTION('ref_axis',(0.,0.,1.));
#10964=DIRECTION('',(0.,0.,-1.));
#10965=DIRECTION('',(0.,-1.,0.));
#10966=DIRECTION('center_axis',(0.,0.,-1.));
#10967=DIRECTION('ref_axis',(1.,0.,0.));
#10968=DIRECTION('',(-1.,0.,0.));
#10969=DIRECTION('',(0.,-1.,0.));
#10970=DIRECTION('center_axis',(-1.,0.,0.));
#10971=DIRECTION('ref_axis',(0.,0.,-1.));
#10972=DIRECTION('',(0.,0.,1.));
#10973=DIRECTION('',(0.,1.,0.));
#10974=DIRECTION('center_axis',(0.,-1.,0.));
#10975=DIRECTION('ref_axis',(1.,0.,0.));
#10976=DIRECTION('',(-1.,0.,0.));
#10977=DIRECTION('',(-1.,0.,0.));
#10978=DIRECTION('',(-1.,0.,0.));
#10979=DIRECTION('',(0.,0.,1.));
#10980=DIRECTION('',(-1.,0.,0.));
#10981=DIRECTION('',(-1.,0.,0.));
#10982=DIRECTION('center_axis',(0.,0.,1.));
#10983=DIRECTION('ref_axis',(1.,0.,0.));
#10984=DIRECTION('center_axis',(0.,0.,1.));
#10985=DIRECTION('ref_axis',(1.,0.,0.));
#10986=DIRECTION('center_axis',(0.,0.,1.));
#10987=DIRECTION('ref_axis',(1.,0.,0.));
#10988=DIRECTION('center_axis',(0.,0.,1.));
#10989=DIRECTION('ref_axis',(1.,0.,0.));
#10990=DIRECTION('center_axis',(0.,0.,-1.));
#10991=DIRECTION('ref_axis',(-1.,0.,0.));
#10992=DIRECTION('center_axis',(0.,0.,-1.));
#10993=DIRECTION('ref_axis',(1.,0.,0.));
#10994=DIRECTION('center_axis',(0.,0.,-1.));
#10995=DIRECTION('ref_axis',(1.,0.,0.));
#10996=DIRECTION('center_axis',(0.,0.,-1.));
#10997=DIRECTION('ref_axis',(1.,0.,0.));
#10998=DIRECTION('center_axis',(0.,0.,-1.));
#10999=DIRECTION('ref_axis',(1.,0.,0.));
#11000=DIRECTION('center_axis',(0.,0.,-1.));
#11001=DIRECTION('ref_axis',(1.,0.,0.));
#11002=DIRECTION('center_axis',(0.,0.,-1.));
#11003=DIRECTION('ref_axis',(-1.,0.,0.));
#11004=DIRECTION('center_axis',(0.,0.,-1.));
#11005=DIRECTION('ref_axis',(1.,0.,0.));
#11006=DIRECTION('center_axis',(0.,0.,-1.));
#11007=DIRECTION('ref_axis',(1.,0.,0.));
#11008=DIRECTION('center_axis',(0.,0.,-1.));
#11009=DIRECTION('ref_axis',(1.,0.,0.));
#11010=DIRECTION('',(0.,-1.,0.));
#11011=DIRECTION('center_axis',(0.,0.,-1.));
#11012=DIRECTION('ref_axis',(1.,0.,0.));
#11013=DIRECTION('center_axis',(0.,0.,-1.));
#11014=DIRECTION('ref_axis',(-1.,0.,0.));
#11015=DIRECTION('center_axis',(0.,0.,-1.));
#11016=DIRECTION('ref_axis',(1.,0.,0.));
#11017=DIRECTION('center_axis',(0.,0.,-1.));
#11018=DIRECTION('ref_axis',(1.,0.,0.));
#11019=DIRECTION('center_axis',(0.,0.,-1.));
#11020=DIRECTION('ref_axis',(1.,0.,0.));
#11021=DIRECTION('center_axis',(0.,0.,-1.));
#11022=DIRECTION('ref_axis',(-1.,0.,0.));
#11023=DIRECTION('center_axis',(0.,0.,-1.));
#11024=DIRECTION('ref_axis',(1.,0.,0.));
#11025=DIRECTION('center_axis',(0.,0.,-1.));
#11026=DIRECTION('ref_axis',(1.,0.,0.));
#11027=DIRECTION('',(0.,-1.,0.));
#11028=DIRECTION('center_axis',(0.,0.,-1.));
#11029=DIRECTION('ref_axis',(1.,0.,0.));
#11030=DIRECTION('center_axis',(1.,0.,0.));
#11031=DIRECTION('ref_axis',(0.,1.,0.));
#11032=DIRECTION('',(0.,0.,1.));
#11033=DIRECTION('',(0.,0.,1.));
#11034=DIRECTION('center_axis',(0.,0.,1.));
#11035=DIRECTION('ref_axis',(-3.78956125738562E-13,-1.,0.));
#11036=DIRECTION('',(0.,0.,1.));
#11037=DIRECTION('center_axis',(0.,1.,0.));
#11038=DIRECTION('ref_axis',(-1.,0.,0.));
#11039=DIRECTION('',(0.,0.,1.));
#11040=DIRECTION('center_axis',(0.,0.,1.));
#11041=DIRECTION('ref_axis',(1.,-3.78956125738562E-13,0.));
#11042=DIRECTION('',(0.,0.,1.));
#11043=DIRECTION('center_axis',(-1.,0.,0.));
#11044=DIRECTION('ref_axis',(0.,-1.,0.));
#11045=DIRECTION('',(0.,0.,1.));
#11046=DIRECTION('center_axis',(0.,0.,1.));
#11047=DIRECTION('ref_axis',(-1.,1.22464679914735E-16,0.));
#11048=DIRECTION('',(0.,0.,1.));
#11049=DIRECTION('center_axis',(-1.,0.,0.));
#11050=DIRECTION('ref_axis',(0.,-1.,0.));
#11051=DIRECTION('center_axis',(0.,0.,1.));
#11052=DIRECTION('ref_axis',(-1.62409768173713E-13,-1.,0.));
#11053=DIRECTION('',(0.,0.,1.));
#11054=DIRECTION('center_axis',(0.,0.,-1.));
#11055=DIRECTION('ref_axis',(-1.62409768173713E-13,-1.,0.));
#11056=DIRECTION('center_axis',(-1.,0.,0.));
#11057=DIRECTION('ref_axis',(0.,-1.,0.));
#11058=DIRECTION('',(0.,1.,0.));
#11059=DIRECTION('',(0.,1.,0.));
#11060=DIRECTION('',(0.,1.,0.));
#11061=DIRECTION('center_axis',(-1.,0.,0.));
#11062=DIRECTION('ref_axis',(0.,-1.,0.));
#11063=DIRECTION('center_axis',(0.,0.,1.));
#11064=DIRECTION('ref_axis',(-1.,0.,0.));
#11065=DIRECTION('',(0.,0.,1.));
#11066=DIRECTION('center_axis',(1.,0.,0.));
#11067=DIRECTION('ref_axis',(0.,1.,0.));
#11068=DIRECTION('center_axis',(0.,0.,1.));
#11069=DIRECTION('ref_axis',(1.,0.,0.));
#11070=DIRECTION('center_axis',(0.,0.,1.));
#11071=DIRECTION('ref_axis',(1.,0.,0.));
#11072=DIRECTION('',(0.,0.,-1.));
#11073=DIRECTION('center_axis',(0.,0.,1.));
#11074=DIRECTION('ref_axis',(1.,0.,0.));
#11075=DIRECTION('',(0.,0.,-1.));
#11076=DIRECTION('center_axis',(0.,0.,1.));
#11077=DIRECTION('ref_axis',(1.,0.,0.));
#11078=DIRECTION('',(0.,0.,-1.));
#11079=DIRECTION('center_axis',(0.,0.,1.));
#11080=DIRECTION('ref_axis',(1.,0.,0.));
#11081=DIRECTION('',(0.,0.,-1.));
#11082=DIRECTION('center_axis',(0.,0.,1.));
#11083=DIRECTION('ref_axis',(8.12048840868567E-14,1.,0.));
#11084=DIRECTION('center_axis',(0.,0.,-1.));
#11085=DIRECTION('ref_axis',(8.12048840868567E-14,1.,0.));
#11086=DIRECTION('center_axis',(0.,0.,1.));
#11087=DIRECTION('ref_axis',(1.,-1.62409768173707E-13,0.));
#11088=DIRECTION('center_axis',(0.,0.,-1.));
#11089=DIRECTION('ref_axis',(1.,-1.62409768173707E-13,0.));
#11090=DIRECTION('center_axis',(0.,0.,1.));
#11091=DIRECTION('ref_axis',(1.,0.,0.));
#11092=DIRECTION('center_axis',(0.,0.,-1.));
#11093=DIRECTION('ref_axis',(-1.,0.,0.));
#11094=DIRECTION('center_axis',(0.,0.,-1.));
#11095=DIRECTION('ref_axis',(1.,0.,0.));
#11096=DIRECTION('center_axis',(0.,0.,-1.));
#11097=DIRECTION('ref_axis',(1.,0.,0.));
#11098=DIRECTION('center_axis',(0.,0.,-1.));
#11099=DIRECTION('ref_axis',(1.,0.,0.));
#11100=DIRECTION('center_axis',(0.,0.,-1.));
#11101=DIRECTION('ref_axis',(1.,0.,0.));
#11102=DIRECTION('center_axis',(0.,0.,-1.));
#11103=DIRECTION('ref_axis',(1.,0.,0.));
#11104=DIRECTION('center_axis',(0.,0.,-1.));
#11105=DIRECTION('ref_axis',(1.,0.,0.));
#11106=DIRECTION('center_axis',(0.,0.,1.));
#11107=DIRECTION('ref_axis',(-1.,8.74514136320039E-14,0.));
#11108=DIRECTION('',(0.,-1.,0.));
#11109=DIRECTION('center_axis',(0.,0.,1.));
#11110=DIRECTION('ref_axis',(-8.74514136320039E-14,-1.,0.));
#11111=DIRECTION('',(1.,0.,0.));
#11112=DIRECTION('center_axis',(0.,0.,1.));
#11113=DIRECTION('ref_axis',(1.,-8.74514136320039E-14,0.));
#11114=DIRECTION('',(0.,1.,0.));
#11115=DIRECTION('center_axis',(0.,0.,1.));
#11116=DIRECTION('ref_axis',(8.74514136320039E-14,1.,0.));
#11117=DIRECTION('center_axis',(0.,0.,1.));
#11118=DIRECTION('ref_axis',(-8.74514136320039E-14,-1.,0.));
#11119=DIRECTION('',(0.,0.,1.));
#11120=DIRECTION('',(0.,0.,1.));
#11121=DIRECTION('center_axis',(-1.,0.,0.));
#11122=DIRECTION('ref_axis',(0.,-1.,0.));
#11123=DIRECTION('',(0.,0.,1.));
#11124=DIRECTION('center_axis',(0.,0.,1.));
#11125=DIRECTION('ref_axis',(-1.,8.74514136320039E-14,0.));
#11126=DIRECTION('center_axis',(0.,0.,1.));
#11127=DIRECTION('ref_axis',(1.,0.,0.));
#11128=DIRECTION('',(0.,0.,-1.));
#11129=DIRECTION('center_axis',(0.,0.,1.));
#11130=DIRECTION('ref_axis',(1.,0.,0.));
#11131=DIRECTION('',(0.,0.,-1.));
#11132=DIRECTION('center_axis',(0.,0.,1.));
#11133=DIRECTION('ref_axis',(1.,0.,0.));
#11134=DIRECTION('',(0.,0.,-1.));
#11135=DIRECTION('center_axis',(0.,0.,1.));
#11136=DIRECTION('ref_axis',(1.,0.,0.));
#11137=DIRECTION('',(0.,0.,-1.));
#11138=DIRECTION('center_axis',(0.,0.,1.));
#11139=DIRECTION('ref_axis',(8.74514136320039E-14,1.,0.));
#11140=DIRECTION('',(0.,0.,1.));
#11141=DIRECTION('center_axis',(1.,0.,0.));
#11142=DIRECTION('ref_axis',(0.,1.,0.));
#11143=DIRECTION('',(0.,0.,1.));
#11144=DIRECTION('center_axis',(0.,0.,1.));
#11145=DIRECTION('ref_axis',(1.,-8.74514136320039E-14,0.));
#11146=DIRECTION('',(0.,0.,1.));
#11147=DIRECTION('center_axis',(0.,-1.,0.));
#11148=DIRECTION('ref_axis',(1.,0.,0.));
#11149=DIRECTION('',(-3.88578058618805E-16,1.55026679025645E-15,1.));
#11150=DIRECTION('',(-1.,0.,-3.88578058618804E-16));
#11151=CARTESIAN_POINT('',(0.,0.,0.));
#11152=CARTESIAN_POINT('',(0.,0.,0.));
#11153=CARTESIAN_POINT('Origin',(-76.172501390031,59.5652811564277,-19.7574891843835));
#11154=CARTESIAN_POINT('',(-71.1615447000989,54.9604099274512,-19.7574891843828));
#11155=CARTESIAN_POINT('Ctrl Pts',(-70.8544348673348,54.9793449241473,-19.3403226601829));
#11156=CARTESIAN_POINT('Ctrl Pts',(-70.889404477515,54.9793449241473,-19.3403226601829));
#11157=CARTESIAN_POINT('Ctrl Pts',(-70.92600457815,54.9785408114477,-19.3489324943921));
#11158=CARTESIAN_POINT('Ctrl Pts',(-70.99234618616,54.9757588793211,-19.3814692800657));
#11159=CARTESIAN_POINT('Ctrl Pts',(-71.0221431646985,54.973826852848,-19.4052869111263));
#11160=CARTESIAN_POINT('Ctrl Pts',(-71.0720228783087,54.9699961630987,-19.4591653917494));
#11161=CARTESIAN_POINT('Ctrl Pts',(-71.0970842595657,54.9675956234726,-19.4979786305277));
#11162=CARTESIAN_POINT('Ctrl Pts',(-71.1443619680321,54.96267113862,-19.5988055465107));
#11163=CARTESIAN_POINT('Ctrl Pts',(-71.161544700099,54.9604099274512,-19.6845723009413));
#11164=CARTESIAN_POINT('Ctrl Pts',(-71.161544700099,54.9604099274512,-19.8304060678243));
#11165=CARTESIAN_POINT('Ctrl Pts',(-71.1443619680321,54.96267113862,-19.9161728222549));
#11166=CARTESIAN_POINT('Ctrl Pts',(-71.0970842595657,54.9675956234726,-20.0169997382379));
#11167=CARTESIAN_POINT('Ctrl Pts',(-71.0720228783087,54.9699961630987,-20.0558129770162));
#11168=CARTESIAN_POINT('Ctrl Pts',(-71.0221431646985,54.973826852848,-20.1096914576392));
#11169=CARTESIAN_POINT('Ctrl Pts',(-70.99234618616,54.9757588793211,-20.1335090886999));
#11170=CARTESIAN_POINT('Ctrl Pts',(-70.92600457815,54.9785408114477,-20.1660458743735));
#11171=CARTESIAN_POINT('Ctrl Pts',(-70.889404477515,54.9793449241473,-20.1746557085827));
#11172=CARTESIAN_POINT('Ctrl Pts',(-70.8194652571546,54.9793449241473,-20.1746557085827));
#11173=CARTESIAN_POINT('Ctrl Pts',(-70.7828651565196,54.9785408114477,-20.1660458743735));
#11174=CARTESIAN_POINT('Ctrl Pts',(-70.7165235485096,54.9757588793211,-20.1335090886998));
#11175=CARTESIAN_POINT('Ctrl Pts',(-70.6867265699711,54.973826852848,-20.1096914576392));
#11176=CARTESIAN_POINT('Ctrl Pts',(-70.6368468563609,54.9699961630987,-20.0558129770162));
#11177=CARTESIAN_POINT('Ctrl Pts',(-70.6117854751039,54.9675956234726,-20.0169997382378));
#11178=CARTESIAN_POINT('Ctrl Pts',(-70.5645077666375,54.96267113862,-19.9161728222548));
#11179=CARTESIAN_POINT('Ctrl Pts',(-70.5473250345707,54.9604099274512,-19.8304060678242));
#11180=CARTESIAN_POINT('Ctrl Pts',(-70.5473250345707,54.9604099274512,-19.6845723009412));
#11181=CARTESIAN_POINT('Ctrl Pts',(-70.5645077666375,54.96267113862,-19.5988055465107));
#11182=CARTESIAN_POINT('Ctrl Pts',(-70.6117854751039,54.9675956234726,-19.4979786305276));
#11183=CARTESIAN_POINT('Ctrl Pts',(-70.6368468563609,54.9699961630987,-19.4591653917493));
#11184=CARTESIAN_POINT('Ctrl Pts',(-70.6867265699711,54.973826852848,-19.4052869111263));
#11185=CARTESIAN_POINT('Ctrl Pts',(-70.7165235485096,54.9757588793211,-19.3814692800657));
#11186=CARTESIAN_POINT('Ctrl Pts',(-70.7828651565196,54.9785408114477,-19.348932494392));
#11187=CARTESIAN_POINT('Ctrl Pts',(-70.8194652571546,54.9793449241473,-19.3403226601829));
#11188=CARTESIAN_POINT('Ctrl Pts',(-70.8544348673348,54.9793449241473,-19.3403226601829));
#11189=CARTESIAN_POINT('Origin',(-76.172501390031,59.5652811564277,-19.7574891843835));
#11190=CARTESIAN_POINT('',(-73.1615447000989,64.1646720422665,-19.5328950733334));
#11191=CARTESIAN_POINT('',(-73.1615447000989,64.1646720422665,-19.9820832954327));
#11192=CARTESIAN_POINT('Origin',(-73.1615447001001,59.5652811564277,-19.7574891843831));
#11193=CARTESIAN_POINT('',(-73.1615447001007,64.1701523854042,-19.7574891843831));
#11194=CARTESIAN_POINT('Ctrl Pts',(-73.1615404095019,64.1701523854042,-19.7574891843831));
#11195=CARTESIAN_POINT('Ctrl Pts',(-73.1615404095019,64.1701523854042,-19.683331092152));
#11196=CARTESIAN_POINT('Ctrl Pts',(-73.1615447000989,64.168358557524,-19.6083900388814));
#11197=CARTESIAN_POINT('Ctrl Pts',(-73.1615447000989,64.1646720422665,-19.5328950733334));
#11198=CARTESIAN_POINT('',(-71.1615346886785,64.1701523854042,-19.7574891843828));
#11199=CARTESIAN_POINT('',(-76.172501390031,64.1701523854042,-19.7574891843835));
#11200=CARTESIAN_POINT('',(-71.1615447000989,64.1646720422662,-19.5328950733273));
#11201=CARTESIAN_POINT('Ctrl Pts',(-71.1615447000989,64.1646720422662,-19.5328950733273));
#11202=CARTESIAN_POINT('Ctrl Pts',(-71.1615447000989,64.1683795905787,-19.6088207680707));
#11203=CARTESIAN_POINT('Ctrl Pts',(-71.1615346886785,64.1701523854042,-19.6838185066105));
#11204=CARTESIAN_POINT('Ctrl Pts',(-71.1615346886785,64.1701523854042,-19.7574891843828));
#11205=CARTESIAN_POINT('Origin',(-71.1615447000999,59.5652811564277,-19.7574891843828));
#11206=CARTESIAN_POINT('',(-71.1615447000989,64.1646720422662,-19.9820832954383));
#11207=CARTESIAN_POINT('Origin',(-71.1615447000999,59.5652811564277,-19.7574891843828));
#11208=CARTESIAN_POINT('Ctrl Pts',(-71.1615346886785,64.1701523854042,-19.7574891843828));
#11209=CARTESIAN_POINT('Ctrl Pts',(-71.1615346886785,64.1701523854042,-19.8311598621551));
#11210=CARTESIAN_POINT('Ctrl Pts',(-71.1615447000989,64.1683795905787,-19.9061576006949));
#11211=CARTESIAN_POINT('Ctrl Pts',(-71.1615447000989,64.1646720422662,-19.9820832954383));
#11212=CARTESIAN_POINT('Ctrl Pts',(-73.1615447000989,64.1646720422665,-19.9820832954327));
#11213=CARTESIAN_POINT('Ctrl Pts',(-73.1615447000989,64.168358557524,-19.9065883298847));
#11214=CARTESIAN_POINT('Ctrl Pts',(-73.1615404095019,64.1701523854042,-19.8316472766141));
#11215=CARTESIAN_POINT('Ctrl Pts',(-73.1615404095019,64.1701523854042,-19.7574891843831));
#11216=CARTESIAN_POINT('Origin',(-76.172501390031,59.5652811564277,-19.7574891843835));
#11217=CARTESIAN_POINT('',(36.8384552999012,54.9604819335875,-19.7317374313171));
#11218=CARTESIAN_POINT('',(36.8384552999012,54.9604819335875,-19.7832409374207));
#11219=CARTESIAN_POINT('Ctrl Pts',(36.8384552999016,54.9604819335875,-19.731737431317));
#11220=CARTESIAN_POINT('Ctrl Pts',(36.8354336204729,54.9608552414685,-19.6649843898123));
#11221=CARTESIAN_POINT('Ctrl Pts',(36.8182805747237,54.9630434378729,-19.5911828637961));
#11222=CARTESIAN_POINT('Ctrl Pts',(36.7745771397223,54.9675956234727,-19.4979786305118));
#11223=CARTESIAN_POINT('Ctrl Pts',(36.7495157584651,54.9699961630989,-19.4591653917332));
#11224=CARTESIAN_POINT('Ctrl Pts',(36.6996360448545,54.9738268528482,-19.4052869111098));
#11225=CARTESIAN_POINT('Ctrl Pts',(36.6698390663158,54.9757588793214,-19.381469280049));
#11226=CARTESIAN_POINT('Ctrl Pts',(36.6034974583053,54.9785408114479,-19.3489324943751));
#11227=CARTESIAN_POINT('Ctrl Pts',(36.56689735767,54.9793449241476,-19.3403226601659));
#11228=CARTESIAN_POINT('Ctrl Pts',(36.5319277474896,54.9793449241476,-19.3403226601659));
#11229=CARTESIAN_POINT('Ctrl Pts',(36.4969581373092,54.9793449241476,-19.3403226601659));
#11230=CARTESIAN_POINT('Ctrl Pts',(36.4603580366739,54.9785408114479,-19.3489324943752));
#11231=CARTESIAN_POINT('Ctrl Pts',(36.3940164286634,54.9757588793214,-19.3814692800491));
#11232=CARTESIAN_POINT('Ctrl Pts',(36.3642194501247,54.9738268528482,-19.4052869111098));
#11233=CARTESIAN_POINT('Ctrl Pts',(36.3143397365141,54.9699961630989,-19.4591653917333));
#11234=CARTESIAN_POINT('Ctrl Pts',(36.2892783552569,54.9675956234727,-19.4979786305119));
#11235=CARTESIAN_POINT('Ctrl Pts',(36.2420006467901,54.96267113862,-19.5988055464957));
#11236=CARTESIAN_POINT('Ctrl Pts',(36.2248179147231,54.9604099274512,-19.6845723009269));
#11237=CARTESIAN_POINT('Ctrl Pts',(36.2248179147231,54.9604099274512,-19.830406067811));
#11238=CARTESIAN_POINT('Ctrl Pts',(36.2420006467901,54.96267113862,-19.9161728222422));
#11239=CARTESIAN_POINT('Ctrl Pts',(36.2892783552569,54.9675956234727,-20.016999738226));
#11240=CARTESIAN_POINT('Ctrl Pts',(36.3143397365141,54.9699961630989,-20.0558129770046));
#11241=CARTESIAN_POINT('Ctrl Pts',(36.3642194501247,54.9738268528482,-20.109691457628));
#11242=CARTESIAN_POINT('Ctrl Pts',(36.3940164286634,54.9757588793214,-20.1335090886888));
#11243=CARTESIAN_POINT('Ctrl Pts',(36.4603580366739,54.9785408114479,-20.1660458743627));
#11244=CARTESIAN_POINT('Ctrl Pts',(36.4969581373092,54.9793449241476,-20.1746557085719));
#11245=CARTESIAN_POINT('Ctrl Pts',(36.56689735767,54.9793449241476,-20.1746557085719));
#11246=CARTESIAN_POINT('Ctrl Pts',(36.6034974583053,54.9785408114479,-20.1660458743626));
#11247=CARTESIAN_POINT('Ctrl Pts',(36.6698390663158,54.9757588793214,-20.1335090886887));
#11248=CARTESIAN_POINT('Ctrl Pts',(36.6996360448545,54.9738268528482,-20.1096914576279));
#11249=CARTESIAN_POINT('Ctrl Pts',(36.7495157584651,54.9699961630989,-20.0558129770045));
#11250=CARTESIAN_POINT('Ctrl Pts',(36.7745771397223,54.9675956234727,-20.0169997382259));
#11251=CARTESIAN_POINT('Ctrl Pts',(36.8182805747237,54.9630434378729,-19.9237955049416));
#11252=CARTESIAN_POINT('Ctrl Pts',(36.8354336204729,54.9608552414685,-19.8499939789255));
#11253=CARTESIAN_POINT('Ctrl Pts',(36.8384552999016,54.9604819335875,-19.7832409374207));
#11254=CARTESIAN_POINT('',(36.8384552999012,64.1646720422665,-19.5328950733192));
#11255=CARTESIAN_POINT('Origin',(36.8384552999002,59.5652811564277,-19.7574891843689));
#11256=CARTESIAN_POINT('',(36.8384452884808,64.1701523854042,-19.7574891843689));
#11257=CARTESIAN_POINT('Ctrl Pts',(36.8384452884808,64.1701523854042,-19.7574891843689));
#11258=CARTESIAN_POINT('Ctrl Pts',(36.8384452884808,64.1701523854042,-19.6838185065984));
#11259=CARTESIAN_POINT('Ctrl Pts',(36.8384552999012,64.1683795905788,-19.6088207680606));
#11260=CARTESIAN_POINT('Ctrl Pts',(36.8384552999012,64.1646720422665,-19.5328950733192));
#11261=CARTESIAN_POINT('',(38.8384552999011,64.1701523854042,-19.7574891843686));
#11262=CARTESIAN_POINT('',(-76.172501390031,64.1701523854042,-19.7574891843835));
#11263=CARTESIAN_POINT('',(38.8384552999013,64.1646720422665,-19.532895073319));
#11264=CARTESIAN_POINT('Ctrl Pts',(38.8384552999011,64.1646720422665,-19.532895073319));
#11265=CARTESIAN_POINT('Ctrl Pts',(38.8384552999011,64.168358557524,-19.608390038867));
#11266=CARTESIAN_POINT('Ctrl Pts',(38.8384510093041,64.1701523854042,-19.6833310921375));
#11267=CARTESIAN_POINT('Ctrl Pts',(38.8384510093041,64.1701523854042,-19.7574891843686));
#11268=CARTESIAN_POINT('',(38.8384552999012,64.1646720422665,-19.9820832954182));
#11269=CARTESIAN_POINT('Origin',(38.8384552999004,59.5652811564277,-19.7574891843686));
#11270=CARTESIAN_POINT('Ctrl Pts',(38.8384510093041,64.1701523854042,-19.7574891843686));
#11271=CARTESIAN_POINT('Ctrl Pts',(38.8384510093041,64.1701523854042,-19.8316472765997));
#11272=CARTESIAN_POINT('Ctrl Pts',(38.8384552999011,64.168358557524,-19.9065883298702));
#11273=CARTESIAN_POINT('Ctrl Pts',(38.8384552999011,64.1646720422665,-19.9820832954182));
#11274=CARTESIAN_POINT('',(36.8384552999012,64.1646720422665,-19.9820832954185));
#11275=CARTESIAN_POINT('Ctrl Pts',(36.8384552999012,64.1646720422665,-19.9820832954185));
#11276=CARTESIAN_POINT('Ctrl Pts',(36.8384552999012,64.1683795905788,-19.9061576006771));
#11277=CARTESIAN_POINT('Ctrl Pts',(36.8384452884808,64.1701523854042,-19.8311598621393));
#11278=CARTESIAN_POINT('Ctrl Pts',(36.8384452884808,64.1701523854042,-19.7574891843689));
#11279=CARTESIAN_POINT('Origin',(36.8384552999002,59.5652811564277,-19.7574891843689));
#11280=CARTESIAN_POINT('Origin',(35.3384552999006,64.1646720422662,-27.6706921094555));
#11281=CARTESIAN_POINT('',(36.8384552999012,64.1646720422665,-2.92069210945552));
#11282=CARTESIAN_POINT('',(36.8384552999012,64.1646720422665,-27.6706921094555));
#11283=CARTESIAN_POINT('',(35.3384552999007,65.6646720422668,-2.92069210945552));
#11284=CARTESIAN_POINT('Origin',(35.3384552999006,64.1646720422662,-2.92069210945552));
#11285=CARTESIAN_POINT('',(35.3384552999007,65.6646720422668,-27.6706921094555));
#11286=CARTESIAN_POINT('',(35.3384552999007,65.6646720422668,-27.6706921094555));
#11287=CARTESIAN_POINT('',(36.8384552999012,64.1646720422665,-27.6706921094555));
#11288=CARTESIAN_POINT('Origin',(35.3384552999006,64.1646720422662,-27.6706921094555));
#11289=CARTESIAN_POINT('',(36.8384552999012,64.1646720422665,-27.6706921094555));
#11290=CARTESIAN_POINT('Origin',(36.8384552999012,64.1646720422665,-27.6706921094555));
#11291=CARTESIAN_POINT('',(36.8384552999012,54.9604819335875,-2.92069210945552));
#11292=CARTESIAN_POINT('',(36.8384552999012,54.9604819335875,-27.6706921094555));
#11293=CARTESIAN_POINT('',(36.8384552999012,45.4146720422665,-2.92069210945552));
#11294=CARTESIAN_POINT('Origin',(-69.6615447000983,64.1646720422662,-27.6706921094555));
#11295=CARTESIAN_POINT('',(-73.1615447000989,64.1646720422665,-2.92069210945552));
#11296=CARTESIAN_POINT('',(-73.1615447000989,64.1646720422665,-27.6706921094555));
#11297=CARTESIAN_POINT('',(-69.6615447000988,67.6646720422667,-2.92069210945552));
#11298=CARTESIAN_POINT('Origin',(-69.6615447000983,64.1646720422662,-2.92069210945552));
#11299=CARTESIAN_POINT('',(-69.6615447000988,67.6646720422667,-27.6706921094555));
#11300=CARTESIAN_POINT('',(-69.6615447000988,67.6646720422667,-27.6706921094555));
#11301=CARTESIAN_POINT('',(-73.1615447000989,64.1646720422665,-27.6706921094555));
#11302=CARTESIAN_POINT('Origin',(-69.6615447000983,64.1646720422662,-27.6706921094555));
#11303=CARTESIAN_POINT('',(-73.1615447000989,64.1646720422665,-27.6706921094555));
#11304=CARTESIAN_POINT('Origin',(-70.8544348673348,52.4793449241474,-27.6706921094555));
#11305=CARTESIAN_POINT('',(-69.8149471678221,50.2056991024415,-22.2442685458066));
#11306=CARTESIAN_POINT('',(-71.1615447000989,49.9982799208436,-22.5404938365656));
#11307=CARTESIAN_POINT('Origin',(-70.8544348673348,52.4793449241474,-18.9971657974997));
#11308=CARTESIAN_POINT('',(-71.1615447000989,49.9982799208436,-27.6706921094555));
#11309=CARTESIAN_POINT('',(-71.1615447000989,49.9982799208436,-27.6706921094555));
#11310=CARTESIAN_POINT('',(-71.1615447000989,54.9604099274512,-27.6706921094555));
#11311=CARTESIAN_POINT('Origin',(-70.8544348673348,52.4793449241474,-27.6706921094555));
#11312=CARTESIAN_POINT('',(-71.1615447000989,54.9604099274512,-27.6706921094555));
#11313=CARTESIAN_POINT('',(-71.1615447000989,54.9604099274512,-2.92069210945552));
#11314=CARTESIAN_POINT('',(-71.1615447000989,54.9604099274512,-27.6706921094555));
#11315=CARTESIAN_POINT('',(-71.1615447000989,49.9982799208436,-2.92069210945552));
#11316=CARTESIAN_POINT('Origin',(-70.8544348673348,52.4793449241474,-2.92069210945552));
#11317=CARTESIAN_POINT('',(-71.1615447000989,49.9982799208436,-20.8796276969684));
#11318=CARTESIAN_POINT('',(-71.1615447000989,49.9982799208436,-27.6706921094555));
#11319=CARTESIAN_POINT('Ctrl Pts',(-71.1615447000989,49.9982799208436,-20.8796276969683));
#11320=CARTESIAN_POINT('Ctrl Pts',(-71.0584861924127,49.9855231889489,-20.869762871807));
#11321=CARTESIAN_POINT('Ctrl Pts',(-70.9549073783308,49.9793449241476,-20.8653408258087));
#11322=CARTESIAN_POINT('Ctrl Pts',(-70.6265865302526,49.9793449241476,-20.8653408258087));
#11323=CARTESIAN_POINT('Ctrl Pts',(-70.3829930590094,50.0137456994206,-20.8870576299667));
#11324=CARTESIAN_POINT('Ctrl Pts',(-70.0559917771258,50.107563446738,-20.9764290877696));
#11325=CARTESIAN_POINT('Ctrl Pts',(-69.9533926497136,50.1452200461277,-21.0158843409828));
#11326=CARTESIAN_POINT('Ctrl Pts',(-69.769695542533,50.2247148876213,-21.121299145598));
#11327=CARTESIAN_POINT('Ctrl Pts',(-69.688400632465,50.266645070848,-21.1868456731619));
#11328=CARTESIAN_POINT('Ctrl Pts',(-69.5826186973585,50.3265283245711,-21.3247139548317));
#11329=CARTESIAN_POINT('Ctrl Pts',(-69.5466832703358,50.3484799372891,-21.388425172362));
#11330=CARTESIAN_POINT('Ctrl Pts',(-69.4988163615636,50.3786074136438,-21.5264494463867));
#11331=CARTESIAN_POINT('Ctrl Pts',(-69.486883372112,50.3865470581525,-21.6008134353583));
#11332=CARTESIAN_POINT('Ctrl Pts',(-69.486883372112,50.3865470581525,-21.7405707835528));
#11333=CARTESIAN_POINT('Ctrl Pts',(-69.4988163615636,50.3786074136437,-21.8149347725244));
#11334=CARTESIAN_POINT('Ctrl Pts',(-69.5466832703358,50.348479937289,-21.9529590465491));
#11335=CARTESIAN_POINT('Ctrl Pts',(-69.5826186973585,50.3265283245711,-22.0166702640793));
#11336=CARTESIAN_POINT('Ctrl Pts',(-69.6770787140107,50.2730544196157,-22.1397824019811));
#11337=CARTESIAN_POINT('Ctrl Pts',(-69.7421392089443,50.2389861592722,-22.1967297019435));
#11338=CARTESIAN_POINT('Ctrl Pts',(-69.8149471678221,50.2056991024415,-22.2442685458066));
#11339=CARTESIAN_POINT('Origin',(-71.1615447000989,54.9604099274512,-27.6706921094555));
#11340=CARTESIAN_POINT('',(-71.1615447000989,64.1646720422662,-2.92069210945552));
#11341=CARTESIAN_POINT('',(-71.1615447000989,64.1646720422662,-27.6706921094555));
#11342=CARTESIAN_POINT('',(-71.1615447000989,40.8125409848589,-2.92069210945552));
#11343=CARTESIAN_POINT('Origin',(38.8384552999014,-10.8353279577332,-27.6706921094555));
#11344=CARTESIAN_POINT('',(38.8384552999013,64.1646720422665,-2.92069210945552));
#11345=CARTESIAN_POINT('',(38.8384552999013,64.1646720422665,-27.6706921094555));
#11346=CARTESIAN_POINT('',(38.8384552999013,-10.8353279577332,-2.92069210945552));
#11347=CARTESIAN_POINT('',(38.8384552999014,7.91467204226677,-2.92069210945552));
#11348=CARTESIAN_POINT('',(38.8384552999013,-10.8353279577332,-27.6706921094555));
#11349=CARTESIAN_POINT('',(38.8384552999013,-10.8353279577332,-27.6706921094555));
#11350=CARTESIAN_POINT('',(38.8384552999014,-0.110089510926059,-27.6706921094555));
#11351=CARTESIAN_POINT('',(38.8384552999014,7.91467204226677,-27.6706921094555));
#11352=CARTESIAN_POINT('',(38.8384552999014,1.81856872729497,-27.6706921094555));
#11353=CARTESIAN_POINT('',(38.8384552999014,7.91467204226677,-27.6706921094555));
#11354=CARTESIAN_POINT('',(38.8384552999014,51.5150158050361,-27.6706921094555));
#11355=CARTESIAN_POINT('',(38.8384552999014,7.91467204226677,-27.6706921094555));
#11356=CARTESIAN_POINT('',(38.8384552999014,53.4436740432588,-27.6706921094555));
#11357=CARTESIAN_POINT('',(38.8384552999014,7.91467204226677,-27.6706921094555));
#11358=CARTESIAN_POINT('',(38.8384552999013,64.1646720422665,-27.6706921094555));
#11359=CARTESIAN_POINT('',(38.8384552999014,7.91467204226677,-27.6706921094555));
#11360=CARTESIAN_POINT('',(38.8384552999013,64.1646720422665,-27.6706921094555));
#11361=CARTESIAN_POINT('',(38.8384552999014,8.88005818367672,-20.6706921094555));
#11362=CARTESIAN_POINT('',(38.8384552999014,10.1008327724382,-20.6706921094555));
#11363=CARTESIAN_POINT('',(38.8384552999014,-0.977634887028261,-20.6706921094555));
#11364=CARTESIAN_POINT('',(38.8384552999014,10.9199848167272,-22.2442685458065));
#11365=CARTESIAN_POINT('Origin',(38.8384552999014,10.1008327724382,-21.6706921094555));
#11366=CARTESIAN_POINT('',(38.8384552999014,8.81936220209803,-25.2442685458065));
#11367=CARTESIAN_POINT('',(38.8384552999014,6.06655287641104,-29.1756876972275));
#11368=CARTESIAN_POINT('',(38.8384552999014,8.00021015780905,-25.6706921094555));
#11369=CARTESIAN_POINT('Origin',(38.8384552999014,8.00021015780906,-24.6706921094555));
#11370=CARTESIAN_POINT('',(38.8384552999014,6.77943556904759,-25.6706921094555));
#11371=CARTESIAN_POINT('',(38.8384552999014,-1.41755889996209,-25.6706921094555));
#11372=CARTESIAN_POINT('',(38.8384552999014,5.9602835247586,-24.0971156731044));
#11373=CARTESIAN_POINT('Origin',(38.8384552999014,6.77943556904758,-24.6706921094555));
#11374=CARTESIAN_POINT('',(38.8384552999014,8.06090613938773,-21.0971156731044));
#11375=CARTESIAN_POINT('',(38.8384552999014,2.35797416399327,-29.2417466063499));
#11376=CARTESIAN_POINT('Origin',(38.8384552999014,8.88005818367672,-21.6706921094555));
#11377=CARTESIAN_POINT('',(38.8384552999014,40.3086296122481,-20.6706921094555));
#11378=CARTESIAN_POINT('',(38.8384552999014,41.5294042010096,-20.6706921094555));
#11379=CARTESIAN_POINT('',(38.8384552999014,14.7366508272575,-20.6706921094556));
#11380=CARTESIAN_POINT('',(38.8384552999014,42.3485562452986,-22.2442685458066));
#11381=CARTESIAN_POINT('Origin',(38.8384552999014,41.5294042010096,-21.6706921094555));
#11382=CARTESIAN_POINT('',(38.8384552999014,40.2479336306695,-25.2442685458066));
#11383=CARTESIAN_POINT('',(38.8384552999014,32.3252825739699,-36.5589868605454));
#11384=CARTESIAN_POINT('',(38.8384552999014,39.4287815863805,-25.6706921094555));
#11385=CARTESIAN_POINT('Origin',(38.8384552999014,39.4287815863805,-24.6706921094555));
#11386=CARTESIAN_POINT('',(38.8384552999014,38.208006997619,-25.6706921094555));
#11387=CARTESIAN_POINT('',(38.8384552999014,14.2967268143236,-25.6706921094555));
#11388=CARTESIAN_POINT('',(38.8384552999014,37.38885495333,-24.0971156731045));
#11389=CARTESIAN_POINT('Origin',(38.8384552999014,38.208006997619,-24.6706921094555));
#11390=CARTESIAN_POINT('',(38.8384552999014,39.4894775679592,-21.0971156731045));
#11391=CARTESIAN_POINT('',(38.8384552999014,28.6167038615521,-36.6250457696678));
#11392=CARTESIAN_POINT('Origin',(38.8384552999014,40.3086296122482,-21.6706921094555));
#11393=CARTESIAN_POINT('',(38.8384552999014,32.4514867551053,-20.6706921094555));
#11394=CARTESIAN_POINT('',(38.8384552999014,33.6722613438668,-20.6706921094555));
#11395=CARTESIAN_POINT('',(38.8384552999014,10.808079398686,-20.6706921094556));
#11396=CARTESIAN_POINT('',(38.8384552999014,34.4914133881557,-22.2442685458066));
#11397=CARTESIAN_POINT('Origin',(38.8384552999014,33.6722613438668,-21.6706921094555));
#11398=CARTESIAN_POINT('',(38.8384552999014,32.3907907735266,-25.2442685458066));
#11399=CARTESIAN_POINT('',(38.8384552999014,25.7606001495802,-34.7131620697159));
#11400=CARTESIAN_POINT('',(38.8384552999014,31.5716387292376,-25.6706921094555));
#11401=CARTESIAN_POINT('Origin',(38.8384552999014,31.5716387292376,-24.6706921094555));
#11402=CARTESIAN_POINT('',(38.8384552999014,30.3508641404762,-25.6706921094555));
#11403=CARTESIAN_POINT('',(38.8384552999014,10.3681553857522,-25.6706921094555));
#11404=CARTESIAN_POINT('',(38.8384552999014,29.5317120961872,-24.0971156731045));
#11405=CARTESIAN_POINT('Origin',(38.8384552999014,30.3508641404762,-24.6706921094555));
#11406=CARTESIAN_POINT('',(38.8384552999014,31.6323347108163,-21.0971156731045));
#11407=CARTESIAN_POINT('',(38.8384552999014,22.0520214371624,-34.7792209788383));
#11408=CARTESIAN_POINT('Origin',(38.8384552999014,32.4514867551053,-21.6706921094555));
#11409=CARTESIAN_POINT('',(38.8384552999014,16.7372010408196,-20.6706921094555));
#11410=CARTESIAN_POINT('',(38.8384552999014,17.957975629581,-20.6706921094555));
#11411=CARTESIAN_POINT('',(38.8384552999014,2.95093654154317,-20.6706921094555));
#11412=CARTESIAN_POINT('',(38.8384552999014,18.77712767387,-22.2442685458065));
#11413=CARTESIAN_POINT('Origin',(38.8384552999014,17.957975629581,-21.6706921094555));
#11414=CARTESIAN_POINT('',(38.8384552999014,16.6765050592409,-25.2442685458065));
#11415=CARTESIAN_POINT('',(38.8384552999014,12.6312353008008,-31.021512488057));
#11416=CARTESIAN_POINT('',(38.8384552999014,15.8573530149519,-25.6706921094555));
#11417=CARTESIAN_POINT('Origin',(38.8384552999014,15.8573530149519,-24.6706921094555));
#11418=CARTESIAN_POINT('',(38.8384552999014,14.6365784261904,-25.6706921094555));
#11419=CARTESIAN_POINT('',(38.8384552999014,2.51101252860934,-25.6706921094555));
#11420=CARTESIAN_POINT('',(38.8384552999014,13.8174263819015,-24.0971156731044));
#11421=CARTESIAN_POINT('Origin',(38.8384552999014,14.6365784261904,-24.6706921094555));
#11422=CARTESIAN_POINT('',(38.8384552999014,15.9180489965306,-21.0971156731044));
#11423=CARTESIAN_POINT('',(38.8384552999014,8.92265658838299,-31.0875713971793));
#11424=CARTESIAN_POINT('Origin',(38.8384552999014,16.7372010408196,-21.6706921094555));
#11425=CARTESIAN_POINT('',(38.8384552999014,48.165772469391,-20.6706921094555));
#11426=CARTESIAN_POINT('',(38.8384552999014,49.3865470581525,-20.6706921094555));
#11427=CARTESIAN_POINT('',(38.8384552999014,18.6652222558289,-20.6706921094556));
#11428=CARTESIAN_POINT('',(38.8384552999014,50.2056991024415,-22.2442685458066));
#11429=CARTESIAN_POINT('Origin',(38.8384552999014,49.3865470581525,-21.6706921094555));
#11430=CARTESIAN_POINT('',(38.8384552999014,48.1050764878123,-25.2442685458066));
#11431=CARTESIAN_POINT('',(38.8384552999014,38.8899649983596,-38.4048116513749));
#11432=CARTESIAN_POINT('',(38.8384552999014,47.2859244435233,-25.6706921094555));
#11433=CARTESIAN_POINT('Origin',(38.8384552999014,47.2859244435233,-24.6706921094555));
#11434=CARTESIAN_POINT('',(38.8384552999014,46.0651498547619,-25.6706921094555));
#11435=CARTESIAN_POINT('',(38.8384552999014,18.2252982428951,-25.6706921094555));
#11436=CARTESIAN_POINT('',(38.8384552999014,45.2459978104729,-24.0971156731045));
#11437=CARTESIAN_POINT('Origin',(38.8384552999014,46.0651498547619,-24.6706921094555));
#11438=CARTESIAN_POINT('',(38.8384552999014,47.346620425102,-21.0971156731045));
#11439=CARTESIAN_POINT('',(38.8384552999014,35.1813862859418,-38.4708705604972));
#11440=CARTESIAN_POINT('Origin',(38.8384552999014,48.165772469391,-21.6706921094555));
#11441=CARTESIAN_POINT('',(38.8384552999014,24.5943438979624,-20.6706921094555));
#11442=CARTESIAN_POINT('',(38.8384552999014,25.8151184867239,-20.6706921094555));
#11443=CARTESIAN_POINT('',(38.8384552999014,6.87950797011459,-20.6706921094555));
#11444=CARTESIAN_POINT('',(38.8384552999014,26.6342705310129,-22.2442685458065));
#11445=CARTESIAN_POINT('Origin',(38.8384552999014,25.8151184867239,-21.6706921094555));
#11446=CARTESIAN_POINT('',(38.8384552999014,24.5336479163837,-25.2442685458065));
#11447=CARTESIAN_POINT('',(38.8384552999014,19.1959177251905,-32.8673372788864));
#11448=CARTESIAN_POINT('',(38.8384552999014,23.7144958720948,-25.6706921094555));
#11449=CARTESIAN_POINT('Origin',(38.8384552999014,23.7144958720948,-24.6706921094555));
#11450=CARTESIAN_POINT('',(38.8384552999014,22.4937212833333,-25.6706921094555));
#11451=CARTESIAN_POINT('',(38.8384552999014,6.43958395718077,-25.6706921094555));
#11452=CARTESIAN_POINT('',(38.8384552999014,21.6745692390443,-24.0971156731045));
#11453=CARTESIAN_POINT('Origin',(38.8384552999014,22.4937212833333,-24.6706921094555));
#11454=CARTESIAN_POINT('',(38.8384552999014,23.7751918536734,-21.0971156731044));
#11455=CARTESIAN_POINT('',(38.8384552999014,15.4873390127727,-32.9333961880088));
#11456=CARTESIAN_POINT('Origin',(38.8384552999014,24.5943438979624,-21.6706921094555));
#11457=CARTESIAN_POINT('Origin',(-17.1615447000988,26.6646720422668,-29.6706921094555));
#11458=CARTESIAN_POINT('',(35.3384552999012,70.6646720422668,-29.6706921094555));
#11459=CARTESIAN_POINT('',(41.8384552999012,64.1646720422668,-29.6706921094555));
#11460=CARTESIAN_POINT('Origin',(35.3384552999006,64.1646720422662,-29.6706921094555));
#11461=CARTESIAN_POINT('',(41.8384552999012,-10.8353279577332,-29.6706921094555));
#11462=CARTESIAN_POINT('',(41.8384552999012,-10.8353279577332,-29.6706921094555));
#11463=CARTESIAN_POINT('',(35.3384552999012,-17.3353279577333,-29.6706921094555));
#11464=CARTESIAN_POINT('Origin',(35.3384552999006,-10.8353279577327,-29.6706921094555));
#11465=CARTESIAN_POINT('',(-69.6615447000988,-17.3353279577333,-29.6706921094555));
#11466=CARTESIAN_POINT('',(-69.6615447000988,-17.3353279577333,-29.6706921094555));
#11467=CARTESIAN_POINT('',(-76.1615447000989,-10.8353279577332,-29.6706921094555));
#11468=CARTESIAN_POINT('Origin',(-69.6615447000983,-10.8353279577327,-29.6706921094555));
#11469=CARTESIAN_POINT('',(-76.1615447000989,64.1646720422668,-29.6706921094555));
#11470=CARTESIAN_POINT('',(-76.1615447000989,64.1646720422668,-29.6706921094555));
#11471=CARTESIAN_POINT('',(-69.6615447000988,70.6646720422668,-29.6706921094555));
#11472=CARTESIAN_POINT('Origin',(-69.6615447000983,64.1646720422662,-29.6706921094555));
#11473=CARTESIAN_POINT('',(41.8384552999012,70.6646720422668,-29.6706921094555));
#11474=CARTESIAN_POINT('',(-73.3544348673347,52.4793449241474,-29.6706921094555));
#11475=CARTESIAN_POINT('Origin',(-70.8544348673348,52.4793449241474,-29.6706921094555));
#11476=CARTESIAN_POINT('',(-73.3544348673354,0.854239608184457,-29.6706921094555));
#11477=CARTESIAN_POINT('Origin',(-70.8544348673352,0.854239608184457,-29.6706921094555));
#11478=CARTESIAN_POINT('',(34.0319277474897,0.854239608184457,-29.6706921094555));
#11479=CARTESIAN_POINT('Origin',(36.5319277474896,0.854239608184457,-29.6706921094555));
#11480=CARTESIAN_POINT('',(34.0319277474894,52.4793449241474,-29.6706921094555));
#11481=CARTESIAN_POINT('Origin',(36.5319277474896,52.4793449241474,-29.6706921094555));
#11482=CARTESIAN_POINT('',(-37.9278690842501,38.3329845149861,-29.6706921094555));
#11483=CARTESIAN_POINT('Origin',(-36.9278690842501,38.3329845149861,-29.6706921094555));
#11484=CARTESIAN_POINT('',(24.7093935556662,60.0829845149858,-29.6706921094555));
#11485=CARTESIAN_POINT('Origin',(25.7093935556662,60.0829845149858,-29.6706921094555));
#11486=CARTESIAN_POINT('',(-37.9278690842501,60.0829845149861,-29.6706921094556));
#11487=CARTESIAN_POINT('Origin',(-36.9278690842501,60.0829845149861,-29.6706921094556));
#11488=CARTESIAN_POINT('',(24.709393555666,38.3329845149858,-29.6706921094555));
#11489=CARTESIAN_POINT('Origin',(25.709393555666,38.3329845149858,-29.6706921094555));
#11490=CARTESIAN_POINT('',(-61.5324829562207,4.12135956954771,-29.6706921094555));
#11491=CARTESIAN_POINT('Origin',(-60.0324829562207,4.12135956954771,-29.6706921094555));
#11492=CARTESIAN_POINT('',(-61.5324829562207,49.2079845149859,-29.6706921094555));
#11493=CARTESIAN_POINT('Origin',(-60.0324829562207,49.2079845149859,-29.6706921094555));
#11494=CARTESIAN_POINT('',(24.2093935556327,4.12135956954771,-29.6706921094555));
#11495=CARTESIAN_POINT('Origin',(25.7093935556327,4.12135956954771,-29.6706921094555));
#11496=CARTESIAN_POINT('',(-31.9278690842502,60.5829845149858,-29.6706921094555));
#11497=CARTESIAN_POINT('',(-31.9278690842502,38.1646720422668,-29.6706921094555));
#11498=CARTESIAN_POINT('',(-31.9278690842502,29.9988282786264,-29.6706921094555));
#11499=CARTESIAN_POINT('',(-36.9278690842501,33.1646720422668,-29.6706921094555));
#11500=CARTESIAN_POINT('Origin',(-36.9278690842501,38.1646720422668,-29.6706921094555));
#11501=CARTESIAN_POINT('',(-47.6115416483411,33.1646720422668,-29.6706921094555));
#11502=CARTESIAN_POINT('',(-49.6115416483411,33.1646720422668,-29.6706921094555));
#11503=CARTESIAN_POINT('',(-49.6115416483411,31.1646720422668,-29.6706921094555));
#11504=CARTESIAN_POINT('Origin',(-47.6115416483411,31.1646720422668,-29.6706921094555));
#11505=CARTESIAN_POINT('',(-49.6115416483411,-6.33532795773351,-29.6706921094555));
#11506=CARTESIAN_POINT('',(-49.6115416483411,-8.33532795773351,-29.6706921094555));
#11507=CARTESIAN_POINT('',(-47.6115416483411,-8.33532795773351,-29.6706921094555));
#11508=CARTESIAN_POINT('Origin',(-47.6115416483411,-6.33532795773351,-29.6706921094555));
#11509=CARTESIAN_POINT('',(9.13845835165904,-8.33532795773351,-29.6706921094555));
#11510=CARTESIAN_POINT('',(11.138458351659,-8.33532795773351,-29.6706921094555));
#11511=CARTESIAN_POINT('',(11.138458351659,-6.33532795773351,-29.6706921094555));
#11512=CARTESIAN_POINT('Origin',(9.13845835165904,-6.33532795773351,-29.6706921094555));
#11513=CARTESIAN_POINT('',(11.138458351659,27.8659845149861,-29.6706921094555));
#11514=CARTESIAN_POINT('',(11.138458351659,33.1646720422668,-29.6706921094555));
#11515=CARTESIAN_POINT('',(15.9239259536623,32.8613799798326,-29.6706921094555));
#11516=CARTESIAN_POINT('Origin',(16.138458351659,27.8659845149861,-29.6706921094555));
#11517=CARTESIAN_POINT('',(20.7093935556655,37.8567754446792,-29.6706921094555));
#11518=CARTESIAN_POINT('Origin',(15.7093935556655,37.8567754446792,-29.6706921094555));
#11519=CARTESIAN_POINT('',(20.7093935556655,60.5829845149858,-29.6706921094555));
#11520=CARTESIAN_POINT('',(20.7093935556655,45.8738282786263,-29.6706921094555));
#11521=CARTESIAN_POINT('',(15.7093935556655,65.5829845149858,-29.6706921094555));
#11522=CARTESIAN_POINT('Origin',(15.7093935556655,60.5829845149858,-29.6706921094555));
#11523=CARTESIAN_POINT('',(-26.9278690842502,65.5829845149858,-29.6706921094555));
#11524=CARTESIAN_POINT('',(-24.5447068921745,65.5829845149858,-29.6706921094555));
#11525=CARTESIAN_POINT('Origin',(-26.9278690842502,60.5829845149858,-29.6706921094555));
#11526=CARTESIAN_POINT('Origin',(9.08845529990088,-10.4807469376791,1.72263958664963));
#11527=CARTESIAN_POINT('',(-17.1515013899779,-12.3353279577333,-2.92069210945553));
#11528=CARTESIAN_POINT('',(-17.1515013899779,-10.4807469376791,-3.27736041335037));
#11529=CARTESIAN_POINT('Origin',(-17.1515013899779,-10.4807469376791,1.72263958664963));
#11530=CARTESIAN_POINT('',(-30.6715013899779,-10.4807469376791,-3.27736041335037));
#11531=CARTESIAN_POINT('',(9.08845529990089,-10.4807469376791,-3.27736041335037));
#11532=CARTESIAN_POINT('',(-30.6715013899779,-12.3353279577333,-2.92069210945553));
#11533=CARTESIAN_POINT('Origin',(-30.6715013899779,-10.4807469376791,1.72263958664963));
#11534=CARTESIAN_POINT('',(9.08845529990089,-12.3353279577333,-2.92069210945552));
#11535=CARTESIAN_POINT('Ctrl Pts',(-11.9565908872317,-12.3353279577333,
-2.92069210945552));
#11536=CARTESIAN_POINT('Ctrl Pts',(-12.5972726573755,-12.3353279577333,
-2.92069210945552));
#11537=CARTESIAN_POINT('Ctrl Pts',(-13.7317551866419,-12.3353279577333,
-2.92069210945552));
#11538=CARTESIAN_POINT('Ctrl Pts',(-15.4747355779175,-12.3353279577333,
-2.92069210945552));
#11539=CARTESIAN_POINT('Ctrl Pts',(-16.583836158488,-12.3353279577333,-2.92069210945552));
#11540=CARTESIAN_POINT('Ctrl Pts',(-17.1515013899779,-12.3353279577333,
-2.92069210945552));
#11541=CARTESIAN_POINT('Ctrl Pts',(-12.6245960943255,-11.8821953991701,
-3.52717666537854));
#11542=CARTESIAN_POINT('Ctrl Pts',(-13.1519960878347,-11.8433823690189,
-3.43343922325664));
#11543=CARTESIAN_POINT('Ctrl Pts',(-14.1214559533079,-11.8512623093533,
-3.26266780970024));
#11544=CARTESIAN_POINT('Ctrl Pts',(-15.6566181239564,-11.9522148897087,
-3.09493978342177));
#11545=CARTESIAN_POINT('Ctrl Pts',(-16.645377852236,-11.99924324964,-3.05492682744542));
#11546=CARTESIAN_POINT('Ctrl Pts',(-17.1515013899779,-11.99924324964,-3.05492682744542));
#11547=CARTESIAN_POINT('Ctrl Pts',(-13.7910192411483,-10.6484263063781,
-4.25553385394928));
#11548=CARTESIAN_POINT('Ctrl Pts',(-14.1229679133747,-10.6850388275393,
-4.0287100741723));
#11549=CARTESIAN_POINT('Ctrl Pts',(-14.8037650358236,-10.8691287615905,
-3.65327684887964));
#11550=CARTESIAN_POINT('Ctrl Pts',(-15.9755546742111,-11.2437307850739,
-3.30804233964312));
#11551=CARTESIAN_POINT('Ctrl Pts',(-16.7530689373246,-11.3855043957328,
-3.22570380457093));
#11552=CARTESIAN_POINT('Ctrl Pts',(-17.1515013899779,-11.3855043957328,
-3.22570380457093));
#11553=CARTESIAN_POINT('Ctrl Pts',(-14.5977812004037,-9.02517630759459,
-4.18407179591342));
#11554=CARTESIAN_POINT('Ctrl Pts',(-14.8714999588362,-9.27321884970106,
-3.95820584031531));
#11555=CARTESIAN_POINT('Ctrl Pts',(-15.4013014210636,-9.77773928735262,
-3.63031449913479));
#11556=CARTESIAN_POINT('Ctrl Pts',(-16.280013286811,-10.5033487219685,-3.34343683076898));
#11557=CARTESIAN_POINT('Ctrl Pts',(-16.8563434277724,-10.7521722283614,
-3.27736041335037));
#11558=CARTESIAN_POINT('Ctrl Pts',(-17.1515013899779,-10.7521722283614,
-3.27736041335037));
#11559=CARTESIAN_POINT('Ctrl Pts',(-14.8426522776463,-8.32984761456042,
-4.01098386180499));
#11560=CARTESIAN_POINT('Ctrl Pts',(-15.1273997310435,-8.6682061930166,-3.80970917879153));
#11561=CARTESIAN_POINT('Ctrl Pts',(-15.6316141884956,-9.30998657483774,
-3.54520465237074));
#11562=CARTESIAN_POINT('Ctrl Pts',(-16.4062721401735,-10.1859773278461,
-3.32629019021244));
#11563=CARTESIAN_POINT('Ctrl Pts',(-16.8992057315387,-10.4807469376791,
-3.27736041335037));
#11564=CARTESIAN_POINT('Ctrl Pts',(-17.1515013899779,-10.4807469376791,
-3.27736041335037));
#11565=CARTESIAN_POINT('',(-11.9565908872317,-12.3353279577333,-2.92069210945552));
#11566=CARTESIAN_POINT('',(-14.4211979954873,-9.32984761452274,-4.16188985952551));
#11567=CARTESIAN_POINT('Origin',(-11.9565908872317,-8.32984761456042,0.0719868276267392));
#11568=CARTESIAN_POINT('',(-15.6617920191102,-9.32984761452275,-3.56511500250412));
#11569=CARTESIAN_POINT('Ctrl Pts',(-14.4211979954994,-9.32984761452274,
-4.1618898595185));
#11570=CARTESIAN_POINT('Ctrl Pts',(-14.8088074191409,-9.32984761452274,
-3.93625623545975));
#11571=CARTESIAN_POINT('Ctrl Pts',(-15.2485765497371,-9.32984761452274,
-3.73093673269346));
#11572=CARTESIAN_POINT('Ctrl Pts',(-15.6617920191073,-9.32984761452274,
-3.56511500250527));
#11573=CARTESIAN_POINT('Ctrl Pts',(-15.6621869408662,-9.32774225408109,
-3.56529066915986));
#11574=CARTESIAN_POINT('Ctrl Pts',(-15.691354062996,-9.36270205530529,-3.55360658569785));
#11575=CARTESIAN_POINT('Ctrl Pts',(-15.9330591264864,-9.65086344526707,
-3.46001782077923));
#11576=CARTESIAN_POINT('Ctrl Pts',(-16.4062721401735,-10.1859773278461,
-3.32629019021244));
#11577=CARTESIAN_POINT('Ctrl Pts',(-16.8992057315387,-10.4807469376791,
-3.27736041335037));
#11578=CARTESIAN_POINT('Ctrl Pts',(-17.1515013899779,-10.4807469376791,
-3.27736041335037));
#11579=CARTESIAN_POINT('',(9.08845529990089,-12.3353279577333,-2.92069210945552));
#11580=CARTESIAN_POINT('Ctrl Pts',(-30.6715013899779,-12.3353279577333,
-2.92069210945552));
#11581=CARTESIAN_POINT('Ctrl Pts',(-31.2394893930489,-12.3353279577333,
-2.92069210945552));
#11582=CARTESIAN_POINT('Ctrl Pts',(-32.3527381719361,-12.3353279577333,
-2.92069210945552));
#11583=CARTESIAN_POINT('Ctrl Pts',(-34.0824322102812,-12.3353279577333,
-2.92069210945552));
#11584=CARTESIAN_POINT('Ctrl Pts',(-35.2270521672378,-12.3353279577333,
-2.92069210945552));
#11585=CARTESIAN_POINT('Ctrl Pts',(-35.866411892792,-12.3353279577333,-2.92069210945552));
#11586=CARTESIAN_POINT('Ctrl Pts',(-30.6715013899779,-11.99924324964,-3.05492682744542));
#11587=CARTESIAN_POINT('Ctrl Pts',(-31.1779127070051,-11.99924324964,-3.05492682744542));
#11588=CARTESIAN_POINT('Ctrl Pts',(-32.1702918238393,-11.9520131732124,
-3.09537594963743));
#11589=CARTESIAN_POINT('Ctrl Pts',(-33.693866385031,-11.8515383953473,-3.26170149735789));
#11590=CARTESIAN_POINT('Ctrl Pts',(-34.6720949802186,-11.8434624595716,
-3.43363265015056));
#11591=CARTESIAN_POINT('Ctrl Pts',(-35.1984066856863,-11.8821953991741,
-3.52717666538839));
#11592=CARTESIAN_POINT('Ctrl Pts',(-30.6715013899779,-11.3855040363222,
-3.22570170145375));
#11593=CARTESIAN_POINT('Ctrl Pts',(-31.0701603893105,-11.3855040363222,
-3.22570170145375));
#11594=CARTESIAN_POINT('Ctrl Pts',(-31.8503628805876,-11.2428821429675,
-3.30899962896574));
#11595=CARTESIAN_POINT('Ctrl Pts',(-33.0135102349757,-10.870732294398,-3.651288538794));
#11596=CARTESIAN_POINT('Ctrl Pts',(-33.7007655459954,-10.6849114969558,
-4.02907477744204));
#11597=CARTESIAN_POINT('Ctrl Pts',(-34.0320292432949,-10.6483745256089,
-4.25543050714442));
#11598=CARTESIAN_POINT('Ctrl Pts',(-30.6715013899779,-10.7521722283614,
-3.27736041335037));
#11599=CARTESIAN_POINT('Ctrl Pts',(-30.9668271775099,-10.7521722283614,
-3.27736041335037));
#11600=CARTESIAN_POINT('Ctrl Pts',(-31.5451966778803,-10.5015419323935,
-3.34427768380732));
#11601=CARTESIAN_POINT('Ctrl Pts',(-32.4173626802255,-9.78123796673034,
-3.6286083087042));
#11602=CARTESIAN_POINT('Ctrl Pts',(-32.9520676388502,-9.27270701475479,
-3.95867191394488));
#11603=CARTESIAN_POINT('Ctrl Pts',(-33.2252215795812,-9.02517630756828,
-4.18407179593738));
#11604=CARTESIAN_POINT('Ctrl Pts',(-30.6715013899779,-10.4807469376791,
-3.27736041335037));
#11605=CARTESIAN_POINT('Ctrl Pts',(-30.9239405024545,-10.4807469376791,
-3.27736041335037));
#11606=CARTESIAN_POINT('Ctrl Pts',(-31.4187177375151,-10.1837500301584,
-3.32695778807337));
#11607=CARTESIAN_POINT('Ctrl Pts',(-32.1874706434464,-9.31428393311774,
-3.54385590458762));
#11608=CARTESIAN_POINT('Ctrl Pts',(-32.6961906243156,-8.66750799123687,
-3.81012450841265));
#11609=CARTESIAN_POINT('Ctrl Pts',(-32.9803505023397,-8.32984761452451,
-4.01098386182635));
#11610=CARTESIAN_POINT('',(-33.401804784499,-9.32984761452274,-4.16188985954331));
#11611=CARTESIAN_POINT('',(-35.866411892792,-12.3353279577333,-2.92069210945552));
#11612=CARTESIAN_POINT('Origin',(-35.866411892792,-8.32984761452451,0.0719868275786724));
#11613=CARTESIAN_POINT('',(9.08845529990089,-12.3353279577333,-2.92069210945552));
#11614=CARTESIAN_POINT('',(-32.1612107608453,-9.32984761452275,-3.56511500250402));
#11615=CARTESIAN_POINT('Ctrl Pts',(-30.6715013899779,-10.4807469376791,
-3.27736041335037));
#11616=CARTESIAN_POINT('Ctrl Pts',(-30.9239405024545,-10.4807469376791,
-3.27736041335037));
#11617=CARTESIAN_POINT('Ctrl Pts',(-31.4187177375151,-10.1837500301584,
-3.32695778807337));
#11618=CARTESIAN_POINT('Ctrl Pts',(-31.8887972298362,-9.65208611274908,
-3.45958734395504));
#11619=CARTESIAN_POINT('Ctrl Pts',(-32.1308318404899,-9.36348935611405,
-3.55340565780959));
#11620=CARTESIAN_POINT('Ctrl Pts',(-32.1604586569973,-9.32797299694985,
-3.56529195725597));
#11621=CARTESIAN_POINT('Ctrl Pts',(-32.1612107608484,-9.32984761452274,
-3.56511500250527));
#11622=CARTESIAN_POINT('Ctrl Pts',(-32.5744262302323,-9.32984761452274,
-3.73093673269893));
#11623=CARTESIAN_POINT('Ctrl Pts',(-33.0141953608455,-9.32984761452274,
-3.93625623547396));
#11624=CARTESIAN_POINT('Ctrl Pts',(-33.4018047844984,-9.32984761452274,
-4.16188985954298));
#11625=CARTESIAN_POINT('Ctrl Pts',(-14.5430459678697,-9.07263869738038,
-4.14209806984803));
#11626=CARTESIAN_POINT('Ctrl Pts',(-14.2983576393809,-9.10759610426043,
-4.28611731365761));
#11627=CARTESIAN_POINT('Ctrl Pts',(-13.851281035351,-9.19223058896902,-4.60576221034197));
#11628=CARTESIAN_POINT('Ctrl Pts',(-13.5131385430673,-9.2885776356471,-4.98009399868767));
#11629=CARTESIAN_POINT('Ctrl Pts',(-13.388712172766,-9.32984761452275,-5.1650687966586));
#11630=CARTESIAN_POINT('Ctrl Pts',(-14.1904064120862,-9.84729357682215,
-4.22199195954629));
#11631=CARTESIAN_POINT('Ctrl Pts',(-13.9219994334897,-9.91456432194972,
-4.34559647942035));
#11632=CARTESIAN_POINT('Ctrl Pts',(-13.4435463844979,-10.075918797995,-4.60269138944392));
#11633=CARTESIAN_POINT('Ctrl Pts',(-13.1125063174684,-10.2619355884043,
-4.84909043630277));
#11634=CARTESIAN_POINT('Ctrl Pts',(-13.004270280307,-10.3433211397155,-4.94925724313555));
#11635=CARTESIAN_POINT('Ctrl Pts',(-13.3709637775207,-11.1431520605871,
-4.03090511708221));
#11636=CARTESIAN_POINT('Ctrl Pts',(-13.0213967118225,-11.2366685432451,
-4.10620914880117));
#11637=CARTESIAN_POINT('Ctrl Pts',(-12.4007010921731,-11.4626769244187,
-4.24124863027115));
#11638=CARTESIAN_POINT('Ctrl Pts',(-11.9590758266212,-11.7267049559657,
-4.29227179487304));
#11639=CARTESIAN_POINT('Ctrl Pts',(-11.8014608929599,-11.8460084481155,
-4.27404424588612));
#11640=CARTESIAN_POINT('Ctrl Pts',(-12.3807998532089,-12.0475713772774,
-3.30583309880544));
#11641=CARTESIAN_POINT('Ctrl Pts',(-11.9157383198036,-12.0865609803782,
-3.32663398045591));
#11642=CARTESIAN_POINT('Ctrl Pts',(-11.0692238051022,-12.1793060173725,
-3.35880185532661));
#11643=CARTESIAN_POINT('Ctrl Pts',(-10.3965818774717,-12.2865182742673,
-3.34971646156625));
#11644=CARTESIAN_POINT('Ctrl Pts',(-10.1134387237555,-12.3353279577333,
-3.32645062026115));
#11645=CARTESIAN_POINT('Ctrl Pts',(-11.9565908872317,-12.3353279577333,
-2.92069210945552));
#11646=CARTESIAN_POINT('Ctrl Pts',(-11.4420972774022,-12.3353279577333,
-2.92069210945552));
#11647=CARTESIAN_POINT('Ctrl Pts',(-10.498807227271,-12.3353279577333,-2.92069210945552));
#11648=CARTESIAN_POINT('Ctrl Pts',(-9.72734341626173,-12.3353279577333,
-2.92069210945552));
#11649=CARTESIAN_POINT('Ctrl Pts',(-9.39062955423249,-12.3353279577333,
-2.92069210945552));
#11650=CARTESIAN_POINT('',(-9.39062955423249,-12.3353279577333,-2.92069210945552));
#11651=CARTESIAN_POINT('',(-13.388712172766,-9.32984761452275,-5.1650687966586));
#11652=CARTESIAN_POINT('Origin',(-9.39062955423249,-7.33532795773328,-2.92069210945553));
#11653=CARTESIAN_POINT('Ctrl Pts',(-13.388712172766,-9.32984761452275,-5.16506879665859));
#11654=CARTESIAN_POINT('Ctrl Pts',(-13.3894184830622,-9.32984761452275,
-5.16381059123586));
#11655=CARTESIAN_POINT('Ctrl Pts',(-13.3901260066067,-9.32984761442731,
-5.16255314057962));
#11656=CARTESIAN_POINT('Ctrl Pts',(-13.4665328392536,-9.32984761442731,
-5.02707191904052));
#11657=CARTESIAN_POINT('Ctrl Pts',(-13.5562202790985,-9.32984761452275,
-4.90106980550199));
#11658=CARTESIAN_POINT('Ctrl Pts',(-13.872530997885,-9.32984761452275,-4.53361122032695));
#11659=CARTESIAN_POINT('Ctrl Pts',(-14.1347986874769,-9.32984761452274,
-4.32860746196866));
#11660=CARTESIAN_POINT('Ctrl Pts',(-14.4211979954873,-9.32984761452274,
-4.16188985952551));
#11661=CARTESIAN_POINT('',(9.08845529990089,-12.3353279577333,-2.92069210945552));
#11662=CARTESIAN_POINT('Ctrl Pts',(-35.866411892792,-12.3353279577333,-2.92069210945552));
#11663=CARTESIAN_POINT('Ctrl Pts',(-36.3061623425569,-12.3353279577333,
-2.92069210945552));
#11664=CARTESIAN_POINT('Ctrl Pts',(-37.270028836688,-12.3353279577333,-2.92069210945552));
#11665=CARTESIAN_POINT('Ctrl Pts',(-38.0494116810434,-12.3353279577333,
-2.92069210945552));
#11666=CARTESIAN_POINT('Ctrl Pts',(-38.4323732257233,-12.3353279577333,
-2.92069210945552));
#11667=CARTESIAN_POINT('Ctrl Pts',(-35.4422029268083,-12.0475713772826,
-3.3058330988082));
#11668=CARTESIAN_POINT('Ctrl Pts',(-35.8397025547453,-12.0808967581475,
-3.32361212829745));
#11669=CARTESIAN_POINT('Ctrl Pts',(-36.7054795689113,-12.1722254779578,
-3.35717417090735));
#11670=CARTESIAN_POINT('Ctrl Pts',(-37.387531161982,-12.279814259358,-3.35291202719814));
#11671=CARTESIAN_POINT('Ctrl Pts',(-37.7095640562003,-12.3353279577333,
-3.32645062026115));
#11672=CARTESIAN_POINT('Ctrl Pts',(-34.4520712614402,-11.1431022086574,
-4.03082223299322));
#11673=CARTESIAN_POINT('Ctrl Pts',(-34.7508549031151,-11.2230330659598,
-4.09518645673638));
#11674=CARTESIAN_POINT('Ctrl Pts',(-35.3876386013317,-11.4446548282781,
-4.23306407159879));
#11675=CARTESIAN_POINT('Ctrl Pts',(-35.8424247209564,-11.7100959887221,
-4.29469328230991));
#11676=CARTESIAN_POINT('Ctrl Pts',(-36.0216880815314,-11.8457858274595,
-4.27396217764524));
#11677=CARTESIAN_POINT('Ctrl Pts',(-33.632596367905,-9.84729357683101,-4.22199195956261));
#11678=CARTESIAN_POINT('Ctrl Pts',(-33.8620104700483,-9.90479155126922,
-4.32763980857324));
#11679=CARTESIAN_POINT('Ctrl Pts',(-34.3517429008396,-10.0636296482494,
-4.58511474116949));
#11680=CARTESIAN_POINT('Ctrl Pts',(-34.6956302319502,-10.250757274786,-4.83533251535885));
#11681=CARTESIAN_POINT('Ctrl Pts',(-34.8187324996487,-10.3433211397155,
-4.94925724313555));
#11682=CARTESIAN_POINT('Ctrl Pts',(-33.2799568121183,-9.072638697385,-4.14209806986707));
#11683=CARTESIAN_POINT('Ctrl Pts',(-33.4890979957002,-9.10251766012584,
-4.26519488979087));
#11684=CARTESIAN_POINT('Ctrl Pts',(-33.945416036229,-9.18551954715192,-4.5826000350202));
#11685=CARTESIAN_POINT('Ctrl Pts',(-34.292774262474,-9.28290919991792,-4.95468769167265));
#11686=CARTESIAN_POINT('Ctrl Pts',(-34.4342906071897,-9.32984761452275,
-5.16506879665861));
#11687=CARTESIAN_POINT('',(-34.4342906071897,-9.32984761452275,-5.1650687966586));
#11688=CARTESIAN_POINT('',(-38.4323732257233,-12.3353279577333,-2.92069210945552));
#11689=CARTESIAN_POINT('Origin',(-38.4323732257233,-7.33532795773328,-2.92069210945553));
#11690=CARTESIAN_POINT('',(9.08845529990089,-12.3353279577333,-2.92069210945552));
#11691=CARTESIAN_POINT('Ctrl Pts',(-33.401804784499,-9.32984761452274,-4.16188985954331));
#11692=CARTESIAN_POINT('Ctrl Pts',(-33.6867621823569,-9.32984761452274,
-4.32776810310611));
#11693=CARTESIAN_POINT('Ctrl Pts',(-33.9478567588878,-9.32984761452274,
-4.5315633416015));
#11694=CARTESIAN_POINT('Ctrl Pts',(-34.275030815794,-9.32984761452274,-4.91014672992236));
#11695=CARTESIAN_POINT('Ctrl Pts',(-34.3641170980767,-9.32984761452275,
-5.04006327121987));
#11696=CARTESIAN_POINT('Ctrl Pts',(-34.4342906071897,-9.32984761452275,
-5.16506879665861));
#11697=CARTESIAN_POINT('Origin',(-17.1515013899779,-7.33532795773328,-7.27736041335037));
#11698=CARTESIAN_POINT('',(-8.25140642638182,-12.3353279577333,-7.27736041335039));
#11699=CARTESIAN_POINT('',(-12.8363700400521,-9.32984761452275,-7.27736041335038));
#11700=CARTESIAN_POINT('Origin',(-8.25140642638182,-7.33532795773328,-7.2773604133504));
#11701=CARTESIAN_POINT('Origin',(-17.1515013899779,-9.32984761452275,-7.27736041335037));
#11702=CARTESIAN_POINT('Origin',(-17.1515013899779,-12.3353279577333,-7.27736041335036));
#11703=CARTESIAN_POINT('Origin',(-30.6715013899779,-7.33532795773328,-7.27736041335037));
#11704=CARTESIAN_POINT('',(-34.9866327399036,-9.32984761452275,-7.27736041335037));
#11705=CARTESIAN_POINT('',(-39.5715963535739,-12.3353279577333,-7.27736041335038));
#11706=CARTESIAN_POINT('Origin',(-39.5715963535739,-7.33532795773328,-7.27736041335039));
#11707=CARTESIAN_POINT('Origin',(-30.6715013899779,-12.3353279577333,-7.27736041335036));
#11708=CARTESIAN_POINT('Origin',(-30.6715013899779,-9.32984761452275,-7.27736041335037));
#11709=CARTESIAN_POINT('Origin',(-8.25140642638182,-7.33532795773328,-7.84736041335057));
#11710=CARTESIAN_POINT('',(-8.25140642638183,-12.3353279577333,-9.55736041335085));
#11711=CARTESIAN_POINT('',(-12.8363700400521,-9.32984761452275,-9.55736041335081));
#11712=CARTESIAN_POINT('Origin',(-8.25140642638183,-7.33532795773328,-9.55736041335085));
#11713=CARTESIAN_POINT('',(-12.8363700400521,-9.32984761452275,-7.84736041335053));
#11714=CARTESIAN_POINT('',(-8.25140642638182,-12.3353279577333,-7.84736041335057));
#11715=CARTESIAN_POINT('Origin',(-39.5715963535739,-7.33532795773328,-8.98736041335069));
#11716=CARTESIAN_POINT('',(-34.9866327399037,-9.32984761452275,-9.55736041335081));
#11717=CARTESIAN_POINT('',(-39.5715963535739,-12.3353279577333,-9.5573604133508));
#11718=CARTESIAN_POINT('Origin',(-39.5715963535739,-7.33532795773328,-9.5573604133508));
#11719=CARTESIAN_POINT('',(-39.5715963535739,-12.3353279577333,-8.98736041335069));
#11720=CARTESIAN_POINT('',(-34.9866327399037,-9.32984761452275,-8.9873604133507));
#11721=CARTESIAN_POINT('Origin',(-17.1515013899779,-7.33532795773328,-9.55736041335081));
#11722=CARTESIAN_POINT('',(-17.1515013899778,-12.3353279577333,-18.4574553769468));
#11723=CARTESIAN_POINT('',(-17.1515013899779,-9.32984761452276,-13.8724917632766));
#11724=CARTESIAN_POINT('Origin',(-17.1515013899778,-7.3353279577333,-18.4574553769468));
#11725=CARTESIAN_POINT('Origin',(-17.1515013899779,-9.32984761452275,-9.55736041335081));
#11726=CARTESIAN_POINT('Origin',(-17.1515013899779,-12.3353279577333,-9.5573604133508));
#11727=CARTESIAN_POINT('Origin',(-30.6715013899779,-7.33532795773328,-9.55736041335081));
#11728=CARTESIAN_POINT('',(-30.6715013899779,-9.32984761452276,-13.8724917632766));
#11729=CARTESIAN_POINT('',(-30.6715013899779,-12.3353279577333,-18.4574553769469));
#11730=CARTESIAN_POINT('Origin',(-30.6715013899779,-7.3353279577333,-18.4574553769469));
#11731=CARTESIAN_POINT('Origin',(-30.6715013899779,-12.3353279577333,-9.5573604133508));
#11732=CARTESIAN_POINT('Origin',(-30.6715013899779,-9.32984761452275,-9.55736041335081));
#11733=CARTESIAN_POINT('Origin',(-20.5315013899779,-7.33532795773328,-18.4574553769469));
#11734=CARTESIAN_POINT('',(-20.5315013899779,-9.32984761452276,-13.8724917632766));
#11735=CARTESIAN_POINT('',(-20.5315013899779,-12.3353279577333,-18.4574553769469));
#11736=CARTESIAN_POINT('Origin',(-30.6715013899779,-14.3353279577332,-7.27736041335037));
#11737=CARTESIAN_POINT('',(-30.6715013899779,-9.32984761452274,-3.27736041335037));
#11738=CARTESIAN_POINT('',(-30.6715013899779,-14.3353279577332,-3.27736041335037));
#11739=CARTESIAN_POINT('Origin',(-30.6715013899779,-9.32984761452275,-7.27736041335037));
#11740=CARTESIAN_POINT('Origin',(-30.6715013899779,-14.3353279577332,-3.27736041335037));
#11741=CARTESIAN_POINT('',(-17.1515013899779,-9.32984761452274,-3.27736041335037));
#11742=CARTESIAN_POINT('',(-17.1515013899779,-14.3353279577332,-3.27736041335037));
#11743=CARTESIAN_POINT('',(-27.2915013899779,-9.32984761452274,-3.27736041335037));
#11744=CARTESIAN_POINT('Origin',(-17.1515013899779,-14.3353279577332,-7.27736041335037));
#11745=CARTESIAN_POINT('Origin',(-17.1515013899779,-9.32984761452275,-7.27736041335037));
#11746=CARTESIAN_POINT('Origin',(-23.9115013899779,-9.32984761452275,-8.41736041335059));
#11747=CARTESIAN_POINT('',(-32.6715013899779,-9.32984761452275,-7.27736041335038));
#11748=CARTESIAN_POINT('',(-32.6715013899779,-9.32984761452275,-9.55736041335082));
#11749=CARTESIAN_POINT('',(-32.6715013899779,-9.32984761452275,-7.84736041335049));
#11750=CARTESIAN_POINT('',(-30.6715013899779,-9.32984761452276,-11.5573604133508));
#11751=CARTESIAN_POINT('Origin',(-30.6715013899779,-9.32984761452275,-9.55736041335082));
#11752=CARTESIAN_POINT('',(-17.1515013899779,-9.32984761452276,-11.5573604133508));
#11753=CARTESIAN_POINT('',(-27.2915013899779,-9.32984761452276,-11.5573604133508));
#11754=CARTESIAN_POINT('',(-15.1515013899779,-9.32984761452275,-9.55736041335082));
#11755=CARTESIAN_POINT('Origin',(-17.1515013899779,-9.32984761452275,-9.55736041335082));
#11756=CARTESIAN_POINT('',(-15.1515013899779,-9.32984761452275,-7.27736041335038));
#11757=CARTESIAN_POINT('',(-15.1515013899779,-9.32984761452275,-8.9873604133507));
#11758=CARTESIAN_POINT('',(-17.1515013899779,-9.32984761452275,-5.27736041335038));
#11759=CARTESIAN_POINT('Origin',(-17.1515013899779,-9.32984761452275,-7.27736041335038));
#11760=CARTESIAN_POINT('',(-30.6715013899779,-9.32984761452275,-5.27736041335038));
#11761=CARTESIAN_POINT('',(-20.5315013899779,-9.32984761452275,-5.27736041335038));
#11762=CARTESIAN_POINT('Origin',(-30.6715013899779,-9.32984761452275,-7.27736041335038));
#11763=CARTESIAN_POINT('Origin',(-17.1515013899779,-7.79384761452276,-9.55736041335082));
#11764=CARTESIAN_POINT('',(-17.1515013899779,-14.3353279577332,-11.5573604133508));
#11765=CARTESIAN_POINT('',(-15.1515013899779,-14.3353279577332,-9.55736041335081));
#11766=CARTESIAN_POINT('Origin',(-17.1515013899779,-14.3353279577332,-9.55736041335081));
#11767=CARTESIAN_POINT('',(-15.1515013899779,-7.79384761452276,-9.55736041335082));
#11768=CARTESIAN_POINT('',(-17.1515013899779,-7.79384761452276,-11.5573604133508));
#11769=CARTESIAN_POINT('Origin',(-15.1515013899779,-7.79384761452276,-9.55736041335082));
#11770=CARTESIAN_POINT('',(-15.1515013899779,-14.3353279577332,-7.27736041335037));
#11771=CARTESIAN_POINT('',(-15.1515013899779,-14.3353279577332,-18.6140262614032));
#11772=CARTESIAN_POINT('',(-15.1515013899779,-7.79384761452275,-7.27736041335038));
#11773=CARTESIAN_POINT('Origin',(-30.6715013899779,-7.79384761452276,-9.55736041335082));
#11774=CARTESIAN_POINT('',(-32.6715013899779,-14.3353279577332,-9.55736041335081));
#11775=CARTESIAN_POINT('',(-32.6715013899779,-7.79384761452276,-9.55736041335082));
#11776=CARTESIAN_POINT('',(-30.6715013899779,-14.3353279577332,-11.5573604133508));
#11777=CARTESIAN_POINT('Origin',(-30.6715013899779,-14.3353279577332,-9.55736041335081));
#11778=CARTESIAN_POINT('',(-30.6715013899779,-7.79384761452276,-11.5573604133508));
#11779=CARTESIAN_POINT('Origin',(-32.6715013899779,-7.79384761452275,-7.27736041335039));
#11780=CARTESIAN_POINT('',(-32.6715013899779,-14.3353279577332,-7.27736041335037));
#11781=CARTESIAN_POINT('',(-32.6715013899779,-7.79384761452275,-7.27736041335038));
#11782=CARTESIAN_POINT('',(-32.6715013899779,-14.3353279577332,-17.474026261403));
#11783=CARTESIAN_POINT('Origin',(-30.6715013899779,-7.79384761452275,-7.27736041335038));
#11784=CARTESIAN_POINT('',(-30.6715013899779,-14.3353279577332,-5.27736041335038));
#11785=CARTESIAN_POINT('Origin',(-30.6715013899779,-14.3353279577331,-7.27736041335037));
#11786=CARTESIAN_POINT('',(-30.6715013899779,-7.79384761452275,-5.27736041335038));
#11787=CARTESIAN_POINT('Origin',(-17.1515013899779,-7.79384761452275,-7.27736041335038));
#11788=CARTESIAN_POINT('',(-17.1515013899779,-14.3353279577332,-5.27736041335037));
#11789=CARTESIAN_POINT('Origin',(-17.1515013899779,-14.3353279577331,-7.27736041335037));
#11790=CARTESIAN_POINT('',(-17.1515013899779,-7.79384761452275,-5.27736041335038));
#11791=CARTESIAN_POINT('Origin',(-69.6615447000988,-14.3353279577332,-27.6706921094555));
#11792=CARTESIAN_POINT('',(35.3384552999009,-14.3353279577332,-2.92069210945552));
#11793=CARTESIAN_POINT('',(-69.6615447000988,-14.3353279577332,-2.92069210945552));
#11794=CARTESIAN_POINT('',(-43.4115447000988,-14.3353279577332,-2.92069210945552));
#11795=CARTESIAN_POINT('',(-69.6615447000988,-14.3353279577332,-27.6706921094555));
#11796=CARTESIAN_POINT('',(-69.6615447000988,-14.3353279577332,-27.6706921094555));
#11797=CARTESIAN_POINT('',(35.3384552999009,-14.3353279577332,-27.6706921094555));
#11798=CARTESIAN_POINT('',(-43.4115447000988,-14.3353279577332,-27.6706921094555));
#11799=CARTESIAN_POINT('',(35.3384552999009,-14.3353279577332,-27.6706921094555));
#11800=CARTESIAN_POINT('',(-50.1665230450384,-14.3353279577332,-11.5573604133508));
#11801=CARTESIAN_POINT('',(-50.1665230450384,-14.3353279577332,-5.27736041335039));
#11802=CARTESIAN_POINT('',(-42.4894459994967,-14.3353279577332,-21.9876065134996));
#11803=CARTESIAN_POINT('',(-44.5900686141258,-14.3353279577332,-24.9876065134996));
#11804=CARTESIAN_POINT('',(-49.3445191084056,-14.3353279577332,-31.7776655100593));
#11805=CARTESIAN_POINT('',(-45.4092206584148,-14.3353279577332,-25.4140300771485));
#11806=CARTESIAN_POINT('Origin',(-45.4092206584148,-14.3353279577333,-24.4140300771485));
#11807=CARTESIAN_POINT('',(-46.6299952471762,-14.3353279577332,-25.4140300771485));
#11808=CARTESIAN_POINT('',(-58.1457699736375,-14.3353279577332,-25.4140300771485));
#11809=CARTESIAN_POINT('',(-47.4491472914652,-14.3353279577332,-23.8404536407975));
#11810=CARTESIAN_POINT('Origin',(-46.6299952471762,-14.3353279577333,-24.4140300771485));
#11811=CARTESIAN_POINT('',(-45.3485246768361,-14.3353279577332,-20.8404536407975));
#11812=CARTESIAN_POINT('',(-50.9524752061942,-14.3353279577332,-28.8437244191817));
#11813=CARTESIAN_POINT('',(-44.5293726325471,-14.3353279577332,-20.4140300771485));
#11814=CARTESIAN_POINT('Origin',(-44.5293726325471,-14.3353279577333,-21.4140300771485));
#11815=CARTESIAN_POINT('',(-43.3085980437857,-14.3353279577332,-20.4140300771485));
#11816=CARTESIAN_POINT('',(-56.4850713719423,-14.3353279577332,-20.4140300771486));
#11817=CARTESIAN_POINT('Origin',(-43.3085980437857,-14.3353279577333,-21.4140300771485));
#11818=CARTESIAN_POINT('',(-9.76217327222393,-14.3353279577332,-21.9876065134996));
#11819=CARTESIAN_POINT('',(-11.8627958868531,-14.3353279577332,-24.9876065134996));
#11820=CARTESIAN_POINT('',(-22.000717935741,-14.3353279577332,-39.4660596801258));
#11821=CARTESIAN_POINT('',(-12.681947931142,-14.3353279577332,-25.4140300771485));
#11822=CARTESIAN_POINT('Origin',(-12.681947931142,-14.3353279577333,-24.4140300771485));
#11823=CARTESIAN_POINT('',(-13.9027225199035,-14.3353279577332,-25.4140300771485));
#11824=CARTESIAN_POINT('',(-41.7821336100012,-14.3353279577332,-25.4140300771485));
#11825=CARTESIAN_POINT('',(-14.7218745641925,-14.3353279577332,-23.8404536407975));
#11826=CARTESIAN_POINT('Origin',(-13.9027225199035,-14.3353279577333,-24.4140300771485));
#11827=CARTESIAN_POINT('',(-12.6212519495634,-14.3353279577332,-20.8404536407975));
#11828=CARTESIAN_POINT('',(-23.6086740335296,-14.3353279577332,-36.5321185892482));
#11829=CARTESIAN_POINT('',(-11.8020999052744,-14.3353279577332,-20.4140300771485));
#11830=CARTESIAN_POINT('Origin',(-11.8020999052744,-14.3353279577333,-21.4140300771485));
#11831=CARTESIAN_POINT('',(-10.5813253165129,-14.3353279577332,-20.4140300771485));
#11832=CARTESIAN_POINT('',(-40.1214350083059,-14.3353279577332,-20.4140300771486));
#11833=CARTESIAN_POINT('Origin',(-10.5813253165129,-14.3353279577333,-21.4140300771485));
#11834=CARTESIAN_POINT('',(22.9650994550488,-14.3353279577332,-21.9876065134995));
#11835=CARTESIAN_POINT('',(20.8644768404197,-14.3353279577332,-24.9876065134995));
#11836=CARTESIAN_POINT('',(5.34308323692365,-14.3353279577332,-47.1544538501923));
#11837=CARTESIAN_POINT('',(20.0453247961307,-14.3353279577332,-25.4140300771485));
#11838=CARTESIAN_POINT('Origin',(20.0453247961307,-14.3353279577334,-24.4140300771485));
#11839=CARTESIAN_POINT('',(18.8245502073692,-14.3353279577332,-25.4140300771485));
#11840=CARTESIAN_POINT('',(-25.4184972463648,-14.3353279577332,-25.4140300771485));
#11841=CARTESIAN_POINT('',(18.0053981630802,-14.3353279577332,-23.8404536407975));
#11842=CARTESIAN_POINT('Origin',(18.8245502073692,-14.3353279577334,-24.4140300771485));
#11843=CARTESIAN_POINT('',(20.1060207777093,-14.3353279577332,-20.8404536407974));
#11844=CARTESIAN_POINT('',(3.73512713913499,-14.3353279577332,-44.2205127593147));
#11845=CARTESIAN_POINT('',(20.9251728219983,-14.3353279577332,-20.4140300771485));
#11846=CARTESIAN_POINT('Origin',(20.9251728219983,-14.3353279577334,-21.4140300771485));
#11847=CARTESIAN_POINT('',(22.1459474107598,-14.3353279577332,-20.4140300771485));
#11848=CARTESIAN_POINT('',(-23.7577986446695,-14.3353279577332,-20.4140300771487));
#11849=CARTESIAN_POINT('Origin',(22.1459474107598,-14.3353279577334,-21.4140300771485));
#11850=CARTESIAN_POINT('',(14.7832812732306,-14.3353279577332,-21.9876065134995));
#11851=CARTESIAN_POINT('',(12.6826586586015,-14.3353279577332,-24.9876065134995));
#11852=CARTESIAN_POINT('',(-1.4928670562425,-14.3353279577332,-45.2323553076757));
#11853=CARTESIAN_POINT('',(11.8635066143125,-14.3353279577332,-25.4140300771485));
#11854=CARTESIAN_POINT('Origin',(11.8635066143125,-14.3353279577334,-24.4140300771485));
#11855=CARTESIAN_POINT('',(10.642732025551,-14.3353279577332,-25.4140300771485));
#11856=CARTESIAN_POINT('',(-29.5094063372739,-14.3353279577332,-25.4140300771485));
#11857=CARTESIAN_POINT('',(9.82357998126204,-14.3353279577332,-23.8404536407975));
#11858=CARTESIAN_POINT('Origin',(10.642732025551,-14.3353279577334,-24.4140300771485));
#11859=CARTESIAN_POINT('',(11.9242025958912,-14.3353279577332,-20.8404536407975));
#11860=CARTESIAN_POINT('',(-3.10082315403115,-14.3353279577332,-42.2984142167981));
#11861=CARTESIAN_POINT('',(12.7433546401802,-14.3353279577332,-20.4140300771485));
#11862=CARTESIAN_POINT('Origin',(12.7433546401802,-14.3353279577334,-21.4140300771485));
#11863=CARTESIAN_POINT('',(13.9641292289416,-14.3353279577332,-20.4140300771485));
#11864=CARTESIAN_POINT('',(-27.8487077355786,-14.3353279577332,-20.4140300771487));
#11865=CARTESIAN_POINT('Origin',(13.9641292289416,-14.3353279577334,-21.4140300771485));
#11866=CARTESIAN_POINT('',(-17.9439914540421,-14.3353279577332,-21.9876065134996));
#11867=CARTESIAN_POINT('',(-20.0446140686712,-14.3353279577332,-24.9876065134996));
#11868=CARTESIAN_POINT('',(-28.8366682289071,-14.3353279577332,-37.5439611376092));
#11869=CARTESIAN_POINT('',(-20.8637661129602,-14.3353279577332,-25.4140300771485));
#11870=CARTESIAN_POINT('Origin',(-20.8637661129602,-14.3353279577333,-24.4140300771485));
#11871=CARTESIAN_POINT('',(-22.0845407017217,-14.3353279577332,-25.4140300771485));
#11872=CARTESIAN_POINT('',(-45.8730427009103,-14.3353279577332,-25.4140300771485));
#11873=CARTESIAN_POINT('',(-22.9036927460107,-14.3353279577332,-23.8404536407975));
#11874=CARTESIAN_POINT('Origin',(-22.0845407017217,-14.3353279577333,-24.4140300771485));
#11875=CARTESIAN_POINT('',(-20.8030701313816,-14.3353279577332,-20.8404536407975));
#11876=CARTESIAN_POINT('',(-30.4446243266958,-14.3353279577332,-34.6100200467316));
#11877=CARTESIAN_POINT('',(-19.9839180870926,-14.3353279577332,-20.4140300771485));
#11878=CARTESIAN_POINT('Origin',(-19.9839180870926,-14.3353279577333,-21.4140300771485));
#11879=CARTESIAN_POINT('',(-18.7631434983311,-14.3353279577332,-20.4140300771485));
#11880=CARTESIAN_POINT('',(-44.212344099215,-14.3353279577332,-20.4140300771486));
#11881=CARTESIAN_POINT('Origin',(-18.7631434983311,-14.3353279577333,-21.4140300771485));
#11882=CARTESIAN_POINT('',(-50.6712641813148,-14.3353279577332,-21.9876065134996));
#11883=CARTESIAN_POINT('',(-52.771886795944,-14.3353279577332,-24.9876065134996));
#11884=CARTESIAN_POINT('',(-56.1804694015717,-14.3353279577332,-29.8555669675427));
#11885=CARTESIAN_POINT('',(-53.5910388402329,-14.3353279577332,-25.4140300771485));
#11886=CARTESIAN_POINT('Origin',(-53.5910388402329,-14.3353279577332,-24.4140300771485));
#11887=CARTESIAN_POINT('',(-54.8118134289944,-14.3353279577332,-25.4140300771485));
#11888=CARTESIAN_POINT('',(-62.2366790645466,-14.3353279577332,-25.4140300771485));
#11889=CARTESIAN_POINT('',(-55.6309654732834,-14.3353279577332,-23.8404536407975));
#11890=CARTESIAN_POINT('Origin',(-54.8118134289944,-14.3353279577332,-24.4140300771485));
#11891=CARTESIAN_POINT('',(-53.5303428586543,-14.3353279577332,-20.8404536407975));
#11892=CARTESIAN_POINT('',(-57.7884254993604,-14.3353279577332,-26.9216258766651));
#11893=CARTESIAN_POINT('',(-52.7111908143653,-14.3353279577332,-20.4140300771485));
#11894=CARTESIAN_POINT('Origin',(-52.7111908143653,-14.3353279577332,-21.4140300771485));
#11895=CARTESIAN_POINT('',(-51.4904162256038,-14.3353279577332,-20.4140300771485));
#11896=CARTESIAN_POINT('',(-60.5759804628514,-14.3353279577332,-20.4140300771486));
#11897=CARTESIAN_POINT('Origin',(-51.4904162256038,-14.3353279577332,-21.4140300771485));
#11898=CARTESIAN_POINT('',(-34.3076278176785,-14.3353279577332,-21.9876065134996));
#11899=CARTESIAN_POINT('',(-36.4082504323076,-14.3353279577332,-24.9876065134996));
#11900=CARTESIAN_POINT('',(-42.5085688152394,-14.3353279577332,-33.699764052576));
#11901=CARTESIAN_POINT('',(-37.2274024765966,-14.3353279577332,-25.4140300771485));
#11902=CARTESIAN_POINT('Origin',(-37.2274024765966,-14.3353279577333,-24.4140300771485));
#11903=CARTESIAN_POINT('',(-38.4481770653581,-14.3353279577332,-25.4140300771485));
#11904=CARTESIAN_POINT('',(-54.0548608827284,-14.3353279577332,-25.4140300771485));
#11905=CARTESIAN_POINT('',(-39.2673291096471,-14.3353279577332,-23.8404536407975));
#11906=CARTESIAN_POINT('Origin',(-38.4481770653581,-14.3353279577333,-24.4140300771485));
#11907=CARTESIAN_POINT('',(-37.1667064950179,-14.3353279577332,-20.8404536407975));
#11908=CARTESIAN_POINT('',(-44.1165249130281,-14.3353279577332,-30.7658229616984));
#11909=CARTESIAN_POINT('',(-36.3475544507289,-14.3353279577332,-20.4140300771485));
#11910=CARTESIAN_POINT('Origin',(-36.3475544507289,-14.3353279577333,-21.4140300771485));
#11911=CARTESIAN_POINT('',(-35.1267798619675,-14.3353279577332,-20.4140300771485));
#11912=CARTESIAN_POINT('',(-52.3941622810332,-14.3353279577332,-20.4140300771486));
#11913=CARTESIAN_POINT('Origin',(-35.1267798619675,-14.3353279577333,-21.4140300771485));
#11914=CARTESIAN_POINT('',(-1.58035509040575,-14.3353279577332,-21.9876065134995));
#11915=CARTESIAN_POINT('',(-3.68097770503488,-14.3353279577332,-24.9876065134996));
#11916=CARTESIAN_POINT('',(-15.1647676425748,-14.3353279577332,-41.3881582226425));
#11917=CARTESIAN_POINT('',(-4.50012974932387,-14.3353279577332,-25.4140300771485));
#11918=CARTESIAN_POINT('Origin',(-4.50012974932387,-14.3353279577333,-24.4140300771485));
#11919=CARTESIAN_POINT('',(-5.72090433808533,-14.3353279577332,-25.4140300771485));
#11920=CARTESIAN_POINT('',(-37.6912245190921,-14.3353279577332,-25.4140300771485));
#11921=CARTESIAN_POINT('',(-6.54005638237432,-14.3353279577332,-23.8404536407975));
#11922=CARTESIAN_POINT('Origin',(-5.72090433808533,-14.3353279577333,-24.4140300771485));
#11923=CARTESIAN_POINT('',(-4.4394337677452,-14.3353279577332,-20.8404536407975));
#11924=CARTESIAN_POINT('',(-16.7727237403635,-14.3353279577332,-38.4542171317648));
#11925=CARTESIAN_POINT('',(-3.62028172345621,-14.3353279577332,-20.4140300771485));
#11926=CARTESIAN_POINT('Origin',(-3.62028172345621,-14.3353279577333,-21.4140300771485));
#11927=CARTESIAN_POINT('',(-2.39950713469476,-14.3353279577332,-20.4140300771485));
#11928=CARTESIAN_POINT('',(-36.0305259173968,-14.3353279577332,-20.4140300771486));
#11929=CARTESIAN_POINT('Origin',(-2.39950713469474,-14.3353279577334,-21.4140300771485));
#11930=CARTESIAN_POINT('',(31.146917636867,-14.3353279577332,-21.9876065134995));
#11931=CARTESIAN_POINT('',(29.0462950222379,-14.3353279577332,-24.9876065134995));
#11932=CARTESIAN_POINT('',(12.1790335300898,-14.3353279577332,-49.076552392709));
#11933=CARTESIAN_POINT('',(28.2271429779489,-14.3353279577332,-25.4140300771485));
#11934=CARTESIAN_POINT('Origin',(28.2271429779489,-14.3353279577334,-24.4140300771485));
#11935=CARTESIAN_POINT('',(27.0063683891874,-14.3353279577332,-25.4140300771485));
#11936=CARTESIAN_POINT('',(-21.3275881554557,-14.3353279577332,-25.4140300771485));
#11937=CARTESIAN_POINT('',(26.1872163448984,-14.3353279577332,-23.8404536407975));
#11938=CARTESIAN_POINT('Origin',(27.0063683891874,-14.3353279577334,-24.4140300771485));
#11939=CARTESIAN_POINT('',(28.2878389595275,-14.3353279577332,-20.8404536407974));
#11940=CARTESIAN_POINT('',(10.5710774323011,-14.3353279577332,-46.1426113018313));
#11941=CARTESIAN_POINT('',(29.1069910038165,-14.3353279577332,-20.4140300771485));
#11942=CARTESIAN_POINT('Origin',(29.1069910038165,-14.3353279577334,-21.4140300771485));
#11943=CARTESIAN_POINT('',(30.327765592578,-14.3353279577332,-20.4140300771485));
#11944=CARTESIAN_POINT('',(-19.6668895537605,-14.3353279577332,-20.4140300771487));
#11945=CARTESIAN_POINT('Origin',(30.327765592578,-14.3353279577334,-21.4140300771485));
#11946=CARTESIAN_POINT('',(6.60146309141243,-14.3353279577332,-21.9876065134995));
#11947=CARTESIAN_POINT('',(4.5008404767833,-14.3353279577332,-24.9876065134995));
#11948=CARTESIAN_POINT('',(-8.32881734940865,-14.3353279577332,-43.3102567651591));
#11949=CARTESIAN_POINT('',(3.68168843249432,-14.3353279577332,-25.4140300771485));
#11950=CARTESIAN_POINT('Origin',(3.68168843249432,-14.3353279577334,-24.4140300771485));
#11951=CARTESIAN_POINT('',(2.46091384373285,-14.3353279577332,-25.4140300771485));
#11952=CARTESIAN_POINT('',(-33.600315428183,-14.3353279577332,-25.4140300771485));
#11953=CARTESIAN_POINT('',(1.64176179944386,-14.3353279577332,-23.8404536407975));
#11954=CARTESIAN_POINT('Origin',(2.46091384373285,-14.3353279577334,-24.4140300771485));
#11955=CARTESIAN_POINT('',(3.74238441407298,-14.3353279577332,-20.8404536407975));
#11956=CARTESIAN_POINT('',(-9.93677344719731,-14.3353279577332,-40.3763156742815));
#11957=CARTESIAN_POINT('',(4.56153645836197,-14.3353279577332,-20.4140300771485));
#11958=CARTESIAN_POINT('Origin',(4.56153645836197,-14.3353279577334,-21.4140300771485));
#11959=CARTESIAN_POINT('',(5.78231104712342,-14.3353279577332,-20.4140300771485));
#11960=CARTESIAN_POINT('',(-31.9396168264877,-14.3353279577332,-20.4140300771487));
#11961=CARTESIAN_POINT('Origin',(5.78231104712344,-14.3353279577334,-21.4140300771485));
#11962=CARTESIAN_POINT('',(-26.1258096358603,-14.3353279577332,-21.9876065134996));
#11963=CARTESIAN_POINT('',(-28.2264322504894,-14.3353279577332,-24.9876065134996));
#11964=CARTESIAN_POINT('',(-35.6726185220733,-14.3353279577332,-35.6218625950926));
#11965=CARTESIAN_POINT('',(-29.0455842947784,-14.3353279577332,-25.4140300771485));
#11966=CARTESIAN_POINT('Origin',(-29.0455842947784,-14.3353279577333,-24.4140300771485));
#11967=CARTESIAN_POINT('',(-30.2663588835399,-14.3353279577332,-25.4140300771485));
#11968=CARTESIAN_POINT('',(-49.9639517918194,-14.3353279577332,-25.4140300771485));
#11969=CARTESIAN_POINT('',(-31.0855109278289,-14.3353279577332,-23.8404536407975));
#11970=CARTESIAN_POINT('Origin',(-30.2663588835399,-14.3353279577333,-24.4140300771485));
#11971=CARTESIAN_POINT('',(-28.9848883131997,-14.3353279577332,-20.8404536407975));
#11972=CARTESIAN_POINT('',(-37.2805746198619,-14.3353279577332,-32.687921504215));
#11973=CARTESIAN_POINT('',(-28.1657362689107,-14.3353279577332,-20.4140300771485));
#11974=CARTESIAN_POINT('Origin',(-28.1657362689107,-14.3353279577333,-21.4140300771485));
#11975=CARTESIAN_POINT('',(-26.9449616801493,-14.3353279577332,-20.4140300771485));
#11976=CARTESIAN_POINT('',(-48.3032531901241,-14.3353279577332,-20.4140300771486));
#11977=CARTESIAN_POINT('Origin',(-26.9449616801493,-14.3353279577333,-21.4140300771485));
#11978=CARTESIAN_POINT('',(-58.853082363133,-14.3353279577332,-21.9876065134996));
#11979=CARTESIAN_POINT('',(-60.9537049777621,-14.3353279577332,-24.9876065134996));
#11980=CARTESIAN_POINT('',(-63.0164196947379,-14.3353279577332,-27.9334684250261));
#11981=CARTESIAN_POINT('',(-61.7728570220511,-14.3353279577332,-25.4140300771485));
#11982=CARTESIAN_POINT('Origin',(-61.7728570220511,-14.3353279577332,-24.4140300771485));
#11983=CARTESIAN_POINT('',(-62.9936316108126,-14.3353279577332,-25.4140300771485));
#11984=CARTESIAN_POINT('',(-66.3275881554557,-14.3353279577332,-25.4140300771485));
#11985=CARTESIAN_POINT('',(-63.8127836551016,-14.3353279577332,-23.8404536407975));
#11986=CARTESIAN_POINT('Origin',(-62.9936316108126,-14.3353279577332,-24.4140300771485));
#11987=CARTESIAN_POINT('',(-61.7121610404725,-14.3353279577332,-20.8404536407975));
#11988=CARTESIAN_POINT('',(-64.6243757925265,-14.3353279577332,-24.9995273341485));
#11989=CARTESIAN_POINT('',(-60.8930089961835,-14.3353279577332,-20.4140300771485));
#11990=CARTESIAN_POINT('Origin',(-60.8930089961835,-14.3353279577332,-21.4140300771485));
#11991=CARTESIAN_POINT('',(-59.672234407422,-14.3353279577332,-20.4140300771485));
#11992=CARTESIAN_POINT('',(-64.6668895537604,-14.3353279577332,-20.4140300771485));
#11993=CARTESIAN_POINT('Origin',(-59.672234407422,-14.3353279577332,-21.4140300771485));
#11994=CARTESIAN_POINT('Origin',(-30.6715013899779,-7.79384761452276,-11.5573604133508));
#11995=CARTESIAN_POINT('Origin',(-17.1515013899779,-7.79384761452275,-5.27736041335038));
#11996=CARTESIAN_POINT('Origin',(15.7093935556655,60.5829845149858,-25.6706921094555));
#11997=CARTESIAN_POINT('',(20.7093935556655,60.5829845149858,-27.6706921094555));
#11998=CARTESIAN_POINT('',(15.7093935556655,65.5829845149858,-27.6706921094555));
#11999=CARTESIAN_POINT('Origin',(15.7093935556655,60.5829845149858,-27.6706921094555));
#12000=CARTESIAN_POINT('',(15.7093935556655,65.5829845149858,-25.6706921094555));
#12001=CARTESIAN_POINT('',(20.7093935556655,60.5829845149858,-25.6706921094555));
#12002=CARTESIAN_POINT('Origin',(-31.9278690842502,65.5829845149858,-25.6706921094555));
#12003=CARTESIAN_POINT('',(-26.9278690842502,65.5829845149858,-27.6706921094555));
#12004=CARTESIAN_POINT('',(-24.5447068921745,65.5829845149858,-27.6706921094555));
#12005=CARTESIAN_POINT('',(-26.9278690842502,65.5829845149858,-25.6706921094555));
#12006=CARTESIAN_POINT('Origin',(-26.9278690842502,60.5829845149858,-25.6706921094555));
#12007=CARTESIAN_POINT('',(-31.9278690842502,60.5829845149858,-27.6706921094555));
#12008=CARTESIAN_POINT('Origin',(-26.9278690842502,60.5829845149858,-27.6706921094555));
#12009=CARTESIAN_POINT('',(-31.9278690842502,60.5829845149858,-25.6706921094555));
#12010=CARTESIAN_POINT('Origin',(-31.9278690842502,33.3329845149861,-25.6706921094555));
#12011=CARTESIAN_POINT('',(-31.9278690842502,38.1646720422668,-27.6706921094555));
#12012=CARTESIAN_POINT('',(-31.9278690842502,29.9988282786264,-27.6706921094555));
#12013=CARTESIAN_POINT('',(-31.9278690842502,38.1646720422668,-27.6706921094555));
#12014=CARTESIAN_POINT('Origin',(20.7093935556655,65.0829845149858,-25.6706921094555));
#12015=CARTESIAN_POINT('',(20.7093935556655,37.8567754446792,-27.6706921094555));
#12016=CARTESIAN_POINT('',(20.7093935556655,37.8567754446792,-27.6706921094555));
#12017=CARTESIAN_POINT('',(20.7093935556655,45.8738282786263,-27.6706921094555));
#12018=CARTESIAN_POINT('Origin',(25.7093935556295,4.12135956954771,-26.6706921094173));
#12019=CARTESIAN_POINT('',(20.7093935556262,4.12135956954771,-27.6706921094555));
#12020=CARTESIAN_POINT('Origin',(25.7093935556295,4.12135956954771,-27.6706921094555));
#12021=CARTESIAN_POINT('',(22.7093935556295,4.12135956954771,-25.6706921093839));
#12022=CARTESIAN_POINT('',(21.7093935556278,4.12135956954771,-26.6706921094197));
#12023=CARTESIAN_POINT('Origin',(25.7093935556295,4.12135956954771,-25.670692109379));
#12024=CARTESIAN_POINT('Origin',(-17.1615447000988,26.6646720422668,-27.6706921094555));
#12025=CARTESIAN_POINT('',(-69.6615447000988,65.6646720422668,-27.6706921094555));
#12026=CARTESIAN_POINT('',(-43.4115447000988,65.6646720422668,-27.6706921094555));
#12027=CARTESIAN_POINT('',(-71.1615447000989,64.1646720422662,-27.6706921094555));
#12028=CARTESIAN_POINT('Origin',(-69.6615447000983,64.1646720422662,-27.6706921094555));
#12029=CARTESIAN_POINT('',(-71.1615447000989,40.8125409848589,-27.6706921094555));
#12030=CARTESIAN_POINT('Origin',(-70.8544348673348,52.4793449241474,-27.6706921094555));
#12031=CARTESIAN_POINT('',(-71.1615447000989,3.33530461148854,-27.6706921094555));
#12032=CARTESIAN_POINT('',(-71.1615447000989,14.9999883268777,-27.6706921094555));
#12033=CARTESIAN_POINT('',(-71.1615447000989,-1.62682539511962,-27.6706921094555));
#12034=CARTESIAN_POINT('Origin',(-70.8544348673352,0.854239608184457,-27.6706921094555));
#12035=CARTESIAN_POINT('',(-71.1615447000989,-10.8353279577329,-27.6706921094555));
#12036=CARTESIAN_POINT('',(-71.1615447000989,7.91467204226706,-27.6706921094555));
#12037=CARTESIAN_POINT('',(-69.6615447000988,-12.3353279577333,-27.6706921094555));
#12038=CARTESIAN_POINT('Origin',(-69.6615447000983,-10.8353279577327,-27.6706921094555));
#12039=CARTESIAN_POINT('',(35.3384552999007,-12.3353279577333,-27.6706921094555));
#12040=CARTESIAN_POINT('',(9.08845529990089,-12.3353279577333,-27.6706921094555));
#12041=CARTESIAN_POINT('',(36.8384552999012,-10.8353279577332,-27.6706921094555));
#12042=CARTESIAN_POINT('Origin',(35.3384552999006,-10.8353279577327,-27.6706921094555));
#12043=CARTESIAN_POINT('',(36.8384552999012,-1.62689740125529,-27.6706921094555));
#12044=CARTESIAN_POINT('',(36.8384552999012,12.5188873205059,-27.6706921094555));
#12045=CARTESIAN_POINT('',(34.0319277474897,0.854239608184457,-27.6706921094555));
#12046=CARTESIAN_POINT('Origin',(36.5319277474896,0.854239608184457,-27.6706921094555));
#12047=CARTESIAN_POINT('',(36.8384552999012,3.33537661762421,-27.6706921094555));
#12048=CARTESIAN_POINT('Origin',(36.5319277474896,0.854239608184457,-27.6706921094555));
#12049=CARTESIAN_POINT('',(36.8384552999012,49.9982079147074,-27.6706921094555));
#12050=CARTESIAN_POINT('',(36.8384552999012,38.3314399784871,-27.6706921094555));
#12051=CARTESIAN_POINT('',(34.0319277474894,52.4793449241474,-27.6706921094555));
#12052=CARTESIAN_POINT('Origin',(36.5319277474896,52.4793449241474,-27.6706921094555));
#12053=CARTESIAN_POINT('',(36.8384552999012,54.9604819335875,-27.6706921094555));
#12054=CARTESIAN_POINT('Origin',(36.5319277474896,52.4793449241474,-27.6706921094555));
#12055=CARTESIAN_POINT('',(36.8384552999012,45.4146720422665,-27.6706921094555));
#12056=CARTESIAN_POINT('',(15.9239259536623,32.8613799798326,-27.6706921094555));
#12057=CARTESIAN_POINT('Origin',(15.7093935556655,37.8567754446792,-27.6706921094555));
#12058=CARTESIAN_POINT('',(11.138458351659,27.8659845149861,-27.6706921094555));
#12059=CARTESIAN_POINT('Origin',(16.138458351659,27.8659845149861,-27.6706921094555));
#12060=CARTESIAN_POINT('',(11.138458351659,-6.33532795773351,-27.6706921094555));
#12061=CARTESIAN_POINT('',(11.138458351659,29.9146720422669,-27.6706921094555));
#12062=CARTESIAN_POINT('',(9.13845835165904,-8.33532795773351,-27.6706921094555));
#12063=CARTESIAN_POINT('Origin',(9.13845835165904,-6.33532795773351,-27.6706921094555));
#12064=CARTESIAN_POINT('',(-47.6115416483411,-8.33532795773351,-27.6706921094555));
#12065=CARTESIAN_POINT('',(-3.0115431742199,-8.33532795773351,-27.6706921094555));
#12066=CARTESIAN_POINT('',(-49.6115416483411,-6.33532795773351,-27.6706921094555));
#12067=CARTESIAN_POINT('Origin',(-47.6115416483411,-6.33532795773351,-27.6706921094555));
#12068=CARTESIAN_POINT('',(-49.6115416483411,31.1646720422668,-27.6706921094555));
#12069=CARTESIAN_POINT('',(-49.6115416483411,9.16467204226649,-27.6706921094555));
#12070=CARTESIAN_POINT('',(-47.6115416483411,33.1646720422668,-27.6706921094555));
#12071=CARTESIAN_POINT('Origin',(-47.6115416483411,31.1646720422668,-27.6706921094555));
#12072=CARTESIAN_POINT('',(-36.9278690842501,33.1646720422668,-27.6706921094555));
#12073=CARTESIAN_POINT('',(-33.38654317422,33.1646720422668,-27.6706921094555));
#12074=CARTESIAN_POINT('Origin',(-36.9278690842501,38.1646720422668,-27.6706921094555));
#12075=CARTESIAN_POINT('',(-65.0324829562272,4.12135956954771,-27.6706921094555));
#12076=CARTESIAN_POINT('Origin',(-60.032482956224,4.12135956954771,-27.6706921094555));
#12077=CARTESIAN_POINT('',(-65.0324829562272,49.2079845149859,-27.6706921094555));
#12078=CARTESIAN_POINT('Origin',(-60.032482956224,49.2079845149859,-27.6706921094555));
#12079=CARTESIAN_POINT('',(24.709393555666,38.3329845149858,-27.6706921094555));
#12080=CARTESIAN_POINT('Origin',(25.709393555666,38.3329845149858,-27.6706921094555));
#12081=CARTESIAN_POINT('',(-37.9278690842501,60.0829845149861,-27.6706921094556));
#12082=CARTESIAN_POINT('Origin',(-36.9278690842501,60.0829845149861,-27.6706921094556));
#12083=CARTESIAN_POINT('',(24.7093935556662,60.0829845149858,-27.6706921094555));
#12084=CARTESIAN_POINT('Origin',(25.7093935556662,60.0829845149858,-27.6706921094555));
#12085=CARTESIAN_POINT('',(-37.9278690842501,38.3329845149861,-27.6706921094556));
#12086=CARTESIAN_POINT('Origin',(-36.9278690842501,38.3329845149861,-27.6706921094556));
#12087=CARTESIAN_POINT('Origin',(25.7093935556327,4.12135956954771,-27.6706921093855));
#12088=CARTESIAN_POINT('',(22.7093935556246,4.12135956954772,-22.6706921093904));
#12089=CARTESIAN_POINT('Origin',(25.7093935556246,4.12135956954772,-22.6706921093855));
#12090=CARTESIAN_POINT('',(22.7093935556327,4.12135956954771,-27.6706921093904));
#12091=CARTESIAN_POINT('Origin',(-60.032482956224,4.12135956954771,-26.6706921094872));
#12092=CARTESIAN_POINT('',(-63.032482956224,4.12135956954771,-25.6706921095238));
#12093=CARTESIAN_POINT('',(-64.0324829562256,4.12135956954771,-26.6706921094897));
#12094=CARTESIAN_POINT('Origin',(-60.032482956224,4.12135956954771,-25.6706921095189));
#12095=CARTESIAN_POINT('Origin',(-60.0324829562207,4.12135956954771,-27.6706921095254));
#12096=CARTESIAN_POINT('',(-63.0324829562289,4.12135956954772,-22.6706921095303));
#12097=CARTESIAN_POINT('Origin',(-60.0324829562289,4.12135956954772,-22.6706921095254));
#12098=CARTESIAN_POINT('',(-63.0324829562207,4.12135956954771,-27.6706921095303));
#12099=CARTESIAN_POINT('Origin',(-60.032482956224,49.2079845149859,-26.6706921094873));
#12100=CARTESIAN_POINT('',(-63.032482956224,49.2079845149859,-25.6706921095239));
#12101=CARTESIAN_POINT('',(-64.0324829562256,49.2079845149859,-26.6706921094897));
#12102=CARTESIAN_POINT('Origin',(-60.032482956224,49.2079845149859,-25.670692109519));
#12103=CARTESIAN_POINT('Origin',(-60.0324829562207,49.2079845149859,-27.6706921095255));
#12104=CARTESIAN_POINT('',(-63.0324829562289,49.2079845149859,-22.6706921095304));
#12105=CARTESIAN_POINT('Origin',(-60.0324829562289,49.2079845149859,-22.6706921095255));
#12106=CARTESIAN_POINT('',(-63.0324829562207,49.2079845149859,-27.6706921095304));
#12107=CARTESIAN_POINT('Origin',(25.7093935556327,4.12135956954771,-27.6706921093855));
#12108=CARTESIAN_POINT('',(24.2093935556246,4.12135956954772,-22.670692109388));
#12109=CARTESIAN_POINT('Origin',(25.7093935556246,4.12135956954772,-22.6706921093855));
#12110=CARTESIAN_POINT('',(24.2093935556327,4.12135956954771,-27.670692109388));
#12111=CARTESIAN_POINT('Origin',(-17.1615447003021,26.6646720422668,-22.6706921094555));
#12112=CARTESIAN_POINT('Origin',(-60.0324829562207,4.12135956954771,-27.6706921095254));
#12113=CARTESIAN_POINT('',(-61.5324829562289,4.12135956954772,-22.6706921095279));
#12114=CARTESIAN_POINT('Origin',(-60.0324829562289,4.12135956954772,-22.6706921095254));
#12115=CARTESIAN_POINT('',(-61.5324829562207,4.12135956954771,-27.6706921095279));
#12116=CARTESIAN_POINT('Origin',(-17.1615447003021,26.6646720422668,-22.6706921094555));
#12117=CARTESIAN_POINT('Origin',(-60.0324829562207,49.2079845149859,-27.6706921095255));
#12118=CARTESIAN_POINT('',(-61.5324829562289,49.2079845149859,-22.670692109528));
#12119=CARTESIAN_POINT('Origin',(-60.0324829562289,49.2079845149859,-22.6706921095255));
#12120=CARTESIAN_POINT('',(-61.5324829562207,49.2079845149859,-27.670692109528));
#12121=CARTESIAN_POINT('Origin',(-17.1615447003021,26.6646720422668,-22.6706921094555));
#12122=CARTESIAN_POINT('Origin',(-10.5813253165127,70.6646720422669,-21.4140300771485));
#12123=CARTESIAN_POINT('',(-9.76217327222369,70.6646720422668,-21.9876065134996));
#12124=CARTESIAN_POINT('',(-10.5813253165127,70.6646720422668,-20.4140300771485));
#12125=CARTESIAN_POINT('Origin',(-10.5813253165127,70.664672042267,-21.4140300771485));
#12126=CARTESIAN_POINT('',(-9.76217327222371,65.6646720422668,-21.9876065134996));
#12127=CARTESIAN_POINT('',(-9.76217327222369,70.6646720422668,-21.9876065134996));
#12128=CARTESIAN_POINT('',(-10.5813253165127,65.6646720422668,-20.4140300771485));
#12129=CARTESIAN_POINT('Origin',(-10.5813253165127,65.6646720422667,-21.4140300771485));
#12130=CARTESIAN_POINT('',(-10.5813253165127,70.6646720422668,-20.4140300771485));
#12131=CARTESIAN_POINT('Origin',(-11.8627958868528,70.6646720422668,-24.9876065134996));
#12132=CARTESIAN_POINT('',(-11.8627958868528,70.6646720422668,-24.9876065134996));
#12133=CARTESIAN_POINT('',(-5.19859300843266,70.6646720422668,-15.4701384561587));
#12134=CARTESIAN_POINT('',(-11.8627958868528,65.6646720422668,-24.9876065134996));
#12135=CARTESIAN_POINT('',(-11.8627958868528,70.6646720422668,-24.9876065134996));
#12136=CARTESIAN_POINT('',(-22.0007179357408,65.6646720422668,-39.4660596801259));
#12137=CARTESIAN_POINT('Origin',(-12.6819479311418,70.6646720422669,-24.4140300771485));
#12138=CARTESIAN_POINT('',(-12.6819479311418,70.6646720422668,-25.4140300771485));
#12139=CARTESIAN_POINT('Origin',(-12.6819479311418,70.664672042267,-24.4140300771485));
#12140=CARTESIAN_POINT('',(-12.6819479311418,65.6646720422668,-25.4140300771485));
#12141=CARTESIAN_POINT('',(-12.6819479311418,70.6646720422668,-25.4140300771485));
#12142=CARTESIAN_POINT('Origin',(-12.6819479311418,65.6646720422667,-24.4140300771485));
#12143=CARTESIAN_POINT('Origin',(-13.9027225199033,70.6646720422668,-25.4140300771485));
#12144=CARTESIAN_POINT('',(-13.9027225199033,70.6646720422668,-25.4140300771485));
#12145=CARTESIAN_POINT('',(10.7178663899989,70.6646720422668,-25.4140300771485));
#12146=CARTESIAN_POINT('',(-13.9027225199033,65.6646720422668,-25.4140300771485));
#12147=CARTESIAN_POINT('',(-13.9027225199033,70.6646720422668,-25.4140300771485));
#12148=CARTESIAN_POINT('',(-41.7821336100011,65.6646720422668,-25.4140300771485));
#12149=CARTESIAN_POINT('Origin',(-13.9027225199033,70.6646720422669,-24.4140300771485));
#12150=CARTESIAN_POINT('',(-14.7218745641923,70.6646720422668,-23.8404536407975));
#12151=CARTESIAN_POINT('Origin',(-13.9027225199033,70.664672042267,-24.4140300771485));
#12152=CARTESIAN_POINT('',(-14.7218745641923,65.6646720422668,-23.8404536407975));
#12153=CARTESIAN_POINT('',(-14.7218745641923,70.6646720422668,-23.8404536407975));
#12154=CARTESIAN_POINT('Origin',(-13.9027225199033,65.6646720422667,-24.4140300771485));
#12155=CARTESIAN_POINT('Origin',(-12.6212519495631,70.6646720422668,-20.8404536407975));
#12156=CARTESIAN_POINT('',(-12.6212519495631,70.6646720422668,-20.8404536407975));
#12157=CARTESIAN_POINT('',(-6.80654910622131,70.6646720422668,-12.5361973652811));
#12158=CARTESIAN_POINT('',(-12.6212519495632,65.6646720422668,-20.8404536407975));
#12159=CARTESIAN_POINT('',(-12.6212519495631,70.6646720422668,-20.8404536407975));
#12160=CARTESIAN_POINT('',(-23.6086740335294,65.6646720422668,-36.5321185892483));
#12161=CARTESIAN_POINT('Origin',(-11.8020999052742,70.6646720422669,-21.4140300771485));
#12162=CARTESIAN_POINT('',(-11.8020999052742,70.6646720422668,-20.4140300771485));
#12163=CARTESIAN_POINT('Origin',(-11.8020999052742,70.664672042267,-21.4140300771485));
#12164=CARTESIAN_POINT('',(-11.8020999052742,65.6646720422668,-20.4140300771485));
#12165=CARTESIAN_POINT('',(-11.8020999052742,70.6646720422668,-20.4140300771485));
#12166=CARTESIAN_POINT('Origin',(-11.8020999052742,65.6646720422667,-21.4140300771485));
#12167=CARTESIAN_POINT('Origin',(-10.5813253165127,70.6646720422668,-20.4140300771485));
#12168=CARTESIAN_POINT('',(12.3785649916942,70.6646720422668,-20.4140300771484));
#12169=CARTESIAN_POINT('',(-40.1214350083058,65.6646720422668,-20.4140300771486));
#12170=CARTESIAN_POINT('Origin',(22.14594741076,70.6646720422668,-21.4140300771485));
#12171=CARTESIAN_POINT('',(22.965099455049,70.6646720422668,-21.9876065134995));
#12172=CARTESIAN_POINT('',(22.14594741076,70.6646720422668,-20.4140300771485));
#12173=CARTESIAN_POINT('Origin',(22.14594741076,70.6646720422669,-21.4140300771485));
#12174=CARTESIAN_POINT('',(22.965099455049,65.6646720422668,-21.9876065134995));
#12175=CARTESIAN_POINT('',(22.965099455049,70.6646720422668,-21.9876065134995));
#12176=CARTESIAN_POINT('',(22.14594741076,65.6646720422668,-20.4140300771485));
#12177=CARTESIAN_POINT('Origin',(22.14594741076,65.6646720422666,-21.4140300771485));
#12178=CARTESIAN_POINT('',(22.14594741076,70.6646720422668,-20.4140300771485));
#12179=CARTESIAN_POINT('Origin',(20.8644768404199,70.6646720422668,-24.9876065134995));
#12180=CARTESIAN_POINT('',(20.8644768404199,70.6646720422668,-24.9876065134995));
#12181=CARTESIAN_POINT('',(22.1452081642319,70.6646720422668,-23.1585326262252));
#12182=CARTESIAN_POINT('',(20.8644768404199,65.6646720422668,-24.9876065134995));
#12183=CARTESIAN_POINT('',(20.8644768404199,70.6646720422668,-24.9876065134995));
#12184=CARTESIAN_POINT('',(5.34308323692384,65.6646720422668,-47.1544538501924));
#12185=CARTESIAN_POINT('Origin',(20.0453247961309,70.6646720422668,-24.4140300771485));
#12186=CARTESIAN_POINT('',(20.0453247961309,70.6646720422668,-25.4140300771485));
#12187=CARTESIAN_POINT('Origin',(20.0453247961309,70.6646720422669,-24.4140300771485));
#12188=CARTESIAN_POINT('',(20.0453247961309,65.6646720422668,-25.4140300771485));
#12189=CARTESIAN_POINT('',(20.0453247961309,70.6646720422668,-25.4140300771485));
#12190=CARTESIAN_POINT('Origin',(20.0453247961309,65.6646720422666,-24.4140300771485));
#12191=CARTESIAN_POINT('Origin',(18.8245502073695,70.6646720422668,-25.4140300771485));
#12192=CARTESIAN_POINT('',(18.8245502073695,70.6646720422668,-25.4140300771485));
#12193=CARTESIAN_POINT('',(27.0815027536353,70.6646720422668,-25.4140300771485));
#12194=CARTESIAN_POINT('',(18.8245502073694,65.6646720422668,-25.4140300771485));
#12195=CARTESIAN_POINT('',(18.8245502073695,70.6646720422668,-25.4140300771485));
#12196=CARTESIAN_POINT('',(-25.4184972463647,65.6646720422668,-25.4140300771485));
#12197=CARTESIAN_POINT('Origin',(18.8245502073695,70.6646720422668,-24.4140300771485));
#12198=CARTESIAN_POINT('',(18.0053981630805,70.6646720422668,-23.8404536407975));
#12199=CARTESIAN_POINT('Origin',(18.8245502073695,70.6646720422669,-24.4140300771485));
#12200=CARTESIAN_POINT('',(18.0053981630805,65.6646720422668,-23.8404536407975));
#12201=CARTESIAN_POINT('',(18.0053981630805,70.6646720422668,-23.8404536407975));
#12202=CARTESIAN_POINT('Origin',(18.8245502073694,65.6646720422666,-24.4140300771485));
#12203=CARTESIAN_POINT('Origin',(20.1060207777096,70.6646720422668,-20.8404536407974));
#12204=CARTESIAN_POINT('',(20.1060207777096,70.6646720422668,-20.8404536407974));
#12205=CARTESIAN_POINT('',(20.5372520664433,70.6646720422668,-20.2245915353476));
#12206=CARTESIAN_POINT('',(20.1060207777096,65.6646720422668,-20.8404536407974));
#12207=CARTESIAN_POINT('',(20.1060207777096,70.6646720422668,-20.8404536407974));
#12208=CARTESIAN_POINT('',(3.73512713913518,65.6646720422668,-44.2205127593148));
#12209=CARTESIAN_POINT('Origin',(20.9251728219986,70.6646720422668,-21.4140300771485));
#12210=CARTESIAN_POINT('',(20.9251728219986,70.6646720422668,-20.4140300771485));
#12211=CARTESIAN_POINT('Origin',(20.9251728219986,70.6646720422669,-21.4140300771485));
#12212=CARTESIAN_POINT('',(20.9251728219986,65.6646720422668,-20.4140300771485));
#12213=CARTESIAN_POINT('',(20.9251728219986,70.6646720422668,-20.4140300771485));
#12214=CARTESIAN_POINT('Origin',(20.9251728219986,65.6646720422666,-21.4140300771485));
#12215=CARTESIAN_POINT('Origin',(22.14594741076,70.6646720422668,-20.4140300771485));
#12216=CARTESIAN_POINT('',(28.7422013553306,70.6646720422668,-20.4140300771485));
#12217=CARTESIAN_POINT('',(-23.7577986446694,65.6646720422668,-20.4140300771487));
#12218=CARTESIAN_POINT('Origin',(13.9641292289419,70.6646720422668,-21.4140300771485));
#12219=CARTESIAN_POINT('',(14.7832812732308,70.6646720422668,-21.9876065134995));
#12220=CARTESIAN_POINT('',(13.9641292289418,70.6646720422668,-20.4140300771485));
#12221=CARTESIAN_POINT('Origin',(13.9641292289419,70.6646720422669,-21.4140300771485));
#12222=CARTESIAN_POINT('',(14.7832812732308,65.6646720422668,-21.9876065134995));
#12223=CARTESIAN_POINT('',(14.7832812732308,70.6646720422668,-21.9876065134995));
#12224=CARTESIAN_POINT('',(13.9641292289418,65.6646720422668,-20.4140300771485));
#12225=CARTESIAN_POINT('Origin',(13.9641292289418,65.6646720422666,-21.4140300771485));
#12226=CARTESIAN_POINT('',(13.9641292289418,70.6646720422668,-20.4140300771485));
#12227=CARTESIAN_POINT('Origin',(12.6826586586017,70.6646720422668,-24.9876065134996));
#12228=CARTESIAN_POINT('',(12.6826586586017,70.6646720422668,-24.9876065134995));
#12229=CARTESIAN_POINT('',(15.3092578710658,70.6646720422668,-21.2364340837086));
#12230=CARTESIAN_POINT('',(12.6826586586017,65.6646720422668,-24.9876065134995));
#12231=CARTESIAN_POINT('',(12.6826586586017,70.6646720422668,-24.9876065134995));
#12232=CARTESIAN_POINT('',(-1.49286705624231,65.6646720422668,-45.2323553076758));
#12233=CARTESIAN_POINT('Origin',(11.8635066143127,70.6646720422668,-24.4140300771485));
#12234=CARTESIAN_POINT('',(11.8635066143127,70.6646720422668,-25.4140300771485));
#12235=CARTESIAN_POINT('Origin',(11.8635066143127,70.6646720422669,-24.4140300771485));
#12236=CARTESIAN_POINT('',(11.8635066143127,65.6646720422668,-25.4140300771485));
#12237=CARTESIAN_POINT('',(11.8635066143127,70.6646720422668,-25.4140300771485));
#12238=CARTESIAN_POINT('Origin',(11.8635066143127,65.6646720422666,-24.4140300771485));
#12239=CARTESIAN_POINT('Origin',(10.6427320255513,70.6646720422668,-25.4140300771485));
#12240=CARTESIAN_POINT('',(10.6427320255513,70.6646720422668,-25.4140300771485));
#12241=CARTESIAN_POINT('',(22.9905936627262,70.6646720422668,-25.4140300771485));
#12242=CARTESIAN_POINT('',(10.6427320255512,65.6646720422668,-25.4140300771485));
#12243=CARTESIAN_POINT('',(10.6427320255513,70.6646720422668,-25.4140300771485));
#12244=CARTESIAN_POINT('',(-29.5094063372738,65.6646720422668,-25.4140300771485));
#12245=CARTESIAN_POINT('Origin',(10.6427320255513,70.6646720422668,-24.4140300771485));
#12246=CARTESIAN_POINT('',(9.82357998126227,70.6646720422668,-23.8404536407975));
#12247=CARTESIAN_POINT('Origin',(10.6427320255513,70.6646720422669,-24.4140300771485));
#12248=CARTESIAN_POINT('',(9.82357998126226,65.6646720422668,-23.8404536407975));
#12249=CARTESIAN_POINT('',(9.82357998126227,70.6646720422668,-23.8404536407975));
#12250=CARTESIAN_POINT('Origin',(10.6427320255512,65.6646720422666,-24.4140300771485));
#12251=CARTESIAN_POINT('Origin',(11.9242025958914,70.6646720422668,-20.8404536407975));
#12252=CARTESIAN_POINT('',(11.9242025958914,70.6646720422668,-20.8404536407975));
#12253=CARTESIAN_POINT('',(13.7013017732771,70.6646720422668,-18.3024929928309));
#12254=CARTESIAN_POINT('',(11.9242025958914,65.6646720422668,-20.8404536407975));
#12255=CARTESIAN_POINT('',(11.9242025958914,70.6646720422668,-20.8404536407975));
#12256=CARTESIAN_POINT('',(-3.10082315403097,65.6646720422668,-42.2984142167982));
#12257=CARTESIAN_POINT('Origin',(12.7433546401804,70.6646720422668,-21.4140300771485));
#12258=CARTESIAN_POINT('',(12.7433546401804,70.6646720422668,-20.4140300771485));
#12259=CARTESIAN_POINT('Origin',(12.7433546401804,70.6646720422669,-21.4140300771485));
#12260=CARTESIAN_POINT('',(12.7433546401804,65.6646720422668,-20.4140300771485));
#12261=CARTESIAN_POINT('',(12.7433546401804,70.6646720422668,-20.4140300771485));
#12262=CARTESIAN_POINT('Origin',(12.7433546401804,65.6646720422666,-21.4140300771485));
#12263=CARTESIAN_POINT('Origin',(13.9641292289418,70.6646720422668,-20.4140300771485));
#12264=CARTESIAN_POINT('',(24.6512922644215,70.6646720422668,-20.4140300771484));
#12265=CARTESIAN_POINT('',(-27.8487077355785,65.6646720422668,-20.4140300771487));
#12266=CARTESIAN_POINT('Origin',(-18.7631434983309,70.6646720422669,-21.4140300771485));
#12267=CARTESIAN_POINT('',(-17.9439914540419,70.6646720422668,-21.9876065134996));
#12268=CARTESIAN_POINT('',(-18.7631434983309,70.6646720422668,-20.4140300771485));
#12269=CARTESIAN_POINT('Origin',(-18.7631434983309,70.664672042267,-21.4140300771485));
#12270=CARTESIAN_POINT('',(-17.9439914540419,65.6646720422668,-21.9876065134996));
#12271=CARTESIAN_POINT('',(-17.9439914540419,70.6646720422668,-21.9876065134996));
#12272=CARTESIAN_POINT('',(-18.7631434983309,65.6646720422668,-20.4140300771485));
#12273=CARTESIAN_POINT('Origin',(-18.7631434983309,65.6646720422667,-21.4140300771485));
#12274=CARTESIAN_POINT('',(-18.7631434983309,70.6646720422668,-20.4140300771485));
#12275=CARTESIAN_POINT('Origin',(-20.044614068671,70.6646720422668,-24.9876065134996));
#12276=CARTESIAN_POINT('',(-20.044614068671,70.6646720422668,-24.9876065134996));
#12277=CARTESIAN_POINT('',(-12.0345433015988,70.6646720422668,-13.5480399136421));
#12278=CARTESIAN_POINT('',(-20.044614068671,65.6646720422668,-24.9876065134996));
#12279=CARTESIAN_POINT('',(-20.044614068671,70.6646720422668,-24.9876065134996));
#12280=CARTESIAN_POINT('',(-28.8366682289069,65.6646720422668,-37.5439611376093));
#12281=CARTESIAN_POINT('Origin',(-20.86376611296,70.6646720422669,-24.4140300771485));
#12282=CARTESIAN_POINT('',(-20.86376611296,70.6646720422668,-25.4140300771485));
#12283=CARTESIAN_POINT('Origin',(-20.86376611296,70.664672042267,-24.4140300771485));
#12284=CARTESIAN_POINT('',(-20.86376611296,65.6646720422668,-25.4140300771485));
#12285=CARTESIAN_POINT('',(-20.86376611296,70.6646720422668,-25.4140300771485));
#12286=CARTESIAN_POINT('Origin',(-20.86376611296,65.6646720422667,-24.4140300771485));
#12287=CARTESIAN_POINT('Origin',(-22.0845407017215,70.6646720422668,-25.4140300771485));
#12288=CARTESIAN_POINT('',(-22.0845407017215,70.6646720422668,-25.4140300771485));
#12289=CARTESIAN_POINT('',(6.62695729908985,70.6646720422668,-25.4140300771485));
#12290=CARTESIAN_POINT('',(-22.0845407017215,65.6646720422668,-25.4140300771485));
#12291=CARTESIAN_POINT('',(-22.0845407017215,70.6646720422668,-25.4140300771485));
#12292=CARTESIAN_POINT('',(-45.8730427009101,65.6646720422668,-25.4140300771485));
#12293=CARTESIAN_POINT('Origin',(-22.0845407017215,70.6646720422669,-24.4140300771485));
#12294=CARTESIAN_POINT('',(-22.9036927460104,70.6646720422668,-23.8404536407975));
#12295=CARTESIAN_POINT('Origin',(-22.0845407017215,70.664672042267,-24.4140300771485));
#12296=CARTESIAN_POINT('',(-22.9036927460105,65.6646720422668,-23.8404536407975));
#12297=CARTESIAN_POINT('',(-22.9036927460104,70.6646720422668,-23.8404536407975));
#12298=CARTESIAN_POINT('Origin',(-22.0845407017215,65.6646720422667,-24.4140300771485));
#12299=CARTESIAN_POINT('Origin',(-20.8030701313813,70.6646720422668,-20.8404536407975));
#12300=CARTESIAN_POINT('',(-20.8030701313813,70.6646720422668,-20.8404536407975));
#12301=CARTESIAN_POINT('',(-13.6424993993875,70.6646720422668,-10.6140988227644));
#12302=CARTESIAN_POINT('',(-20.8030701313813,65.6646720422668,-20.8404536407975));
#12303=CARTESIAN_POINT('',(-20.8030701313813,70.6646720422668,-20.8404536407975));
#12304=CARTESIAN_POINT('',(-30.4446243266956,65.6646720422668,-34.6100200467316));
#12305=CARTESIAN_POINT('Origin',(-19.9839180870923,70.6646720422669,-21.4140300771485));
#12306=CARTESIAN_POINT('',(-19.9839180870923,70.6646720422668,-20.4140300771485));
#12307=CARTESIAN_POINT('Origin',(-19.9839180870923,70.664672042267,-21.4140300771485));
#12308=CARTESIAN_POINT('',(-19.9839180870924,65.6646720422668,-20.4140300771485));
#12309=CARTESIAN_POINT('',(-19.9839180870923,70.6646720422668,-20.4140300771485));
#12310=CARTESIAN_POINT('Origin',(-19.9839180870924,65.6646720422667,-21.4140300771485));
#12311=CARTESIAN_POINT('Origin',(-18.7631434983309,70.6646720422668,-20.4140300771485));
#12312=CARTESIAN_POINT('',(8.28765590078512,70.6646720422668,-20.4140300771484));
#12313=CARTESIAN_POINT('',(-44.2123440992149,65.6646720422668,-20.4140300771486));
#12314=CARTESIAN_POINT('Origin',(-2.39950713469451,70.6646720422668,-21.4140300771485));
#12315=CARTESIAN_POINT('',(-1.58035509040552,70.6646720422668,-21.9876065134995));
#12316=CARTESIAN_POINT('',(-2.39950713469453,70.6646720422668,-20.4140300771485));
#12317=CARTESIAN_POINT('Origin',(-2.39950713469451,70.6646720422669,-21.4140300771485));
#12318=CARTESIAN_POINT('',(-1.58035509040553,65.6646720422668,-21.9876065134995));
#12319=CARTESIAN_POINT('',(-1.58035509040552,70.6646720422668,-21.9876065134995));
#12320=CARTESIAN_POINT('',(-2.39950713469454,65.6646720422668,-20.4140300771485));
#12321=CARTESIAN_POINT('Origin',(-2.39950713469452,65.6646720422666,-21.4140300771485));
#12322=CARTESIAN_POINT('',(-2.39950713469453,70.6646720422668,-20.4140300771485));
#12323=CARTESIAN_POINT('Origin',(-3.68097770503464,70.6646720422668,-24.9876065134996));
#12324=CARTESIAN_POINT('',(-3.68097770503465,70.6646720422668,-24.9876065134996));
#12325=CARTESIAN_POINT('',(1.63735728473349,70.6646720422668,-17.3922369986753));
#12326=CARTESIAN_POINT('',(-3.68097770503467,65.6646720422668,-24.9876065134996));
#12327=CARTESIAN_POINT('',(-3.68097770503465,70.6646720422668,-24.9876065134996));
#12328=CARTESIAN_POINT('',(-15.1647676425746,65.6646720422668,-41.3881582226425));
#12329=CARTESIAN_POINT('Origin',(-4.50012974932364,70.6646720422668,-24.4140300771485));
#12330=CARTESIAN_POINT('',(-4.50012974932364,70.6646720422668,-25.4140300771485));
#12331=CARTESIAN_POINT('Origin',(-4.50012974932364,70.6646720422669,-24.4140300771485));
#12332=CARTESIAN_POINT('',(-4.50012974932365,65.6646720422668,-25.4140300771485));
#12333=CARTESIAN_POINT('',(-4.50012974932364,70.6646720422668,-25.4140300771485));
#12334=CARTESIAN_POINT('Origin',(-4.50012974932365,65.6646720422667,-24.4140300771485));
#12335=CARTESIAN_POINT('Origin',(-5.7209043380851,70.6646720422668,-25.4140300771485));
#12336=CARTESIAN_POINT('',(-5.7209043380851,70.6646720422668,-25.4140300771485));
#12337=CARTESIAN_POINT('',(14.808775480908,70.6646720422668,-25.4140300771485));
#12338=CARTESIAN_POINT('',(-5.72090433808512,65.6646720422668,-25.4140300771485));
#12339=CARTESIAN_POINT('',(-5.7209043380851,70.6646720422668,-25.4140300771485));
#12340=CARTESIAN_POINT('',(-37.691224519092,65.6646720422668,-25.4140300771485));
#12341=CARTESIAN_POINT('Origin',(-5.7209043380851,70.6646720422669,-24.4140300771485));
#12342=CARTESIAN_POINT('',(-6.54005638237409,70.6646720422668,-23.8404536407975));
#12343=CARTESIAN_POINT('Origin',(-5.7209043380851,70.6646720422669,-24.4140300771485));
#12344=CARTESIAN_POINT('',(-6.54005638237411,65.6646720422668,-23.8404536407975));
#12345=CARTESIAN_POINT('',(-6.54005638237409,70.6646720422668,-23.8404536407975));
#12346=CARTESIAN_POINT('Origin',(-5.72090433808512,65.6646720422667,-24.4140300771485));
#12347=CARTESIAN_POINT('Origin',(-4.43943376774497,70.6646720422668,-20.8404536407975));
#12348=CARTESIAN_POINT('',(-4.43943376774497,70.6646720422668,-20.8404536407975));
#12349=CARTESIAN_POINT('',(0.029401186944833,70.6646720422668,-14.4582959077977));
#12350=CARTESIAN_POINT('',(-4.43943376774499,65.6646720422668,-20.8404536407975));
#12351=CARTESIAN_POINT('',(-4.43943376774497,70.6646720422668,-20.8404536407975));
#12352=CARTESIAN_POINT('',(-16.7727237403633,65.6646720422668,-38.4542171317649));
#12353=CARTESIAN_POINT('Origin',(-3.62028172345598,70.6646720422669,-21.4140300771485));
#12354=CARTESIAN_POINT('',(-3.62028172345598,70.6646720422668,-20.4140300771485));
#12355=CARTESIAN_POINT('Origin',(-3.62028172345598,70.6646720422669,-21.4140300771485));
#12356=CARTESIAN_POINT('',(-3.62028172345599,65.6646720422668,-20.4140300771485));
#12357=CARTESIAN_POINT('',(-3.62028172345598,70.6646720422668,-20.4140300771485));
#12358=CARTESIAN_POINT('Origin',(-3.62028172345599,65.6646720422667,-21.4140300771485));
#12359=CARTESIAN_POINT('Origin',(-2.39950713469453,70.6646720422668,-20.4140300771485));
#12360=CARTESIAN_POINT('',(16.4694740826033,70.6646720422668,-20.4140300771484));
#12361=CARTESIAN_POINT('',(-36.0305259173967,65.6646720422668,-20.4140300771486));
#12362=CARTESIAN_POINT('Origin',(30.3277655925782,70.6646720422667,-21.4140300771485));
#12363=CARTESIAN_POINT('',(31.1469176368672,70.6646720422668,-21.9876065134995));
#12364=CARTESIAN_POINT('',(30.3277655925782,70.6646720422668,-20.4140300771485));
#12365=CARTESIAN_POINT('Origin',(30.3277655925782,70.6646720422668,-21.4140300771485));
#12366=CARTESIAN_POINT('',(31.1469176368672,65.6646720422668,-21.9876065134995));
#12367=CARTESIAN_POINT('',(31.1469176368672,70.6646720422668,-21.9876065134995));
#12368=CARTESIAN_POINT('',(30.3277655925782,65.6646720422668,-20.4140300771485));
#12369=CARTESIAN_POINT('Origin',(30.3277655925782,65.6646720422666,-21.4140300771485));
#12370=CARTESIAN_POINT('',(30.3277655925782,70.6646720422668,-20.4140300771485));
#12371=CARTESIAN_POINT('Origin',(29.0462950222381,70.6646720422668,-24.9876065134995));
#12372=CARTESIAN_POINT('',(29.0462950222381,70.6646720422668,-24.9876065134995));
#12373=CARTESIAN_POINT('',(28.9811584573981,70.6646720422668,-25.0806311687418));
#12374=CARTESIAN_POINT('',(29.0462950222381,65.6646720422668,-24.9876065134995));
#12375=CARTESIAN_POINT('',(29.0462950222381,70.6646720422668,-24.9876065134995));
#12376=CARTESIAN_POINT('',(12.17903353009,65.6646720422668,-49.076552392709));
#12377=CARTESIAN_POINT('Origin',(28.2271429779491,70.6646720422668,-24.4140300771485));
#12378=CARTESIAN_POINT('',(28.2271429779491,70.6646720422668,-25.4140300771485));
#12379=CARTESIAN_POINT('Origin',(28.2271429779491,70.6646720422668,-24.4140300771485));
#12380=CARTESIAN_POINT('',(28.2271429779491,65.6646720422668,-25.4140300771485));
#12381=CARTESIAN_POINT('',(28.2271429779491,70.6646720422668,-25.4140300771485));
#12382=CARTESIAN_POINT('Origin',(28.2271429779491,65.6646720422666,-24.4140300771485));
#12383=CARTESIAN_POINT('Origin',(27.0063683891876,70.6646720422668,-25.4140300771485));
#12384=CARTESIAN_POINT('',(27.0063683891876,70.6646720422668,-25.4140300771485));
#12385=CARTESIAN_POINT('',(31.1724118445444,70.6646720422668,-25.4140300771485));
#12386=CARTESIAN_POINT('',(27.0063683891876,65.6646720422668,-25.4140300771485));
#12387=CARTESIAN_POINT('',(27.0063683891876,70.6646720422668,-25.4140300771485));
#12388=CARTESIAN_POINT('',(-21.3275881554556,65.6646720422668,-25.4140300771485));
#12389=CARTESIAN_POINT('Origin',(27.0063683891876,70.6646720422668,-24.4140300771485));
#12390=CARTESIAN_POINT('',(26.1872163448987,70.6646720422668,-23.8404536407975));
#12391=CARTESIAN_POINT('Origin',(27.0063683891876,70.6646720422668,-24.4140300771485));
#12392=CARTESIAN_POINT('',(26.1872163448986,65.6646720422668,-23.8404536407975));
#12393=CARTESIAN_POINT('',(26.1872163448987,70.6646720422668,-23.8404536407975));
#12394=CARTESIAN_POINT('Origin',(27.0063683891876,65.6646720422666,-24.4140300771485));
#12395=CARTESIAN_POINT('Origin',(28.2878389595278,70.6646720422668,-20.8404536407974));
#12396=CARTESIAN_POINT('',(28.2878389595278,70.6646720422668,-20.8404536407974));
#12397=CARTESIAN_POINT('',(27.3732023596094,70.6646720422668,-22.1466900778642));
#12398=CARTESIAN_POINT('',(28.2878389595277,65.6646720422668,-20.8404536407974));
#12399=CARTESIAN_POINT('',(28.2878389595278,70.6646720422668,-20.8404536407974));
#12400=CARTESIAN_POINT('',(10.5710774323013,65.6646720422668,-46.1426113018314));
#12401=CARTESIAN_POINT('Origin',(29.1069910038167,70.6646720422668,-21.4140300771485));
#12402=CARTESIAN_POINT('',(29.1069910038167,70.6646720422668,-20.4140300771485));
#12403=CARTESIAN_POINT('Origin',(29.1069910038167,70.6646720422668,-21.4140300771485));
#12404=CARTESIAN_POINT('',(29.1069910038167,65.6646720422668,-20.4140300771485));
#12405=CARTESIAN_POINT('',(29.1069910038167,70.6646720422668,-20.4140300771485));
#12406=CARTESIAN_POINT('Origin',(29.1069910038167,65.6646720422666,-21.4140300771485));
#12407=CARTESIAN_POINT('Origin',(30.3277655925782,70.6646720422668,-20.4140300771485));
#12408=CARTESIAN_POINT('',(32.8331104462397,70.6646720422668,-20.4140300771485));
#12409=CARTESIAN_POINT('',(-19.6668895537603,65.6646720422668,-20.4140300771487));
#12410=CARTESIAN_POINT('Origin',(5.78231104712367,70.6646720422668,-21.4140300771485));
#12411=CARTESIAN_POINT('',(6.60146309141266,70.6646720422668,-21.9876065134995));
#12412=CARTESIAN_POINT('',(5.78231104712366,70.6646720422668,-20.4140300771485));
#12413=CARTESIAN_POINT('Origin',(5.78231104712367,70.6646720422669,-21.4140300771485));
#12414=CARTESIAN_POINT('',(6.60146309141265,65.6646720422668,-21.9876065134995));
#12415=CARTESIAN_POINT('',(6.60146309141266,70.6646720422668,-21.9876065134995));
#12416=CARTESIAN_POINT('',(5.78231104712364,65.6646720422668,-20.4140300771485));
#12417=CARTESIAN_POINT('Origin',(5.78231104712366,65.6646720422666,-21.4140300771485));
#12418=CARTESIAN_POINT('',(5.78231104712366,70.6646720422668,-20.4140300771485));
#12419=CARTESIAN_POINT('Origin',(4.50084047678354,70.6646720422668,-24.9876065134996));
#12420=CARTESIAN_POINT('',(4.50084047678353,70.6646720422668,-24.9876065134995));
#12421=CARTESIAN_POINT('',(8.47330757789964,70.6646720422668,-19.3143355411919));
#12422=CARTESIAN_POINT('',(4.50084047678352,65.6646720422668,-24.9876065134995));
#12423=CARTESIAN_POINT('',(4.50084047678353,70.6646720422668,-24.9876065134995));
#12424=CARTESIAN_POINT('',(-8.32881734940846,65.6646720422668,-43.3102567651591));
#12425=CARTESIAN_POINT('Origin',(3.68168843249455,70.6646720422668,-24.4140300771485));
#12426=CARTESIAN_POINT('',(3.68168843249455,70.6646720422668,-25.4140300771485));
#12427=CARTESIAN_POINT('Origin',(3.68168843249455,70.6646720422669,-24.4140300771485));
#12428=CARTESIAN_POINT('',(3.68168843249453,65.6646720422668,-25.4140300771485));
#12429=CARTESIAN_POINT('',(3.68168843249455,70.6646720422668,-25.4140300771485));
#12430=CARTESIAN_POINT('Origin',(3.68168843249453,65.6646720422666,-24.4140300771485));
#12431=CARTESIAN_POINT('Origin',(2.46091384373308,70.6646720422668,-25.4140300771485));
#12432=CARTESIAN_POINT('',(2.46091384373308,70.6646720422668,-25.4140300771485));
#12433=CARTESIAN_POINT('',(18.8996845718171,70.6646720422668,-25.4140300771485));
#12434=CARTESIAN_POINT('',(2.46091384373307,65.6646720422668,-25.4140300771485));
#12435=CARTESIAN_POINT('',(2.46091384373308,70.6646720422668,-25.4140300771485));
#12436=CARTESIAN_POINT('',(-33.6003154281829,65.6646720422668,-25.4140300771485));
#12437=CARTESIAN_POINT('Origin',(2.46091384373308,70.6646720422668,-24.4140300771485));
#12438=CARTESIAN_POINT('',(1.64176179944409,70.6646720422668,-23.8404536407975));
#12439=CARTESIAN_POINT('Origin',(2.46091384373308,70.6646720422669,-24.4140300771485));
#12440=CARTESIAN_POINT('',(1.64176179944408,65.6646720422668,-23.8404536407975));
#12441=CARTESIAN_POINT('',(1.64176179944409,70.6646720422668,-23.8404536407975));
#12442=CARTESIAN_POINT('Origin',(2.46091384373307,65.6646720422666,-24.4140300771485));
#12443=CARTESIAN_POINT('Origin',(3.74238441407321,70.6646720422668,-20.8404536407975));
#12444=CARTESIAN_POINT('',(3.74238441407321,70.6646720422668,-20.8404536407975));
#12445=CARTESIAN_POINT('',(6.86535148011098,70.6646720422668,-16.3803944503143));
#12446=CARTESIAN_POINT('',(3.7423844140732,65.6646720422668,-20.8404536407975));
#12447=CARTESIAN_POINT('',(3.74238441407321,70.6646720422668,-20.8404536407975));
#12448=CARTESIAN_POINT('',(-9.93677344719712,65.6646720422668,-40.3763156742815));
#12449=CARTESIAN_POINT('Origin',(4.5615364583622,70.6646720422668,-21.4140300771485));
#12450=CARTESIAN_POINT('',(4.5615364583622,70.6646720422668,-20.4140300771485));
#12451=CARTESIAN_POINT('Origin',(4.5615364583622,70.6646720422669,-21.4140300771485));
#12452=CARTESIAN_POINT('',(4.56153645836219,65.6646720422668,-20.4140300771485));
#12453=CARTESIAN_POINT('',(4.5615364583622,70.6646720422668,-20.4140300771485));
#12454=CARTESIAN_POINT('Origin',(4.56153645836219,65.6646720422666,-21.4140300771485));
#12455=CARTESIAN_POINT('Origin',(5.78231104712366,70.6646720422668,-20.4140300771485));
#12456=CARTESIAN_POINT('',(20.5603831735124,70.6646720422668,-20.4140300771484));
#12457=CARTESIAN_POINT('',(-31.9396168264876,65.6646720422668,-20.4140300771487));
#12458=CARTESIAN_POINT('Origin',(-26.944961680149,70.6646720422669,-21.4140300771485));
#12459=CARTESIAN_POINT('',(-26.1258096358601,70.6646720422668,-21.9876065134996));
#12460=CARTESIAN_POINT('',(-26.9449616801491,70.6646720422668,-20.4140300771485));
#12461=CARTESIAN_POINT('Origin',(-26.944961680149,70.664672042267,-21.4140300771485));
#12462=CARTESIAN_POINT('',(-26.1258096358601,65.6646720422668,-21.9876065134996));
#12463=CARTESIAN_POINT('',(-26.1258096358601,70.6646720422668,-21.9876065134996));
#12464=CARTESIAN_POINT('',(-26.9449616801491,65.6646720422668,-20.4140300771485));
#12465=CARTESIAN_POINT('Origin',(-26.9449616801491,65.6646720422667,-21.4140300771485));
#12466=CARTESIAN_POINT('',(-26.9449616801491,70.6646720422668,-20.4140300771485));
#12467=CARTESIAN_POINT('Origin',(-28.2264322504892,70.6646720422668,-24.9876065134996));
#12468=CARTESIAN_POINT('',(-28.2264322504892,70.6646720422668,-24.9876065134996));
#12469=CARTESIAN_POINT('',(-18.870493594765,70.6646720422668,-11.6259413711254));
#12470=CARTESIAN_POINT('',(-28.2264322504892,65.6646720422668,-24.9876065134996));
#12471=CARTESIAN_POINT('',(-28.2264322504892,70.6646720422668,-24.9876065134996));
#12472=CARTESIAN_POINT('',(-35.6726185220731,65.6646720422668,-35.6218625950926));
#12473=CARTESIAN_POINT('Origin',(-29.0455842947782,70.6646720422669,-24.4140300771485));
#12474=CARTESIAN_POINT('',(-29.0455842947782,70.6646720422668,-25.4140300771485));
#12475=CARTESIAN_POINT('Origin',(-29.0455842947782,70.664672042267,-24.4140300771485));
#12476=CARTESIAN_POINT('',(-29.0455842947782,65.6646720422668,-25.4140300771485));
#12477=CARTESIAN_POINT('',(-29.0455842947782,70.6646720422668,-25.4140300771485));
#12478=CARTESIAN_POINT('Origin',(-29.0455842947782,65.6646720422667,-24.4140300771485));
#12479=CARTESIAN_POINT('Origin',(-30.2663588835396,70.6646720422668,-25.4140300771485));
#12480=CARTESIAN_POINT('',(-30.2663588835396,70.6646720422668,-25.4140300771485));
#12481=CARTESIAN_POINT('',(2.53604820818076,70.6646720422668,-25.4140300771485));
#12482=CARTESIAN_POINT('',(-30.2663588835397,65.6646720422668,-25.4140300771485));
#12483=CARTESIAN_POINT('',(-30.2663588835396,70.6646720422668,-25.4140300771485));
#12484=CARTESIAN_POINT('',(-49.9639517918192,65.6646720422668,-25.4140300771485));
#12485=CARTESIAN_POINT('Origin',(-30.2663588835396,70.6646720422669,-24.4140300771485));
#12486=CARTESIAN_POINT('',(-31.0855109278286,70.6646720422668,-23.8404536407975));
#12487=CARTESIAN_POINT('Origin',(-30.2663588835396,70.664672042267,-24.4140300771485));
#12488=CARTESIAN_POINT('',(-31.0855109278286,65.6646720422668,-23.8404536407975));
#12489=CARTESIAN_POINT('',(-31.0855109278286,70.6646720422668,-23.8404536407975));
#12490=CARTESIAN_POINT('Origin',(-30.2663588835397,65.6646720422667,-24.4140300771485));
#12491=CARTESIAN_POINT('Origin',(-28.9848883131995,70.6646720422668,-20.8404536407975));
#12492=CARTESIAN_POINT('',(-28.9848883131995,70.6646720422668,-20.8404536407975));
#12493=CARTESIAN_POINT('',(-20.4784496925536,70.6646720422668,-8.69200028024781));
#12494=CARTESIAN_POINT('',(-28.9848883131995,65.6646720422668,-20.8404536407975));
#12495=CARTESIAN_POINT('',(-28.9848883131995,70.6646720422668,-20.8404536407975));
#12496=CARTESIAN_POINT('',(-37.2805746198617,65.6646720422668,-32.687921504215));
#12497=CARTESIAN_POINT('Origin',(-28.1657362689105,70.6646720422669,-21.4140300771485));
#12498=CARTESIAN_POINT('',(-28.1657362689105,70.6646720422668,-20.4140300771485));
#12499=CARTESIAN_POINT('Origin',(-28.1657362689105,70.664672042267,-21.4140300771485));
#12500=CARTESIAN_POINT('',(-28.1657362689105,65.6646720422668,-20.4140300771485));
#12501=CARTESIAN_POINT('',(-28.1657362689105,70.6646720422668,-20.4140300771485));
#12502=CARTESIAN_POINT('Origin',(-28.1657362689105,65.6646720422667,-21.4140300771485));
#12503=CARTESIAN_POINT('Origin',(-26.9449616801491,70.6646720422668,-20.4140300771485));
#12504=CARTESIAN_POINT('',(4.19674680987603,70.6646720422668,-20.4140300771484));
#12505=CARTESIAN_POINT('',(-48.303253190124,65.6646720422668,-20.4140300771486));
#12506=CARTESIAN_POINT('Origin',(-45.3485246768361,-17.3298476145084,-20.8404536407975));
#12507=CARTESIAN_POINT('',(-45.3485246768361,-12.3353279577333,-20.8404536407975));
#12508=CARTESIAN_POINT('',(-47.4491472914652,-12.3353279577333,-23.8404536407975));
#12509=CARTESIAN_POINT('',(-33.6805039684932,-12.3353279577333,-4.17679312355178));
#12510=CARTESIAN_POINT('',(-45.3485246768361,-17.3298476145084,-20.8404536407975));
#12511=CARTESIAN_POINT('',(-47.4491472914652,-17.3298476145084,-23.8404536407975));
#12512=CARTESIAN_POINT('Origin',(-46.6299952471763,-17.3298476145084,-24.4140300771485));
#12513=CARTESIAN_POINT('',(-46.6299952471762,-12.3353279577333,-25.4140300771485));
#12514=CARTESIAN_POINT('Origin',(-46.6299952471762,-12.335327957733,-24.4140300771485));
#12515=CARTESIAN_POINT('',(-46.6299952471763,-17.3298476145084,-25.4140300771485));
#12516=CARTESIAN_POINT('Origin',(-46.6299952471763,-17.3298476145084,-25.4140300771485));
#12517=CARTESIAN_POINT('',(-45.4092206584148,-12.3353279577333,-25.4140300771485));
#12518=CARTESIAN_POINT('',(-5.64576997363775,-12.3353279577333,-25.4140300771485));
#12519=CARTESIAN_POINT('',(-45.4092206584148,-17.3298476145084,-25.4140300771485));
#12520=CARTESIAN_POINT('Origin',(-45.4092206584148,-17.3298476145084,-24.4140300771485));
#12521=CARTESIAN_POINT('',(-44.5900686141258,-12.3353279577333,-24.9876065134996));
#12522=CARTESIAN_POINT('Origin',(-45.4092206584148,-12.335327957733,-24.4140300771485));
#12523=CARTESIAN_POINT('',(-44.5900686141258,-17.3298476145084,-24.9876065134996));
#12524=CARTESIAN_POINT('Origin',(-44.5900686141258,-17.3298476145084,-24.9876065134996));
#12525=CARTESIAN_POINT('',(-42.4894459994967,-12.3353279577333,-21.9876065134996));
#12526=CARTESIAN_POINT('',(-32.0725478707046,-12.3353279577333,-7.1107342144294));
#12527=CARTESIAN_POINT('',(-42.4894459994967,-17.3298476145084,-21.9876065134996));
#12528=CARTESIAN_POINT('Origin',(-44.5293726325471,-17.3298476145084,-21.4140300771485));
#12529=CARTESIAN_POINT('',(-44.5293726325471,-12.3353279577333,-20.4140300771485));
#12530=CARTESIAN_POINT('Origin',(-44.5293726325471,-12.335327957733,-21.4140300771485));
#12531=CARTESIAN_POINT('',(-44.5293726325471,-17.3298476145084,-20.4140300771485));
#12532=CARTESIAN_POINT('Origin',(-43.3085980437857,-17.3298476145084,-20.4140300771485));
#12533=CARTESIAN_POINT('',(-43.3085980437857,-12.3353279577333,-20.4140300771485));
#12534=CARTESIAN_POINT('',(-3.98507137194248,-12.3353279577333,-20.4140300771484));
#12535=CARTESIAN_POINT('',(-43.3085980437857,-17.3298476145084,-20.4140300771485));
#12536=CARTESIAN_POINT('Origin',(-43.3085980437857,-17.3298476145084,-21.4140300771485));
#12537=CARTESIAN_POINT('Origin',(-43.3085980437856,-12.335327957733,-21.4140300771485));
#12538=CARTESIAN_POINT('Origin',(-12.6212519495634,-17.3298476145085,-20.8404536407975));
#12539=CARTESIAN_POINT('',(-12.6212519495634,-12.3353279577333,-20.8404536407975));
#12540=CARTESIAN_POINT('',(-14.7218745641925,-12.3353279577333,-23.8404536407975));
#12541=CARTESIAN_POINT('',(-6.33670279582862,-12.3353279577333,-11.8651872936183));
#12542=CARTESIAN_POINT('',(-12.6212519495634,-17.3298476145085,-20.8404536407975));
#12543=CARTESIAN_POINT('',(-14.7218745641925,-17.3298476145085,-23.8404536407975));
#12544=CARTESIAN_POINT('Origin',(-13.9027225199035,-17.3298476145085,-24.4140300771485));
#12545=CARTESIAN_POINT('',(-13.9027225199035,-12.3353279577333,-25.4140300771485));
#12546=CARTESIAN_POINT('Origin',(-13.9027225199035,-12.3353279577332,-24.4140300771485));
#12547=CARTESIAN_POINT('',(-13.9027225199035,-17.3298476145085,-25.4140300771485));
#12548=CARTESIAN_POINT('Origin',(-13.9027225199035,-17.3298476145085,-25.4140300771485));
#12549=CARTESIAN_POINT('',(-12.681947931142,-12.3353279577333,-25.4140300771485));
#12550=CARTESIAN_POINT('',(10.7178663899986,-12.3353279577333,-25.4140300771485));
#12551=CARTESIAN_POINT('',(-12.681947931142,-17.3298476145085,-25.4140300771485));
#12552=CARTESIAN_POINT('Origin',(-12.681947931142,-17.3298476145085,-24.4140300771485));
#12553=CARTESIAN_POINT('',(-11.8627958868531,-12.3353279577333,-24.9876065134996));
#12554=CARTESIAN_POINT('Origin',(-12.681947931142,-12.3353279577332,-24.4140300771485));
#12555=CARTESIAN_POINT('',(-11.8627958868531,-17.3298476145085,-24.9876065134996));
#12556=CARTESIAN_POINT('Origin',(-11.8627958868531,-17.3298476145085,-24.9876065134996));
#12557=CARTESIAN_POINT('',(-9.76217327222392,-12.3353279577333,-21.9876065134996));
#12558=CARTESIAN_POINT('',(-4.72874669803997,-12.3353279577333,-14.7991283844959));
#12559=CARTESIAN_POINT('',(-9.76217327222393,-17.3298476145085,-21.9876065134996));
#12560=CARTESIAN_POINT('Origin',(-11.8020999052744,-17.3298476145085,-21.4140300771485));
#12561=CARTESIAN_POINT('',(-11.8020999052744,-12.3353279577333,-20.4140300771485));
#12562=CARTESIAN_POINT('Origin',(-11.8020999052744,-12.3353279577332,-21.4140300771485));
#12563=CARTESIAN_POINT('',(-11.8020999052744,-17.3298476145085,-20.4140300771485));
#12564=CARTESIAN_POINT('Origin',(-10.5813253165129,-17.3298476145085,-20.4140300771485));
#12565=CARTESIAN_POINT('',(-10.5813253165129,-12.3353279577333,-20.4140300771485));
#12566=CARTESIAN_POINT('',(12.3785649916939,-12.3353279577333,-20.4140300771484));
#12567=CARTESIAN_POINT('',(-10.5813253165129,-17.3298476145085,-20.4140300771485));
#12568=CARTESIAN_POINT('Origin',(-10.5813253165129,-17.3298476145085,-21.4140300771485));
#12569=CARTESIAN_POINT('Origin',(-10.5813253165129,-12.3353279577332,-21.4140300771485));
#12570=CARTESIAN_POINT('Origin',(20.1060207777093,-17.3298476145086,-20.8404536407975));
#12571=CARTESIAN_POINT('',(20.1060207777093,-12.3353279577333,-20.8404536407974));
#12572=CARTESIAN_POINT('',(18.0053981630802,-12.3353279577333,-23.8404536407975));
#12573=CARTESIAN_POINT('',(21.007098376836,-12.3353279577333,-19.5535814636848));
#12574=CARTESIAN_POINT('',(20.1060207777093,-17.3298476145086,-20.8404536407974));
#12575=CARTESIAN_POINT('',(18.0053981630802,-17.3298476145086,-23.8404536407975));
#12576=CARTESIAN_POINT('Origin',(18.8245502073692,-17.3298476145086,-24.4140300771485));
#12577=CARTESIAN_POINT('',(18.8245502073692,-12.3353279577333,-25.4140300771485));
#12578=CARTESIAN_POINT('Origin',(18.8245502073692,-12.3353279577332,-24.4140300771485));
#12579=CARTESIAN_POINT('',(18.8245502073692,-17.3298476145086,-25.4140300771485));
#12580=CARTESIAN_POINT('Origin',(18.8245502073692,-17.3298476145086,-25.4140300771485));
#12581=CARTESIAN_POINT('',(20.0453247961307,-12.3353279577333,-25.4140300771485));
#12582=CARTESIAN_POINT('',(27.081502753635,-12.3353279577333,-25.4140300771485));
#12583=CARTESIAN_POINT('',(20.0453247961307,-17.3298476145086,-25.4140300771485));
#12584=CARTESIAN_POINT('Origin',(20.0453247961307,-17.3298476145086,-24.4140300771485));
#12585=CARTESIAN_POINT('',(20.8644768404197,-12.3353279577333,-24.9876065134995));
#12586=CARTESIAN_POINT('Origin',(20.0453247961307,-12.3353279577332,-24.4140300771485));
#12587=CARTESIAN_POINT('',(20.8644768404197,-17.3298476145086,-24.9876065134995));
#12588=CARTESIAN_POINT('Origin',(20.8644768404197,-17.3298476145086,-24.9876065134995));
#12589=CARTESIAN_POINT('',(22.9650994550488,-12.3353279577333,-21.9876065134995));
#12590=CARTESIAN_POINT('',(22.6150544746246,-12.3353279577333,-22.4875225545624));
#12591=CARTESIAN_POINT('',(22.9650994550488,-17.3298476145086,-21.9876065134995));
#12592=CARTESIAN_POINT('Origin',(20.9251728219983,-17.3298476145086,-21.4140300771485));
#12593=CARTESIAN_POINT('',(20.9251728219983,-12.3353279577333,-20.4140300771485));
#12594=CARTESIAN_POINT('Origin',(20.9251728219983,-12.3353279577332,-21.4140300771485));
#12595=CARTESIAN_POINT('',(20.9251728219983,-17.3298476145086,-20.4140300771485));
#12596=CARTESIAN_POINT('Origin',(22.1459474107598,-17.3298476145086,-20.4140300771485));
#12597=CARTESIAN_POINT('',(22.1459474107598,-12.3353279577333,-20.4140300771485));
#12598=CARTESIAN_POINT('',(28.7422013553302,-12.3353279577333,-20.4140300771485));
#12599=CARTESIAN_POINT('',(22.1459474107598,-17.3298476145086,-20.4140300771485));
#12600=CARTESIAN_POINT('Origin',(22.1459474107598,-17.3298476145086,-21.4140300771485));
#12601=CARTESIAN_POINT('Origin',(22.1459474107598,-12.3353279577332,-21.4140300771485));
#12602=CARTESIAN_POINT('Origin',(11.9242025958912,-17.3298476145086,-20.8404536407975));
#12603=CARTESIAN_POINT('',(11.9242025958912,-12.3353279577333,-20.8404536407975));
#12604=CARTESIAN_POINT('',(9.82357998126205,-12.3353279577333,-23.8404536407975));
#12605=CARTESIAN_POINT('',(14.1711480836698,-12.3353279577333,-17.6314829211682));
#12606=CARTESIAN_POINT('',(11.9242025958912,-17.3298476145086,-20.8404536407975));
#12607=CARTESIAN_POINT('',(9.82357998126203,-17.3298476145086,-23.8404536407975));
#12608=CARTESIAN_POINT('Origin',(10.642732025551,-17.3298476145086,-24.4140300771485));
#12609=CARTESIAN_POINT('',(10.642732025551,-12.3353279577333,-25.4140300771485));
#12610=CARTESIAN_POINT('Origin',(10.642732025551,-12.3353279577332,-24.4140300771485));
#12611=CARTESIAN_POINT('',(10.642732025551,-17.3298476145086,-25.4140300771485));
#12612=CARTESIAN_POINT('Origin',(10.642732025551,-17.3298476145086,-25.4140300771485));
#12613=CARTESIAN_POINT('',(11.8635066143125,-12.3353279577333,-25.4140300771485));
#12614=CARTESIAN_POINT('',(22.9905936627259,-12.3353279577333,-25.4140300771485));
#12615=CARTESIAN_POINT('',(11.8635066143125,-17.3298476145086,-25.4140300771485));
#12616=CARTESIAN_POINT('Origin',(11.8635066143125,-17.3298476145086,-24.4140300771485));
#12617=CARTESIAN_POINT('',(12.6826586586015,-12.3353279577333,-24.9876065134995));
#12618=CARTESIAN_POINT('Origin',(11.8635066143125,-12.3353279577332,-24.4140300771485));
#12619=CARTESIAN_POINT('',(12.6826586586015,-17.3298476145086,-24.9876065134995));
#12620=CARTESIAN_POINT('Origin',(12.6826586586015,-17.3298476145086,-24.9876065134995));
#12621=CARTESIAN_POINT('',(14.7832812732306,-12.3353279577333,-21.9876065134995));
#12622=CARTESIAN_POINT('',(15.7791041814585,-12.3353279577333,-20.5654240120458));
#12623=CARTESIAN_POINT('',(14.7832812732306,-17.3298476145086,-21.9876065134995));
#12624=CARTESIAN_POINT('Origin',(12.7433546401801,-17.3298476145086,-21.4140300771485));
#12625=CARTESIAN_POINT('',(12.7433546401802,-12.3353279577333,-20.4140300771485));
#12626=CARTESIAN_POINT('Origin',(12.7433546401802,-12.3353279577332,-21.4140300771485));
#12627=CARTESIAN_POINT('',(12.7433546401801,-17.3298476145086,-20.4140300771485));
#12628=CARTESIAN_POINT('Origin',(13.9641292289416,-17.3298476145086,-20.4140300771485));
#12629=CARTESIAN_POINT('',(13.9641292289416,-12.3353279577333,-20.4140300771485));
#12630=CARTESIAN_POINT('',(24.6512922644212,-12.3353279577333,-20.4140300771484));
#12631=CARTESIAN_POINT('',(13.9641292289416,-17.3298476145086,-20.4140300771485));
#12632=CARTESIAN_POINT('Origin',(13.9641292289416,-17.3298476145086,-21.4140300771485));
#12633=CARTESIAN_POINT('Origin',(13.9641292289416,-12.3353279577332,-21.4140300771485));
#12634=CARTESIAN_POINT('Origin',(-20.8030701313816,-17.3298476145085,-20.8404536407975));
#12635=CARTESIAN_POINT('',(-20.8030701313816,-12.3353279577333,-20.8404536407975));
#12636=CARTESIAN_POINT('',(-22.9036927460107,-12.3353279577333,-23.8404536407975));
#12637=CARTESIAN_POINT('',(-13.1726530889948,-12.3353279577333,-9.94308875110165));
#12638=CARTESIAN_POINT('',(-20.8030701313816,-17.3298476145085,-20.8404536407975));
#12639=CARTESIAN_POINT('',(-22.9036927460107,-17.3298476145085,-23.8404536407975));
#12640=CARTESIAN_POINT('Origin',(-22.0845407017217,-17.3298476145085,-24.4140300771485));
#12641=CARTESIAN_POINT('',(-22.0845407017217,-12.3353279577333,-25.4140300771485));
#12642=CARTESIAN_POINT('Origin',(-22.0845407017217,-12.3353279577331,-24.4140300771485));
#12643=CARTESIAN_POINT('',(-22.0845407017217,-17.3298476145085,-25.4140300771485));
#12644=CARTESIAN_POINT('Origin',(-22.0845407017217,-17.3298476145085,-25.4140300771485));
#12645=CARTESIAN_POINT('',(-20.8637661129602,-12.3353279577333,-25.4140300771485));
#12646=CARTESIAN_POINT('',(6.62695729908952,-12.3353279577333,-25.4140300771485));
#12647=CARTESIAN_POINT('',(-20.8637661129602,-17.3298476145085,-25.4140300771485));
#12648=CARTESIAN_POINT('Origin',(-20.8637661129602,-17.3298476145085,-24.4140300771485));
#12649=CARTESIAN_POINT('',(-20.0446140686712,-12.3353279577333,-24.9876065134996));
#12650=CARTESIAN_POINT('Origin',(-20.8637661129602,-12.3353279577331,-24.4140300771485));
#12651=CARTESIAN_POINT('',(-20.0446140686713,-17.3298476145085,-24.9876065134996));
#12652=CARTESIAN_POINT('Origin',(-20.0446140686712,-17.3298476145085,-24.9876065134996));
#12653=CARTESIAN_POINT('',(-17.9439914540421,-12.3353279577333,-21.9876065134996));
#12654=CARTESIAN_POINT('',(-11.5646969912061,-12.3353279577333,-12.8770298419793));
#12655=CARTESIAN_POINT('',(-17.9439914540421,-17.3298476145085,-21.9876065134996));
#12656=CARTESIAN_POINT('Origin',(-19.9839180870926,-17.3298476145085,-21.4140300771485));
#12657=CARTESIAN_POINT('',(-19.9839180870926,-12.3353279577333,-20.4140300771485));
#12658=CARTESIAN_POINT('Origin',(-19.9839180870926,-12.3353279577331,-21.4140300771485));
#12659=CARTESIAN_POINT('',(-19.9839180870926,-17.3298476145085,-20.4140300771485));
#12660=CARTESIAN_POINT('Origin',(-18.7631434983311,-17.3298476145085,-20.4140300771485));
#12661=CARTESIAN_POINT('',(-18.7631434983311,-12.3353279577333,-20.4140300771485));
#12662=CARTESIAN_POINT('',(8.2876559007848,-12.3353279577333,-20.4140300771484));
#12663=CARTESIAN_POINT('',(-18.7631434983311,-17.3298476145085,-20.4140300771485));
#12664=CARTESIAN_POINT('Origin',(-18.7631434983311,-17.3298476145085,-21.4140300771485));
#12665=CARTESIAN_POINT('Origin',(-18.7631434983311,-12.3353279577331,-21.4140300771485));
#12666=CARTESIAN_POINT('Origin',(-53.5303428586543,-17.3298476145084,-20.8404536407975));
#12667=CARTESIAN_POINT('',(-53.5303428586543,-12.3353279577333,-20.8404536407975));
#12668=CARTESIAN_POINT('',(-55.6309654732834,-12.3353279577333,-23.8404536407975));
#12669=CARTESIAN_POINT('',(-40.5164542616594,-12.3353279577333,-2.25469458103516));
#12670=CARTESIAN_POINT('',(-53.5303428586543,-17.3298476145084,-20.8404536407975));
#12671=CARTESIAN_POINT('',(-55.6309654732834,-17.3298476145084,-23.8404536407975));
#12672=CARTESIAN_POINT('Origin',(-54.8118134289944,-17.3298476145084,-24.4140300771485));
#12673=CARTESIAN_POINT('',(-54.8118134289944,-12.3353279577333,-25.4140300771485));
#12674=CARTESIAN_POINT('Origin',(-54.8118134289944,-12.335327957733,-24.4140300771485));
#12675=CARTESIAN_POINT('',(-54.8118134289944,-17.3298476145084,-25.4140300771485));
#12676=CARTESIAN_POINT('Origin',(-54.8118134289944,-17.3298476145084,-25.4140300771485));
#12677=CARTESIAN_POINT('',(-53.5910388402329,-12.3353279577333,-25.4140300771485));
#12678=CARTESIAN_POINT('',(-9.73667906454684,-12.3353279577333,-25.4140300771485));
#12679=CARTESIAN_POINT('',(-53.591038840233,-17.3298476145084,-25.4140300771485));
#12680=CARTESIAN_POINT('Origin',(-53.591038840233,-17.3298476145084,-24.4140300771485));
#12681=CARTESIAN_POINT('',(-52.771886795944,-12.3353279577333,-24.9876065134996));
#12682=CARTESIAN_POINT('Origin',(-53.5910388402329,-12.335327957733,-24.4140300771485));
#12683=CARTESIAN_POINT('',(-52.771886795944,-17.3298476145084,-24.9876065134996));
#12684=CARTESIAN_POINT('Origin',(-52.771886795944,-17.3298476145084,-24.9876065134996));
#12685=CARTESIAN_POINT('',(-50.6712641813148,-12.3353279577333,-21.9876065134996));
#12686=CARTESIAN_POINT('',(-38.9084981638707,-12.3353279577333,-5.18863567191278));
#12687=CARTESIAN_POINT('',(-50.6712641813148,-17.3298476145084,-21.9876065134996));
#12688=CARTESIAN_POINT('Origin',(-52.7111908143653,-17.3298476145084,-21.4140300771485));
#12689=CARTESIAN_POINT('',(-52.7111908143653,-12.3353279577333,-20.4140300771485));
#12690=CARTESIAN_POINT('Origin',(-52.7111908143653,-12.335327957733,-21.4140300771485));
#12691=CARTESIAN_POINT('',(-52.7111908143653,-17.3298476145084,-20.4140300771485));
#12692=CARTESIAN_POINT('Origin',(-51.4904162256039,-17.3298476145084,-20.4140300771485));
#12693=CARTESIAN_POINT('',(-51.4904162256038,-12.3353279577333,-20.4140300771485));
#12694=CARTESIAN_POINT('',(-8.07598046285157,-12.3353279577333,-20.4140300771483));
#12695=CARTESIAN_POINT('',(-51.4904162256039,-17.3298476145084,-20.4140300771485));
#12696=CARTESIAN_POINT('Origin',(-51.4904162256038,-17.3298476145084,-21.4140300771485));
#12697=CARTESIAN_POINT('Origin',(-51.4904162256038,-12.335327957733,-21.4140300771485));
#12698=CARTESIAN_POINT('Origin',(-37.1667064950179,-17.3298476145084,-20.8404536407975));
#12699=CARTESIAN_POINT('',(-37.1667064950179,-12.3353279577333,-20.8404536407975));
#12700=CARTESIAN_POINT('',(-39.267329109647,-12.3353279577333,-23.8404536407975));
#12701=CARTESIAN_POINT('',(-26.8445536753271,-12.3353279577333,-6.0988916660684));
#12702=CARTESIAN_POINT('',(-37.1667064950179,-17.3298476145084,-20.8404536407975));
#12703=CARTESIAN_POINT('',(-39.2673291096471,-17.3298476145084,-23.8404536407975));
#12704=CARTESIAN_POINT('Origin',(-38.4481770653581,-17.3298476145084,-24.4140300771485));
#12705=CARTESIAN_POINT('',(-38.4481770653581,-12.3353279577333,-25.4140300771485));
#12706=CARTESIAN_POINT('Origin',(-38.4481770653581,-12.3353279577331,-24.4140300771485));
#12707=CARTESIAN_POINT('',(-38.4481770653581,-17.3298476145084,-25.4140300771485));
#12708=CARTESIAN_POINT('Origin',(-38.4481770653581,-17.3298476145084,-25.4140300771485));
#12709=CARTESIAN_POINT('',(-37.2274024765966,-12.3353279577333,-25.4140300771485));
#12710=CARTESIAN_POINT('',(-1.55486088272866,-12.3353279577333,-25.4140300771485));
#12711=CARTESIAN_POINT('',(-37.2274024765966,-17.3298476145085,-25.4140300771485));
#12712=CARTESIAN_POINT('Origin',(-37.2274024765966,-17.3298476145085,-24.4140300771485));
#12713=CARTESIAN_POINT('',(-36.4082504323076,-12.3353279577333,-24.9876065134996));
#12714=CARTESIAN_POINT('Origin',(-37.2274024765966,-12.3353279577331,-24.4140300771485));
#12715=CARTESIAN_POINT('',(-36.4082504323076,-17.3298476145085,-24.9876065134996));
#12716=CARTESIAN_POINT('Origin',(-36.4082504323076,-17.3298476145085,-24.9876065134996));
#12717=CARTESIAN_POINT('',(-34.3076278176785,-12.3353279577333,-21.9876065134996));
#12718=CARTESIAN_POINT('',(-25.2365975775384,-12.3353279577333,-9.03283275694602));
#12719=CARTESIAN_POINT('',(-34.3076278176785,-17.3298476145085,-21.9876065134996));
#12720=CARTESIAN_POINT('Origin',(-36.3475544507289,-17.3298476145085,-21.4140300771485));
#12721=CARTESIAN_POINT('',(-36.3475544507289,-12.3353279577333,-20.4140300771485));
#12722=CARTESIAN_POINT('Origin',(-36.3475544507289,-12.3353279577331,-21.4140300771485));
#12723=CARTESIAN_POINT('',(-36.3475544507289,-17.3298476145085,-20.4140300771485));
#12724=CARTESIAN_POINT('Origin',(-35.1267798619675,-17.3298476145085,-20.4140300771485));
#12725=CARTESIAN_POINT('',(-35.1267798619675,-12.3353279577333,-20.4140300771485));
#12726=CARTESIAN_POINT('',(0.105837718966611,-12.3353279577333,-20.4140300771484));
#12727=CARTESIAN_POINT('',(-35.1267798619675,-17.3298476145085,-20.4140300771485));
#12728=CARTESIAN_POINT('Origin',(-35.1267798619675,-17.3298476145085,-21.4140300771485));
#12729=CARTESIAN_POINT('Origin',(-35.1267798619675,-12.3353279577331,-21.4140300771485));
#12730=CARTESIAN_POINT('Origin',(-4.43943376774521,-17.3298476145085,-20.8404536407975));
#12731=CARTESIAN_POINT('',(-4.4394337677452,-12.3353279577333,-20.8404536407975));
#12732=CARTESIAN_POINT('',(-6.54005638237432,-12.3353279577333,-23.8404536407975));
#12733=CARTESIAN_POINT('',(0.499247497337523,-12.3353279577333,-13.7872858361349));
#12734=CARTESIAN_POINT('',(-4.43943376774521,-17.3298476145085,-20.8404536407975));
#12735=CARTESIAN_POINT('',(-6.54005638237433,-17.3298476145085,-23.8404536407975));
#12736=CARTESIAN_POINT('Origin',(-5.72090433808534,-17.3298476145085,-24.4140300771485));
#12737=CARTESIAN_POINT('',(-5.72090433808533,-12.3353279577333,-25.4140300771485));
#12738=CARTESIAN_POINT('Origin',(-5.72090433808533,-12.3353279577332,-24.4140300771485));
#12739=CARTESIAN_POINT('',(-5.72090433808534,-17.3298476145085,-25.4140300771485));
#12740=CARTESIAN_POINT('Origin',(-5.72090433808534,-17.3298476145085,-25.4140300771485));
#12741=CARTESIAN_POINT('',(-4.50012974932386,-12.3353279577333,-25.4140300771485));
#12742=CARTESIAN_POINT('',(14.8087754809077,-12.3353279577333,-25.4140300771485));
#12743=CARTESIAN_POINT('',(-4.50012974932387,-17.3298476145085,-25.4140300771485));
#12744=CARTESIAN_POINT('Origin',(-4.50012974932387,-17.3298476145085,-24.4140300771485));
#12745=CARTESIAN_POINT('',(-3.68097770503488,-12.3353279577333,-24.9876065134996));
#12746=CARTESIAN_POINT('Origin',(-4.50012974932386,-12.3353279577332,-24.4140300771485));
#12747=CARTESIAN_POINT('',(-3.68097770503489,-17.3298476145085,-24.9876065134996));
#12748=CARTESIAN_POINT('Origin',(-3.68097770503488,-17.3298476145085,-24.9876065134996));
#12749=CARTESIAN_POINT('',(-1.58035509040574,-12.3353279577333,-21.9876065134995));
#12750=CARTESIAN_POINT('',(2.10720359512618,-12.3353279577333,-16.7212269270125));
#12751=CARTESIAN_POINT('',(-1.58035509040576,-17.3298476145086,-21.9876065134995));
#12752=CARTESIAN_POINT('Origin',(-3.62028172345622,-17.3298476145086,-21.4140300771485));
#12753=CARTESIAN_POINT('',(-3.6202817234562,-12.3353279577333,-20.4140300771485));
#12754=CARTESIAN_POINT('Origin',(-3.6202817234562,-12.3353279577332,-21.4140300771485));
#12755=CARTESIAN_POINT('',(-3.62028172345622,-17.3298476145085,-20.4140300771485));
#12756=CARTESIAN_POINT('Origin',(-2.39950713469477,-17.3298476145085,-20.4140300771485));
#12757=CARTESIAN_POINT('',(-2.39950713469475,-12.3353279577333,-20.4140300771485));
#12758=CARTESIAN_POINT('',(16.469474082603,-12.3353279577333,-20.4140300771484));
#12759=CARTESIAN_POINT('',(-2.39950713469477,-17.3298476145085,-20.4140300771485));
#12760=CARTESIAN_POINT('Origin',(-2.39950713469475,-17.3298476145086,-21.4140300771485));
#12761=CARTESIAN_POINT('Origin',(-2.39950713469474,-12.3353279577332,-21.4140300771485));
#12762=CARTESIAN_POINT('Origin',(28.2878389595275,-17.3298476145086,-20.8404536407974));
#12763=CARTESIAN_POINT('',(28.2878389595275,-12.3353279577333,-20.8404536407974));
#12764=CARTESIAN_POINT('',(26.1872163448984,-12.3353279577333,-23.8404536407975));
#12765=CARTESIAN_POINT('',(27.8430486700021,-12.3353279577333,-21.4756800062014));
#12766=CARTESIAN_POINT('',(28.2878389595275,-17.3298476145086,-20.8404536407974));
#12767=CARTESIAN_POINT('',(26.1872163448984,-17.3298476145086,-23.8404536407975));
#12768=CARTESIAN_POINT('Origin',(27.0063683891874,-17.3298476145086,-24.4140300771485));
#12769=CARTESIAN_POINT('',(27.0063683891874,-12.3353279577333,-25.4140300771485));
#12770=CARTESIAN_POINT('Origin',(27.0063683891874,-12.3353279577333,-24.4140300771485));
#12771=CARTESIAN_POINT('',(27.0063683891874,-17.3298476145086,-25.4140300771485));
#12772=CARTESIAN_POINT('Origin',(27.0063683891874,-17.3298476145086,-25.4140300771485));
#12773=CARTESIAN_POINT('',(28.2271429779489,-12.3353279577333,-25.4140300771485));
#12774=CARTESIAN_POINT('',(31.1724118445441,-12.3353279577333,-25.4140300771485));
#12775=CARTESIAN_POINT('',(28.2271429779489,-17.3298476145086,-25.4140300771485));
#12776=CARTESIAN_POINT('Origin',(28.2271429779489,-17.3298476145086,-24.4140300771485));
#12777=CARTESIAN_POINT('',(29.0462950222379,-12.3353279577333,-24.9876065134995));
#12778=CARTESIAN_POINT('Origin',(28.2271429779489,-12.3353279577333,-24.4140300771485));
#12779=CARTESIAN_POINT('',(29.0462950222379,-17.3298476145086,-24.9876065134995));
#12780=CARTESIAN_POINT('Origin',(29.0462950222378,-17.3298476145086,-24.9876065134995));
#12781=CARTESIAN_POINT('',(31.146917636867,-12.3353279577333,-21.9876065134995));
#12782=CARTESIAN_POINT('',(29.4510047677908,-12.3353279577333,-24.409621097079));
#12783=CARTESIAN_POINT('',(31.146917636867,-17.3298476145086,-21.9876065134995));
#12784=CARTESIAN_POINT('Origin',(29.1069910038165,-17.3298476145086,-21.4140300771485));
#12785=CARTESIAN_POINT('',(29.1069910038165,-12.3353279577333,-20.4140300771485));
#12786=CARTESIAN_POINT('Origin',(29.1069910038165,-12.3353279577333,-21.4140300771485));
#12787=CARTESIAN_POINT('',(29.1069910038165,-17.3298476145086,-20.4140300771485));
#12788=CARTESIAN_POINT('Origin',(30.327765592578,-17.3298476145086,-20.4140300771485));
#12789=CARTESIAN_POINT('',(30.327765592578,-12.3353279577333,-20.4140300771485));
#12790=CARTESIAN_POINT('',(32.8331104462393,-12.3353279577333,-20.4140300771485));
#12791=CARTESIAN_POINT('',(30.327765592578,-17.3298476145086,-20.4140300771485));
#12792=CARTESIAN_POINT('Origin',(30.327765592578,-17.3298476145086,-21.4140300771485));
#12793=CARTESIAN_POINT('Origin',(30.327765592578,-12.3353279577333,-21.4140300771485));
#12794=CARTESIAN_POINT('Origin',(3.74238441407297,-17.3298476145086,-20.8404536407975));
#12795=CARTESIAN_POINT('',(3.74238441407299,-12.3353279577333,-20.8404536407975));
#12796=CARTESIAN_POINT('',(1.64176179944386,-12.3353279577333,-23.8404536407975));
#12797=CARTESIAN_POINT('',(7.33519779050367,-12.3353279577333,-15.7093843786515));
#12798=CARTESIAN_POINT('',(3.74238441407297,-17.3298476145086,-20.8404536407975));
#12799=CARTESIAN_POINT('',(1.64176179944385,-17.3298476145086,-23.8404536407975));
#12800=CARTESIAN_POINT('Origin',(2.46091384373284,-17.3298476145086,-24.4140300771485));
#12801=CARTESIAN_POINT('',(2.46091384373285,-12.3353279577333,-25.4140300771485));
#12802=CARTESIAN_POINT('Origin',(2.46091384373285,-12.3353279577332,-24.4140300771485));
#12803=CARTESIAN_POINT('',(2.46091384373284,-17.3298476145086,-25.4140300771485));
#12804=CARTESIAN_POINT('Origin',(2.46091384373284,-17.3298476145086,-25.4140300771485));
#12805=CARTESIAN_POINT('',(3.68168843249432,-12.3353279577333,-25.4140300771485));
#12806=CARTESIAN_POINT('',(18.8996845718168,-12.3353279577333,-25.4140300771485));
#12807=CARTESIAN_POINT('',(3.68168843249431,-17.3298476145086,-25.4140300771485));
#12808=CARTESIAN_POINT('Origin',(3.68168843249431,-17.3298476145086,-24.4140300771485));
#12809=CARTESIAN_POINT('',(4.50084047678331,-12.3353279577333,-24.9876065134995));
#12810=CARTESIAN_POINT('Origin',(3.68168843249432,-12.3353279577332,-24.4140300771485));
#12811=CARTESIAN_POINT('',(4.50084047678329,-17.3298476145086,-24.9876065134995));
#12812=CARTESIAN_POINT('Origin',(4.5008404767833,-17.3298476145086,-24.9876065134995));
#12813=CARTESIAN_POINT('',(6.60146309141244,-12.3353279577333,-21.9876065134995));
#12814=CARTESIAN_POINT('',(8.94315388829233,-12.3353279577333,-18.6433254695291));
#12815=CARTESIAN_POINT('',(6.60146309141243,-17.3298476145086,-21.9876065134995));
#12816=CARTESIAN_POINT('Origin',(4.56153645836197,-17.3298476145086,-21.4140300771485));
#12817=CARTESIAN_POINT('',(4.56153645836198,-12.3353279577333,-20.4140300771485));
#12818=CARTESIAN_POINT('Origin',(4.56153645836198,-12.3353279577332,-21.4140300771485));
#12819=CARTESIAN_POINT('',(4.56153645836197,-17.3298476145086,-20.4140300771485));
#12820=CARTESIAN_POINT('Origin',(5.78231104712342,-17.3298476145086,-20.4140300771485));
#12821=CARTESIAN_POINT('',(5.78231104712343,-12.3353279577333,-20.4140300771485));
#12822=CARTESIAN_POINT('',(20.5603831735121,-12.3353279577333,-20.4140300771484));
#12823=CARTESIAN_POINT('',(5.78231104712342,-17.3298476145086,-20.4140300771485));
#12824=CARTESIAN_POINT('Origin',(5.78231104712343,-17.3298476145086,-21.4140300771485));
#12825=CARTESIAN_POINT('Origin',(5.78231104712345,-12.3353279577332,-21.4140300771485));
#12826=CARTESIAN_POINT('Origin',(-28.9848883131998,-17.3298476145085,-20.8404536407975));
#12827=CARTESIAN_POINT('',(-28.9848883131997,-12.3353279577333,-20.8404536407975));
#12828=CARTESIAN_POINT('',(-31.0855109278289,-12.3353279577333,-23.8404536407975));
#12829=CARTESIAN_POINT('',(-20.0086033821609,-12.3353279577333,-8.02099020858503));
#12830=CARTESIAN_POINT('',(-28.9848883131998,-17.3298476145085,-20.8404536407975));
#12831=CARTESIAN_POINT('',(-31.0855109278289,-17.3298476145085,-23.8404536407975));
#12832=CARTESIAN_POINT('Origin',(-30.2663588835399,-17.3298476145085,-24.4140300771485));
#12833=CARTESIAN_POINT('',(-30.2663588835399,-12.3353279577333,-25.4140300771485));
#12834=CARTESIAN_POINT('Origin',(-30.2663588835399,-12.3353279577331,-24.4140300771485));
#12835=CARTESIAN_POINT('',(-30.2663588835399,-17.3298476145085,-25.4140300771485));
#12836=CARTESIAN_POINT('Origin',(-30.2663588835399,-17.3298476145085,-25.4140300771485));
#12837=CARTESIAN_POINT('',(-29.0455842947784,-12.3353279577333,-25.4140300771485));
#12838=CARTESIAN_POINT('',(2.53604820818043,-12.3353279577333,-25.4140300771485));
#12839=CARTESIAN_POINT('',(-29.0455842947784,-17.3298476145085,-25.4140300771485));
#12840=CARTESIAN_POINT('Origin',(-29.0455842947784,-17.3298476145085,-24.4140300771485));
#12841=CARTESIAN_POINT('',(-28.2264322504894,-12.3353279577333,-24.9876065134996));
#12842=CARTESIAN_POINT('Origin',(-29.0455842947784,-12.3353279577331,-24.4140300771485));
#12843=CARTESIAN_POINT('',(-28.2264322504894,-17.3298476145085,-24.9876065134996));
#12844=CARTESIAN_POINT('Origin',(-28.2264322504894,-17.3298476145085,-24.9876065134996));
#12845=CARTESIAN_POINT('',(-26.1258096358603,-12.3353279577333,-21.9876065134996));
#12846=CARTESIAN_POINT('',(-18.4006472843723,-12.3353279577333,-10.9549312994626));
#12847=CARTESIAN_POINT('',(-26.1258096358603,-17.3298476145085,-21.9876065134996));
#12848=CARTESIAN_POINT('Origin',(-28.1657362689108,-17.3298476145085,-21.4140300771485));
#12849=CARTESIAN_POINT('',(-28.1657362689107,-12.3353279577333,-20.4140300771485));
#12850=CARTESIAN_POINT('Origin',(-28.1657362689107,-12.3353279577331,-21.4140300771485));
#12851=CARTESIAN_POINT('',(-28.1657362689108,-17.3298476145085,-20.4140300771485));
#12852=CARTESIAN_POINT('Origin',(-26.9449616801493,-17.3298476145085,-20.4140300771485));
#12853=CARTESIAN_POINT('',(-26.9449616801493,-12.3353279577333,-20.4140300771485));
#12854=CARTESIAN_POINT('',(4.1967468098757,-12.3353279577333,-20.4140300771484));
#12855=CARTESIAN_POINT('',(-26.9449616801493,-17.3298476145085,-20.4140300771485));
#12856=CARTESIAN_POINT('Origin',(-26.9449616801493,-17.3298476145085,-21.4140300771485));
#12857=CARTESIAN_POINT('Origin',(-26.9449616801493,-12.3353279577331,-21.4140300771485));
#12858=CARTESIAN_POINT('Origin',(-61.7121610404725,-17.3298476145084,-20.8404536407975));
#12859=CARTESIAN_POINT('',(-61.7121610404725,-12.3353279577333,-20.8404536407975));
#12860=CARTESIAN_POINT('',(-63.8127836551016,-12.3353279577333,-23.8404536407975));
#12861=CARTESIAN_POINT('',(-47.3524045548255,-12.3353279577333,-0.332596038518535));
#12862=CARTESIAN_POINT('',(-61.7121610404725,-17.3298476145084,-20.8404536407975));
#12863=CARTESIAN_POINT('',(-63.8127836551016,-17.3298476145084,-23.8404536407975));
#12864=CARTESIAN_POINT('Origin',(-62.9936316108126,-17.3298476145084,-24.4140300771485));
#12865=CARTESIAN_POINT('',(-62.9936316108126,-12.3353279577333,-25.4140300771485));
#12866=CARTESIAN_POINT('Origin',(-62.9936316108126,-12.3353279577329,-24.4140300771485));
#12867=CARTESIAN_POINT('',(-62.9936316108126,-17.3298476145084,-25.4140300771485));
#12868=CARTESIAN_POINT('Origin',(-62.9936316108126,-17.3298476145084,-25.4140300771485));
#12869=CARTESIAN_POINT('',(-61.7728570220511,-12.3353279577333,-25.4140300771485));
#12870=CARTESIAN_POINT('',(-13.8275881554559,-12.3353279577333,-25.4140300771485));
#12871=CARTESIAN_POINT('',(-61.7728570220511,-17.3298476145084,-25.4140300771485));
#12872=CARTESIAN_POINT('Origin',(-61.7728570220511,-17.3298476145084,-24.4140300771485));
#12873=CARTESIAN_POINT('',(-60.9537049777621,-12.3353279577333,-24.9876065134996));
#12874=CARTESIAN_POINT('Origin',(-61.7728570220511,-12.3353279577329,-24.4140300771485));
#12875=CARTESIAN_POINT('',(-60.9537049777622,-17.3298476145084,-24.9876065134996));
#12876=CARTESIAN_POINT('Origin',(-60.9537049777622,-17.3298476145084,-24.9876065134996));
#12877=CARTESIAN_POINT('',(-58.853082363133,-12.3353279577333,-21.9876065134996));
#12878=CARTESIAN_POINT('',(-45.7444484570369,-12.3353279577333,-3.26653712939614));
#12879=CARTESIAN_POINT('',(-58.853082363133,-17.3298476145084,-21.9876065134996));
#12880=CARTESIAN_POINT('Origin',(-60.8930089961835,-17.3298476145084,-21.4140300771485));
#12881=CARTESIAN_POINT('',(-60.8930089961835,-12.3353279577333,-20.4140300771485));
#12882=CARTESIAN_POINT('Origin',(-60.8930089961835,-12.3353279577329,-21.4140300771485));
#12883=CARTESIAN_POINT('',(-60.8930089961835,-17.3298476145084,-20.4140300771485));
#12884=CARTESIAN_POINT('Origin',(-59.672234407422,-17.3298476145084,-20.4140300771485));
#12885=CARTESIAN_POINT('',(-59.672234407422,-12.3353279577333,-20.4140300771485));
#12886=CARTESIAN_POINT('',(-12.1668895537607,-12.3353279577333,-20.4140300771483));
#12887=CARTESIAN_POINT('',(-59.672234407422,-17.3298476145084,-20.4140300771485));
#12888=CARTESIAN_POINT('Origin',(-59.672234407422,-17.3298476145084,-21.4140300771485));
#12889=CARTESIAN_POINT('Origin',(-59.672234407422,-12.3353279577329,-21.4140300771485));
#12890=CARTESIAN_POINT('Origin',(-73.1615447000991,30.3508641404762,-24.6706921094555));
#12891=CARTESIAN_POINT('',(-73.1615447000991,29.5317120961872,-24.0971156731045));
#12892=CARTESIAN_POINT('',(-73.1615447000991,30.3508641404762,-25.6706921094555));
#12893=CARTESIAN_POINT('Origin',(-73.1615447000991,30.3508641404762,-24.6706921094555));
#12894=CARTESIAN_POINT('',(-71.1615447000989,29.5317120961872,-24.0971156731045));
#12895=CARTESIAN_POINT('',(-73.1615447000991,29.5317120961872,-24.0971156731045));
#12896=CARTESIAN_POINT('',(-71.1615447000989,30.3508641404762,-25.6706921094555));
#12897=CARTESIAN_POINT('Origin',(-71.1615447000989,30.3508641404762,-24.6706921094555));
#12898=CARTESIAN_POINT('',(-73.1615447000991,30.3508641404762,-25.6706921094555));
#12899=CARTESIAN_POINT('Origin',(-73.1615447000991,30.3508641404762,-25.6706921094555));
#12900=CARTESIAN_POINT('',(-73.1615447000991,31.5716387292376,-25.6706921094555));
#12901=CARTESIAN_POINT('',(-73.1615447000991,47.2577680913713,-25.6706921094555));
#12902=CARTESIAN_POINT('',(-71.1615447000989,31.5716387292376,-25.6706921094555));
#12903=CARTESIAN_POINT('',(-71.1615447000989,16.8430843759824,-25.6706921094555));
#12904=CARTESIAN_POINT('',(-73.1615447000991,31.5716387292376,-25.6706921094555));
#12905=CARTESIAN_POINT('Origin',(-73.1615447000991,31.5716387292376,-24.6706921094555));
#12906=CARTESIAN_POINT('',(-73.1615447000991,32.3907907735266,-25.2442685458066));
#12907=CARTESIAN_POINT('Origin',(-73.1615447000991,31.5716387292376,-24.6706921094555));
#12908=CARTESIAN_POINT('',(-71.1615447000989,32.3907907735266,-25.2442685458066));
#12909=CARTESIAN_POINT('Origin',(-71.1615447000989,31.5716387292376,-24.6706921094555));
#12910=CARTESIAN_POINT('',(-73.1615447000991,32.3907907735266,-25.2442685458066));
#12911=CARTESIAN_POINT('Origin',(-73.1615447000991,32.3907907735266,-25.2442685458066));
#12912=CARTESIAN_POINT('',(-73.1615447000991,34.4914133881557,-22.2442685458066));
#12913=CARTESIAN_POINT('',(-73.1615447000991,37.0474111549093,-18.5939254299802));
#12914=CARTESIAN_POINT('',(-71.1615447000989,34.4914133881557,-22.2442685458066));
#12915=CARTESIAN_POINT('',(-71.1615447000989,27.0412865389859,-32.8841523554244));
#12916=CARTESIAN_POINT('',(-73.1615447000991,34.4914133881557,-22.2442685458066));
#12917=CARTESIAN_POINT('Origin',(-73.1615447000991,33.6722613438668,-21.6706921094555));
#12918=CARTESIAN_POINT('',(-73.1615447000991,33.6722613438668,-20.6706921094555));
#12919=CARTESIAN_POINT('Origin',(-73.1615447000991,33.6722613438668,-21.6706921094555));
#12920=CARTESIAN_POINT('',(-71.1615447000989,33.6722613438668,-20.6706921094555));
#12921=CARTESIAN_POINT('Origin',(-71.1615447000989,33.6722613438668,-21.6706921094555));
#12922=CARTESIAN_POINT('',(-73.1615447000991,33.6722613438668,-20.6706921094555));
#12923=CARTESIAN_POINT('Origin',(-73.1615447000991,31.6323347108163,-21.0971156731045));
#12924=CARTESIAN_POINT('',(-73.1615447000991,31.6323347108163,-21.0971156731045));
#12925=CARTESIAN_POINT('',(-73.1615447000991,35.4394550571206,-15.6599843391026));
#12926=CARTESIAN_POINT('',(-71.1615447000989,31.6323347108163,-21.0971156731045));
#12927=CARTESIAN_POINT('',(-73.1615447000991,31.6323347108163,-21.0971156731045));
#12928=CARTESIAN_POINT('',(-71.1615447000989,25.4333304411973,-29.9502112645467));
#12929=CARTESIAN_POINT('Origin',(-73.1615447000991,32.4514867551053,-21.6706921094555));
#12930=CARTESIAN_POINT('',(-73.1615447000991,32.4514867551053,-20.6706921094555));
#12931=CARTESIAN_POINT('Origin',(-73.1615447000991,32.4514867551053,-21.6706921094555));
#12932=CARTESIAN_POINT('',(-71.1615447000989,32.4514867551053,-20.6706921094555));
#12933=CARTESIAN_POINT('',(-73.1615447000991,32.4514867551053,-20.6706921094555));
#12934=CARTESIAN_POINT('Origin',(-71.1615447000989,32.4514867551053,-21.6706921094555));
#12935=CARTESIAN_POINT('Origin',(-73.1615447000991,33.6722613438668,-20.6706921094555));
#12936=CARTESIAN_POINT('',(-73.1615447000991,48.9184666930666,-20.6706921094555));
#12937=CARTESIAN_POINT('',(-71.1615447000989,18.5037829776776,-20.6706921094555));
#12938=CARTESIAN_POINT('Origin',(-73.1615447000991,6.77943556904758,-24.6706921094555));
#12939=CARTESIAN_POINT('',(-73.1615447000991,5.9602835247586,-24.0971156731044));
#12940=CARTESIAN_POINT('',(-73.1615447000991,6.77943556904759,-25.6706921094555));
#12941=CARTESIAN_POINT('Origin',(-73.1615447000991,6.77943556904758,-24.6706921094555));
#12942=CARTESIAN_POINT('',(-71.1615447000989,5.9602835247586,-24.0971156731044));
#12943=CARTESIAN_POINT('',(-73.1615447000991,5.9602835247586,-24.0971156731044));
#12944=CARTESIAN_POINT('',(-71.1615447000989,6.77943556904759,-25.6706921094555));
#12945=CARTESIAN_POINT('Origin',(-71.1615447000989,6.77943556904758,-24.6706921094555));
#12946=CARTESIAN_POINT('',(-73.1615447000991,6.77943556904759,-25.6706921094555));
#12947=CARTESIAN_POINT('Origin',(-73.1615447000991,6.77943556904759,-25.6706921094555));
#12948=CARTESIAN_POINT('',(-73.1615447000991,8.00021015780905,-25.6706921094555));
#12949=CARTESIAN_POINT('',(-73.1615447000991,35.472053805657,-25.6706921094555));
#12950=CARTESIAN_POINT('',(-71.1615447000989,8.00021015780905,-25.6706921094555));
#12951=CARTESIAN_POINT('',(-71.1615447000989,5.05737009026806,-25.6706921094555));
#12952=CARTESIAN_POINT('',(-73.1615447000991,8.00021015780905,-25.6706921094555));
#12953=CARTESIAN_POINT('Origin',(-73.1615447000991,8.00021015780906,-24.6706921094555));
#12954=CARTESIAN_POINT('',(-73.1615447000991,8.81936220209803,-25.2442685458065));
#12955=CARTESIAN_POINT('Origin',(-73.1615447000991,8.00021015780906,-24.6706921094555));
#12956=CARTESIAN_POINT('',(-71.1615447000989,8.81936220209803,-25.2442685458065));
#12957=CARTESIAN_POINT('Origin',(-71.1615447000989,8.00021015780906,-24.6706921094555));
#12958=CARTESIAN_POINT('',(-73.1615447000991,8.81936220209803,-25.2442685458065));
#12959=CARTESIAN_POINT('Origin',(-73.1615447000991,8.81936220209803,-25.2442685458065));
#12960=CARTESIAN_POINT('',(-73.1615447000991,10.9199848167272,-22.2442685458065));
#12961=CARTESIAN_POINT('',(-73.1615447000991,17.3533638817402,-13.0564510574918));
#12962=CARTESIAN_POINT('',(-71.1615447000989,10.9199848167272,-22.2442685458065));
#12963=CARTESIAN_POINT('',(-71.1615447000989,7.34723926581677,-27.346677982936));
#12964=CARTESIAN_POINT('',(-73.1615447000991,10.9199848167272,-22.2442685458065));
#12965=CARTESIAN_POINT('Origin',(-73.1615447000991,10.1008327724382,-21.6706921094555));
#12966=CARTESIAN_POINT('',(-73.1615447000991,10.1008327724382,-20.6706921094555));
#12967=CARTESIAN_POINT('Origin',(-73.1615447000991,10.1008327724382,-21.6706921094555));
#12968=CARTESIAN_POINT('',(-71.1615447000989,10.1008327724382,-20.6706921094555));
#12969=CARTESIAN_POINT('Origin',(-71.1615447000989,10.1008327724382,-21.6706921094555));
#12970=CARTESIAN_POINT('',(-73.1615447000991,10.1008327724382,-20.6706921094555));
#12971=CARTESIAN_POINT('Origin',(-73.1615447000991,8.06090613938773,-21.0971156731044));
#12972=CARTESIAN_POINT('',(-73.1615447000991,8.06090613938773,-21.0971156731044));
#12973=CARTESIAN_POINT('',(-73.1615447000991,15.7454077839515,-10.1225099666141));
#12974=CARTESIAN_POINT('',(-71.1615447000989,8.06090613938773,-21.0971156731044));
#12975=CARTESIAN_POINT('',(-73.1615447000991,8.06090613938773,-21.0971156731044));
#12976=CARTESIAN_POINT('',(-71.1615447000989,5.73928316802813,-24.4127368920583));
#12977=CARTESIAN_POINT('Origin',(-73.1615447000991,8.88005818367672,-21.6706921094555));
#12978=CARTESIAN_POINT('',(-73.1615447000991,8.88005818367672,-20.6706921094555));
#12979=CARTESIAN_POINT('Origin',(-73.1615447000991,8.88005818367672,-21.6706921094555));
#12980=CARTESIAN_POINT('',(-71.1615447000989,8.88005818367672,-20.6706921094555));
#12981=CARTESIAN_POINT('',(-73.1615447000991,8.88005818367672,-20.6706921094555));
#12982=CARTESIAN_POINT('Origin',(-71.1615447000989,8.88005818367672,-21.6706921094555));
#12983=CARTESIAN_POINT('Origin',(-73.1615447000991,10.1008327724382,-20.6706921094555));
#12984=CARTESIAN_POINT('',(-73.1615447000991,37.1327524073523,-20.6706921094554));
#12985=CARTESIAN_POINT('',(-71.1615447000989,6.71806869196335,-20.6706921094555));
#12986=CARTESIAN_POINT('Origin',(-73.1615447000991,38.208006997619,-24.6706921094555));
#12987=CARTESIAN_POINT('',(-73.1615447000991,37.38885495333,-24.0971156731045));
#12988=CARTESIAN_POINT('',(-73.1615447000991,38.208006997619,-25.6706921094555));
#12989=CARTESIAN_POINT('Origin',(-73.1615447000991,38.208006997619,-24.6706921094555));
#12990=CARTESIAN_POINT('',(-71.1615447000989,37.38885495333,-24.0971156731045));
#12991=CARTESIAN_POINT('',(-73.1615447000991,37.38885495333,-24.0971156731045));
#12992=CARTESIAN_POINT('',(-71.1615447000989,38.208006997619,-25.6706921094555));
#12993=CARTESIAN_POINT('Origin',(-71.1615447000989,38.208006997619,-24.6706921094555));
#12994=CARTESIAN_POINT('',(-73.1615447000991,38.208006997619,-25.6706921094555));
#12995=CARTESIAN_POINT('Origin',(-73.1615447000991,38.208006997619,-25.6706921094555));
#12996=CARTESIAN_POINT('',(-73.1615447000991,39.4287815863805,-25.6706921094555));
#12997=CARTESIAN_POINT('',(-73.1615447000991,51.1863395199428,-25.6706921094555));
#12998=CARTESIAN_POINT('',(-71.1615447000989,39.4287815863805,-25.6706921094555));
#12999=CARTESIAN_POINT('',(-71.1615447000989,20.7716558045538,-25.6706921094555));
#13000=CARTESIAN_POINT('',(-73.1615447000991,39.4287815863805,-25.6706921094555));
#13001=CARTESIAN_POINT('Origin',(-73.1615447000991,39.4287815863805,-24.6706921094555));
#13002=CARTESIAN_POINT('',(-73.1615447000991,40.2479336306695,-25.2442685458066));
#13003=CARTESIAN_POINT('Origin',(-73.1615447000991,39.4287815863805,-24.6706921094555));
#13004=CARTESIAN_POINT('',(-71.1615447000989,40.2479336306695,-25.2442685458066));
#13005=CARTESIAN_POINT('Origin',(-71.1615447000989,39.4287815863805,-24.6706921094555));
#13006=CARTESIAN_POINT('',(-73.1615447000991,40.2479336306695,-25.2442685458066));
#13007=CARTESIAN_POINT('Origin',(-73.1615447000991,40.2479336306695,-25.2442685458066));
#13008=CARTESIAN_POINT('',(-73.1615447000991,42.3485562452986,-22.2442685458066));
#13009=CARTESIAN_POINT('',(-73.1615447000991,43.612093579299,-20.4397502208096));
#13010=CARTESIAN_POINT('',(-71.1615447000989,42.3485562452986,-22.2442685458066));
#13011=CARTESIAN_POINT('',(-71.1615447000989,33.6059689633756,-34.7299771462538));
#13012=CARTESIAN_POINT('',(-73.1615447000991,42.3485562452986,-22.2442685458066));
#13013=CARTESIAN_POINT('Origin',(-73.1615447000991,41.5294042010096,-21.6706921094555));
#13014=CARTESIAN_POINT('',(-73.1615447000991,41.5294042010096,-20.6706921094555));
#13015=CARTESIAN_POINT('Origin',(-73.1615447000991,41.5294042010096,-21.6706921094555));
#13016=CARTESIAN_POINT('',(-71.1615447000989,41.5294042010096,-20.6706921094555));
#13017=CARTESIAN_POINT('Origin',(-71.1615447000989,41.5294042010096,-21.6706921094555));
#13018=CARTESIAN_POINT('',(-73.1615447000991,41.5294042010096,-20.6706921094555));
#13019=CARTESIAN_POINT('Origin',(-73.1615447000991,39.4894775679592,-21.0971156731045));
#13020=CARTESIAN_POINT('',(-73.1615447000991,39.4894775679592,-21.0971156731045));
#13021=CARTESIAN_POINT('',(-73.1615447000991,42.0041374815104,-17.505809129932));
#13022=CARTESIAN_POINT('',(-71.1615447000989,39.4894775679592,-21.0971156731045));
#13023=CARTESIAN_POINT('',(-73.1615447000991,39.4894775679592,-21.0971156731045));
#13024=CARTESIAN_POINT('',(-71.1615447000989,31.998012865587,-31.7960360553762));
#13025=CARTESIAN_POINT('Origin',(-73.1615447000991,40.3086296122482,-21.6706921094555));
#13026=CARTESIAN_POINT('',(-73.1615447000991,40.3086296122481,-20.6706921094555));
#13027=CARTESIAN_POINT('Origin',(-73.1615447000991,40.3086296122482,-21.6706921094555));
#13028=CARTESIAN_POINT('',(-71.1615447000989,40.3086296122481,-20.6706921094555));
#13029=CARTESIAN_POINT('',(-73.1615447000991,40.3086296122481,-20.6706921094555));
#13030=CARTESIAN_POINT('Origin',(-71.1615447000989,40.3086296122482,-21.6706921094555));
#13031=CARTESIAN_POINT('Origin',(-73.1615447000991,41.5294042010096,-20.6706921094555));
#13032=CARTESIAN_POINT('',(-73.1615447000991,52.847038121638,-20.6706921094555));
#13033=CARTESIAN_POINT('',(-71.1615447000989,22.4323544062491,-20.6706921094556));
#13034=CARTESIAN_POINT('Origin',(-73.1615447000991,22.4937212833333,-24.6706921094555));
#13035=CARTESIAN_POINT('',(-73.1615447000991,21.6745692390443,-24.0971156731045));
#13036=CARTESIAN_POINT('',(-73.1615447000991,22.4937212833333,-25.6706921094555));
#13037=CARTESIAN_POINT('Origin',(-73.1615447000991,22.4937212833333,-24.6706921094555));
#13038=CARTESIAN_POINT('',(-71.1615447000989,21.6745692390443,-24.0971156731045));
#13039=CARTESIAN_POINT('',(-73.1615447000991,21.6745692390443,-24.0971156731045));
#13040=CARTESIAN_POINT('',(-71.1615447000989,22.4937212833333,-25.6706921094555));
#13041=CARTESIAN_POINT('Origin',(-71.1615447000989,22.4937212833333,-24.6706921094555));
#13042=CARTESIAN_POINT('',(-73.1615447000991,22.4937212833333,-25.6706921094555));
#13043=CARTESIAN_POINT('Origin',(-73.1615447000991,22.4937212833333,-25.6706921094555));
#13044=CARTESIAN_POINT('',(-73.1615447000991,23.7144958720948,-25.6706921094555));
#13045=CARTESIAN_POINT('',(-73.1615447000991,43.3291966627999,-25.6706921094555));
#13046=CARTESIAN_POINT('',(-71.1615447000989,23.7144958720948,-25.6706921094555));
#13047=CARTESIAN_POINT('',(-71.1615447000989,12.9145129474109,-25.6706921094555));
#13048=CARTESIAN_POINT('',(-73.1615447000991,23.7144958720948,-25.6706921094555));
#13049=CARTESIAN_POINT('Origin',(-73.1615447000991,23.7144958720948,-24.6706921094555));
#13050=CARTESIAN_POINT('',(-73.1615447000991,24.5336479163837,-25.2442685458065));
#13051=CARTESIAN_POINT('Origin',(-73.1615447000991,23.7144958720948,-24.6706921094555));
#13052=CARTESIAN_POINT('',(-71.1615447000989,24.5336479163837,-25.2442685458065));
#13053=CARTESIAN_POINT('Origin',(-71.1615447000989,23.7144958720948,-24.6706921094555));
#13054=CARTESIAN_POINT('',(-73.1615447000991,24.5336479163837,-25.2442685458065));
#13055=CARTESIAN_POINT('Origin',(-73.1615447000991,24.5336479163837,-25.2442685458065));
#13056=CARTESIAN_POINT('',(-73.1615447000991,26.6342705310129,-22.2442685458065));
#13057=CARTESIAN_POINT('',(-73.1615447000991,30.4827287305196,-16.7481006391507));
#13058=CARTESIAN_POINT('',(-71.1615447000989,26.6342705310129,-22.2442685458065));
#13059=CARTESIAN_POINT('',(-71.1615447000989,20.4766041145962,-31.0383275645949));
#13060=CARTESIAN_POINT('',(-73.1615447000991,26.6342705310129,-22.2442685458065));
#13061=CARTESIAN_POINT('Origin',(-73.1615447000991,25.8151184867239,-21.6706921094555));
#13062=CARTESIAN_POINT('',(-73.1615447000991,25.8151184867239,-20.6706921094555));
#13063=CARTESIAN_POINT('Origin',(-73.1615447000991,25.8151184867239,-21.6706921094555));
#13064=CARTESIAN_POINT('',(-71.1615447000989,25.8151184867239,-20.6706921094555));
#13065=CARTESIAN_POINT('Origin',(-71.1615447000989,25.8151184867239,-21.6706921094555));
#13066=CARTESIAN_POINT('',(-73.1615447000991,25.8151184867239,-20.6706921094555));
#13067=CARTESIAN_POINT('Origin',(-73.1615447000991,23.7751918536734,-21.0971156731044));
#13068=CARTESIAN_POINT('',(-73.1615447000991,23.7751918536734,-21.0971156731044));
#13069=CARTESIAN_POINT('',(-73.1615447000991,28.8747726327309,-13.8141595482731));
#13070=CARTESIAN_POINT('',(-71.1615447000989,23.7751918536734,-21.0971156731044));
#13071=CARTESIAN_POINT('',(-73.1615447000991,23.7751918536734,-21.0971156731044));
#13072=CARTESIAN_POINT('',(-71.1615447000989,18.8686480168076,-28.1043864737173));
#13073=CARTESIAN_POINT('Origin',(-73.1615447000991,24.5943438979624,-21.6706921094555));
#13074=CARTESIAN_POINT('',(-73.1615447000991,24.5943438979624,-20.6706921094555));
#13075=CARTESIAN_POINT('Origin',(-73.1615447000991,24.5943438979624,-21.6706921094555));
#13076=CARTESIAN_POINT('',(-71.1615447000989,24.5943438979624,-20.6706921094555));
#13077=CARTESIAN_POINT('',(-73.1615447000991,24.5943438979624,-20.6706921094555));
#13078=CARTESIAN_POINT('Origin',(-71.1615447000989,24.5943438979624,-21.6706921094555));
#13079=CARTESIAN_POINT('Origin',(-73.1615447000991,25.8151184867239,-20.6706921094555));
#13080=CARTESIAN_POINT('',(-73.1615447000991,44.9898952644952,-20.6706921094555));
#13081=CARTESIAN_POINT('',(-71.1615447000989,14.5752115491062,-20.6706921094555));
#13082=CARTESIAN_POINT('Origin',(-73.1615447000991,14.6365784261904,-24.6706921094555));
#13083=CARTESIAN_POINT('',(-73.1615447000991,13.8174263819015,-24.0971156731044));
#13084=CARTESIAN_POINT('',(-73.1615447000991,14.6365784261904,-25.6706921094555));
#13085=CARTESIAN_POINT('Origin',(-73.1615447000991,14.6365784261904,-24.6706921094555));
#13086=CARTESIAN_POINT('',(-71.1615447000989,13.8174263819015,-24.0971156731044));
#13087=CARTESIAN_POINT('',(-73.1615447000991,13.8174263819015,-24.0971156731044));
#13088=CARTESIAN_POINT('',(-71.1615447000989,14.6365784261904,-25.6706921094555));
#13089=CARTESIAN_POINT('Origin',(-71.1615447000989,14.6365784261904,-24.6706921094555));
#13090=CARTESIAN_POINT('',(-73.1615447000991,14.6365784261904,-25.6706921094555));
#13091=CARTESIAN_POINT('Origin',(-73.1615447000991,14.6365784261904,-25.6706921094555));
#13092=CARTESIAN_POINT('',(-73.1615447000991,15.8573530149519,-25.6706921094555));
#13093=CARTESIAN_POINT('',(-73.1615447000991,39.4006252342285,-25.6706921094555));
#13094=CARTESIAN_POINT('',(-71.1615447000989,15.8573530149519,-25.6706921094555));
#13095=CARTESIAN_POINT('',(-71.1615447000989,8.98594151883949,-25.6706921094555));
#13096=CARTESIAN_POINT('',(-73.1615447000991,15.8573530149519,-25.6706921094555));
#13097=CARTESIAN_POINT('Origin',(-73.1615447000991,15.8573530149519,-24.6706921094555));
#13098=CARTESIAN_POINT('',(-73.1615447000991,16.6765050592409,-25.2442685458065));
#13099=CARTESIAN_POINT('Origin',(-73.1615447000991,15.8573530149519,-24.6706921094555));
#13100=CARTESIAN_POINT('',(-71.1615447000989,16.6765050592409,-25.2442685458065));
#13101=CARTESIAN_POINT('Origin',(-71.1615447000989,15.8573530149519,-24.6706921094555));
#13102=CARTESIAN_POINT('',(-73.1615447000991,16.6765050592409,-25.2442685458065));
#13103=CARTESIAN_POINT('Origin',(-73.1615447000991,16.6765050592409,-25.2442685458065));
#13104=CARTESIAN_POINT('',(-73.1615447000991,18.77712767387,-22.2442685458065));
#13105=CARTESIAN_POINT('',(-73.1615447000991,23.9180463061299,-14.9022758483212));
#13106=CARTESIAN_POINT('',(-71.1615447000989,18.77712767387,-22.2442685458065));
#13107=CARTESIAN_POINT('',(-71.1615447000989,13.9119216902065,-29.1925027737654));
#13108=CARTESIAN_POINT('',(-73.1615447000991,18.77712767387,-22.2442685458065));
#13109=CARTESIAN_POINT('Origin',(-73.1615447000991,17.957975629581,-21.6706921094555));
#13110=CARTESIAN_POINT('',(-73.1615447000991,17.957975629581,-20.6706921094555));
#13111=CARTESIAN_POINT('Origin',(-73.1615447000991,17.957975629581,-21.6706921094555));
#13112=CARTESIAN_POINT('',(-71.1615447000989,17.957975629581,-20.6706921094555));
#13113=CARTESIAN_POINT('Origin',(-71.1615447000989,17.957975629581,-21.6706921094555));
#13114=CARTESIAN_POINT('',(-73.1615447000991,17.957975629581,-20.6706921094555));
#13115=CARTESIAN_POINT('Origin',(-73.1615447000991,15.9180489965306,-21.0971156731044));
#13116=CARTESIAN_POINT('',(-73.1615447000991,15.9180489965306,-21.0971156731044));
#13117=CARTESIAN_POINT('',(-73.1615447000991,22.3100902083412,-11.9683347574436));
#13118=CARTESIAN_POINT('',(-71.1615447000989,15.9180489965306,-21.0971156731044));
#13119=CARTESIAN_POINT('',(-73.1615447000991,15.9180489965306,-21.0971156731044));
#13120=CARTESIAN_POINT('',(-71.1615447000989,12.3039655924178,-26.2585616828878));
#13121=CARTESIAN_POINT('Origin',(-73.1615447000991,16.7372010408196,-21.6706921094555));
#13122=CARTESIAN_POINT('',(-73.1615447000991,16.7372010408196,-20.6706921094555));
#13123=CARTESIAN_POINT('Origin',(-73.1615447000991,16.7372010408196,-21.6706921094555));
#13124=CARTESIAN_POINT('',(-71.1615447000989,16.7372010408196,-20.6706921094555));
#13125=CARTESIAN_POINT('',(-73.1615447000991,16.7372010408196,-20.6706921094555));
#13126=CARTESIAN_POINT('Origin',(-71.1615447000989,16.7372010408196,-21.6706921094555));
#13127=CARTESIAN_POINT('Origin',(-73.1615447000991,17.957975629581,-20.6706921094555));
#13128=CARTESIAN_POINT('',(-73.1615447000991,41.0613238359238,-20.6706921094554));
#13129=CARTESIAN_POINT('',(-71.1615447000989,10.6466401205348,-20.6706921094555));
#13130=CARTESIAN_POINT('Origin',(-73.1615447000991,46.0651498547619,-24.6706921094555));
#13131=CARTESIAN_POINT('',(-73.1615447000991,45.2459978104729,-24.0971156731045));
#13132=CARTESIAN_POINT('',(-73.1615447000991,46.0651498547619,-25.6706921094555));
#13133=CARTESIAN_POINT('Origin',(-73.1615447000991,46.0651498547619,-24.6706921094555));
#13134=CARTESIAN_POINT('',(-71.1615447000989,45.2459978104729,-24.0971156731045));
#13135=CARTESIAN_POINT('',(-73.1615447000991,45.2459978104729,-24.0971156731045));
#13136=CARTESIAN_POINT('',(-71.1615447000989,46.0651498547619,-25.6706921094555));
#13137=CARTESIAN_POINT('Origin',(-71.1615447000989,46.0651498547619,-24.6706921094555));
#13138=CARTESIAN_POINT('',(-73.1615447000991,46.0651498547619,-25.6706921094555));
#13139=CARTESIAN_POINT('Origin',(-73.1615447000991,46.0651498547619,-25.6706921094555));
#13140=CARTESIAN_POINT('',(-73.1615447000991,47.2859244435233,-25.6706921094555));
#13141=CARTESIAN_POINT('',(-73.1615447000991,55.1149109485142,-25.6706921094555));
#13142=CARTESIAN_POINT('',(-71.1615447000989,47.2859244435233,-25.6706921094555));
#13143=CARTESIAN_POINT('',(-71.1615447000989,24.7002272331252,-25.6706921094555));
#13144=CARTESIAN_POINT('',(-73.1615447000991,47.2859244435233,-25.6706921094555));
#13145=CARTESIAN_POINT('Origin',(-73.1615447000991,47.2859244435233,-24.6706921094555));
#13146=CARTESIAN_POINT('',(-73.1615447000991,48.1050764878123,-25.2442685458066));
#13147=CARTESIAN_POINT('Origin',(-73.1615447000991,47.2859244435233,-24.6706921094555));
#13148=CARTESIAN_POINT('',(-71.1615447000989,48.1050764878123,-25.2442685458066));
#13149=CARTESIAN_POINT('Origin',(-71.1615447000989,47.2859244435233,-24.6706921094555));
#13150=CARTESIAN_POINT('',(-73.1615447000991,48.1050764878123,-25.2442685458066));
#13151=CARTESIAN_POINT('Origin',(-73.1615447000991,48.1050764878123,-25.2442685458066));
#13152=CARTESIAN_POINT('',(-73.1615447000991,50.2056991024415,-22.2442685458066));
#13153=CARTESIAN_POINT('',(-73.1615447000991,50.1767760036887,-22.2855750116391));
#13154=CARTESIAN_POINT('',(-71.1615447000989,40.1706513877653,-36.5758019370833));
#13155=CARTESIAN_POINT('',(-73.1615447000991,50.2056991024415,-22.2442685458066));
#13156=CARTESIAN_POINT('Origin',(-73.1615447000991,49.3865470581525,-21.6706921094555));
#13157=CARTESIAN_POINT('',(-73.1615447000991,49.3865470581525,-20.6706921094555));
#13158=CARTESIAN_POINT('Origin',(-73.1615447000991,49.3865470581525,-21.6706921094555));
#13159=CARTESIAN_POINT('',(-71.1615447000989,49.3865470581525,-20.6706921094555));
#13160=CARTESIAN_POINT('Origin',(-71.1615447000989,49.3865470581525,-21.6706921094555));
#13161=CARTESIAN_POINT('',(-73.1615447000991,49.3865470581525,-20.6706921094555));
#13162=CARTESIAN_POINT('Origin',(-73.1615447000991,47.346620425102,-21.0971156731045));
#13163=CARTESIAN_POINT('',(-73.1615447000991,47.346620425102,-21.0971156731045));
#13164=CARTESIAN_POINT('',(-73.1615447000991,48.5688199059001,-19.3516339207615));
#13165=CARTESIAN_POINT('',(-71.1615447000989,47.346620425102,-21.0971156731045));
#13166=CARTESIAN_POINT('',(-73.1615447000991,47.346620425102,-21.0971156731045));
#13167=CARTESIAN_POINT('',(-71.1615447000989,38.5626952899767,-33.6418608462057));
#13168=CARTESIAN_POINT('Origin',(-73.1615447000991,48.165772469391,-21.6706921094555));
#13169=CARTESIAN_POINT('',(-73.1615447000991,48.165772469391,-20.6706921094555));
#13170=CARTESIAN_POINT('Origin',(-73.1615447000991,48.165772469391,-21.6706921094555));
#13171=CARTESIAN_POINT('',(-71.1615447000989,48.165772469391,-20.6706921094555));
#13172=CARTESIAN_POINT('',(-73.1615447000991,48.165772469391,-20.6706921094555));
#13173=CARTESIAN_POINT('Origin',(-71.1615447000989,48.165772469391,-21.6706921094555));
#13174=CARTESIAN_POINT('Origin',(-73.1615447000991,49.3865470581525,-20.6706921094555));
#13175=CARTESIAN_POINT('',(-73.1615447000991,56.7756095502095,-20.6706921094555));
#13176=CARTESIAN_POINT('',(-71.1615447000989,26.3609258348205,-20.6706921094556));
#13177=CARTESIAN_POINT('Origin',(-71.1615447000989,3.33530461148854,-27.6706921094555));
#13178=CARTESIAN_POINT('',(-71.1615447000989,3.33530461148854,-2.92069210945552));
#13179=CARTESIAN_POINT('',(-71.1615447000989,14.9999883268777,-2.92069210945552));
#13180=CARTESIAN_POINT('',(-71.1615447000989,3.33530461148854,-27.6706921094555));
#13181=CARTESIAN_POINT('Origin',(38.8384552999014,23.7144958720948,-25.6706921094555));
#13182=CARTESIAN_POINT('',(36.8384552999012,22.4937212833333,-25.6706921094555));
#13183=CARTESIAN_POINT('',(36.8384552999012,23.7144958720948,-25.6706921094555));
#13184=CARTESIAN_POINT('',(36.8384552999012,36.8563518934011,-25.6706921094555));
#13185=CARTESIAN_POINT('',(38.8384552999014,22.4937212833333,-25.6706921094555));
#13186=CARTESIAN_POINT('',(38.8384552999014,23.7144958720948,-25.6706921094555));
#13187=CARTESIAN_POINT('Origin',(38.8384552999014,23.7144958720948,-24.6706921094555));
#13188=CARTESIAN_POINT('',(36.8384552999012,24.5336479163837,-25.2442685458065));
#13189=CARTESIAN_POINT('Origin',(36.8384552999012,23.7144958720948,-24.6706921094555));
#13190=CARTESIAN_POINT('',(38.8384552999014,24.5336479163837,-25.2442685458065));
#13191=CARTESIAN_POINT('Origin',(38.8384552999014,26.6342705310129,-22.2442685458065));
#13192=CARTESIAN_POINT('',(36.8384552999012,26.6342705310129,-22.2442685458065));
#13193=CARTESIAN_POINT('',(36.8384552999012,29.2027280287758,-18.5761310899746));
#13194=CARTESIAN_POINT('',(38.8384552999014,26.6342705310129,-22.2442685458065));
#13195=CARTESIAN_POINT('Origin',(38.8384552999014,25.8151184867239,-21.6706921094555));
#13196=CARTESIAN_POINT('',(36.8384552999012,25.8151184867239,-20.6706921094555));
#13197=CARTESIAN_POINT('Origin',(36.8384552999012,25.8151184867239,-21.6706921094555));
#13198=CARTESIAN_POINT('',(38.8384552999014,25.8151184867239,-20.6706921094555));
#13199=CARTESIAN_POINT('Origin',(38.8384552999014,24.5943438979624,-20.6706921094555));
#13200=CARTESIAN_POINT('',(36.8384552999012,24.5943438979624,-20.6706921094555));
#13201=CARTESIAN_POINT('',(36.8384552999012,37.2962759063349,-20.6706921094555));
#13202=CARTESIAN_POINT('',(38.8384552999014,24.5943438979624,-20.6706921094555));
#13203=CARTESIAN_POINT('Origin',(38.8384552999014,24.5943438979624,-21.6706921094555));
#13204=CARTESIAN_POINT('',(36.8384552999012,23.7751918536734,-21.0971156731044));
#13205=CARTESIAN_POINT('Origin',(36.8384552999012,24.5943438979624,-21.6706921094555));
#13206=CARTESIAN_POINT('',(38.8384552999014,23.7751918536734,-21.0971156731044));
#13207=CARTESIAN_POINT('Origin',(38.8384552999014,21.6745692390443,-24.0971156731045));
#13208=CARTESIAN_POINT('',(36.8384552999012,21.6745692390443,-24.0971156731045));
#13209=CARTESIAN_POINT('',(36.8384552999012,25.494149316358,-18.642189999097));
#13210=CARTESIAN_POINT('',(38.8384552999014,21.6745692390443,-24.0971156731045));
#13211=CARTESIAN_POINT('Origin',(38.8384552999014,22.4937212833333,-24.6706921094555));
#13212=CARTESIAN_POINT('Origin',(36.8384552999012,22.4937212833333,-24.6706921094555));
#13213=CARTESIAN_POINT('Origin',(38.8384552999014,50.2056991024415,-22.2442685458066));
#13214=CARTESIAN_POINT('',(36.8384552999012,48.1050764878123,-25.2442685458066));
#13215=CARTESIAN_POINT('',(36.8384552999012,49.9982079147074,-22.5405966719855));
#13216=CARTESIAN_POINT('',(36.8384552999012,48.8967753019449,-24.113605462463));
#13217=CARTESIAN_POINT('',(38.8384552999014,48.1050764878123,-25.2442685458066));
#13218=CARTESIAN_POINT('',(35.4924400479762,50.2056991024415,-22.2442685458066));
#13219=CARTESIAN_POINT('',(38.8384552999014,50.2056991024415,-22.2442685458066));
#13220=CARTESIAN_POINT('Origin',(36.5319277474896,52.4793449241474,-18.9971657974997));
#13221=CARTESIAN_POINT('Origin',(38.8384552999014,49.3865470581525,-21.6706921094555));
#13222=CARTESIAN_POINT('',(35.8384552999014,50.0774506790907,-20.947745232725));
#13223=CARTESIAN_POINT('',(36.8384552999012,49.9982079147074,-20.8795720196092));
#13224=CARTESIAN_POINT('Ctrl Pts',(35.8384552999014,50.0774506790907,-20.947745232725));
#13225=CARTESIAN_POINT('Ctrl Pts',(35.8397975861101,50.0770631355906,-20.9473748663591));
#13226=CARTESIAN_POINT('Ctrl Pts',(35.8411408502154,50.0766765295742,-20.9470059893378));
#13227=CARTESIAN_POINT('Ctrl Pts',(36.0604859391639,50.0137456994204,-20.8870576299665));
#13228=CARTESIAN_POINT('Ctrl Pts',(36.3040794104073,49.9793449241473,-20.8653408258085));
#13229=CARTESIAN_POINT('Ctrl Pts',(36.5319277474896,49.9793449241473,-20.8653408258085));
#13230=CARTESIAN_POINT('Ctrl Pts',(36.6322110647277,49.9793449241473,-20.8653408258085));
#13231=CARTESIAN_POINT('Ctrl Pts',(36.7355889665341,49.9854994809237,-20.8697463918779));
#13232=CARTESIAN_POINT('Ctrl Pts',(36.8384552999012,49.9982079147074,-20.8795720196091));
#13233=CARTESIAN_POINT('Ctrl Pts',(35.4924400479762,50.2056991024415,-22.2442685458066));
#13234=CARTESIAN_POINT('Ctrl Pts',(35.4196320890985,50.2389861592722,-22.1967297019435));
#13235=CARTESIAN_POINT('Ctrl Pts',(35.354571594165,50.2730544196157,-22.1397824019811));
#13236=CARTESIAN_POINT('Ctrl Pts',(35.2601115775128,50.326528324571,-22.0166702640794));
#13237=CARTESIAN_POINT('Ctrl Pts',(35.2241761504901,50.348479937289,-21.9529590465492));
#13238=CARTESIAN_POINT('Ctrl Pts',(35.1763092417178,50.3786074136437,-21.8149347725245));
#13239=CARTESIAN_POINT('Ctrl Pts',(35.1643762522662,50.3865470581525,-21.7405707835528));
#13240=CARTESIAN_POINT('Ctrl Pts',(35.1643762522662,50.3865470581525,-21.6008134353583));
#13241=CARTESIAN_POINT('Ctrl Pts',(35.1763092417178,50.3786074136437,-21.5264494463866));
#13242=CARTESIAN_POINT('Ctrl Pts',(35.2241761504901,50.348479937289,-21.3884251723619));
#13243=CARTESIAN_POINT('Ctrl Pts',(35.2601115775127,50.326528324571,-21.3247139548316));
#13244=CARTESIAN_POINT('Ctrl Pts',(35.3658935126193,50.2666450708479,-21.1868456731618));
#13245=CARTESIAN_POINT('Ctrl Pts',(35.4471884226873,50.2247148876211,-21.1212991455979));
#13246=CARTESIAN_POINT('Ctrl Pts',(35.6297528188807,50.1457102263039,-21.0165343485371));
#13247=CARTESIAN_POINT('Ctrl Pts',(35.7309551292649,50.1084880183078,-20.9774069004624));
#13248=CARTESIAN_POINT('Ctrl Pts',(35.8384552999014,50.0774506790907,-20.947745232725));
#13249=CARTESIAN_POINT('',(36.8384552999012,49.3865470581525,-20.6706921094555));
#13250=CARTESIAN_POINT('',(38.8384552999014,49.3865470581525,-20.6706921094555));
#13251=CARTESIAN_POINT('Origin',(36.8384552999012,49.3865470581525,-21.6706921094555));
#13252=CARTESIAN_POINT('Origin',(38.8384552999014,48.165772469391,-20.6706921094555));
#13253=CARTESIAN_POINT('',(36.8384552999012,48.165772469391,-20.6706921094555));
#13254=CARTESIAN_POINT('',(36.8384552999012,49.0819901920492,-20.6706921094555));
#13255=CARTESIAN_POINT('',(38.8384552999014,48.165772469391,-20.6706921094555));
#13256=CARTESIAN_POINT('Origin',(38.8384552999014,48.165772469391,-21.6706921094555));
#13257=CARTESIAN_POINT('',(36.8384552999012,47.346620425102,-21.0971156731045));
#13258=CARTESIAN_POINT('Origin',(36.8384552999012,48.165772469391,-21.6706921094555));
#13259=CARTESIAN_POINT('',(38.8384552999014,47.346620425102,-21.0971156731045));
#13260=CARTESIAN_POINT('Origin',(38.8384552999014,45.2459978104729,-24.0971156731045));
#13261=CARTESIAN_POINT('',(36.8384552999012,45.2459978104729,-24.0971156731045));
#13262=CARTESIAN_POINT('',(36.8384552999012,45.1881965895272,-24.1796643715854));
#13263=CARTESIAN_POINT('',(38.8384552999014,45.2459978104729,-24.0971156731045));
#13264=CARTESIAN_POINT('Origin',(38.8384552999014,46.0651498547619,-24.6706921094555));
#13265=CARTESIAN_POINT('',(36.8384552999012,46.0651498547619,-25.6706921094555));
#13266=CARTESIAN_POINT('Origin',(36.8384552999012,46.0651498547619,-24.6706921094555));
#13267=CARTESIAN_POINT('',(38.8384552999014,46.0651498547619,-25.6706921094555));
#13268=CARTESIAN_POINT('Origin',(38.8384552999014,47.2859244435233,-25.6706921094555));
#13269=CARTESIAN_POINT('',(36.8384552999012,47.2859244435233,-25.6706921094555));
#13270=CARTESIAN_POINT('',(36.8384552999012,48.6420661791154,-25.6706921094555));
#13271=CARTESIAN_POINT('',(38.8384552999014,47.2859244435233,-25.6706921094555));
#13272=CARTESIAN_POINT('Origin',(38.8384552999014,47.2859244435233,-24.6706921094555));
#13273=CARTESIAN_POINT('Origin',(36.8384552999012,47.2859244435233,-24.6706921094555));
#13274=CARTESIAN_POINT('Origin',(38.8384552999014,15.8573530149519,-25.6706921094555));
#13275=CARTESIAN_POINT('',(36.8384552999012,14.6365784261904,-25.6706921094555));
#13276=CARTESIAN_POINT('',(36.8384552999012,15.8573530149519,-25.6706921094555));
#13277=CARTESIAN_POINT('',(36.8384552999012,32.9277804648296,-25.6706921094555));
#13278=CARTESIAN_POINT('',(38.8384552999014,14.6365784261904,-25.6706921094555));
#13279=CARTESIAN_POINT('',(38.8384552999014,15.8573530149519,-25.6706921094555));
#13280=CARTESIAN_POINT('Origin',(38.8384552999014,15.8573530149519,-24.6706921094555));
#13281=CARTESIAN_POINT('',(36.8384552999012,16.6765050592409,-25.2442685458065));
#13282=CARTESIAN_POINT('Origin',(36.8384552999012,15.8573530149519,-24.6706921094555));
#13283=CARTESIAN_POINT('',(38.8384552999014,16.6765050592409,-25.2442685458065));
#13284=CARTESIAN_POINT('Origin',(38.8384552999014,18.77712767387,-22.2442685458065));
#13285=CARTESIAN_POINT('',(36.8384552999012,18.77712767387,-22.2442685458065));
#13286=CARTESIAN_POINT('',(36.8384552999012,22.6380456043861,-16.7303062991451));
#13287=CARTESIAN_POINT('',(38.8384552999014,18.77712767387,-22.2442685458065));
#13288=CARTESIAN_POINT('Origin',(38.8384552999014,17.957975629581,-21.6706921094555));
#13289=CARTESIAN_POINT('',(36.8384552999012,17.957975629581,-20.6706921094555));
#13290=CARTESIAN_POINT('Origin',(36.8384552999012,17.957975629581,-21.6706921094555));
#13291=CARTESIAN_POINT('',(38.8384552999014,17.957975629581,-20.6706921094555));
#13292=CARTESIAN_POINT('Origin',(38.8384552999014,16.7372010408196,-20.6706921094555));
#13293=CARTESIAN_POINT('',(36.8384552999012,16.7372010408196,-20.6706921094555));
#13294=CARTESIAN_POINT('',(36.8384552999012,33.3677044777635,-20.6706921094554));
#13295=CARTESIAN_POINT('',(38.8384552999014,16.7372010408196,-20.6706921094555));
#13296=CARTESIAN_POINT('Origin',(38.8384552999014,16.7372010408196,-21.6706921094555));
#13297=CARTESIAN_POINT('',(36.8384552999012,15.9180489965306,-21.0971156731044));
#13298=CARTESIAN_POINT('Origin',(36.8384552999012,16.7372010408196,-21.6706921094555));
#13299=CARTESIAN_POINT('',(38.8384552999014,15.9180489965306,-21.0971156731044));
#13300=CARTESIAN_POINT('Origin',(38.8384552999014,13.8174263819015,-24.0971156731044));
#13301=CARTESIAN_POINT('',(36.8384552999012,13.8174263819015,-24.0971156731044));
#13302=CARTESIAN_POINT('',(36.8384552999012,18.9294668919683,-16.7963652082675));
#13303=CARTESIAN_POINT('',(38.8384552999014,13.8174263819015,-24.0971156731044));
#13304=CARTESIAN_POINT('Origin',(38.8384552999014,14.6365784261904,-24.6706921094555));
#13305=CARTESIAN_POINT('Origin',(36.8384552999012,14.6365784261904,-24.6706921094555));
#13306=CARTESIAN_POINT('Origin',(38.8384552999014,31.5716387292376,-25.6706921094555));
#13307=CARTESIAN_POINT('',(36.8384552999012,30.3508641404762,-25.6706921094555));
#13308=CARTESIAN_POINT('',(36.8384552999012,31.5716387292376,-25.6706921094555));
#13309=CARTESIAN_POINT('',(36.8384552999012,40.7849233219725,-25.6706921094555));
#13310=CARTESIAN_POINT('',(38.8384552999014,30.3508641404762,-25.6706921094555));
#13311=CARTESIAN_POINT('',(38.8384552999014,31.5716387292376,-25.6706921094555));
#13312=CARTESIAN_POINT('Origin',(38.8384552999014,31.5716387292376,-24.6706921094555));
#13313=CARTESIAN_POINT('',(36.8384552999012,32.3907907735266,-25.2442685458066));
#13314=CARTESIAN_POINT('Origin',(36.8384552999012,31.5716387292376,-24.6706921094555));
#13315=CARTESIAN_POINT('',(38.8384552999014,32.3907907735266,-25.2442685458066));
#13316=CARTESIAN_POINT('Origin',(38.8384552999014,34.4914133881557,-22.2442685458066));
#13317=CARTESIAN_POINT('',(36.8384552999012,34.4914133881557,-22.2442685458066));
#13318=CARTESIAN_POINT('',(36.8384552999012,35.7674104531655,-20.4219558808041));
#13319=CARTESIAN_POINT('',(38.8384552999014,34.4914133881557,-22.2442685458066));
#13320=CARTESIAN_POINT('Origin',(38.8384552999014,33.6722613438668,-21.6706921094555));
#13321=CARTESIAN_POINT('',(36.8384552999012,33.6722613438668,-20.6706921094555));
#13322=CARTESIAN_POINT('Origin',(36.8384552999012,33.6722613438668,-21.6706921094555));
#13323=CARTESIAN_POINT('',(38.8384552999014,33.6722613438668,-20.6706921094555));
#13324=CARTESIAN_POINT('Origin',(38.8384552999014,32.4514867551053,-20.6706921094555));
#13325=CARTESIAN_POINT('',(36.8384552999012,32.4514867551053,-20.6706921094555));
#13326=CARTESIAN_POINT('',(36.8384552999012,41.2248473349063,-20.6706921094555));
#13327=CARTESIAN_POINT('',(38.8384552999014,32.4514867551053,-20.6706921094555));
#13328=CARTESIAN_POINT('Origin',(38.8384552999014,32.4514867551053,-21.6706921094555));
#13329=CARTESIAN_POINT('',(36.8384552999012,31.6323347108163,-21.0971156731045));
#13330=CARTESIAN_POINT('Origin',(36.8384552999012,32.4514867551053,-21.6706921094555));
#13331=CARTESIAN_POINT('',(38.8384552999014,31.6323347108163,-21.0971156731045));
#13332=CARTESIAN_POINT('Origin',(38.8384552999014,29.5317120961872,-24.0971156731045));
#13333=CARTESIAN_POINT('',(36.8384552999012,29.5317120961872,-24.0971156731045));
#13334=CARTESIAN_POINT('',(36.8384552999012,32.0588317407477,-20.4880147899265));
#13335=CARTESIAN_POINT('',(38.8384552999014,29.5317120961872,-24.0971156731045));
#13336=CARTESIAN_POINT('Origin',(38.8384552999014,30.3508641404762,-24.6706921094555));
#13337=CARTESIAN_POINT('Origin',(36.8384552999012,30.3508641404762,-24.6706921094555));
#13338=CARTESIAN_POINT('Origin',(38.8384552999014,39.4287815863805,-25.6706921094555));
#13339=CARTESIAN_POINT('',(36.8384552999012,38.208006997619,-25.6706921094555));
#13340=CARTESIAN_POINT('',(36.8384552999012,39.4287815863805,-25.6706921094555));
#13341=CARTESIAN_POINT('',(36.8384552999012,44.7134947505439,-25.6706921094555));
#13342=CARTESIAN_POINT('',(38.8384552999014,38.208006997619,-25.6706921094555));
#13343=CARTESIAN_POINT('',(38.8384552999014,39.4287815863805,-25.6706921094555));
#13344=CARTESIAN_POINT('Origin',(38.8384552999014,39.4287815863805,-24.6706921094555));
#13345=CARTESIAN_POINT('',(36.8384552999012,40.2479336306695,-25.2442685458066));
#13346=CARTESIAN_POINT('Origin',(36.8384552999012,39.4287815863805,-24.6706921094555));
#13347=CARTESIAN_POINT('',(38.8384552999014,40.2479336306695,-25.2442685458066));
#13348=CARTESIAN_POINT('Origin',(38.8384552999014,42.3485562452986,-22.2442685458066));
#13349=CARTESIAN_POINT('',(36.8384552999012,42.3485562452986,-22.2442685458066));
#13350=CARTESIAN_POINT('',(36.8384552999012,42.3320928775552,-22.2677806716335));
#13351=CARTESIAN_POINT('',(38.8384552999014,42.3485562452986,-22.2442685458066));
#13352=CARTESIAN_POINT('Origin',(38.8384552999014,41.5294042010096,-21.6706921094555));
#13353=CARTESIAN_POINT('',(36.8384552999012,41.5294042010096,-20.6706921094555));
#13354=CARTESIAN_POINT('Origin',(36.8384552999012,41.5294042010096,-21.6706921094555));
#13355=CARTESIAN_POINT('',(38.8384552999014,41.5294042010096,-20.6706921094555));
#13356=CARTESIAN_POINT('Origin',(38.8384552999014,40.3086296122482,-20.6706921094555));
#13357=CARTESIAN_POINT('',(36.8384552999012,40.3086296122481,-20.6706921094555));
#13358=CARTESIAN_POINT('',(36.8384552999012,45.1534187634778,-20.6706921094555));
#13359=CARTESIAN_POINT('',(38.8384552999014,40.3086296122481,-20.6706921094555));
#13360=CARTESIAN_POINT('Origin',(38.8384552999014,40.3086296122482,-21.6706921094555));
#13361=CARTESIAN_POINT('',(36.8384552999012,39.4894775679592,-21.0971156731045));
#13362=CARTESIAN_POINT('Origin',(36.8384552999012,40.3086296122482,-21.6706921094555));
#13363=CARTESIAN_POINT('',(38.8384552999014,39.4894775679592,-21.0971156731045));
#13364=CARTESIAN_POINT('Origin',(38.8384552999014,37.38885495333,-24.0971156731045));
#13365=CARTESIAN_POINT('',(36.8384552999012,37.38885495333,-24.0971156731045));
#13366=CARTESIAN_POINT('',(36.8384552999012,38.6235141651374,-22.3338395807559));
#13367=CARTESIAN_POINT('',(38.8384552999014,37.38885495333,-24.0971156731045));
#13368=CARTESIAN_POINT('Origin',(38.8384552999014,38.208006997619,-24.6706921094555));
#13369=CARTESIAN_POINT('Origin',(36.8384552999012,38.208006997619,-24.6706921094555));
#13370=CARTESIAN_POINT('Origin',(38.8384552999014,8.00021015780905,-25.6706921094555));
#13371=CARTESIAN_POINT('',(36.8384552999012,6.77943556904759,-25.6706921094555));
#13372=CARTESIAN_POINT('',(36.8384552999012,8.00021015780905,-25.6706921094555));
#13373=CARTESIAN_POINT('',(36.8384552999012,28.9992090362582,-25.6706921094555));
#13374=CARTESIAN_POINT('',(38.8384552999014,6.77943556904759,-25.6706921094555));
#13375=CARTESIAN_POINT('',(38.8384552999014,8.00021015780905,-25.6706921094555));
#13376=CARTESIAN_POINT('Origin',(38.8384552999014,8.00021015780906,-24.6706921094555));
#13377=CARTESIAN_POINT('',(36.8384552999012,8.81936220209803,-25.2442685458065));
#13378=CARTESIAN_POINT('Origin',(36.8384552999012,8.00021015780906,-24.6706921094555));
#13379=CARTESIAN_POINT('',(38.8384552999014,8.81936220209803,-25.2442685458065));
#13380=CARTESIAN_POINT('Origin',(38.8384552999014,10.9199848167272,-22.2442685458065));
#13381=CARTESIAN_POINT('',(36.8384552999012,10.9199848167272,-22.2442685458065));
#13382=CARTESIAN_POINT('',(36.8384552999012,16.0733631799964,-14.8844815083156));
#13383=CARTESIAN_POINT('',(38.8384552999014,10.9199848167272,-22.2442685458065));
#13384=CARTESIAN_POINT('Origin',(38.8384552999014,10.1008327724382,-21.6706921094555));
#13385=CARTESIAN_POINT('',(36.8384552999012,10.1008327724382,-20.6706921094555));
#13386=CARTESIAN_POINT('Origin',(36.8384552999012,10.1008327724382,-21.6706921094555));
#13387=CARTESIAN_POINT('',(38.8384552999014,10.1008327724382,-20.6706921094555));
#13388=CARTESIAN_POINT('Origin',(38.8384552999014,8.88005818367672,-20.6706921094555));
#13389=CARTESIAN_POINT('',(36.8384552999012,8.88005818367672,-20.6706921094555));
#13390=CARTESIAN_POINT('',(36.8384552999012,29.439133049192,-20.6706921094554));
#13391=CARTESIAN_POINT('',(38.8384552999014,8.88005818367672,-20.6706921094555));
#13392=CARTESIAN_POINT('Origin',(38.8384552999014,8.88005818367672,-21.6706921094555));
#13393=CARTESIAN_POINT('',(36.8384552999012,8.06090613938773,-21.0971156731044));
#13394=CARTESIAN_POINT('Origin',(36.8384552999012,8.88005818367672,-21.6706921094555));
#13395=CARTESIAN_POINT('',(38.8384552999014,8.06090613938773,-21.0971156731044));
#13396=CARTESIAN_POINT('Origin',(38.8384552999014,5.96028352475859,-24.0971156731044));
#13397=CARTESIAN_POINT('',(36.8384552999012,5.9602835247586,-24.0971156731044));
#13398=CARTESIAN_POINT('',(36.8384552999012,12.3647844675786,-14.950540417438));
#13399=CARTESIAN_POINT('',(38.8384552999014,5.9602835247586,-24.0971156731044));
#13400=CARTESIAN_POINT('Origin',(38.8384552999014,6.77943556904758,-24.6706921094555));
#13401=CARTESIAN_POINT('Origin',(36.8384552999012,6.77943556904758,-24.6706921094555));
#13402=CARTESIAN_POINT('Origin',(36.5319277474896,52.4793449241474,-27.6706921094555));
#13403=CARTESIAN_POINT('',(36.8384552999012,54.9604819335875,-27.6706921094555));
#13404=CARTESIAN_POINT('Origin',(36.5319277474896,52.4793449241474,-27.6706921094555));
#13405=CARTESIAN_POINT('Origin',(36.5319277474896,52.4793449241474,-27.6706921094555));
#13406=CARTESIAN_POINT('',(36.8384552999012,49.9982079147074,-27.6706921094555));
#13407=CARTESIAN_POINT('',(36.8384552999012,49.9982079147074,-2.92069210945552));
#13408=CARTESIAN_POINT('',(36.8384552999012,49.9982079147074,-27.6706921094555));
#13409=CARTESIAN_POINT('Origin',(36.5319277474896,52.4793449241474,-2.92069210945552));
#13410=CARTESIAN_POINT('Origin',(25.709393555666,38.3329845149858,-22.6706921094555));
#13411=CARTESIAN_POINT('',(24.709393555666,38.3329845149858,-22.6706921094555));
#13412=CARTESIAN_POINT('Origin',(-36.9278690842501,60.0829845149861,-22.6706921094555));
#13413=CARTESIAN_POINT('',(-37.9278690842501,60.0829845149861,-22.6706921094555));
#13414=CARTESIAN_POINT('Origin',(25.7093935556662,60.0829845149858,-22.6706921094555));
#13415=CARTESIAN_POINT('',(24.7093935556662,60.0829845149858,-22.6706921094555));
#13416=CARTESIAN_POINT('Origin',(-36.9278690842501,38.3329845149861,-22.6706921094555));
#13417=CARTESIAN_POINT('',(-37.9278690842501,38.3329845149861,-22.6706921094555));
#13418=CARTESIAN_POINT('Origin',(-47.6115416483411,31.1646720422668,-29.6706921094555));
#13419=CARTESIAN_POINT('',(-47.6115416483411,33.1646720422668,-29.6706921094555));
#13420=CARTESIAN_POINT('',(-49.6115416483411,31.1646720422668,-29.6706921094555));
#13421=CARTESIAN_POINT('Origin',(-49.6115416483411,33.1646720422668,-29.6706921094555));
#13422=CARTESIAN_POINT('',(-36.9278690842501,33.1646720422668,-27.6706921094555));
#13423=CARTESIAN_POINT('Origin',(9.13845835165904,-6.33532795773351,-29.6706921094555));
#13424=CARTESIAN_POINT('',(9.13845835165904,-8.33532795773351,-29.6706921094555));
#13425=CARTESIAN_POINT('',(11.138458351659,-6.33532795773351,-29.6706921094555));
#13426=CARTESIAN_POINT('Origin',(11.138458351659,-8.33532795773351,-29.6706921094555));
#13427=CARTESIAN_POINT('',(-47.6115416483411,-8.33532795773351,-29.6706921094555));
#13428=CARTESIAN_POINT('Origin',(-47.6115416483411,-6.33532795773351,-29.6706921094555));
#13429=CARTESIAN_POINT('',(-49.6115416483411,-6.33532795773351,-29.6706921094555));
#13430=CARTESIAN_POINT('Origin',(-49.6115416483411,-8.33532795773351,-29.6706921094555));
#13431=CARTESIAN_POINT('Origin',(15.7093935556655,37.8567754446792,-27.6706921094555));
#13432=CARTESIAN_POINT('',(15.9239259536623,32.8613799798326,-27.6706921094555));
#13433=CARTESIAN_POINT('Origin',(-36.9278690842501,38.1646720422668,-27.6706921094555));
#13434=CARTESIAN_POINT('Origin',(16.138458351659,27.8659845149861,-27.6706921094555));
#13435=CARTESIAN_POINT('',(11.138458351659,27.8659845149861,-27.6706921094555));
#13436=CARTESIAN_POINT('Origin',(11.138458351659,33.1646720422668,-29.6706921094555));
#13437=CARTESIAN_POINT('Origin',(35.3384552999012,70.6646720422668,-29.6706921094555));
#13438=CARTESIAN_POINT('',(-69.6615447000988,70.6646720422668,-27.6706921094555));
#13439=CARTESIAN_POINT('',(-69.1725013900314,70.6646720422668,-27.6706921094555));
#13440=CARTESIAN_POINT('',(-17.0392838725814,70.6646720422668,-27.6706921094555));
#13441=CARTESIAN_POINT('',(-69.1725013900339,70.6646720422668,-2.92069210945552));
#13442=CARTESIAN_POINT('',(-69.1725013900327,70.6646720422668,-12.5165262614126));
#13443=CARTESIAN_POINT('',(-66.2615431742199,70.6646720422668,-2.92069210945552));
#13444=CARTESIAN_POINT('',(9.08845529990117,70.6646720422668,-2.92069210945552));
#13445=CARTESIAN_POINT('',(-66.2615431742199,70.6646720422668,-14.3206917279858));
#13446=CARTESIAN_POINT('',(-66.2615431742199,70.6646720422668,-16.2956921094555));
#13447=CARTESIAN_POINT('',(-56.0615462259778,70.6646720422668,-14.3206917279858));
#13448=CARTESIAN_POINT('',(-15.4615439371594,70.6646720422668,-14.3206917279858));
#13449=CARTESIAN_POINT('',(-56.0615462259778,70.6646720422668,-2.92069210945552));
#13450=CARTESIAN_POINT('',(-56.0615462259778,70.6646720422668,-21.9956919187207));
#13451=CARTESIAN_POINT('',(-51.9115447000988,70.6646720422668,-2.92069210945552));
#13452=CARTESIAN_POINT('',(9.08845529990117,70.6646720422668,-2.92069210945552));
#13453=CARTESIAN_POINT('',(-51.9115447000988,70.6646720422668,-20.870692872395));
#13454=CARTESIAN_POINT('',(-51.9115447000988,70.6646720422668,-16.2956921094555));
#13455=CARTESIAN_POINT('',(-34.5115431742198,70.6646720422668,-20.870692872395));
#13456=CARTESIAN_POINT('',(-8.2865447000988,70.6646720422668,-20.870692872395));
#13457=CARTESIAN_POINT('',(-34.5115431742198,70.6646720422668,-2.92069210945552));
#13458=CARTESIAN_POINT('',(-34.5115431742198,70.6646720422668,-25.2706924909253));
#13459=CARTESIAN_POINT('',(-31.5615462259777,70.6646720422668,-2.92069210945552));
#13460=CARTESIAN_POINT('',(9.08845529990117,70.6646720422668,-2.92069210945552));
#13461=CARTESIAN_POINT('',(-31.5615462259777,70.6646720422668,-18.6206919187207));
#13462=CARTESIAN_POINT('',(-31.5615462259777,70.6646720422668,-16.2956921094555));
#13463=CARTESIAN_POINT('',(-17.2115477518565,70.6646720422668,-18.6206919187207));
#13464=CARTESIAN_POINT('',(1.88845453696175,70.6646720422668,-18.6206919187207));
#13465=CARTESIAN_POINT('',(-17.2115477518565,70.6646720422668,-2.92069210945552));
#13466=CARTESIAN_POINT('',(-17.2115477518565,70.6646720422668,-24.1456920140881));
#13467=CARTESIAN_POINT('',(-14.6615447000988,70.6646720422668,-2.92069210945552));
#13468=CARTESIAN_POINT('',(9.08845529990117,70.6646720422668,-2.92069210945552));
#13469=CARTESIAN_POINT('',(-14.6615447000988,70.6646720422668,-18.6206919187207));
#13470=CARTESIAN_POINT('',(-14.6615447000988,70.6646720422668,-16.2956921094555));
#13471=CARTESIAN_POINT('',(-0.311538596583034,70.6646720422668,-18.6206919187207));
#13472=CARTESIAN_POINT('',(10.3384552999012,70.6646720422668,-18.6206919187207));
#13473=CARTESIAN_POINT('',(-0.311538596583034,70.6646720422668,-2.92069210945552));
#13474=CARTESIAN_POINT('',(-0.311538596583034,70.6646720422668,-24.1456920140881));
#13475=CARTESIAN_POINT('',(1.48844919638549,70.6646720422668,-2.92069210945552));
#13476=CARTESIAN_POINT('',(9.08845529990117,70.6646720422668,-2.92069210945552));
#13477=CARTESIAN_POINT('',(1.48844919638549,70.6646720422668,-17.0206924909253));
#13478=CARTESIAN_POINT('',(1.48844919638549,70.6646720422668,-16.2956921094555));
#13479=CARTESIAN_POINT('',(18.1884614034169,70.6646720422668,-17.0206924909253));
#13480=CARTESIAN_POINT('',(18.4134522481433,70.6646720422668,-17.0206924909253));
#13481=CARTESIAN_POINT('',(18.1884614034169,70.6646720422668,-2.92069210945552));
#13482=CARTESIAN_POINT('',(18.1884614034169,70.6646720422668,-23.3456923001904));
#13483=CARTESIAN_POINT('',(20.7384491963856,70.6646720422668,-2.92069210945552));
#13484=CARTESIAN_POINT('',(9.08845529990117,70.6646720422668,-2.92069210945552));
#13485=CARTESIAN_POINT('',(20.7384491963856,70.6646720422668,-6.120692872395));
#13486=CARTESIAN_POINT('',(20.7384491963856,70.6646720422668,-16.2956921094555));
#13487=CARTESIAN_POINT('',(29.4384614034169,70.6646720422668,-6.120692872395));
#13488=CARTESIAN_POINT('',(28.0384522481434,70.6646720422668,-6.120692872395));
#13489=CARTESIAN_POINT('',(29.4384614034169,70.6646720422668,-2.92069210945552));
#13490=CARTESIAN_POINT('',(29.4384614034169,70.6646720422668,-17.8956924909253));
#13491=CARTESIAN_POINT('',(34.8274986099663,70.6646720422668,-2.92069210945552));
#13492=CARTESIAN_POINT('',(9.08845529990117,70.6646720422668,-2.92069210945552));
#13493=CARTESIAN_POINT('',(34.8274986099689,70.6646720422668,-27.6706921094555));
#13494=CARTESIAN_POINT('',(34.8274986099673,70.6646720422668,-12.5165262614021));
#13495=CARTESIAN_POINT('',(35.3384552999012,70.6646720422668,-27.6706921094555));
#13496=CARTESIAN_POINT('',(35.2107161274181,70.6646720422668,-27.6706921094555));
#13497=CARTESIAN_POINT('',(35.3384552999012,70.6646720422668,-29.6706921094555));
#13498=CARTESIAN_POINT('',(-69.6615447000988,70.6646720422668,-29.6706921094555));
#13499=CARTESIAN_POINT('Origin',(-17.1615447000988,26.6646720422668,-2.92069210945552));
#13500=CARTESIAN_POINT('',(35.3384552999009,67.6646720422667,-2.92069210945552));
#13501=CARTESIAN_POINT('',(34.8274986099679,67.6646720422667,-2.92069210945552));
#13502=CARTESIAN_POINT('',(9.08297695496657,67.6646720422667,-2.92069210945552));
#13503=CARTESIAN_POINT('',(34.8274986099679,47.6674122138354,-2.92069210945552));
#13504=CARTESIAN_POINT('',(29.4384614034169,65.6646720422668,-2.92069210945552));
#13505=CARTESIAN_POINT('',(29.4384614034169,48.6646720422669,-2.92069210945552));
#13506=CARTESIAN_POINT('',(-43.4115447000988,65.6646720422668,-2.92069210945552));
#13507=CARTESIAN_POINT('',(36.8384552999012,3.33537661762421,-2.92069210945552));
#13508=CARTESIAN_POINT('',(36.8384552999012,38.3314399784871,-2.92069210945552));
#13509=CARTESIAN_POINT('',(36.8384552999012,-1.62689740125529,-2.92069210945552));
#13510=CARTESIAN_POINT('Origin',(36.5319277474896,0.854239608184457,-2.92069210945552));
#13511=CARTESIAN_POINT('',(36.8384552999012,-10.8353279577332,-2.92069210945552));
#13512=CARTESIAN_POINT('',(36.8384552999012,12.5188873205059,-2.92069210945552));
#13513=CARTESIAN_POINT('',(35.3384552999007,-12.3353279577333,-2.92069210945552));
#13514=CARTESIAN_POINT('Origin',(35.3384552999006,-10.8353279577327,-2.92069210945552));
#13515=CARTESIAN_POINT('',(9.08845529990089,-12.3353279577333,-2.92069210945552));
#13516=CARTESIAN_POINT('',(-69.6615447000988,-12.3353279577333,-2.92069210945552));
#13517=CARTESIAN_POINT('',(9.08845529990089,-12.3353279577333,-2.92069210945552));
#13518=CARTESIAN_POINT('',(-71.1615447000989,-10.8353279577329,-2.92069210945552));
#13519=CARTESIAN_POINT('Origin',(-69.6615447000983,-10.8353279577327,-2.92069210945552));
#13520=CARTESIAN_POINT('',(-71.1615447000989,-1.62682539511962,-2.92069210945552));
#13521=CARTESIAN_POINT('',(-71.1615447000989,7.91467204226706,-2.92069210945552));
#13522=CARTESIAN_POINT('Origin',(-70.8544348673352,0.854239608184457,-2.92069210945552));
#13523=CARTESIAN_POINT('',(-69.6615447000988,65.6646720422668,-2.92069210945552));
#13524=CARTESIAN_POINT('Origin',(-69.6615447000983,64.1646720422662,-2.92069210945552));
#13525=CARTESIAN_POINT('',(-66.2615431742199,65.6646720422668,-2.92069210945552));
#13526=CARTESIAN_POINT('',(-43.4115447000988,65.6646720422668,-2.92069210945552));
#13527=CARTESIAN_POINT('',(-66.2615431742199,48.6646720422669,-2.92069210945552));
#13528=CARTESIAN_POINT('',(-69.1725013900323,67.6646720422667,-2.92069210945552));
#13529=CARTESIAN_POINT('',(-69.1725013900165,48.6674122138152,-2.92069210945552));
#13530=CARTESIAN_POINT('',(-17.1642838725654,67.6646720422667,-2.92069210945552));
#13531=CARTESIAN_POINT('',(-73.1615447000989,-10.8353279577329,-2.92069210945552));
#13532=CARTESIAN_POINT('',(-73.1615447000991,45.4146720422665,-2.92069210945552));
#13533=CARTESIAN_POINT('Origin',(-69.6615447000983,-10.8353279577327,-2.92069210945552));
#13534=CARTESIAN_POINT('Origin',(35.3384552999006,-10.8353279577327,-2.92069210945552));
#13535=CARTESIAN_POINT('Origin',(35.3384552999006,64.1646720422662,-2.92069210945552));
#13536=CARTESIAN_POINT('',(35.0319277474895,0.854239608184457,-2.92069210945552));
#13537=CARTESIAN_POINT('Origin',(36.5319277474896,0.854239608184457,-2.92069210945552));
#13538=CARTESIAN_POINT('',(-72.3544338514313,0.854239608184457,-2.92069210945552));
#13539=CARTESIAN_POINT('Origin',(-70.8544348673352,0.854239608184457,-2.92069210945552));
#13540=CARTESIAN_POINT('',(-72.3581148103392,52.4793449241474,-2.92069210945552));
#13541=CARTESIAN_POINT('Origin',(-70.8544348673348,52.4793449241474,-2.92069210945552));
#13542=CARTESIAN_POINT('',(35.036152936091,52.4793449241474,-2.92069210945552));
#13543=CARTESIAN_POINT('Origin',(36.5319277474896,52.4793449241474,-2.92069210945552));
#13544=CARTESIAN_POINT('Origin',(-17.1670230450322,67.6646720422667,-15.1415262614074));
#13545=CARTESIAN_POINT('',(-69.1725013900297,67.6646720422667,-27.6706921094555));
#13546=CARTESIAN_POINT('',(-69.1725013900303,67.6646720422667,-21.2519433373859));
#13547=CARTESIAN_POINT('',(-69.2947622175468,67.6646720422667,-27.6706921094555));
#13548=CARTESIAN_POINT('Origin',(-17.1670230450322,67.6646720422667,-15.1415262614074));
#13549=CARTESIAN_POINT('',(34.8274986099705,67.6646720422667,-27.6706921094555));
#13550=CARTESIAN_POINT('',(34.8274986099685,67.6646720422667,-9.03110918542883));
#13551=CARTESIAN_POINT('',(35.3384552999009,67.6646720422667,-27.6706921094555));
#13552=CARTESIAN_POINT('',(35.3384552999009,67.6646720422667,-27.6706921094555));
#13553=CARTESIAN_POINT('',(35.2107161274179,67.6646720422667,-27.6706921094555));
#13554=CARTESIAN_POINT('Origin',(-69.1725013900346,70.6701523854042,4.63763958664082));
#13555=CARTESIAN_POINT('',(-69.1725013900309,69.9146720422669,-27.6706921094555));
#13556=CARTESIAN_POINT('Origin',(34.8274986099672,68.6701523854865,4.63763958665137));
#13557=CARTESIAN_POINT('',(34.8274986099705,68.4146720422666,-27.6706921094555));
#13558=CARTESIAN_POINT('Origin',(-0.311538596583034,70.6646720422668,-18.6206919187207));
#13559=CARTESIAN_POINT('',(-0.311538596583034,65.6646720422668,-2.92069210945552));
#13560=CARTESIAN_POINT('',(-0.311538596583034,65.6646720422668,-18.6206919187207));
#13561=CARTESIAN_POINT('',(-0.311538596583034,65.6646720422668,-23.1456920140881));
#13562=CARTESIAN_POINT('',(-0.311538596583034,48.6646720422669,-2.92069210945552));
#13563=CARTESIAN_POINT('',(-0.311538596583034,70.6646720422668,-18.6206919187207));
#13564=CARTESIAN_POINT('Origin',(-14.6615447000988,70.6646720422668,-18.6206919187207));
#13565=CARTESIAN_POINT('',(-14.6615447000988,65.6646720422668,-18.6206919187207));
#13566=CARTESIAN_POINT('',(-42.1615447000988,65.6646720422668,-18.6206919187207));
#13567=CARTESIAN_POINT('',(-14.6615447000988,70.6646720422668,-18.6206919187207));
#13568=CARTESIAN_POINT('Origin',(-14.6615447000988,70.6646720422668,-2.92069210945552));
#13569=CARTESIAN_POINT('',(-14.6615447000988,65.6646720422668,-2.92069210945552));
#13570=CARTESIAN_POINT('',(-14.6615447000988,65.6646720422668,-15.2956921094555));
#13571=CARTESIAN_POINT('',(-14.6615447000988,48.6646720422669,-2.92069210945552));
#13572=CARTESIAN_POINT('Origin',(-56.0615462259778,70.6646720422668,-14.3206917279858));
#13573=CARTESIAN_POINT('',(-56.0615462259778,65.6646720422668,-2.92069210945552));
#13574=CARTESIAN_POINT('',(-56.0615462259778,65.6646720422668,-14.3206917279858));
#13575=CARTESIAN_POINT('',(-56.0615462259778,65.6646720422668,-20.9956919187207));
#13576=CARTESIAN_POINT('',(-56.0615462259778,48.6646720422669,-2.92069210945552));
#13577=CARTESIAN_POINT('',(-56.0615462259778,70.6646720422668,-14.3206917279858));
#13578=CARTESIAN_POINT('Origin',(-66.2615431742199,70.6646720422668,-14.3206917279858));
#13579=CARTESIAN_POINT('',(-66.2615431742199,65.6646720422668,-14.3206917279858));
#13580=CARTESIAN_POINT('',(-67.9615439371594,65.6646720422668,-14.3206917279858));
#13581=CARTESIAN_POINT('',(-66.2615431742199,70.6646720422668,-14.3206917279858));
#13582=CARTESIAN_POINT('Origin',(-66.2615431742199,70.6646720422668,-2.92069210945552));
#13583=CARTESIAN_POINT('',(-66.2615431742199,65.6646720422668,-15.2956921094555));
#13584=CARTESIAN_POINT('Origin',(18.1884614034169,70.6646720422668,-17.0206924909253));
#13585=CARTESIAN_POINT('',(18.1884614034169,65.6646720422668,-2.92069210945552));
#13586=CARTESIAN_POINT('',(18.1884614034169,65.6646720422668,-17.0206924909253));
#13587=CARTESIAN_POINT('',(18.1884614034169,65.6646720422668,-22.3456923001904));
#13588=CARTESIAN_POINT('',(18.1884614034169,48.6646720422669,-2.92069210945552));
#13589=CARTESIAN_POINT('',(18.1884614034169,70.6646720422668,-17.0206924909253));
#13590=CARTESIAN_POINT('Origin',(1.48844919638549,70.6646720422668,-17.0206924909253));
#13591=CARTESIAN_POINT('',(1.48844919638549,65.6646720422668,-17.0206924909253));
#13592=CARTESIAN_POINT('',(-34.0865477518567,65.6646720422668,-17.0206924909253));
#13593=CARTESIAN_POINT('',(1.48844919638549,70.6646720422668,-17.0206924909253));
#13594=CARTESIAN_POINT('Origin',(1.48844919638549,70.6646720422668,-2.92069210945552));
#13595=CARTESIAN_POINT('',(1.48844919638549,65.6646720422668,-2.92069210945552));
#13596=CARTESIAN_POINT('',(1.48844919638549,65.6646720422668,-15.2956921094555));
#13597=CARTESIAN_POINT('',(1.48844919638549,48.6646720422669,-2.92069210945552));
#13598=CARTESIAN_POINT('Origin',(-31.5615462259777,70.6646720422668,-2.92069210945552));
#13599=CARTESIAN_POINT('',(-31.5615462259777,65.6646720422668,-18.6206919187207));
#13600=CARTESIAN_POINT('',(-31.5615462259777,65.6646720422668,-2.92069210945552));
#13601=CARTESIAN_POINT('',(-31.5615462259777,65.6646720422668,-15.2956921094555));
#13602=CARTESIAN_POINT('',(-31.5615462259777,70.6646720422668,-18.6206919187207));
#13603=CARTESIAN_POINT('',(-31.5615462259777,48.6646720422669,-2.92069210945552));
#13604=CARTESIAN_POINT('Origin',(-17.2115477518565,70.6646720422668,-18.6206919187207));
#13605=CARTESIAN_POINT('',(-17.2115477518565,65.6646720422668,-2.92069210945552));
#13606=CARTESIAN_POINT('',(-17.2115477518565,65.6646720422668,-18.6206919187207));
#13607=CARTESIAN_POINT('',(-17.2115477518565,65.6646720422668,-23.1456920140881));
#13608=CARTESIAN_POINT('',(-17.2115477518565,48.6646720422669,-2.92069210945552));
#13609=CARTESIAN_POINT('',(-17.2115477518565,70.6646720422668,-18.6206919187207));
#13610=CARTESIAN_POINT('Origin',(-31.5615462259777,70.6646720422668,-18.6206919187207));
#13611=CARTESIAN_POINT('',(-50.6115454630383,65.6646720422668,-18.6206919187207));
#13612=CARTESIAN_POINT('Origin',(-34.5115431742198,70.6646720422668,-20.870692872395));
#13613=CARTESIAN_POINT('',(-34.5115431742198,65.6646720422668,-2.92069210945552));
#13614=CARTESIAN_POINT('',(-34.5115431742198,65.6646720422668,-20.870692872395));
#13615=CARTESIAN_POINT('',(-34.5115431742198,65.6646720422668,-24.2706924909253));
#13616=CARTESIAN_POINT('',(-34.5115431742198,48.6646720422669,-2.92069210945552));
#13617=CARTESIAN_POINT('',(-34.5115431742198,70.6646720422668,-20.870692872395));
#13618=CARTESIAN_POINT('Origin',(-51.9115447000988,70.6646720422668,-20.870692872395));
#13619=CARTESIAN_POINT('',(-51.9115447000988,65.6646720422668,-20.870692872395));
#13620=CARTESIAN_POINT('',(-60.7865447000988,65.6646720422668,-20.870692872395));
#13621=CARTESIAN_POINT('',(-51.9115447000988,70.6646720422668,-20.870692872395));
#13622=CARTESIAN_POINT('Origin',(-51.9115447000988,70.6646720422668,-2.92069210945552));
#13623=CARTESIAN_POINT('',(-51.9115447000988,65.6646720422668,-2.92069210945552));
#13624=CARTESIAN_POINT('',(-51.9115447000988,65.6646720422668,-15.2956921094555));
#13625=CARTESIAN_POINT('',(-51.9115447000988,48.6646720422669,-2.92069210945552));
#13626=CARTESIAN_POINT('Origin',(29.4384614034169,70.6646720422668,-6.120692872395));
#13627=CARTESIAN_POINT('',(29.4384614034169,65.6646720422668,-6.120692872395));
#13628=CARTESIAN_POINT('',(29.4384614034169,65.6646720422668,-16.8956924909253));
#13629=CARTESIAN_POINT('',(29.4384614034169,70.6646720422668,-6.120692872395));
#13630=CARTESIAN_POINT('Origin',(20.7384491963856,70.6646720422668,-6.120692872395));
#13631=CARTESIAN_POINT('',(20.7384491963856,65.6646720422668,-6.120692872395));
#13632=CARTESIAN_POINT('',(-24.4615477518566,65.6646720422668,-6.120692872395));
#13633=CARTESIAN_POINT('',(20.7384491963856,70.6646720422668,-6.120692872395));
#13634=CARTESIAN_POINT('Origin',(20.7384491963856,70.6646720422668,-2.92069210945552));
#13635=CARTESIAN_POINT('',(20.7384491963856,65.6646720422668,-2.92069210945552));
#13636=CARTESIAN_POINT('',(20.7384491963856,65.6646720422668,-15.2956921094555));
#13637=CARTESIAN_POINT('',(20.7384491963856,48.6646720422669,-2.92069210945552));
#13638=CARTESIAN_POINT('Origin',(-69.6615447000988,65.6646720422668,-27.6706921094555));
#13639=CARTESIAN_POINT('',(-43.4115447000988,65.6646720422668,-2.92069210945552));
#13640=CARTESIAN_POINT('',(-43.4115447000988,65.6646720422668,-2.92069210945552));
#13641=CARTESIAN_POINT('',(-43.4115447000988,65.6646720422668,-2.92069210945552));
#13642=CARTESIAN_POINT('',(-69.6615447000988,65.6646720422668,-27.6706921094555));
#13643=CARTESIAN_POINT('',(-43.4115447000988,65.6646720422668,-2.92069210945552));
#13644=CARTESIAN_POINT('',(-43.4115447000988,65.6646720422668,-2.92069210945552));
#13645=CARTESIAN_POINT('Origin',(-17.1615447000988,26.6646720422668,-2.92069210945552));
#13646=CARTESIAN_POINT('Origin',(-17.1615447000988,26.6646720422668,-2.92069210945552));
#13647=CARTESIAN_POINT('Origin',(-17.1615447000988,26.6646720422668,-2.92069210945552));
#13648=CARTESIAN_POINT('Origin',(-17.1615447000988,26.6646720422668,-2.92069210945552));
#13649=CARTESIAN_POINT('Origin',(-17.1615447000988,26.6646720422668,-27.6706921094555));
#13650=CARTESIAN_POINT('Origin',(36.5319277474896,0.854239608184457,-27.6706921094555));
#13651=CARTESIAN_POINT('Origin',(36.5319277474896,0.854239608184457,-27.6706921094555));
#13652=CARTESIAN_POINT('Origin',(36.5319277474896,0.854239608184457,-27.6706921094555));
#13653=CARTESIAN_POINT('Origin',(36.5319277474896,0.854239608184457,-27.6706921094555));
#13654=CARTESIAN_POINT('',(35.0319277474895,0.854239608184457,-27.6706921094555));
#13655=CARTESIAN_POINT('Origin',(36.5319277474896,0.854239608184457,-27.6706921094555));
#13656=CARTESIAN_POINT('Origin',(-17.1615447000988,26.6646720422668,-27.6706921094555));
#13657=CARTESIAN_POINT('',(-73.1615447000991,1.81717481865576,-27.6706921094555));
#13658=CARTESIAN_POINT('Origin',(-70.8544348673352,0.854239608184457,-27.6706921094555));
#13659=CARTESIAN_POINT('Origin',(-70.8544348673352,0.854239608184457,-27.6706921094555));
#13660=CARTESIAN_POINT('',(-73.1615447000991,-0.108695602286843,-27.6706921094555));
#13661=CARTESIAN_POINT('Origin',(-70.8544348673352,0.854239608184457,-27.6706921094555));
#13662=CARTESIAN_POINT('',(-73.1615447000991,45.4146720422665,-27.6706921094555));
#13663=CARTESIAN_POINT('',(-72.3544338514313,0.854239608184457,-27.6706921094555));
#13664=CARTESIAN_POINT('Origin',(-70.8544348673352,0.854239608184457,-27.6706921094555));
#13665=CARTESIAN_POINT('Origin',(-17.1615447000988,26.6646720422668,-27.6706921094555));
#13666=CARTESIAN_POINT('Origin',(36.5319277474896,52.4793449241474,-27.6706921094555));
#13667=CARTESIAN_POINT('Origin',(36.5319277474896,52.4793449241474,-27.6706921094555));
#13668=CARTESIAN_POINT('',(35.036152936091,52.4793449241474,-27.6706921094555));
#13669=CARTESIAN_POINT('Origin',(36.5319277474896,52.4793449241474,-27.6706921094555));
#13670=CARTESIAN_POINT('Origin',(-17.1615447000988,26.6646720422668,-27.6706921094555));
#13671=CARTESIAN_POINT('',(-73.1615447000991,53.4422801346167,-27.6706921094555));
#13672=CARTESIAN_POINT('Origin',(-70.8544348673348,52.4793449241474,-27.6706921094555));
#13673=CARTESIAN_POINT('',(-73.1615447000991,51.5164097136781,-27.6706921094555));
#13674=CARTESIAN_POINT('Origin',(-70.8544348673348,52.4793449241474,-27.6706921094555));
#13675=CARTESIAN_POINT('',(-73.1615447000991,45.4146720422665,-27.6706921094555));
#13676=CARTESIAN_POINT('',(-72.3581148103392,52.4793449241474,-27.6706921094555));
#13677=CARTESIAN_POINT('Origin',(-70.8544348673348,52.4793449241474,-27.6706921094555));
#13678=CARTESIAN_POINT('Origin',(-71.1615447000989,-10.8353279577329,-27.6706921094555));
#13679=CARTESIAN_POINT('',(-71.1615447000989,-10.8353279577329,-27.6706921094555));
#13680=CARTESIAN_POINT('',(-71.1615447000989,-1.62682539511962,-27.6706921094555));
#13681=CARTESIAN_POINT('Origin',(-69.6615447000983,-10.8353279577327,-27.6706921094555));
#13682=CARTESIAN_POINT('',(-69.6615447000988,-12.3353279577333,-27.6706921094555));
#13683=CARTESIAN_POINT('Origin',(35.3384552999007,-12.3353279577333,-27.6706921094555));
#13684=CARTESIAN_POINT('',(35.3384552999007,-12.3353279577333,-27.6706921094555));
#13685=CARTESIAN_POINT('Origin',(35.3384552999006,-10.8353279577327,-27.6706921094555));
#13686=CARTESIAN_POINT('',(36.8384552999012,-10.8353279577332,-27.6706921094555));
#13687=CARTESIAN_POINT('Origin',(36.8384552999012,-1.62689740125529,-27.6706921094555));
#13688=CARTESIAN_POINT('',(36.8384552999012,-1.62689740125529,-27.6706921094555));
#13689=CARTESIAN_POINT('Origin',(36.5319277474896,0.854239608184457,-27.6706921094555));
#13690=CARTESIAN_POINT('',(36.8384552999012,3.33537661762421,-27.6706921094555));
#13691=CARTESIAN_POINT('Origin',(36.8384552999012,49.9982079147074,-27.6706921094555));
#13692=CARTESIAN_POINT('Origin',(-69.6615447000983,-10.8353279577327,-27.6706921094555));
#13693=CARTESIAN_POINT('',(-73.1615447000989,-10.8353279577329,-27.6706921094555));
#13694=CARTESIAN_POINT('',(-73.1615447000989,-10.8353279577329,-27.6706921094555));
#13695=CARTESIAN_POINT('Origin',(-69.6615447000983,-10.8353279577327,-27.6706921094555));
#13696=CARTESIAN_POINT('Origin',(-73.1615447000991,64.1646720422665,-27.6706921094555));
#13697=CARTESIAN_POINT('',(-73.1615447000991,45.4146720422665,-27.6706921094555));
#13698=CARTESIAN_POINT('',(-73.1615447000991,45.4146720422665,-27.6706921094555));
#13699=CARTESIAN_POINT('',(-73.1615447000991,45.4146720422665,-27.6706921094555));
#13700=CARTESIAN_POINT('Origin',(36.8384552999012,64.1646720422665,-27.6706921094555));
#13701=CARTESIAN_POINT('Origin',(-69.6615447000983,64.1646720422662,-27.6706921094555));
#13702=CARTESIAN_POINT('',(-71.1615447000989,64.1646720422662,-27.6706921094555));
#13703=CARTESIAN_POINT('Origin',(-71.1615447000989,54.9604099274512,-27.6706921094555));
#13704=CARTESIAN_POINT('Origin',(-70.8544348673352,0.854239608184457,-27.6706921094555));
#13705=CARTESIAN_POINT('Origin',(36.5319277474896,0.854239608184457,-27.6706921094555));
#13706=CARTESIAN_POINT('',(35.0319277474896,0.854239608184457,-27.6706921094555));
#13707=CARTESIAN_POINT('Origin',(-70.8544348673352,0.854239608184457,-27.6706921094555));
#13708=CARTESIAN_POINT('',(-72.3544338514312,0.854239608184457,-27.6706921094555));
#13709=CARTESIAN_POINT('Origin',(-70.8544348673348,52.4793449241474,-27.6706921094555));
#13710=CARTESIAN_POINT('',(-72.3581148103391,52.4793449241474,-27.6706921094555));
#13711=CARTESIAN_POINT('Origin',(36.5319277474896,52.4793449241474,-27.6706921094555));
#13712=CARTESIAN_POINT('',(35.0361529360911,52.4793449241474,-27.6706921094555));
#13713=CARTESIAN_POINT('Origin',(35.3384552999006,64.1646720422662,-27.6706921094555));
#13714=CARTESIAN_POINT('Origin',(35.3384552999006,64.1646720422662,-27.6706921094555));
#13715=CARTESIAN_POINT('Origin',(35.3384552999006,-10.8353279577327,-27.6706921094555));
#13716=CARTESIAN_POINT('Origin',(35.3384552999006,-10.8353279577327,-27.6706921094555));
#13717=CARTESIAN_POINT('Origin',(-17.1615447000988,26.6646720422668,-2.92069210945552));
#13718=CARTESIAN_POINT('Origin',(-17.1615447000988,26.6646720422668,-27.6706921094555));
#13719=CARTESIAN_POINT('Origin',(36.5319277474896,52.4793449241474,-27.6706921094555));
#13720=CARTESIAN_POINT('Origin',(36.5319277474896,0.854239608184457,-27.6706921094555));
#13721=CARTESIAN_POINT('',(-73.3544348673354,0.854239608184457,-27.6706921094555));
#13722=CARTESIAN_POINT('Origin',(-70.8544348673352,0.854239608184457,-27.6706921094555));
#13723=CARTESIAN_POINT('Origin',(-70.8544348673352,0.854239608184457,-27.6706921094555));
#13724=CARTESIAN_POINT('',(-73.3544348673347,52.4793449241474,-27.6706921094555));
#13725=CARTESIAN_POINT('Origin',(-70.8544348673348,52.4793449241474,-27.6706921094555));
#13726=CARTESIAN_POINT('Origin',(-70.8544348673348,52.4793449241474,-27.6706921094555));
#13727=CARTESIAN_POINT('',(-76.1615447000989,64.1646720422668,-27.6706921094555));
#13728=CARTESIAN_POINT('Origin',(-69.6615447000983,64.1646720422662,-27.6706921094555));
#13729=CARTESIAN_POINT('',(-76.1615447000989,-10.8353279577332,-27.6706921094555));
#13730=CARTESIAN_POINT('',(-76.1615447000989,45.4146720422668,-27.6706921094555));
#13731=CARTESIAN_POINT('',(-69.6615447000988,-17.3353279577333,-27.6706921094555));
#13732=CARTESIAN_POINT('Origin',(-69.6615447000983,-10.8353279577327,-27.6706921094555));
#13733=CARTESIAN_POINT('',(35.3384552999012,-17.3353279577333,-27.6706921094555));
#13734=CARTESIAN_POINT('',(-43.4115447000988,-17.3353279577333,-27.6706921094555));
#13735=CARTESIAN_POINT('',(41.8384552999012,-10.8353279577332,-27.6706921094555));
#13736=CARTESIAN_POINT('Origin',(35.3384552999006,-10.8353279577327,-27.6706921094555));
#13737=CARTESIAN_POINT('',(41.8384552999012,64.1646720422668,-27.6706921094555));
#13738=CARTESIAN_POINT('',(41.8384552999012,7.91467204226677,-27.6706921094555));
#13739=CARTESIAN_POINT('Origin',(35.3384552999006,64.1646720422662,-27.6706921094555));
#13740=CARTESIAN_POINT('Origin',(-69.6615447000983,-10.8353279577327,-29.6706921094555));
#13741=CARTESIAN_POINT('',(-76.1615447000989,-10.8353279577332,-29.6706921094555));
#13742=CARTESIAN_POINT('',(-69.6615447000988,-17.3353279577333,-29.6706921094555));
#13743=CARTESIAN_POINT('Origin',(-76.1615447000989,64.1646720422668,-29.6706921094555));
#13744=CARTESIAN_POINT('',(-76.1615447000989,64.1646720422668,-29.6706921094555));
#13745=CARTESIAN_POINT('Origin',(-69.6615447000983,64.1646720422662,-29.6706921094555));
#13746=CARTESIAN_POINT('Origin',(36.5319277474896,52.4793449241474,-29.6706921094555));
#13747=CARTESIAN_POINT('',(34.0319277474894,52.4793449241474,-29.6706921094555));
#13748=CARTESIAN_POINT('Origin',(36.5319277474896,0.854239608184457,-29.6706921094555));
#13749=CARTESIAN_POINT('',(34.0319277474897,0.854239608184457,-29.6706921094555));
#13750=CARTESIAN_POINT('Origin',(-70.8544348673352,0.854239608184457,-29.6706921094555));
#13751=CARTESIAN_POINT('',(-73.3544348673354,0.854239608184457,-29.6706921094555));
#13752=CARTESIAN_POINT('Origin',(-70.8544348673348,52.4793449241474,-29.6706921094555));
#13753=CARTESIAN_POINT('',(-73.3544348673347,52.4793449241474,-29.6706921094555));
#13754=CARTESIAN_POINT('Origin',(35.3384552999006,64.1646720422662,-29.6706921094555));
#13755=CARTESIAN_POINT('',(41.8384552999012,64.1646720422668,-29.6706921094555));
#13756=CARTESIAN_POINT('Origin',(41.8384552999012,-10.8353279577332,-29.6706921094555));
#13757=CARTESIAN_POINT('',(41.8384552999012,-10.8353279577332,-29.6706921094555));
#13758=CARTESIAN_POINT('Origin',(35.3384552999006,-10.8353279577327,-29.6706921094555));
#13759=CARTESIAN_POINT('',(35.3384552999012,-17.3353279577333,-29.6706921094555));
#13760=CARTESIAN_POINT('Origin',(-69.6615447000988,-17.3353279577333,-29.6706921094555));
#13761=CARTESIAN_POINT('',(-63.1725013899779,53.6701523854773,0.862360413349811));
#13762=UNCERTAINTY_MEASURE_WITH_UNIT(LENGTH_MEASURE(0.01),#13768,
'DISTANCE_ACCURACY_VALUE',
'Maximum model space distance between geometric entities at asserted c
onnectivities');
#13763=UNCERTAINTY_MEASURE_WITH_UNIT(LENGTH_MEASURE(0.01),#13768,
'DISTANCE_ACCURACY_VALUE',
'Maximum model space distance between geometric entities at asserted c
onnectivities');
#13764=UNCERTAINTY_MEASURE_WITH_UNIT(LENGTH_MEASURE(0.01),#13768,
'DISTANCE_ACCURACY_VALUE',
'Maximum model space distance between geometric entities at asserted c
onnectivities');
#13765=(
GEOMETRIC_REPRESENTATION_CONTEXT(3)
GLOBAL_UNCERTAINTY_ASSIGNED_CONTEXT((#13762))
GLOBAL_UNIT_ASSIGNED_CONTEXT((#13768,#13770,#13771))
REPRESENTATION_CONTEXT('','3D')
);
#13766=(
GEOMETRIC_REPRESENTATION_CONTEXT(3)
GLOBAL_UNCERTAINTY_ASSIGNED_CONTEXT((#13763))
GLOBAL_UNIT_ASSIGNED_CONTEXT((#13768,#13770,#13771))
REPRESENTATION_CONTEXT('','3D')
);
#13767=(
GEOMETRIC_REPRESENTATION_CONTEXT(3)
GLOBAL_UNCERTAINTY_ASSIGNED_CONTEXT((#13764))
GLOBAL_UNIT_ASSIGNED_CONTEXT((#13768,#13770,#13771))
REPRESENTATION_CONTEXT('','3D')
);
#13768=(
LENGTH_UNIT()
NAMED_UNIT(*)
SI_UNIT(.MILLI.,.METRE.)
);
#13769=(
LENGTH_UNIT()
NAMED_UNIT(*)
SI_UNIT($,.METRE.)
);
#13770=(
NAMED_UNIT(*)
PLANE_ANGLE_UNIT()
SI_UNIT($,.RADIAN.)
);
#13771=(
NAMED_UNIT(*)
SI_UNIT($,.STERADIAN.)
SOLID_ANGLE_UNIT()
);
#13772=SHAPE_DEFINITION_REPRESENTATION(#13774,#13777);
#13773=SHAPE_DEFINITION_REPRESENTATION(#13775,#13778);
#13774=PRODUCT_DEFINITION_SHAPE('',$,#13780);
#13775=PRODUCT_DEFINITION_SHAPE('',$,#13781);
#13776=PRODUCT_DEFINITION_SHAPE($,$,#14);
#13777=SHAPE_REPRESENTATION('',(#8027,#8814),#13765);
#13778=SHAPE_REPRESENTATION('',(#8028),#13766);
#13779=PRODUCT_DEFINITION_CONTEXT('part definition',#13787,'design');
#13780=PRODUCT_DEFINITION('montagem_case_drone',
'montagem_case_drone v6',#13782,#13779);
#13781=PRODUCT_DEFINITION('jetson_case v1','jetson_case v1',#13783,#13779);
#13782=PRODUCT_DEFINITION_FORMATION('',$,#13789);
#13783=PRODUCT_DEFINITION_FORMATION('',$,#13790);
#13784=PRODUCT_RELATED_PRODUCT_CATEGORY('montagem_case_drone v6',
'montagem_case_drone v6',(#13789));
#13785=PRODUCT_RELATED_PRODUCT_CATEGORY('jetson_case v1',
'jetson_case v1',(#13790));
#13786=APPLICATION_PROTOCOL_DEFINITION('international standard',
'automotive_design',2009,#13787);
#13787=APPLICATION_CONTEXT(
'Core Data for Automotive Mechanical Design Process');
#13788=PRODUCT_CONTEXT('part definition',#13787,'mechanical');
#13789=PRODUCT('montagem_case_drone','montagem_case_drone v6',$,(#13788));
#13790=PRODUCT('jetson_case v1','jetson_case v1',$,(#13788));
#13791=PRESENTATION_STYLE_ASSIGNMENT((#13794));
#13792=PRESENTATION_STYLE_ASSIGNMENT((#13795));
#13793=PRESENTATION_STYLE_ASSIGNMENT((#13796));
#13794=SURFACE_STYLE_USAGE(.BOTH.,#13797);
#13795=SURFACE_STYLE_USAGE(.BOTH.,#13798);
#13796=SURFACE_STYLE_USAGE(.BOTH.,#13799);
#13797=SURFACE_SIDE_STYLE('',(#13800));
#13798=SURFACE_SIDE_STYLE('',(#13801));
#13799=SURFACE_SIDE_STYLE('',(#13802));
#13800=SURFACE_STYLE_FILL_AREA(#13803);
#13801=SURFACE_STYLE_FILL_AREA(#13804);
#13802=SURFACE_STYLE_FILL_AREA(#13805);
#13803=FILL_AREA_STYLE('A\X\E7o - Acetinado',(#13806));
#13804=FILL_AREA_STYLE('Pl\X\E1stico - Transl\X\FAcido com brilho (Ver
de)',(#13807));
#13805=FILL_AREA_STYLE(
'Resina Tough2000 (com impressoras 3D Formlabs SLA)',(#13808));
#13806=FILL_AREA_STYLE_COLOUR('A\X\E7o - Acetinado',#13809);
#13807=FILL_AREA_STYLE_COLOUR(
'Pl\X\E1stico - Transl\X\FAcido com brilho (Verde)',#13810);
#13808=FILL_AREA_STYLE_COLOUR(
'Resina Tough2000 (com impressoras 3D Formlabs SLA)',#13811);
#13809=COLOUR_RGB('A\X\E7o - Acetinado',0.627450980392157,0.627450980392157,
0.627450980392157);
#13810=COLOUR_RGB('Pl\X\E1stico - Transl\X\FAcido com brilho (Verde)',0.266666666666667,
0.588235294117647,0.282352941176471);
#13811=COLOUR_RGB('Resina Tough2000 (com impressoras 3D Formlabs SLA)',
0.247058823529412,0.247058823529412,0.247058823529412);
ENDSEC;
END-ISO-10303-21;
